t_s,h_sl_m,position_h-sl-ft,h_agl_m,position_h-agl-ft,lat_deg,lon_deg,x_north_m,x_east_m,vtrue_mps,velocities_vtrue-fps,mach,u_mps,velocities_u-fps,v_mps,velocities_v-fps,w_mps,velocities_w-fps,vn_mps,velocities_v-north-fps,ve_mps,velocities_v-east-fps,vd_mps,velocities_v-down-fps,p_radps,q_radps,r_radps,phi_rad,theta_rad,psi_rad,alpha_rad,beta_rad,nx_g,ny_g,nz_g,throttle,elevator,aileron,rudder,thrust_lb,fuel_lb,mass_kg,inertia_mass-slugs,temp_K,atmosphere_T-R,rho_kgpm3,atmosphere_rho-slugs_ft3
0.000000,4572.019389,15000.063612,4572.000000,15000.000000,30.166804,120.000000,0.000000,0.000000,273.862800,898.500000,0.849763,273.862800,898.500000,0.000000,0.000000,-0.000000,-0.000000,273.862800,898.500000,0.000000,0.000000,-0.000000,-0.000000,0.000000,0.000000,0.000000,0.000000,0.000000,0.000000,-0.000000,0.000000,-0.470222,-0.000000,0.207149,0.000000,0.000000,0.000000,0.000000,0.000000,7000.000000,9076.383200,621.929804,258.453233,465.215819,0.771091,0.001496
0.100000,4571.982253,14999.941775,4571.962864,14999.878163,30.167050,120.000000,27.342963,0.000100,273.375692,896.901877,0.848251,273.374004,896.896340,0.001950,0.006398,0.960552,3.151418,273.374739,896.898750,0.001983,0.006507,0.721866,2.368328,-0.000011,0.017466,0.000004,-0.000000,0.000873,0.000000,0.003514,0.000007,-0.530039,-0.000050,0.314556,0.000000,0.000000,0.000000,0.000000,0.000000,4700.000000,8033.120763,550.443620,258.453474,465.216253,0.771094,0.001496
0.200000,4571.878769,14999.602260,4571.859380,14999.538649,30.167297,120.000000,54.645800,0.000395,273.128633,896.091317,0.847483,273.120472,896.064540,0.003625,0.011892,2.111446,6.927316,273.125392,896.080682,0.003924,0.012874,1.330673,4.365726,-0.000042,0.019510,0.000017,-0.000003,0.002859,0.000001,0.007731,0.000013,-0.212953,-0.000092,0.418821,0.000000,0.000000,0.000000,0.000000,5449.685709,4699.983504,8033.114069,550.443161,258.454146,465.217462,0.771102,0.001496
0.300000,4571.719307,14999.079091,4571.699919,14999.015481,30.167543,120.000000,81.926269,0.000883,272.868615,895.238237,0.846675,272.850758,895.179651,0.004854,0.015925,3.121692,10.241770,272.862384,895.217796,0.005836,0.019149,1.843925,6.049623,-0.000084,0.016338,0.000034,-0.000009,0.004683,0.000004,0.011441,0.000018,-0.302172,-0.000116,0.510529,0.000000,0.000000,0.000000,0.000000,3860.931933,4699.961163,8033.104040,550.442474,258.455181,465.219325,0.771115,0.001496
0.400000,4571.512626,14998.401003,4571.493238,14998.337395,30.167789,120.000000,109.176376,0.001561,272.530114,894.127671,0.845622,272.501558,894.033984,0.005560,0.018242,3.945091,12.943213,272.520593,894.096435,0.007732,0.025368,2.277974,7.473669,-0.000127,0.011674,0.000052,-0.000019,0.006118,0.000008,0.014476,0.000020,-0.373892,-0.000124,0.584657,0.000000,0.000000,0.000000,0.000000,2572.456388,4699.936043,8033.092751,550.441700,258.456522,465.221740,0.771132,0.001496
0.500000,4571.265747,14997.591035,4571.246361,14997.527430,30.168034,120.000000,136.389137,0.002428,272.130856,892.817769,0.844381,272.092558,892.692121,0.005755,0.018881,4.565344,14.978164,272.117943,892.775404,0.009621,0.031563,2.650961,8.697378,-0.000165,0.005996,0.000068,-0.000033,0.007035,0.000014,0.016777,0.000021,-0.427221,-0.000117,0.639750,0.000000,0.000000,0.000000,0.000000,1605.224798,4699.908147,8033.080202,550.440841,258.458125,465.224624,0.771153,0.001496
0.600000,4570.984881,14996.669557,4570.965495,14996.605956,30.168279,120.000000,163.559146,0.003483,271.683655,891.350574,0.842990,271.639426,891.205465,0.005522,0.018115,4.902113,16.083047,271.667520,891.297636,0.011506,0.037751,2.960927,9.714328,-0.000181,-0.005170,0.000081,-0.000051,0.007146,0.000021,0.018044,0.000020,-0.468539,-0.000101,0.693722,0.000000,0.000000,0.000000,0.000000,935.677375,4699.877472,8033.066393,550.439894,258.459948,465.227906,0.771176,0.001496
0.700000,4570.673879,14995.649210,4570.654495,14995.585612,30.168524,120.000000,190.682639,0.004728,271.209115,889.793683,0.841514,271.164369,889.646881,0.004993,0.016380,4.926316,16.162455,271.189521,889.729400,0.013396,0.043949,3.259966,10.695427,-0.000179,-0.015395,0.000090,-0.000069,0.006145,0.000030,0.018165,0.000018,-0.491261,-0.000079,0.690674,0.000000,0.000000,0.000000,0.000000,501.691061,4699.851682,8033.054240,550.439062,258.461966,465.231539,0.771202,0.001496
0.800000,4570.332309,14994.528572,4570.312925,14994.464978,30.168768,120.000000,217.757524,0.006161,270.719951,888.188816,0.839993,270.678679,888.053409,0.004315,0.014155,4.727007,15.508554,270.696332,888.111325,0.015292,0.050172,3.575986,11.732237,-0.000162,-0.022519,0.000093,-0.000086,0.004252,0.000039,0.017462,0.000016,-0.503985,-0.000056,0.663628,0.000000,0.000000,0.000000,0.000000,236.171246,4699.832912,8033.045682,550.438475,258.464183,465.235530,0.771230,0.001496
0.900000,4569.957551,14993.299053,4569.938169,14993.235464,30.169012,120.000000,244.782734,0.007784,270.224938,886.564758,0.838453,270.188793,886.446172,0.003621,0.011880,4.419649,14.500162,270.196424,886.471208,0.017198,0.056425,3.925471,12.878841,-0.000130,-0.025577,0.000093,-0.000101,0.001829,0.000049,0.016356,0.000013,-0.509717,-0.000035,0.624378,0.000000,0.000000,0.000000,0.000000,86.387549,4699.814158,8033.037176,550.437892,258.466616,465.239908,0.771261,0.001496
1.000000,4569.545918,14991.948548,4569.526537,14991.884964,30.169255,120.000000,271.757873,0.009598,269.728800,884.937008,0.836909,269.697278,884.833590,0.003015,0.009892,4.123557,13.528729,269.694306,884.823838,0.019114,0.062710,4.313534,14.152016,-0.000089,-0.024369,0.000089,-0.000112,-0.000704,0.000058,0.015288,0.000011,-0.513412,-0.000020,0.584157,0.000000,0.000000,0.000000,0.000000,15.896512,4699.795405,8033.028670,550.437310,258.469287,465.244717,0.771294,0.001497
1.100000,4569.093726,14990.464979,4569.074347,14990.401401,30.169498,120.000000,298.682624,0.011604,269.228687,883.296219,0.835353,269.199781,883.201381,0.002563,0.008409,3.945136,12.943360,269.187051,883.159615,0.021036,0.069017,4.734705,15.533808,-0.000043,-0.019333,0.000083,-0.000119,-0.002933,0.000067,0.014654,0.000010,-0.521841,-0.000010,0.554621,0.000000,0.000000,0.000000,0.000000,0.000000,4699.776652,8033.020163,550.436727,258.472222,465.250000,0.771332,0.001497
1.200000,4568.598382,14988.839835,4568.579005,14988.776262,30.169741,120.000000,325.556346,0.013803,268.723035,881.637255,0.833779,268.693922,881.541738,0.002297,0.007536,3.955503,12.977373,268.673230,881.473852,0.022961,0.075331,5.173447,16.973252,0.000003,-0.011865,0.000077,-0.000121,-0.004533,0.000075,0.014720,0.000009,-0.528917,-0.000007,0.543998,0.000000,0.000000,0.000000,0.000000,0.000000,4699.757898,8033.011657,550.436144,258.475438,465.255788,0.771373,0.001497
1.299999,4568.059119,14987.070602,4568.039745,14987.007036,30.169983,120.000000,352.378436,0.016193,268.212399,879.961940,0.832189,268.179863,879.855193,0.002219,0.007281,4.177603,13.706045,268.153731,879.769458,0.024883,0.081636,5.609569,18.404099,0.000045,-0.003710,0.000071,-0.000119,-0.005340,0.000083,0.015576,0.000008,-0.534936,-0.000009,0.555065,0.000000,0.000000,0.000000,0.000000,0.000000,4699.739145,8033.003150,550.435561,258.478938,465.262088,0.771417,0.001497
1.399999,4567.477223,14985.161491,4567.457850,14985.097933,30.170224,120.000000,379.148363,0.018775,267.697073,878.271237,0.830584,267.657766,878.142278,0.002311,0.007582,4.587275,15.050114,267.629305,878.048901,0.026797,0.087917,6.023059,19.760691,0.000081,0.003435,0.000066,-0.000113,-0.005365,0.000090,0.017137,0.000009,-0.539851,-0.000015,0.585697,0.000000,0.000000,0.000000,0.000000,0.000000,4699.720391,8032.994644,550.434978,258.482715,465.268886,0.771465,0.001497
1.499999,4566.855786,14983.122658,4566.836416,14983.059108,30.170465,120.000000,405.865672,0.021548,267.177293,876.565922,0.828965,267.128164,876.404738,0.002536,0.008321,5.123450,16.809220,267.100668,876.314528,0.028701,0.094164,6.398299,20.991793,0.000108,0.008258,0.000063,-0.000103,-0.004773,0.000096,0.019177,0.000009,-0.543775,-0.000024,0.629870,0.000000,0.000000,0.000000,0.000000,0.000000,4699.701638,8032.986138,550.434395,258.486748,465.276147,0.771516,0.001497
1.599999,4566.199123,14980.968250,4566.179755,14980.904709,30.170706,120.000000,432.529971,0.024511,266.653205,874.846474,0.827332,266.592172,874.646235,0.002849,0.009346,5.704864,18.716745,266.568340,874.568045,0.030594,0.100375,6.726881,22.069818,0.000126,0.010067,0.000062,-0.000092,-0.003834,0.000102,0.021396,0.000011,-0.547003,-0.000035,0.679360,0.000000,0.000000,0.000000,0.000000,0.000000,4699.682884,8032.977631,550.433812,258.491010,465.283819,0.771570,0.001497
1.699999,4565.511976,14978.713832,4565.492611,14978.650299,30.170946,120.000000,459.140904,0.027662,266.124851,873.113030,0.825685,266.051471,872.872279,0.003196,0.010486,6.249123,20.502373,266.032545,872.810188,0.032478,0.106554,7.008597,22.994085,0.000135,0.008869,0.000062,-0.000079,-0.002855,0.000108,0.023484,0.000012,-0.549993,-0.000045,0.725713,0.000000,0.000000,0.000000,0.000000,0.000000,4699.664131,8032.969125,550.433229,258.495470,465.291847,0.771627,0.001497
1.799999,4564.798728,14976.373779,4564.779366,14976.310255,30.171185,120.000000,485.698123,0.031002,265.592180,871.365421,0.824025,265.507912,871.088950,0.003530,0.011582,6.689904,21.948504,265.493189,871.040647,0.034354,0.112710,7.250616,23.788112,0.000135,0.005290,0.000064,-0.000065,-0.002112,0.000114,0.025191,0.000013,-0.553257,-0.000053,0.762014,0.000000,0.000000,0.000000,0.000000,0.000000,4699.645377,8032.960618,550.432647,258.500100,465.300180,0.771686,0.001497
1.899999,4564.062764,14973.959199,4564.043405,14973.895686,30.171424,120.000000,512.201256,0.034528,265.055076,869.603269,0.822351,264.962919,869.300915,0.003809,0.012496,6.988921,22.929530,264.949925,869.258283,0.036227,0.118854,7.465229,24.492221,0.000129,0.000383,0.000067,-0.000052,-0.001798,0.000121,0.026371,0.000014,-0.557207,-0.000059,0.784148,0.000000,0.000000,0.000000,0.000000,0.000000,4699.626624,8032.952112,550.432064,258.504877,465.308778,0.771747,0.001497
1.999999,4563.306111,14971.476742,4563.286755,14971.413238,30.171663,120.000000,538.649890,0.038242,264.513401,867.826118,0.820663,264.416997,867.509832,0.004005,0.013140,7.140796,23.427807,264.402266,867.461501,0.038099,0.124995,7.666794,25.153522,0.000118,-0.004637,0.000071,-0.000039,-0.001989,0.000128,0.026999,0.000015,-0.562036,-0.000063,0.791323,0.000000,0.000000,0.000000,0.000000,0.000000,4699.607871,8032.943605,550.431481,258.509788,465.317618,0.771809,0.001498
2.099999,4562.529388,14968.928437,4562.510035,14968.864944,30.171901,120.000000,565.043561,0.042142,263.967033,866.033573,0.818960,263.869621,865.713978,0.004108,0.013476,7.170628,23.525683,263.849726,865.648708,0.039972,0.131142,7.868606,25.815635,0.000104,-0.008657,0.000075,-0.000028,-0.002645,0.000135,0.027168,0.000016,-0.567675,-0.000063,0.785857,0.000000,0.000000,0.000000,0.000000,0.000000,4699.589117,8032.935099,550.430898,258.514829,465.326693,0.771873,0.001498
2.199999,4561.732048,14966.312492,4561.712698,14966.249009,30.172138,120.000000,591.381761,0.046230,263.415905,864.225409,0.817242,263.319511,863.909156,0.004120,0.013517,7.125597,23.377942,263.291939,863.818697,0.041848,0.137298,8.080343,26.510310,0.000089,-0.010887,0.000078,-0.000019,-0.003626,0.000143,0.027054,0.000016,-0.573844,-0.000061,0.772347,0.000000,0.000000,0.000000,0.000000,0.000000,4699.570364,8032.926593,550.430315,258.520005,465.336008,0.771939,0.001498
2.299999,4560.912825,14963.624755,4560.893479,14963.561283,30.172376,120.000001,617.663955,0.050506,262.860019,862.401638,0.815509,262.765112,862.090262,0.004058,0.013314,7.062979,23.172502,262.728737,861.970922,0.043728,0.143465,8.306536,27.252416,0.000074,-0.010986,0.000080,-0.000010,-0.004733,0.000151,0.026873,0.000015,-0.580159,-0.000058,0.756478,0.000000,0.000000,0.000000,0.000000,0.000000,4699.551610,8032.918086,550.429732,258.525322,465.345580,0.772006,0.001498
2.399999,4560.070278,14960.860491,4560.050935,14960.797030,30.172612,120.000001,643.889604,0.054969,262.299457,860.562523,0.813761,262.205034,860.252735,0.003945,0.012943,7.037438,23.088708,262.160188,860.105605,0.045611,0.149643,8.546268,28.038938,0.000061,-0.009078,0.000082,-0.000004,-0.005755,0.000159,0.026833,0.000015,-0.586237,-0.000053,0.743748,0.000000,0.000000,0.000000,0.000000,0.000000,4699.532857,8032.909580,550.429149,258.530791,465.355423,0.772076,0.001498
2.499999,4559.203295,14958.016060,4559.183956,14957.952610,30.172848,120.000001,670.058186,0.059621,261.734363,858.708539,0.811999,261.638310,858.393404,0.003806,0.012487,7.090245,23.261960,261.586582,858.223694,0.047497,0.155829,8.794004,28.851719,0.000049,-0.005687,0.000083,0.000002,-0.006513,0.000167,0.027093,0.000015,-0.591776,-0.000049,0.738370,0.000000,0.000000,0.000000,0.000000,0.000000,4699.514103,8032.901073,550.428566,258.536418,465.365552,0.772147,0.001498
2.599999,4558.311485,14955.090174,4558.292149,14955.026736,30.173084,120.000001,696.169219,0.064462,261.164921,856.840294,0.810223,261.064483,856.510770,0.003665,0.012023,7.242381,23.761092,261.008370,856.326674,0.049383,0.162018,9.041263,29.662938,0.000038,-0.001580,0.000082,0.000006,-0.006891,0.000175,0.027735,0.000014,-0.596589,-0.000045,0.742577,0.000000,0.000000,0.000000,0.000000,0.000000,4699.495350,8032.892567,550.427984,258.542206,465.375972,0.772221,0.001498
2.699999,4557.395364,14952.084529,4557.376032,14952.021103,30.173319,120.000001,722.222267,0.069491,260.591329,854.958430,0.808435,260.483596,854.604974,0.003539,0.011610,7.492478,24.581619,260.426082,854.416280,0.051269,0.168205,9.278695,30.441912,0.000028,0.002409,0.000082,0.000009,-0.006858,0.000184,0.028756,0.000014,-0.600616,-0.000042,0.756388,0.000000,0.000000,0.000000,0.000000,0.000000,4699.476596,8032.884060,550.427401,258.548153,465.386675,0.772297,0.001499
2.799999,4556.456343,14949.003751,4556.437015,14948.940338,30.173553,120.000001,748.216950,0.074708,260.013765,853.063533,0.806633,259.896160,852.677690,0.003439,0.011283,7.819462,25.654404,259.840223,852.494169,0.053153,0.174386,9.498088,31.161705,0.000020,0.005552,0.000081,0.000012,-0.006460,0.000192,0.030078,0.000013,-0.603924,-0.000040,0.777860,0.000000,0.000000,0.000000,0.000000,0.000000,4699.457843,8032.875554,550.426818,258.554248,465.397646,0.772374,0.001499
2.899999,4555.496529,14945.854753,4555.477204,14945.791353,30.173787,120.000001,774.152932,0.080113,259.432366,851.156055,0.804820,259.303095,850.731940,0.003371,0.011059,8.188834,26.866255,259.251185,850.561631,0.055033,0.180554,9.693928,31.804225,0.000012,0.007363,0.000079,0.000013,-0.005805,0.000200,0.031570,0.000013,-0.606695,-0.000039,0.803695,0.000000,0.000000,0.000000,0.000000,0.000000,4699.439090,8032.867048,550.426235,258.560477,465.408859,0.772453,0.001499
2.999999,4554.518406,14942.645688,4554.499085,14942.582300,30.174021,120.000001,800.029907,0.085706,258.847218,849.236278,0.802995,258.705610,848.771686,0.003332,0.010932,8.560925,28.087025,258.659188,848.619383,0.056908,0.186705,9.864243,32.363002,0.000004,0.007667,0.000078,0.000014,-0.005038,0.000208,0.033079,0.000013,-0.609190,-0.000038,0.830046,0.000000,0.000000,0.000000,0.000000,0.000000,4699.420336,8032.858541,550.425652,258.566826,465.420287,0.772534,0.001499
3.099999,4553.524473,14939.384755,4553.505157,14939.321381,30.174254,120.000001,825.847582,0.091486,258.258353,847.304309,0.801158,258.104978,846.801111,0.003318,0.010885,8.899276,29.197100,258.064256,846.667508,0.058775,0.192831,10.010651,32.843342,-0.000004,0.006604,0.000077,0.000014,-0.004306,0.000215,0.034466,0.000013,-0.611704,-0.000039,0.853341,0.000000,0.000000,0.000000,0.000000,0.000000,4699.401583,8032.850035,550.425069,258.573277,465.431899,0.772616,0.001499
3.199999,4552.516917,14936.079124,4552.497605,14936.015763,30.174486,120.000001,851.605655,0.097452,257.665527,845.359341,0.799309,257.502038,844.822958,0.003320,0.010893,9.177390,30.109546,257.466015,844.704775,0.060634,0.198930,10.137607,33.259865,-0.000011,0.004568,0.000077,0.000013,-0.003729,0.000223,0.035625,0.000013,-0.615225,-0.000039,0.871315,0.000000,0.000000,0.000000,0.000000,0.000000,4699.382829,8032.841528,550.424486,258.579817,465.443671,0.772699,0.001499
3.299999,4551.497416,14932.734304,4551.478108,14932.670957,30.174718,120.000001,877.303728,0.103603,257.067662,843.397842,0.797444,256.896388,842.835919,0.003331,0.010928,9.382364,30.782035,256.863204,842.727047,0.062483,0.204996,10.250538,33.630373,-0.000018,0.002119,0.000076,0.000012,-0.003380,0.000231,0.036506,0.000013,-0.619735,-0.000040,0.883172,0.000000,0.000000,0.000000,0.000000,0.000000,4699.364076,8032.833022,550.423903,258.586435,465.455582,0.772783,0.001499
3.399999,4550.467053,14929.353847,4550.447749,14929.290514,30.174949,120.000001,902.941334,0.109939,256.464913,841.420317,0.795564,256.288258,840.840740,0.003343,0.010968,9.517369,31.224965,256.255736,840.734041,0.064321,0.211027,10.355923,33.976124,-0.000024,-0.000168,0.000076,0.000010,-0.003272,0.000238,0.037118,0.000013,-0.624358,-0.000041,0.888243,0.000000,0.000000,0.000000,0.000000,0.000000,4699.345322,8032.824516,550.423321,258.593122,465.467620,0.772868,0.001500
3.499999,4549.426281,14925.939242,4549.406981,14925.875923,30.175180,120.000001,928.518010,0.116457,255.857569,839.427721,0.793670,255.677457,838.836800,0.003351,0.010995,9.598649,31.491629,255.643677,838.725976,0.066148,0.217020,10.459528,34.316038,-0.000029,-0.001815,0.000076,0.000007,-0.003367,0.000246,0.037524,0.000013,-0.629084,-0.000041,0.887993,0.000000,0.000000,0.000000,0.000000,0.000000,4699.326569,8032.816009,550.422738,258.599878,465.479780,0.772954,0.001500
3.599999,4548.375068,14922.490379,4548.355772,14922.427074,30.175410,120.000001,954.033302,0.123158,255.245853,837.420778,0.791762,255.063342,836.821988,0.003353,0.010999,9.650758,31.662592,255.027091,836.703056,0.067963,0.222975,10.565208,34.662754,-0.000033,-0.002516,0.000076,0.000004,-0.003585,0.000253,0.037819,0.000013,-0.633851,-0.000041,0.884713,0.000000,0.000000,0.000000,0.000000,0.000000,4699.307815,8032.807503,550.422155,258.606701,465.492061,0.773041,0.001500
3.699999,4547.313112,14919.006272,4547.293821,14918.942981,30.175640,120.000001,979.486760,0.130039,254.629893,835.399911,0.789840,254.445031,834.793409,0.003346,0.010979,9.700958,31.827289,254.406043,834.665495,0.069766,0.228891,10.674406,35.021016,-0.000036,-0.002181,0.000076,0.000001,-0.003826,0.000261,0.038107,0.000013,-0.638574,-0.000041,0.880990,0.000000,0.000000,0.000000,0.000000,0.000000,4699.289062,8032.798996,550.421572,258.613594,465.504468,0.773129,0.001500
3.799998,4546.240090,14915.485860,4546.220803,14915.422583,30.175869,120.000001,1004.877943,0.137100,254.009728,833.365249,0.787906,253.821624,832.748110,0.003334,0.010937,9.773698,32.065939,253.780604,832.613530,0.071557,0.234767,10.786186,35.387751,-0.000038,-0.000927,0.000076,-0.000003,-0.003989,0.000269,0.038487,0.000013,-0.643163,-0.000041,0.879181,0.000000,0.000000,0.000000,0.000000,0.000000,4699.270309,8032.790490,550.420989,258.620558,465.517005,0.773217,0.001500
3.899998,4545.155874,14911.928720,4545.136591,14911.865457,30.176097,120.000001,1030.206414,0.144339,253.385325,831.316682,0.785959,253.192387,830.683684,0.003316,0.010880,9.886251,32.435205,253.150859,830.547437,0.073336,0.240604,10.897709,35.753639,-0.000039,0.000963,0.000076,-0.000007,-0.003995,0.000276,0.039027,0.000013,-0.647542,-0.000040,0.880985,0.000000,0.000000,0.000000,0.000000,0.000000,4699.251555,8032.781983,550.420406,258.627596,465.529672,0.773307,0.001500
3.999998,4544.060681,14908.335566,4544.041403,14908.272318,30.176325,120.000002,1055.471749,0.151756,252.756607,829.253959,0.783998,252.556878,828.598681,0.003297,0.010816,10.046180,32.959907,252.516903,828.467529,0.075103,0.246401,11.005016,36.105696,-0.000038,0.003113,0.000076,-0.000011,-0.003797,0.000284,0.039757,0.000013,-0.651657,-0.000040,0.887194,0.000000,0.000000,0.000000,0.000000,0.000000,4699.232802,8032.773477,550.419823,258.634704,465.542468,0.773397,0.001501
4.099998,4542.955142,14904.708472,4542.935869,14904.645239,30.176552,120.000002,1080.673532,0.159348,252.123490,827.176803,0.782023,251.915010,826.492816,0.003278,0.010755,10.250935,33.631676,251.878841,826.374150,0.076858,0.252158,11.103944,36.430264,-0.000036,0.005134,0.000076,-0.000015,-0.003386,0.000292,0.040670,0.000013,-0.655484,-0.000040,0.897643,0.000000,0.000000,0.000000,0.000000,0.000000,4699.214048,8032.764971,550.419240,258.641880,465.555384,0.773489,0.001501
4.199998,4541.840281,14901.050792,4541.821013,14900.987574,30.176779,120.000002,1105.811358,0.167115,251.485912,825.085015,0.780034,251.267063,824.367004,0.003263,0.010705,10.489391,34.414013,251.236781,824.267654,0.078600,0.257874,11.190974,36.715794,-0.000033,0.006700,0.000076,-0.000018,-0.002792,0.000299,0.041722,0.000013,-0.659033,-0.000039,0.911347,0.000000,0.000000,0.000000,0.000000,0.000000,4699.195295,8032.756464,550.418658,258.649116,465.568409,0.773581,0.001501
4.299998,4540.717412,14897.366838,4540.698148,14897.303636,30.177005,120.000002,1130.884834,0.175056,250.843863,822.978553,0.778032,250.613631,822.223199,0.003252,0.010670,10.744832,35.252073,250.590827,822.148382,0.080329,0.263547,11.263863,36.954931,-0.000029,0.007600,0.000076,-0.000021,-0.002071,0.000307,0.042848,0.000013,-0.662343,-0.000039,0.926777,0.000000,0.000000,0.000000,0.000000,0.000000,4699.176541,8032.747958,550.418075,258.656404,465.581528,0.773674,0.001501
4.399998,4539.587995,14893.661401,4539.568735,14893.598213,30.177231,120.000002,1155.893574,0.183168,250.197390,820.857577,0.776016,249.955523,820.064051,0.003248,0.010655,10.998651,36.084813,249.941073,820.016644,0.082045,0.269178,11.321973,37.145580,-0.000025,0.007768,0.000076,-0.000024,-0.001294,0.000314,0.043974,0.000013,-0.665483,-0.000039,0.942201,0.000000,0.000000,0.000000,0.000000,0.000000,4699.157788,8032.739451,550.417492,258.663735,465.594723,0.773767,0.001501
4.499998,4538.453472,14889.939212,4538.434217,14889.876039,30.177456,120.000002,1180.837202,0.191452,249.546602,818.722448,0.773986,249.293610,817.892421,0.003249,0.010659,11.234002,36.856963,249.287601,817.872706,0.083749,0.274766,11.366258,37.290874,-0.000020,0.007277,0.000075,-0.000026,-0.000531,0.000322,0.045033,0.000013,-0.668529,-0.000039,0.956035,0.000000,0.000000,0.000000,0.000000,0.000000,4699.139034,8032.730945,550.416909,258.671099,465.607978,0.773861,0.001502
4.599998,4537.315091,14886.204368,4537.295841,14886.141211,30.177680,120.000002,1205.716045,0.199905,248.912743,816.642858,0.772009,248.649755,815.780037,0.003256,0.010681,11.439091,37.529827,248.651541,815.785897,0.085446,0.280336,11.399882,37.401188,-0.000015,0.006235,0.000075,-0.000028,0.000158,0.000329,0.045972,0.000013,-0.631982,-0.000039,0.965409,0.000000,0.000000,0.000000,0.000000,0.000000,4699.120281,8032.722439,550.416326,258.678488,465.621278,0.773955,0.001502
4.699998,4536.173714,14882.459692,4536.154468,14882.396550,30.177904,120.000002,1230.533270,0.208528,248.317101,814.688651,0.770151,248.045738,813.798352,0.003267,0.010720,11.605797,38.076762,248.054036,813.825578,0.087147,0.285914,11.426723,37.489249,-0.000011,0.004815,0.000075,-0.000029,0.000722,0.000337,0.046755,0.000013,-0.592498,-0.000039,0.971292,0.000000,0.000000,0.000000,0.000000,0.000000,4699.101527,8032.713932,550.415743,258.685896,465.634613,0.774049,0.001502
4.799998,4535.029853,14878.706868,4535.010612,14878.643742,30.178127,120.000002,1255.292687,0.217321,247.759126,812.858026,0.768409,247.481209,811.946222,0.003282,0.010769,11.731839,38.490284,247.494387,811.989459,0.088850,0.291504,11.450110,37.565978,-0.000006,0.003325,0.000075,-0.000030,0.001138,0.000344,0.047370,0.000013,-0.553701,-0.000039,0.973604,0.000000,0.000000,0.000000,0.000000,0.000000,4699.082774,8032.705426,550.415160,258.693321,465.647978,0.774144,0.001502
4.899998,4533.883692,14874.946495,4533.864455,14874.883384,30.178350,120.000002,1279.998054,0.226285,247.238451,811.149773,0.766784,246.955631,810.221887,0.003299,0.010823,11.822342,38.787213,246.972080,810.275854,0.090559,0.297108,11.473230,37.641830,-0.000002,0.002055,0.000076,-0.000031,0.001414,0.000352,0.047836,0.000013,-0.515554,-0.000039,0.972784,0.000000,0.000000,0.000000,0.000000,0.000000,4699.064021,8032.696919,550.414577,258.700760,465.661368,0.774238,0.001502
4.999998,4532.735124,14871.178230,4532.715893,14871.115134,30.178573,120.000002,1304.653078,0.235419,246.754715,809.562715,0.765272,246.468175,808.622621,0.003315,0.010877,11.888161,39.003154,246.486642,808.683207,0.092273,0.302732,11.498550,37.724901,0.000002,0.001228,0.000076,-0.000031,0.001581,0.000359,0.048197,0.000013,-0.477984,-0.000039,0.969798,0.000000,0.000000,0.000000,0.000000,0.000000,4699.045267,8032.688413,550.413995,258.708215,465.674788,0.774333,0.001502
5.099998,4531.583853,14867.401093,4531.564626,14867.338013,30.178795,120.000003,1329.261421,0.244726,246.307554,808.095650,0.763874,246.017819,807.145077,0.003331,0.010928,11.943358,39.184244,246.037641,807.210108,0.093994,0.308379,11.527433,37.819661,0.000006,0.000968,0.000076,-0.000030,0.001691,0.000367,0.048509,0.000014,-0.440897,-0.000038,0.965908,0.000000,0.000000,0.000000,0.000000,0.000000,4699.026514,8032.679906,550.413412,258.715688,465.688238,0.774429,0.001503
5.199998,4530.429506,14863.613864,4530.410283,14863.550799,30.179016,120.000003,1353.826705,0.254204,245.896587,806.747334,0.762589,245.603491,805.785731,0.003345,0.010973,12.002374,39.377868,245.624692,805.855288,0.095723,0.314053,11.559988,37.926470,0.000009,0.001283,0.000077,-0.000029,0.001801,0.000375,0.048830,0.000014,-0.404188,-0.000038,0.962423,0.000000,0.000000,0.000000,0.000000,0.000000,4699.007760,8032.671400,550.412829,258.723180,465.701725,0.774524,0.001503
5.299998,4529.271759,14859.815481,4529.252541,14859.752432,30.179238,120.000003,1378.352515,0.263856,245.521424,805.516483,0.761414,245.224194,804.541320,0.003356,0.011012,12.077423,39.624091,245.247451,804.617623,0.097462,0.319757,11.595159,38.041861,0.000012,0.002081,0.000077,-0.000028,0.001967,0.000382,0.049211,0.000014,-0.367761,-0.000038,0.960460,0.000000,0.000000,0.000000,0.000000,0.000000,4698.989007,8032.662894,550.412246,258.730695,465.715251,0.774620,0.001503
5.399998,4528.110442,14856.005387,4528.091229,14855.942353,30.179458,120.000003,1402.842403,0.273682,245.181670,804.401806,0.760350,244.879120,803.409188,0.003366,0.011045,12.176529,39.949242,244.905617,803.496119,0.099211,0.325494,11.631008,38.159475,0.000015,0.003190,0.000077,-0.000027,0.002228,0.000390,0.049684,0.000014,-0.331533,-0.000037,0.960767,0.000000,0.000000,0.000000,0.000000,0.000000,4698.970253,8032.654387,550.411663,258.738233,465.728819,0.774716,0.001503
5.499998,4526.945606,14852.183748,4526.926398,14852.120729,30.179679,120.000003,1427.299895,0.283683,244.876945,803.402051,0.759394,244.567714,802.387514,0.003375,0.011072,12.302498,40.362526,244.598923,802.489904,0.100970,0.331267,11.665122,38.271398,0.000017,0.004400,0.000077,-0.000025,0.002606,0.000398,0.050261,0.000014,-0.295444,-0.000037,0.963632,0.000000,0.000000,0.000000,0.000000,0.000000,4698.951500,8032.645881,550.411080,258.745794,465.742429,0.774812,0.001503
5.599998,4525.777548,14848.351536,4525.758345,14848.288534,30.179899,120.000003,1451.728489,0.293861,244.606896,802.516063,0.758545,244.289703,801.475402,0.003382,0.011095,12.452904,40.855985,244.327134,801.598209,0.102742,0.337080,11.695069,38.369649,0.000018,0.005501,0.000078,-0.000024,0.003102,0.000405,0.050932,0.000014,-0.259458,-0.000036,0.968878,0.000000,0.000000,0.000000,0.000000,0.000000,4698.932746,8032.637374,550.410497,258.753375,465.756075,0.774909,0.001504
5.699998,4524.606791,14844.510471,4524.587593,14844.447484,30.180120,120.000003,1476.131664,0.304216,244.371214,801.742828,0.757803,244.045079,800.672833,0.003387,0.011113,12.620992,41.407455,244.090043,800.820350,0.104526,0.342934,11.718807,38.447529,0.000019,0.006323,0.000078,-0.000022,0.003696,0.000413,0.051670,0.000014,-0.223564,-0.000036,0.975938,0.000000,0.000000,0.000000,0.000000,0.000000,4698.913993,8032.628868,550.409914,258.760974,465.769754,0.775006,0.001504
5.799998,4523.434031,14840.662831,4523.414837,14840.599860,30.180340,120.000003,1500.512876,0.314750,244.169646,801.081515,0.757167,243.834055,799.980494,0.003392,0.011128,12.797254,41.985742,243.887463,800.155718,0.106324,0.348831,11.734990,38.500623,0.000019,0.006759,0.000078,-0.000020,0.004356,0.000421,0.052435,0.000014,-0.187771,-0.000035,0.983993,0.000000,0.000000,0.000000,0.000000,0.000000,4698.895240,8032.620361,550.409332,258.768586,465.783455,0.775103,0.001504
5.899998,4522.260054,14836.811201,4522.240865,14836.748246,30.180559,120.000003,1524.875567,0.325465,244.001999,800.531492,0.756636,243.656971,799.399513,0.003395,0.011139,12.971339,42.556887,243.719229,799.603771,0.108135,0.354775,11.743121,38.527301,0.000019,0.006781,0.000078,-0.000018,0.005040,0.000429,0.053186,0.000014,-0.152100,-0.000035,0.992142,0.000000,0.000000,0.000000,0.000000,0.000000,4698.876486,8032.611855,550.408749,258.776206,465.797172,0.775200,0.001504
5.999998,4521.085656,14832.958188,4521.066472,14832.895248,30.180779,120.000003,1549.223161,0.336361,243.868142,800.092330,0.756210,243.514210,798.931135,0.003397,0.011145,13.133937,43.090344,243.585196,799.164029,0.109962,0.360767,11.743548,38.528702,0.000019,0.006435,0.000078,-0.000016,0.005709,0.000437,0.053883,0.000014,-0.116574,-0.000034,0.999561,0.000000,0.000000,0.000000,0.000000,0.000000,4698.857733,8032.603349,550.408166,258.783829,465.810892,0.775297,0.001504
6.099998,4519.911585,14829.106250,4519.892406,14829.043326,30.180998,120.000004,1573.558503,0.347440,243.750708,799.707049,0.755834,243.388796,798.519673,0.003397,0.011144,13.277867,43.562554,243.467964,798.779410,0.111796,0.366784,11.736517,38.505634,0.000018,0.005896,0.000079,-0.000014,0.006332,0.000444,0.054500,0.000014,-0.113709,-0.000034,1.007304,0.000000,0.000000,0.000000,0.000000,0.000000,4698.838979,8032.594842,550.407583,258.791450,465.824610,0.775394,0.001505
6.199998,4518.738567,14825.257765,4518.719392,14825.194857,30.181218,120.000004,1597.882083,0.358703,243.632064,799.317795,0.755455,243.263180,798.107546,0.003394,0.011135,13.401781,43.969099,243.349843,798.391873,0.113629,0.372799,11.722780,38.460565,0.000017,0.005377,0.000079,-0.000012,0.006901,0.000452,0.055036,0.000014,-0.113882,-0.000034,1.013519,0.000000,0.000000,0.000000,0.000000,0.000000,4698.820226,8032.586336,550.407000,258.799064,465.838314,0.775491,0.001505
6.299997,4517.567193,14821.414674,4517.548023,14821.351782,30.181437,120.000004,1622.193824,0.370148,243.512382,798.925138,0.755073,243.137377,797.694808,0.003389,0.011118,13.509102,44.321202,243.230933,798.001747,0.115462,0.378813,11.703858,38.398484,0.000016,0.004998,0.000079,-0.000010,0.007423,0.000460,0.055505,0.000014,-0.114126,-0.000034,1.018316,0.000000,0.000000,0.000000,0.000000,0.000000,4698.801472,8032.577829,550.406417,258.806667,465.852000,0.775588,0.001505
6.399997,4516.397921,14817.578481,4516.378756,14817.515605,30.181656,120.000004,1646.493648,0.381777,243.391702,798.529207,0.754688,243.011140,797.280644,0.003382,0.011096,13.605386,44.637092,243.111217,797.608981,0.117295,0.384825,11.680883,38.323107,0.000015,0.004842,0.000079,-0.000009,0.007918,0.000468,0.055928,0.000014,-0.114417,-0.000034,1.022162,0.000000,0.000000,0.000000,0.000000,0.000000,4698.782719,8032.569323,550.405834,258.814256,465.865661,0.775685,0.001505
6.499997,4515.231121,14813.750399,4515.211962,14813.687538,30.181876,120.000004,1670.781472,0.393589,243.270046,798.130072,0.754299,242.884135,796.863960,0.003374,0.011068,13.697160,44.938189,242.990688,797.213543,0.119126,0.390834,11.654469,38.236446,0.000013,0.004944,0.000079,-0.000007,0.008408,0.000476,0.056334,0.000014,-0.114721,-0.000034,1.025619,0.000000,0.000000,0.000000,0.000000,0.000000,4698.763965,8032.560817,550.405251,258.821830,465.879293,0.775782,0.001505
6.599997,4514.067131,14809.931531,4514.047976,14809.868686,30.182094,120.000004,1695.057216,0.405584,243.147413,797.727732,0.753908,242.756012,796.443608,0.003364,0.011037,13.790690,45.245046,242.869341,796.815422,0.120957,0.396840,11.624676,38.138701,0.000011,0.005289,0.000079,-0.000006,0.008920,0.000484,0.056748,0.000014,-0.115000,-0.000033,1.029240,0.000000,0.000000,0.000000,0.000000,0.000000,4698.745212,8032.552310,550.404669,258.829385,465.892893,0.775878,0.001505
6.699997,4512.906304,14806.123045,4512.887154,14806.060215,30.182313,120.000004,1719.320797,0.417761,243.023786,797.322132,0.753514,242.626469,796.018599,0.003354,0.011005,13.890894,45.573798,242.747177,796.414624,0.122786,0.402841,11.591082,38.028485,0.000009,0.005822,0.000079,-0.000005,0.009476,0.000492,0.057190,0.000014,-0.115223,-0.000033,1.033470,0.000000,0.000000,0.000000,0.000000,0.000000,4698.726459,8032.543804,550.404086,258.836919,465.906455,0.775974,0.001506
6.799997,4511.749058,14802.326304,4511.729912,14802.263490,30.182532,120.000004,1743.572134,0.430122,242.899134,796.913170,0.753117,242.495305,795.588270,0.003345,0.010973,14.000594,45.933707,242.624203,796.011164,0.124614,0.408838,11.552927,37.903302,0.000008,0.006454,0.000079,-0.000004,0.010091,0.000500,0.057672,0.000014,-0.115368,-0.000033,1.038578,0.000000,0.000000,0.000000,0.000000,0.000000,4698.707705,8032.535297,550.403503,258.844431,465.919976,0.776070,0.001506
6.899997,4510.595892,14798.542954,4510.576751,14798.480156,30.182751,120.000005,1767.811147,0.442665,242.773422,796.500729,0.752716,242.362444,795.152376,0.003335,0.010942,14.120205,46.326130,242.500422,795.605058,0.126440,0.414829,11.509304,37.760184,0.000006,0.007088,0.000079,-0.000003,0.010770,0.000507,0.058195,0.000014,-0.115425,-0.000033,1.044623,0.000000,0.000000,0.000000,0.000000,0.000000,4698.688952,8032.526791,550.402920,258.851916,465.933448,0.776166,0.001506
6.999997,4509.447399,14794.774931,4509.428263,14794.712148,30.182969,120.000005,1792.037754,0.455390,242.646616,796.084699,0.752312,242.227948,794.711115,0.003326,0.010913,14.247868,46.744974,242.375838,795.196319,0.128264,0.420813,11.459367,37.596349,0.000004,0.007634,0.000078,-0.000003,0.011508,0.000515,0.058752,0.000014,-0.115398,-0.000033,1.051467,0.000000,0.000000,0.000000,0.000000,0.000000,4698.670198,8032.518284,550.402337,258.859370,465.946867,0.776261,0.001506
7.099997,4508.304242,14791.024415,4508.285110,14790.961648,30.183188,120.000005,1816.251877,0.468297,242.518691,795.664998,0.751904,242.091990,794.265060,0.003318,0.010886,14.379981,47.178414,242.250452,794.784949,0.130085,0.426790,11.402501,37.409779,0.000002,0.008023,0.000078,-0.000002,0.012295,0.000523,0.059329,0.000014,-0.115305,-0.000033,1.058811,0.000000,0.000000,0.000000,0.000000,0.000000,4698.651445,8032.509778,550.401754,258.866790,465.960223,0.776355,0.001506
7.199997,4507.167131,14787.293736,4507.148004,14787.230984,30.183406,120.000005,1840.453433,0.481386,242.389636,795.241586,0.751494,241.954826,793.815046,0.003310,0.010860,14.511979,47.611479,242.124261,794.370936,0.131904,0.432757,11.338436,37.199594,0.000001,0.008218,0.000078,-0.000002,0.013111,0.000531,0.059906,0.000014,-0.115169,-0.000032,1.066266,0.000000,0.000000,0.000000,0.000000,0.000000,4698.632691,8032.501272,550.401171,258.874171,465.973508,0.776450,0.001507
7.299997,4506.036782,14783.585244,4506.017660,14783.522507,30.183624,120.000005,1864.642344,0.494657,242.259453,794.814479,0.751079,241.816740,793.362008,0.003303,0.010835,14.639225,48.028952,241.997257,793.954257,0.133720,0.438715,11.267302,36.966215,-0.000001,0.008220,0.000078,-0.000002,0.013939,0.000539,0.060465,0.000014,-0.115022,-0.000032,1.073427,0.000000,0.000000,0.000000,0.000000,0.000000,4698.613938,8032.492765,550.400588,258.881508,465.986714,0.776543,0.001507
7.399997,4504.913881,14779.901186,4504.894764,14779.838464,30.183842,120.000005,1888.818526,0.508109,242.128163,794.383735,0.750662,241.677996,792.906810,0.003295,0.010811,14.757828,48.418070,241.869431,793.534879,0.135533,0.444663,11.189593,36.711264,-0.000002,0.008060,0.000078,-0.000002,0.014758,0.000547,0.060988,0.000014,-0.114889,-0.000032,1.079947,0.000000,0.000000,0.000000,0.000000,0.000000,4698.595184,8032.484259,550.400006,258.888797,465.999834,0.776636,0.001507
7.499997,4503.799049,14776.243599,4503.779936,14776.180892,30.184060,120.000005,1912.981898,0.521742,241.995794,793.949455,0.750241,241.538792,792.450106,0.003288,0.010786,14.865263,48.770547,241.740771,793.112766,0.137343,0.450599,11.106082,36.437278,-0.000004,0.007797,0.000078,-0.000002,0.015557,0.000554,0.061466,0.000014,-0.114794,-0.000032,1.085591,0.000000,0.000000,0.000000,0.000000,0.000000,4698.576431,8032.475752,550.399423,258.896033,466.012859,0.776729,0.001507
7.599997,4502.692820,14772.614237,4502.673711,14772.551545,30.184278,120.000006,1937.132374,0.535556,241.862384,793.511758,0.749817,241.399234,791.992239,0.003280,0.010762,14.960695,49.083645,241.611266,792.687881,0.139148,0.456523,11.017690,36.147277,-0.000005,0.007498,0.000078,-0.000002,0.016326,0.000562,0.061896,0.000014,-0.114746,-0.000032,1.090270,0.000000,0.000000,0.000000,0.000000,0.000000,4698.557678,8032.467246,550.398840,258.903213,466.025783,0.776820,0.001507
7.699997,4501.595635,14769.014550,4501.576531,14768.951872,30.184496,120.000006,1961.269871,0.549550,241.727970,793.070768,0.749390,241.259321,791.533206,0.003273,0.010737,15.044982,49.360177,241.480908,792.260195,0.140950,0.462435,10.925339,35.844287,-0.000006,0.007233,0.000078,-0.000003,0.017067,0.000570,0.062280,0.000014,-0.114746,-0.000032,1.094040,0.000000,0.000000,0.000000,0.000000,0.000000,4698.538924,8032.458739,550.398257,258.910335,466.038602,0.776911,0.001507
7.799997,4500.507849,14765.445699,4500.488749,14765.383036,30.184714,120.000006,1985.394303,0.563724,241.592587,792.626596,0.748960,241.118958,791.072697,0.003265,0.010713,15.120379,49.607544,241.349689,791.829689,0.142748,0.468334,10.829822,35.530911,-0.000006,0.007056,0.000078,-0.000003,0.017785,0.000578,0.062627,0.000014,-0.114785,-0.000032,1.097085,0.000000,0.000000,0.000000,0.000000,0.000000,4698.520171,8032.450233,550.397674,258.917395,466.051311,0.777002,0.001508
7.899997,4499.429749,14761.908625,4499.410654,14761.845976,30.184931,120.000006,2009.505583,0.578077,241.456259,792.179326,0.748527,240.977982,790.610178,0.003258,0.010690,15.190028,49.836049,241.217608,791.396353,0.144542,0.474219,10.731703,35.208998,-0.000007,0.007003,0.000077,-0.000004,0.018491,0.000585,0.062952,0.000013,-0.114843,-0.000032,1.099668,0.000000,0.000000,0.000000,0.000000,0.000000,4698.501417,8032.441727,550.397091,258.924393,466.063907,0.777091,0.001508
7.999997,4498.361578,14758.404126,4498.342487,14758.341492,30.185148,120.000006,2033.603625,0.592609,241.319003,791.729011,0.748092,240.836199,790.145010,0.003252,0.010668,15.257333,50.056868,241.084665,790.960187,0.146331,0.480090,10.631267,34.879484,-0.000007,0.007082,0.000077,-0.000004,0.019198,0.000593,0.063267,0.000013,-0.114900,-0.000032,1.102082,0.000000,0.000000,0.000000,0.000000,0.000000,4698.482664,8032.433220,550.396508,258.931326,466.076387,0.777179,0.001508
8.099997,4497.303564,14754.932954,4497.284478,14754.870334,30.185366,120.000006,2057.688344,0.607320,241.180824,791.275669,0.747653,240.693422,789.676581,0.003246,0.010650,15.325354,50.280032,240.950862,790.521202,0.148117,0.485947,10.528523,34.542398,-0.000007,0.007277,0.000077,-0.000005,0.019918,0.000601,0.063586,0.000013,-0.114935,-0.000032,1.104597,0.000000,0.000000,0.000000,0.000000,0.000000,4698.463910,8032.424714,550.395925,258.938194,466.088749,0.777267,0.001508
8.199997,4496.255949,14751.495896,4496.236867,14751.433290,30.185583,120.000006,2081.759653,0.622209,241.041720,790.819291,0.747212,240.549506,789.204415,0.003241,0.010634,15.396301,50.512799,240.816204,790.079409,0.149898,0.491790,10.423254,34.197028,-0.000007,0.007552,0.000077,-0.000005,0.020662,0.000609,0.063918,0.000013,-0.114930,-0.000032,1.107412,0.000000,0.000000,0.000000,0.000000,0.000000,4698.445157,8032.416207,550.395343,258.944994,466.100988,0.777354,0.001508
8.299997,4495.219002,14748.093838,4495.199924,14748.031246,30.185800,120.000007,2105.817467,0.637275,240.901683,790.359852,0.746769,240.404371,788.728252,0.003238,0.010622,15.471235,50.758645,240.680694,789.634823,0.151674,0.497618,10.315102,33.842198,-0.000006,0.007861,0.000077,-0.000006,0.021435,0.000616,0.064266,0.000013,-0.114876,-0.000032,1.110630,0.000000,0.000000,0.000000,0.000000,0.000000,4698.426403,8032.407701,550.394760,258.951724,466.113103,0.777440,0.001508
8.399997,4494.193031,14744.727791,4494.173957,14744.665213,30.186017,120.000007,2129.861701,0.652519,240.760703,789.897320,0.746322,240.258016,788.248084,0.003235,0.010613,15.549983,51.017005,240.544336,789.187456,0.153446,0.503432,10.203668,33.476602,-0.000006,0.008153,0.000077,-0.000006,0.022238,0.000624,0.064632,0.000013,-0.114771,-0.000032,1.114248,0.000000,0.000000,0.000000,0.000000,0.000000,4698.407650,8032.399195,550.394177,258.958384,466.125090,0.777525,0.001509
8.499997,4493.178381,14741.398889,4493.159312,14741.336325,30.186234,120.000007,2153.892270,0.667940,240.618774,789.431673,0.745873,240.110511,787.764143,0.003233,0.010608,15.631281,51.283731,240.407134,788.737316,0.155213,0.509231,10.088615,33.099130,-0.000006,0.008384,0.000077,-0.000007,0.023069,0.000632,0.065009,0.000013,-0.114620,-0.000032,1.118166,0.000000,0.000000,0.000000,0.000000,0.000000,4698.388896,8032.390688,550.393594,258.964969,466.136945,0.777609,0.001509
8.599997,4492.175428,14738.108359,4492.156362,14738.045807,30.186450,120.000007,2177.909091,0.683537,240.475893,788.962904,0.745420,239.961984,787.276851,0.003232,0.010605,15.713094,51.552145,240.269088,788.284410,0.156976,0.515015,9.969743,32.709130,-0.000005,0.008524,0.000077,-0.000007,0.023918,0.000639,0.065388,0.000013,-0.114437,-0.000032,1.122215,0.000000,0.000000,0.000000,0.000000,0.000000,4698.370143,8032.382182,550.393011,258.971479,466.148663,0.777692,0.001509
8.699997,4491.184554,14734.857459,4491.165492,14734.794921,30.186667,120.000007,2201.912078,0.699310,240.332067,788.491032,0.744965,239.812598,786.786739,0.003232,0.010603,15.793037,51.814425,240.130200,787.828739,0.158735,0.520784,9.847041,32.306564,-0.000005,0.008560,0.000077,-0.000007,0.024777,0.000647,0.065761,0.000013,-0.114237,-0.000032,1.126192,0.000000,0.000000,0.000000,0.000000,0.000000,4698.351390,8032.373675,550.392428,258.977911,466.160240,0.777775,0.001509
8.799996,4490.206134,14731.647421,4490.187076,14731.584896,30.186883,120.000007,2225.901148,0.715258,240.187308,788.016102,0.744507,239.662519,786.294355,0.003232,0.010603,15.868825,52.063073,239.990469,787.370305,0.160489,0.526538,9.720697,31.892051,-0.000004,0.008497,0.000077,-0.000008,0.025634,0.000655,0.066117,0.000013,-0.114037,-0.000032,1.129896,0.000000,0.000000,0.000000,0.000000,0.000000,4698.332636,8032.365169,550.391845,258.984262,466.171671,0.777856,0.001509
8.899996,4489.240516,14728.479384,4489.221463,14728.416872,30.187099,120.000008,2249.876217,0.731382,240.041637,787.538180,0.744047,239.511893,785.800173,0.003232,0.010602,15.938663,52.292202,239.849896,786.909108,0.162238,0.532277,9.591075,31.466781,-0.000003,0.008357,0.000077,-0.000008,0.026482,0.000662,0.066448,0.000013,-0.113852,-0.000032,1.133168,0.000000,0.000000,0.000000,0.000000,0.000000,4698.313883,8032.356662,550.391262,258.990529,466.182953,0.777936,0.001509
8.999996,4488.288005,14725.354348,4488.268955,14725.291848,30.187316,120.000008,2273.837200,0.747680,239.895081,787.057352,0.743584,239.360818,785.304521,0.003231,0.010601,16.001519,52.498423,239.708483,786.445154,0.163983,0.538001,9.458658,31.032344,-0.000003,0.008172,0.000077,-0.000008,0.027313,0.000670,0.066752,0.000013,-0.113692,-0.000032,1.135910,0.000000,0.000000,0.000000,0.000000,0.000000,4698.295129,8032.348156,550.390680,258.996712,466.194082,0.778015,0.001510
9.099996,4487.348853,14722.273140,4487.329807,14722.210653,30.187532,120.000008,2297.784013,0.764152,239.747667,786.573711,0.743118,239.209341,784.807549,0.003230,0.010598,16.057241,52.681236,239.566232,785.978453,0.165723,0.543711,9.323985,30.590502,-0.000002,0.007977,0.000077,-0.000008,0.028125,0.000678,0.067026,0.000013,-0.113560,-0.000032,1.138100,0.000000,0.000000,0.000000,0.000000,0.000000,4698.276376,8032.339650,550.390097,259.002808,466.205054,0.778093,0.001510
9.199996,4486.423259,14719.236415,4486.404217,14719.173940,30.187747,120.000008,2321.716573,0.780798,239.599424,786.087348,0.742650,239.057450,784.309218,0.003229,0.010594,16.106509,52.842877,239.423149,785.509019,0.167459,0.549407,9.187572,30.142952,-0.000002,0.007806,0.000077,-0.000008,0.028918,0.000685,0.067273,0.000013,-0.113456,-0.000032,1.139787,0.000000,0.000000,0.000000,0.000000,0.000000,4698.257622,8032.331143,550.389514,259.008816,466.215868,0.778170,0.001510
9.299996,4485.511375,14716.244670,4485.492337,14716.182207,30.187963,120.000008,2345.634797,0.797617,239.450376,785.598347,0.742179,238.905084,783.809329,0.003227,0.010589,16.150657,52.987720,239.279239,785.036874,0.169191,0.555088,9.049852,29.691114,-0.000001,0.007687,0.000077,-0.000008,0.029697,0.000693,0.067500,0.000013,-0.113372,-0.000032,1.141081,0.000000,0.000000,0.000000,0.000000,0.000000,4698.238869,8032.322637,550.388931,259.014735,466.226522,0.778245,0.001510
9.399996,4484.613316,14713.298279,4484.594281,14713.235829,30.188179,120.000008,2369.538602,0.814608,239.300546,785.106778,0.741707,238.752152,783.307587,0.003225,0.010582,16.191388,53.121352,239.134510,784.562041,0.170918,0.560755,8.911131,29.235993,-0.000001,0.007632,0.000077,-0.000008,0.030466,0.000701,0.067713,0.000013,-0.113296,-0.000032,1.142122,0.000000,0.000000,0.000000,0.000000,0.000000,4698.220115,8032.314130,550.388348,259.020564,466.237015,0.778320,0.001510
9.499996,4483.729171,14710.397541,4483.710139,14710.335102,30.188394,120.000009,2393.427907,0.831773,239.149949,784.612693,0.741232,238.598555,782.803657,0.003223,0.010573,16.230458,53.249535,238.988970,784.084547,0.172641,0.566408,8.771570,28.778117,-0.000000,0.007643,0.000077,-0.000007,0.031233,0.000708,0.067919,0.000013,-0.113217,-0.000032,1.143061,0.000000,0.000000,0.000000,0.000000,0.000000,4698.201362,8032.305624,550.387765,259.026303,466.247345,0.778393,0.001510
9.599996,4482.859022,14707.542724,4482.839994,14707.480297,30.188610,120.000009,2417.302632,0.849109,238.998595,784.116127,0.740755,238.444199,782.297241,0.003220,0.010564,16.269375,53.377215,238.842628,783.604421,0.174360,0.572047,8.631192,28.317561,0.000000,0.007711,0.000077,-0.000007,0.032004,0.000716,0.068126,0.000013,-0.113123,-0.000032,1.144029,0.000000,0.000000,0.000000,0.000000,0.000000,4698.182609,8032.297117,550.387182,259.031951,466.257511,0.778466,0.001510
9.699996,4482.002956,14704.734107,4481.983931,14704.671691,30.188825,120.000009,2441.162697,0.866616,238.846493,783.617102,0.740275,238.289022,781.788131,0.003217,0.010555,16.309169,53.507774,238.695491,783.121690,0.176075,0.577673,8.489914,27.854048,0.000001,0.007813,0.000077,-0.000007,0.032783,0.000724,0.068336,0.000013,-0.113005,-0.000032,1.145118,0.000000,0.000000,0.000000,0.000000,0.000000,4698.163855,8032.288611,550.386599,259.037507,466.267513,0.778537,0.001511
9.799996,4481.161068,14701.972008,4481.142047,14701.909604,30.189040,120.000009,2465.008022,0.884295,238.693645,783.115634,0.739794,238.132999,781.276243,0.003214,0.010545,16.350264,53.642598,238.547569,782.636380,0.177785,0.583285,8.347589,27.387102,0.000001,0.007926,0.000077,-0.000006,0.033574,0.000731,0.068553,0.000013,-0.112860,-0.000031,1.146370,0.000000,0.000000,0.000000,0.000000,0.000000,4698.145102,8032.280105,550.386017,259.042972,466.277349,0.778607,0.001511
9.899996,4480.333472,14699.256798,4480.314454,14699.194404,30.189255,120.000009,2488.838529,0.902144,238.540057,782.611737,0.739310,237.976146,780.761635,0.003211,0.010534,16.392461,53.781039,238.398868,782.148517,0.179492,0.588883,8.204061,26.916211,0.000001,0.008024,0.000076,-0.000006,0.034375,0.000739,0.068774,0.000013,-0.112688,-0.000031,1.147773,0.000000,0.000000,0.000000,0.000000,0.000000,4698.126348,8032.271598,550.385434,259.048344,466.287019,0.778675,0.001511
9.999996,4479.520294,14696.588891,4479.501280,14696.526508,30.189470,120.000010,2512.654142,0.920164,238.385735,782.105429,0.738824,237.818519,780.244486,0.003208,0.010523,16.435036,53.920722,238.249396,781.658124,0.181194,0.594468,8.059214,26.440992,0.000001,0.008085,0.000076,-0.000006,0.035184,0.000747,0.068998,0.000013,-0.112494,-0.000031,1.149269,0.000000,0.000000,0.000000,0.000000,0.000000,4698.107595,8032.263092,550.384851,259.053622,466.296519,0.778743,0.001511
10.099996,4478.721669,14693.968729,4478.702658,14693.906357,30.189685,120.000010,2536.454781,0.938375,238.230635,781.596570,0.738336,237.660149,779.724900,0.047864,0.157034,16.476842,54.057879,238.099109,781.165056,0.183814,0.603064,7.913007,25.961310,0.075496,0.008100,0.000879,0.003182,0.035997,0.000791,0.069219,0.000201,-0.112434,-0.000512,1.150775,0.000000,0.000000,0.000000,0.000000,0.000000,4698.088841,8032.254585,550.384268,259.058806,466.305850,0.778809,0.001511
10.199996,4477.937729,14691.396749,4477.918721,14691.334388,30.189899,120.000010,2560.240351,0.957098,238.074408,781.084015,0.737845,237.500767,779.201991,0.209264,0.686561,16.515615,54.185088,237.947648,780.668135,0.192466,0.631449,7.765537,25.477483,0.151256,0.008081,0.001661,0.014270,0.036809,0.000920,0.069427,0.000879,-0.112843,-0.003849,1.152143,0.000000,0.000000,0.000000,0.000000,0.000000,4698.070088,8032.246079,550.383685,259.063894,466.315009,0.778874,0.001511
10.299996,4477.168585,14688.873309,4477.149580,14688.810958,30.190114,120.000010,2584.010710,0.977233,237.916626,780.566359,0.737348,237.339999,778.674537,0.477672,1.567166,16.547444,54.289513,237.794562,780.165886,0.213033,0.698926,7.617214,24.990860,0.219340,0.008063,0.002901,0.032590,0.037614,0.001156,0.069608,0.002008,-0.113701,-0.009675,1.153082,0.000000,0.000000,0.000000,0.000000,0.000000,4698.051334,8032.237573,550.383102,259.068886,466.323996,0.778938,0.001511
10.399996,4476.414280,14686.398558,4476.395279,14686.336216,30.190328,120.000010,2607.765677,1.000259,237.756958,780.042514,0.736847,237.177533,778.141512,0.829513,2.721501,16.568071,54.357189,237.639482,779.657092,0.251270,0.824377,7.468922,24.504337,0.279378,0.008112,0.004992,0.057359,0.038408,0.001569,0.069742,0.003489,-0.114925,-0.017145,1.153266,0.000000,0.000000,0.000000,0.000000,0.000000,4698.032581,8032.229066,550.382519,259.073783,466.332809,0.779001,0.001512
10.499996,4475.674748,14683.972269,4475.655749,14683.909937,30.190542,120.000011,2631.505039,1.028225,237.595206,779.511831,0.736339,237.013158,777.602224,1.233642,4.047381,16.574771,54.379170,237.482150,779.140911,0.312844,1.026393,7.322065,24.022524,0.331471,0.008324,0.008122,0.087775,0.039182,0.002261,0.069818,0.005192,-0.116399,-0.025339,1.152465,0.000000,0.000000,0.000000,0.000000,0.000000,4698.013828,8032.220560,550.381936,259.078583,466.341449,0.779062,0.001512
10.599996,4474.949752,14681.593676,4474.930757,14681.531354,30.190756,120.000011,2655.228564,1.063741,237.431314,778.974126,0.735824,236.846764,777.056311,1.656848,5.435852,16.567864,54.356510,237.322428,778.616891,0.403277,1.323087,7.178510,23.551542,0.376148,0.008810,0.012292,0.123071,0.039927,0.003341,0.069838,0.006978,-0.117993,-0.033402,1.150651,0.000000,0.000000,0.000000,0.000000,0.000000,4697.995074,8032.212053,550.381354,259.083289,466.349919,0.779122,0.001512
10.699996,4474.238858,14679.261345,4474.219865,14679.199032,30.190970,120.000012,2678.936008,1.109956,237.265344,778.429605,0.735303,236.678295,776.503592,2.068711,6.787111,16.551391,54.302464,237.160277,778.084898,0.527843,1.731768,7.040437,23.098547,0.414258,0.009680,0.017346,0.162546,0.040631,0.004912,0.069818,0.008719,-0.119586,-0.040645,1.148050,0.000000,0.000000,0.000000,0.000000,0.000000,4697.976321,8032.203547,550.380771,259.087903,466.358225,0.779182,0.001512
10.799996,4473.541400,14676.973097,4473.522410,14676.910793,30.191184,120.000012,2702.627130,1.170532,237.097437,777.878731,0.734776,236.507677,775.943823,2.445265,8.022523,16.532817,54.241527,236.995709,777.544978,0.691471,2.268606,6.910164,22.671140,0.446842,0.011019,0.023026,0.205594,0.041277,0.007059,0.069790,0.010314,-0.121078,-0.046606,1.145121,0.000000,0.000000,0.000000,0.000000,0.000000,4697.957567,8032.195040,550.380188,259.092430,466.366374,0.779239,0.001512
10.899996,4472.856484,14674.725997,4472.837496,14674.663702,30.191397,120.000013,2726.301690,1.249600,236.927764,777.322059,0.734244,236.334743,775.376453,2.771163,9.091743,16.521959,54.205902,236.828744,776.997190,0.898671,2.948397,6.789976,22.276823,0.475001,0.012877,0.029022,0.251716,0.041847,0.009838,0.069796,0.011697,-0.122392,-0.051078,1.142488,0.000000,0.000000,0.000000,0.000000,0.000000,4697.938814,8032.186534,550.379605,259.096876,466.374376,0.779296,0.001512
10.999996,4472.182992,14672.516379,4472.164008,14672.454093,30.191610,120.000014,2749.959448,1.351721,236.756475,776.760089,0.733707,236.159183,774.800471,3.038842,9.969954,16.529791,54.231596,236.659352,776.441442,1.153479,3.784380,6.682012,21.922611,0.495589,0.015254,0.034977,0.300416,0.042322,0.013277,0.069880,0.012836,-0.123482,-0.054086,1.140850,0.000000,0.000000,0.000000,0.000000,0.000000,4697.920060,8032.178028,550.379022,259.101247,466.382245,0.779352,0.001512
11.099996,4471.519609,14670.339925,4471.500627,14670.277648,30.191824,120.000015,2773.600155,1.481824,236.583659,776.193107,0.733165,235.980535,774.214354,3.239018,10.626699,16.568752,54.359422,236.487412,775.877337,1.459148,4.787232,6.588055,21.614354,0.502901,0.018069,0.040575,0.350590,0.042686,0.017370,0.070097,0.013691,-0.124408,-0.055625,1.141017,0.000000,0.000000,0.000000,0.000000,0.000000,4697.901307,8032.169521,550.378439,259.105553,466.389996,0.779407,0.001512
11.199996,4470.864870,14668.191830,4470.845890,14668.129561,30.192037,120.000017,2797.223533,1.645108,236.408994,775.620059,0.732618,235.797938,773.615283,3.364757,11.039229,16.650020,54.626051,236.312372,775.303057,1.817868,5.964134,6.509282,21.355911,0.498098,0.021175,0.045611,0.400956,0.042923,0.022083,0.070494,0.014233,-0.125501,-0.055652,1.143736,0.000000,0.000000,0.000000,0.000000,0.000000,4697.882553,8032.161015,550.377856,259.109803,466.397645,0.779462,0.001512
11.299995,4470.217223,14666.067004,4470.198246,14666.004743,30.192250,120.000019,2820.829242,1.846944,236.232128,775.039792,0.732064,235.610594,773.000636,3.414830,11.203511,16.781105,55.056117,236.133623,774.716610,2.230833,7.319004,6.446254,21.149128,0.482604,0.024388,0.049911,0.450365,0.043019,0.027362,0.071104,0.014456,-0.126572,-0.054241,1.149468,0.000000,0.000000,0.000000,0.000000,0.000000,4697.863800,8032.152508,550.377273,259.114007,466.405212,0.779516,0.001513
11.399995,4469.575100,14663.960303,4469.556126,14663.898052,30.192463,120.000022,2844.416880,2.092748,236.052704,774.451128,0.731502,235.417877,772.368363,3.390301,11.123035,16.964905,55.659136,235.950547,774.115967,2.697527,8.850155,6.398580,20.992717,0.457532,0.027517,0.053574,0.497803,0.042962,0.033140,0.071939,0.014363,-0.127610,-0.053327,1.158367,0.000000,0.000000,0.000000,0.000000,0.000000,4697.845047,8032.144002,550.376691,259.118175,466.412714,0.779569,0.001513
11.499995,4468.937021,14661.866866,4468.918049,14661.804622,30.192675,120.000025,2867.985983,2.387808,235.870346,773.852841,0.730931,235.219416,771.717244,3.286202,10.781502,17.200215,56.431153,235.762499,773.499012,3.216612,10.553190,6.365347,20.883686,0.424040,0.030403,0.056786,0.542348,0.042730,0.039361,0.072994,0.013933,-0.128629,-0.050909,1.170260,0.000000,0.000000,0.000000,0.000000,0.000000,4697.826293,8032.135496,550.376108,259.122316,466.420169,0.779622,0.001513
11.599995,4468.301559,14659.782017,4468.282590,14659.719782,30.192888,120.000028,2891.536020,2.737335,235.684717,773.243824,0.730350,235.014949,771.046420,3.102468,10.178701,17.482408,57.356982,235.568817,772.863574,3.787456,12.426037,6.346136,20.820657,0.384268,0.032932,0.059260,0.583253,0.042308,0.045957,0.074252,0.013164,-0.129615,-0.046488,1.184756,0.000000,0.000000,0.000000,0.000000,0.000000,4697.807540,8032.126989,550.375525,259.126441,466.427594,0.779675,0.001513
11.699995,4467.667342,14657.701252,4467.648375,14657.639025,30.193100,120.000033,2915.066398,3.146435,235.495536,772.623150,0.729758,234.804306,770.355336,2.847715,9.342896,17.803814,58.411463,235.368884,772.207626,4.408631,14.464014,6.340332,20.801614,0.340325,0.035028,0.060723,0.619981,0.041709,0.052832,0.075679,0.012093,-0.130549,-0.040262,1.201329,0.000000,0.000000,0.000000,0.000000,0.000000,4697.788786,8032.118483,550.374942,259.130558,466.435004,0.779728,0.001513
11.799995,4467.033071,14655.620311,4467.014107,14655.558093,30.193312,120.000038,2938.576464,3.620032,235.302591,771.990130,0.729155,234.587477,769.643953,2.538299,8.327752,18.154403,59.561690,235.162157,771.529387,5.077863,16.659656,6.347024,20.823570,0.294127,0.036652,0.060956,0.652198,0.040970,0.059867,0.077235,0.010788,-0.131408,-0.032624,1.219382,0.000000,0.000000,0.000000,0.000000,0.000000,4697.770033,8032.109976,550.374359,259.134675,466.442414,0.779780,0.001513
11.899995,4466.397559,14653.535297,4466.378597,14653.473087,30.193524,120.000043,2962.065516,4.162779,235.105755,771.344340,0.728539,234.364680,768.912992,2.196519,7.206428,18.522633,60.769794,234.948199,770.827425,5.792033,19.002732,6.364906,20.882239,0.247291,0.037794,0.059825,0.679750,0.040156,0.066933,0.078869,0.009343,-0.132177,-0.024123,1.238301,0.000000,0.000000,0.000000,0.000000,0.000000,4697.751279,8032.101470,550.373776,259.138800,466.449839,0.779833,0.001513
11.999995,4465.759770,14651.442816,4465.740811,14651.380615,30.193736,120.000050,2985.532814,4.778978,234.904985,770.685645,0.727911,234.136425,768.164124,1.848131,6.063423,18.896314,61.995780,234.726703,770.100732,6.547233,21.480423,6.392206,20.971804,0.201062,0.038460,0.057303,0.702628,0.039349,0.073899,0.080532,0.007868,-0.132848,-0.015401,1.257489,0.000000,0.000000,0.000000,0.000000,0.000000,4697.732526,8032.092963,550.373193,259.142940,466.457291,0.779886,0.001513
12.099995,4465.118873,14649.340136,4465.099917,14649.277943,30.193947,120.000057,3008.977597,5.472504,234.700328,770.014199,0.727271,233.903524,767.400013,1.519449,4.985069,19.263352,63.199975,234.497512,769.348792,7.338859,24.077622,6.426668,21.084868,0.156291,0.038658,0.053477,0.720931,0.038638,0.080639,0.082171,0.006474,-0.133422,-0.007119,1.276388,0.000000,0.000000,0.000000,0.000000,0.000000,4697.713772,8032.084457,550.372610,259.147100,466.464779,0.779939,0.001513
12.199995,4464.474283,14647.225337,4464.455329,14647.163152,30.194158,120.000065,3032.399095,6.246741,234.491919,769.330443,0.726619,233.667058,766.624206,1.234314,4.049588,19.612307,64.344839,234.260631,768.571625,8.161681,26.777168,6.465574,21.212512,0.113437,0.038395,0.048553,0.734825,0.038107,0.087040,0.083736,0.005264,-0.133908,-0.000246,1.294480,0.000000,0.000000,0.000000,0.000000,0.000000,4697.695019,8032.075951,550.372028,259.151283,466.472310,0.779993,0.001513
12.299995,4463.825757,14645.097630,4463.806806,14645.035453,30.194369,120.000074,3055.796549,7.104465,234.279980,768.635106,0.725957,233.428326,765.840964,1.003959,3.293830,19.932834,65.396437,234.016341,767.770146,9.008477,29.555370,6.504527,21.340312,0.071677,0.037677,0.043379,0.744477,0.037812,0.093023,0.085185,0.004285,-0.134297,0.002319,1.311239,0.000000,0.000000,0.000000,0.000000,0.000000,4697.676266,8032.067444,550.371445,259.155493,466.479887,0.780047,0.001514
12.399995,4463.173488,14642.957638,4463.154539,14642.895470,30.194580,120.000084,3079.169242,8.047727,234.064849,767.929294,0.725284,233.188724,765.054868,0.819571,2.688881,20.216349,66.326605,233.765077,766.945790,9.872704,32.390762,6.540032,21.456797,0.030774,0.036530,0.038509,0.749970,0.037747,0.098570,0.086479,0.003501,-0.134587,0.003885,1.326063,0.000000,0.000000,0.000000,0.000000,0.000000,4697.657512,8032.058938,550.370862,259.159727,466.487508,0.780101,0.001514
12.499995,4462.517939,14640.806887,4462.498993,14640.744728,30.194791,120.000094,3102.516503,9.077980,233.846978,767.214496,0.724603,232.949548,764.270170,0.668320,2.192650,20.456558,67.114693,233.507421,766.100462,10.748574,35.264350,6.569769,21.554359,-0.008707,0.035016,0.034065,0.751417,0.037886,0.103684,0.087591,0.002858,-0.134759,0.004861,1.338433,0.000000,0.000000,0.000000,0.000000,0.000000,4697.638759,8032.050431,550.370279,259.163982,466.495167,0.780156,0.001514
12.599995,4461.859783,14638.647582,4461.840840,14638.585432,30.195001,120.000106,3125.837730,10.196098,233.626908,766.492482,0.723915,232.711895,763.490470,0.537929,1.764858,20.649861,67.748888,233.244108,765.236575,11.630352,38.157323,6.591911,21.627003,-0.046079,0.033232,0.030079,0.748992,0.038196,0.108376,0.088504,0.002303,-0.134806,0.005584,1.348002,0.000000,0.000000,0.000000,0.000000,0.000000,4697.620005,8032.041925,550.369696,259.168254,466.502857,0.780210,0.001514
12.699995,4461.199852,14636.482453,4461.180911,14636.420311,30.195211,120.000118,3149.132399,11.402393,233.405224,765.765170,0.723222,232.476600,762.718504,0.418659,1.373553,20.795517,68.226763,232.975984,764.356902,12.512485,41.051458,6.605082,21.670216,-0.080604,0.031295,0.026521,0.742940,0.038646,0.112662,0.089215,0.001794,-0.134727,0.006292,1.354632,0.000000,0.000000,0.000000,0.000000,0.000000,4697.601252,8032.033418,550.369113,259.172537,466.510567,0.780265,0.001514
12.799995,4460.539095,14634.314615,4460.520156,14634.252482,30.195421,120.000132,3172.400074,12.696635,233.182510,765.034480,0.722526,232.244196,761.956024,0.304426,0.998772,20.895538,68.554913,232.703950,763.464402,13.389743,43.929601,6.608283,21.680719,-0.111578,0.029324,0.023326,0.733579,0.039211,0.116562,0.089731,0.001306,-0.134528,0.007104,1.358400,0.000000,0.000000,0.000000,0.000000,0.000000,4697.582498,8032.024912,550.368530,259.176826,466.518287,0.780320,0.001514
12.899995,4459.878547,14632.147462,4459.859611,14632.085338,30.195631,120.000146,3195.640409,14.078095,232.959312,764.302204,0.721829,232.014915,761.203790,0.193046,0.633352,20.954305,68.747720,232.428909,762.562039,14.257364,46.776128,6.600804,21.656181,-0.138392,0.027431,0.020418,0.721296,0.039877,0.120097,0.090070,0.000829,-0.134221,0.008034,1.359579,0.000000,0.000000,0.000000,0.000000,0.000000,4697.563745,8032.016406,550.367947,259.181114,466.526005,0.780375,0.001514
12.999995,4459.219302,14629.984587,4459.200369,14629.922471,30.195840,120.000161,3218.853148,15.545595,232.736102,763.569889,0.721131,231.788720,760.461680,0.085772,0.281404,20.977969,68.825358,232.151720,761.652625,15.111174,49.577343,6.582137,21.594936,-0.160594,0.025701,0.017731,0.706528,0.040637,0.123292,0.090259,0.000369,-0.133823,0.009013,1.358596,0.000000,0.000000,0.000000,0.000000,0.000000,4697.544991,8032.007899,550.367365,259.185393,466.533707,0.780430,0.001514
13.099995,4458.562500,14627.829724,4458.543570,14627.767617,30.196049,120.000178,3242.038114,17.097576,232.513249,762.838743,0.720435,231.565360,759.728870,-0.013657,-0.044806,20.973673,68.811263,231.873145,760.738664,15.947669,52.321750,6.551907,21.495758,-0.177912,0.024187,0.015224,0.689753,0.041489,0.126170,0.090327,-0.000059,-0.133400,0.009921,1.355969,0.000000,0.000000,0.000000,0.000000,0.000000,4697.526238,8031.999393,550.366782,259.189656,466.541381,0.780485,0.001514
13.199995,4457.909311,14625.686717,4457.890383,14625.624618,30.196258,120.000195,3265.195187,18.732158,232.290568,762.108162,0.719739,231.344008,759.002652,-0.100180,-0.328675,20.948693,68.729309,231.593389,759.820829,16.764020,55.000065,6.509825,21.357695,-0.190269,0.022904,0.012881,0.671463,0.042435,0.128755,0.090306,-0.000431,-0.133584,0.010621,1.352280,0.000000,0.000000,0.000000,0.000000,0.000000,4697.507484,8031.990886,550.366199,259.193896,466.549013,0.780539,0.001514
13.299995,4457.260932,14623.559487,4457.242007,14623.497397,30.196467,120.000212,3288.324260,20.447217,232.068057,761.378141,0.719043,231.124075,758.281084,-0.168559,-0.553016,20.909736,68.601497,231.312819,758.900323,17.558109,57.605345,6.455701,21.180122,-0.197767,0.021833,0.010717,0.652152,0.043475,0.131071,0.090224,-0.000726,-0.133595,0.010988,1.347942,0.000000,0.000000,0.000000,0.000000,0.000000,4697.488731,8031.982380,550.365616,259.198105,466.556588,0.780593,0.001515
13.399995,4456.618570,14621.452002,4456.599648,14621.389920,30.196675,120.000231,3311.425282,22.240452,231.845943,760.649421,0.718349,230.905312,757.563359,-0.214330,-0.703184,20.862226,68.445624,231.031994,757.978984,18.328499,60.132871,6.389465,20.962812,-0.200662,0.020926,0.008765,0.632298,0.044605,0.133140,0.090105,-0.000924,-0.133421,0.010927,1.343333,0.000000,0.000000,0.000000,0.000000,0.000000,4697.469978,8031.973874,550.365033,259.202274,466.564093,0.780646,0.001515
13.499995,4455.983435,14619.368224,4455.964515,14619.306151,30.196883,120.000250,3334.498250,24.109446,231.624406,759.922592,0.717657,230.687581,756.849019,-0.234454,-0.769206,20.809865,68.273836,230.751390,757.058365,19.074335,62.579841,6.311216,20.706090,-0.199334,0.020119,0.007070,0.612343,0.045814,0.134987,0.089964,-0.001012,-0.133059,0.010388,1.338689,0.000000,0.000000,0.000000,0.000000,0.000000,4697.451224,8031.965367,550.364450,259.206397,466.571514,0.780699,0.001515
13.599995,4455.356712,14617.312048,4455.337795,14617.249982,30.197091,120.000271,3357.543207,26.051725,231.403593,759.198140,0.716967,230.470866,756.138012,-0.227648,-0.746877,20.754540,68.092324,230.471399,756.139762,19.795265,64.945096,6.221287,20.411045,-0.194241,0.019349,0.005682,0.592690,0.047083,0.136637,0.089811,-0.000984,-0.132520,0.009367,1.334095,0.000000,0.000000,0.000000,0.000000,0.000000,4697.432471,8031.956861,550.363867,259.210465,466.578836,0.780751,0.001515
13.699995,4454.739542,14615.287211,4454.720627,14615.225153,30.197299,120.000291,3380.560232,28.064799,231.183630,758.476476,0.716280,230.255262,755.430650,-0.194433,-0.637903,20.696549,67.902064,230.192348,755.224237,20.491358,67.228864,6.120303,20.079736,-0.185889,0.018565,0.004643,0.573695,0.048387,0.138116,0.089644,-0.000841,-0.131826,0.007901,1.329504,0.000000,0.000000,0.000000,0.000000,0.000000,4697.413717,8031.948354,550.363284,259.214471,466.586047,0.780803,0.001515
13.799994,4454.132984,14613.297192,4454.114071,14613.235142,30.197506,120.000313,3403.549432,30.146205,230.964628,757.757966,0.715596,230.040940,754.727493,-0.136953,-0.449322,20.635082,67.700401,229.914494,754.312644,21.163038,69.432540,6.009226,19.715308,-0.174799,0.017739,0.003983,0.555660,0.049697,0.139456,0.089462,-0.000593,-0.131009,0.006062,1.324776,0.000000,0.000000,0.000000,0.000000,0.000000,4697.394964,8031.939848,550.362702,259.218408,466.593134,0.780853,0.001515
13.899994,4453.537986,14611.345099,4453.519076,14611.283058,30.197713,120.000335,3426.510936,32.293539,230.746689,757.042944,0.714916,229.828094,754.029181,-0.058651,-0.192423,20.568867,67.483160,229.638038,753.405637,21.811045,71.558548,5.889343,19.321990,-0.161482,0.016870,0.003719,0.538836,0.050982,0.140687,0.089259,-0.000254,-0.130106,0.003945,1.319735,0.000000,0.000000,0.000000,0.000000,0.000000,4697.376210,8031.931341,550.362119,259.222270,466.600086,0.780903,0.001515
13.999994,4452.955353,14609.433572,4452.936445,14609.371538,30.197920,120.000358,3449.444891,34.504481,230.529855,756.331544,0.714239,229.616838,753.336083,0.036145,0.118586,20.496834,67.246832,229.363072,752.503516,22.436397,73.610227,5.762225,18.904939,-0.146420,0.015988,0.003848,0.523426,0.052216,0.141845,0.089029,0.000157,-0.129377,0.001659,1.314242,0.000000,0.000000,0.000000,0.000000,0.000000,4697.357457,8031.922835,550.361536,259.226052,466.606893,0.780951,0.001515
14.099994,4452.385720,14607.564698,4452.366814,14607.502671,30.198127,120.000382,3472.351425,36.776830,230.313600,755.622047,0.713564,229.406651,752.646492,0.142643,0.467989,20.418683,66.990431,229.089077,751.604582,23.040326,75.591620,5.629632,18.469921,-0.130060,0.015143,0.004352,0.509584,0.053376,0.142969,0.088773,0.000619,-0.129260,-0.000690,1.308237,0.000000,0.000000,0.000000,0.000000,0.000000,4697.338703,8031.914329,550.360953,259.229749,466.613548,0.780999,0.001515
14.199994,4451.829543,14605.739971,4451.810640,14605.677952,30.198333,120.000406,3495.230618,39.108516,230.097755,754.913896,0.712890,229.197261,751.959518,0.256001,0.839898,20.335365,66.717077,228.815841,750.708141,23.624357,77.507735,5.493407,18.022990,-0.112803,0.014401,0.005195,0.497424,0.054448,0.144098,0.088493,0.001113,-0.129220,-0.003001,1.301688,0.000000,0.000000,0.000000,0.000000,0.000000,4697.319950,8031.905822,550.360370,259.233359,466.620046,0.781045,0.001515
14.299994,4451.287096,14603.960288,4451.268194,14603.898276,30.198540,120.000431,3518.082543,41.497640,229.882299,754.207016,0.712218,228.988441,751.274412,0.371679,1.219420,20.249125,66.434136,228.543260,749.813844,24.190288,79.364461,5.355339,17.570009,-0.095012,0.013826,0.006330,0.487020,0.055427,0.145269,0.088199,0.001617,-0.129245,-0.005190,1.294726,0.000000,0.000000,0.000000,0.000000,0.000000,4697.301197,8031.897316,550.359787,259.236880,466.626384,0.781090,0.001516
14.399994,4450.758480,14602.225983,4450.739580,14602.163978,30.198745,120.000456,3540.907258,43.942492,229.667196,753.501300,0.711547,228.779862,750.590100,0.485727,1.593594,20.163323,66.152633,228.271174,748.921174,24.740145,81.168455,5.217024,17.116219,-0.077009,0.013468,0.007703,0.478414,0.056317,0.146519,0.087907,0.002115,-0.129319,-0.007191,1.287583,0.000000,0.000000,0.000000,0.000000,0.000000,4697.282443,8031.888809,550.359204,259.240311,466.632560,0.781134,0.001516
14.499994,4450.243652,14600.536915,4450.224754,14600.474916,30.198951,120.000482,3563.704800,46.441576,229.452393,752.796564,0.710876,228.571122,749.905256,0.594976,1.952020,20.082050,65.885991,227.999369,748.029426,25.276158,82.927028,5.079769,16.665909,-0.059086,0.013362,0.009251,0.471613,0.057128,0.147881,0.087634,0.002593,-0.129426,-0.008962,1.280567,0.000000,0.000000,0.000000,0.000000,0.000000,4697.263690,8031.880303,550.358621,259.243653,466.638575,0.781177,0.001516
14.599994,4449.742455,14598.892568,4449.723559,14598.830576,30.199156,120.000509,3586.475186,48.993625,229.237805,752.092537,0.710207,228.361777,749.218430,0.697135,2.287189,20.009597,65.648284,227.727571,747.137700,25.800706,84.647986,4.944531,16.222214,-0.041508,0.013514,0.010915,0.466601,0.057876,0.149382,0.087399,0.003041,-0.129547,-0.010484,1.274011,0.000000,0.000000,0.000000,0.000000,0.000000,4697.244936,8031.871796,550.358039,259.246906,466.644431,0.781219,0.001516
14.699994,4449.254655,14597.292174,4449.235761,14597.230188,30.199362,120.000536,3609.218400,51.597617,229.023320,751.388844,0.709538,228.151393,748.528194,0.790796,2.594475,19.949868,65.452324,227.455449,746.244910,26.316259,86.339432,4.811900,15.787072,-0.024521,0.013902,0.012637,0.463331,0.058577,0.151045,0.087220,0.003453,-0.129669,-0.011756,1.268230,0.000000,0.000000,0.000000,0.000000,0.000000,4697.226183,8031.863290,550.357456,259.250072,466.650130,0.781259,0.001516
14.799994,4448.779975,14595.734828,4448.761084,14595.672848,30.199567,120.000563,3631.934391,54.252778,228.808796,750.685026,0.708870,227.939588,747.833294,0.875339,2.871848,19.905856,65.307926,227.182626,745.349822,26.825308,88.009542,4.682137,15.361341,-0.008352,0.014483,0.014366,0.461736,0.059249,0.152881,0.087109,0.003826,-0.129779,-0.012794,1.263475,0.000000,0.000000,0.000000,0.000000,0.000000,4697.207429,8031.854784,550.356873,259.253154,466.655676,0.781299,0.001516
14.899994,4448.318128,14594.219581,4448.299238,14594.157607,30.199771,120.000592,3654.623068,56.958581,228.594076,749.980563,0.708200,227.726070,747.132776,0.950777,3.119347,19.879245,65.220619,226.908695,744.451100,27.330296,89.666326,4.555247,14.945035,0.006785,0.015192,0.016060,0.461725,0.059903,0.154901,0.087074,0.004159,-0.129869,-0.013625,1.259896,0.000000,0.000000,0.000000,0.000000,0.000000,4697.188676,8031.846277,550.356290,259.256151,466.661072,0.781337,0.001516
14.999994,4447.868832,14592.745513,4447.849944,14592.683545,30.199976,120.000620,3677.284300,59.714735,228.378994,749.274916,0.707530,227.510668,746.426075,1.017547,3.338410,19.870222,65.191019,226.633238,743.547369,27.833540,91.317390,4.431076,14.537650,0.020694,0.015958,0.017686,0.463184,0.060547,0.157103,0.087116,0.004456,-0.129937,-0.014282,1.257527,0.000000,0.000000,0.000000,0.000000,0.000000,4697.169922,8031.837771,550.355707,259.259068,466.666322,0.781375,0.001516
15.099994,4447.431826,14591.311766,4447.412940,14591.249803,30.200180,120.000649,3699.917914,62.521177,228.163395,748.567569,0.706858,227.293337,745.713049,1.076292,3.531142,19.877508,65.214920,226.355845,742.637287,28.337170,92.969717,4.309419,14.138515,0.033199,0.016712,0.019221,0.465984,0.061185,0.159483,0.087231,0.004717,-0.129980,-0.014794,1.256284,0.000000,0.000000,0.000000,0.000000,0.000000,4697.151169,8031.829264,550.355124,259.261904,466.671428,0.781411,0.001516
15.199994,4447.006867,14589.917543,4446.987982,14589.855585,30.200384,120.000679,3722.523697,65.378039,227.947141,747.858073,0.706184,227.074159,744.993959,1.127655,3.699655,19.898587,65.284080,226.076136,741.719606,28.843069,94.629492,4.190120,13.747112,0.044151,0.017394,0.020652,0.469976,0.061812,0.162031,0.087407,0.004947,-0.130003,-0.015187,1.255985,0.000000,0.000000,0.000000,0.000000,0.000000,4697.132416,8031.820758,550.354541,259.264663,466.676393,0.781446,0.001516
15.299994,4446.593722,14588.562081,4446.574839,14588.500129,30.200587,120.000709,3745.101400,68.285632,227.730124,747.146077,0.705508,226.853314,744.269403,1.172120,3.845538,19.930117,65.387521,225.793778,740.793233,29.352838,96.301961,4.073138,13.363315,0.053430,0.017961,0.021971,0.474998,0.062420,0.164734,0.087630,0.005147,-0.130010,-0.015479,1.256375,0.000000,0.000000,0.000000,0.000000,0.000000,4697.113662,8031.812252,550.353958,259.267344,466.681220,0.781481,0.001516
15.399994,4446.192155,14587.244604,4446.173274,14587.182657,30.200791,120.000740,3767.650744,71.244409,227.512276,746.431350,0.704830,226.631053,743.540201,1.209921,3.969557,19.968409,65.513153,225.508496,739.857270,29.867764,97.991351,3.958600,12.987532,0.060956,0.018394,0.023175,0.480879,0.063001,0.167576,0.087883,0.005318,-0.130008,-0.015677,1.257170,0.000000,0.000000,0.000000,0.000000,0.000000,4697.094909,8031.803745,550.353376,259.269951,466.685912,0.781514,0.001516
15.499994,4445.801909,14585.964267,4445.783029,14585.902325,30.200994,120.000771,3790.171427,74.254937,227.293563,745.713789,0.704149,226.407654,742.807265,1.241016,4.071576,20.009941,65.649411,225.220082,738.911031,30.388821,99.700857,3.846792,12.620710,0.066690,0.018694,0.024263,0.487440,0.063544,0.170542,0.088151,0.005460,-0.130002,-0.015783,1.258096,0.000000,0.000000,0.000000,0.000000,0.000000,4697.076155,8031.795239,550.352793,259.272484,466.690471,0.781547,0.001516
15.599994,4445.422689,14584.720108,4445.403811,14584.658171,30.201197,120.000803,3812.663127,77.317863,227.073990,744.993405,0.703465,226.183382,742.071462,1.265138,4.150715,20.051787,65.786704,224.928393,737.954046,30.916679,101.432675,3.738140,12.264239,0.070634,0.018880,0.025234,0.494501,0.064039,0.173614,0.088422,0.005572,-0.129997,-0.015789,1.258922,0.000000,0.000000,0.000000,0.000000,0.000000,4697.057402,8031.786732,550.352210,259.274945,466.694902,0.781578,0.001517
15.699994,4445.054156,14583.511011,4445.035279,14583.449079,30.201399,120.000835,3835.125513,80.433890,226.853588,744.270303,0.702779,225.958451,741.333499,1.281887,4.205667,20.091936,65.918426,224.633344,736.986038,31.451732,103.188096,3.633144,11.919764,0.072836,0.018988,0.026089,0.501883,0.064481,0.176777,0.088685,0.005651,-0.129996,-0.015688,1.259490,0.000000,0.000000,0.000000,0.000000,0.000000,4697.038648,8031.778226,550.351627,259.277338,466.699208,0.781609,0.001517
15.799994,4444.695919,14582.335692,4444.677043,14582.273764,30.201602,120.000868,3857.558246,83.603746,226.632409,743.544650,0.702091,225.733003,740.593841,1.290862,4.235111,20.129433,66.041446,224.334899,736.006888,31.994135,104.967633,3.532311,11.588947,0.073383,0.019058,0.026822,0.509414,0.064868,0.180018,0.088938,0.005696,-0.129998,-0.015470,1.259726,0.000000,0.000000,0.000000,0.000000,0.000000,4697.019895,8031.769719,550.351044,259.279663,466.703393,0.781639,0.001517
15.899994,4444.347538,14581.192710,4444.328664,14581.130787,30.201804,120.000902,3879.960987,86.828164,226.410512,742.816640,0.701401,225.507095,739.852675,1.291781,4.238126,20.164355,66.156019,224.033058,735.016593,32.543853,106.771171,3.436077,11.273219,0.072395,0.019130,0.027430,0.516934,0.065203,0.183325,0.089181,0.005706,-0.130002,-0.015131,1.259640,0.000000,0.000000,0.000000,0.000000,0.000000,4697.001141,8031.761213,550.350461,259.281924,466.707463,0.781668,0.001517
15.999994,4444.008538,14580.080504,4443.989665,14580.018585,30.202006,120.000936,3902.333397,90.107869,226.187954,742.086462,0.700708,225.280705,739.109924,1.284589,4.214531,20.197631,66.265193,223.727840,734.015223,33.100707,108.598119,3.344742,10.973564,0.070022,0.019238,0.027908,0.524295,0.065494,0.186685,0.089416,0.005679,-0.130003,-0.014673,1.259313,0.000000,0.000000,0.000000,0.000000,0.000000,4696.982388,8031.752707,550.349878,259.284125,466.711424,0.781696,0.001517
16.099994,4443.678420,14578.997441,4443.659548,14578.935526,30.202207,120.000970,3924.675140,93.443558,225.964782,741.354273,0.700014,225.053745,738.365305,1.269522,4.165100,20.230745,66.373834,223.419276,733.002874,33.664412,110.447546,3.258423,10.690365,0.066431,0.019402,0.028251,0.531366,0.065752,0.190091,0.089652,0.005618,-0.129994,-0.014103,1.258874,0.000000,0.000000,0.000000,0.000000,0.000000,4696.963635,8031.744200,550.349295,259.286267,466.715281,0.781724,0.001517
16.199994,4443.356686,14577.941884,4443.337816,14577.879973,30.202409,120.001006,3946.985884,96.835901,225.741031,740.620180,0.699318,224.826093,737.618416,1.247127,4.091624,20.265377,66.487457,223.107397,731.979649,34.234615,112.318290,3.177031,10.423330,0.061802,0.019627,0.028457,0.538031,0.065988,0.193532,0.089895,0.005525,-0.129969,-0.013436,1.258471,0.000000,0.000000,0.000000,0.000000,0.000000,4696.944881,8031.735694,550.348713,259.288356,466.719040,0.781750,0.001517
16.299993,4443.042857,14576.912260,4443.023988,14576.850353,30.202610,120.001041,3969.265298,100.285525,225.516717,739.884241,0.698620,224.597622,736.868838,1.218234,3.996832,20.303047,66.611045,222.792231,730.945640,34.810911,114.209024,3.100274,10.171504,0.056318,0.019904,0.028527,0.544196,0.066216,0.197001,0.090152,0.005402,-0.129920,-0.012692,1.258245,0.000000,0.000000,0.000000,0.000000,0.000000,4696.926128,8031.727187,550.348130,259.290393,466.722707,0.781777,0.001517
16.399993,4442.736490,14575.907120,4442.717622,14575.845216,30.202810,120.001078,3991.513056,103.793019,225.291843,739.146467,0.697921,224.368228,736.116235,1.183903,3.884196,20.344804,66.748045,222.473804,729.900932,35.392855,116.118289,3.027688,9.933361,0.050163,0.020212,0.028463,0.549781,0.066449,0.200486,0.090429,0.005255,-0.129842,-0.011895,1.258305,0.000000,0.000000,0.000000,0.000000,0.000000,4696.907374,8031.718681,550.347547,259.292381,466.726286,0.781802,0.001517
16.499993,4442.437198,14574.925190,4442.418331,14574.863290,30.203011,120.001115,4013.728833,107.358922,225.066404,738.406838,0.697220,224.137862,735.360438,1.145338,3.757671,20.391018,66.899665,222.152144,728.845616,35.979960,118.044489,2.958680,9.706954,0.043511,0.020517,0.028273,0.554729,0.066696,0.203978,0.090726,0.005089,-0.129731,-0.011069,1.258704,0.000000,0.000000,0.000000,0.000000,0.000000,4696.888621,8031.710174,550.346964,259.294324,466.729783,0.781827,0.001517
16.599993,4442.144655,14573.965404,4442.125789,14573.903508,30.203211,120.001153,4035.912307,110.983723,224.840392,737.665329,0.696517,223.906538,734.601503,1.103807,3.621415,20.441279,67.064563,221.827290,727.779822,36.571690,119.985860,2.892584,9.490106,0.036529,0.020787,0.027969,0.558995,0.066964,0.207467,0.091041,0.004909,-0.129586,-0.010240,1.259441,0.000000,0.000000,0.000000,0.000000,0.000000,4696.869867,8031.701668,550.346381,259.296223,466.733201,0.781851,0.001517
16.699993,4441.858604,14573.026918,4441.839739,14572.965025,30.203411,120.001191,4058.063162,114.667856,224.613804,736.921928,0.695813,223.674349,733.839728,1.060562,3.479534,20.494429,67.238939,221.499301,726.703743,37.167444,121.940433,2.828729,9.280607,0.029371,0.020986,0.027563,0.562553,0.067258,0.210939,0.091371,0.004722,-0.129406,-0.009429,1.260449,0.000000,0.000000,0.000000,0.000000,0.000000,4696.851114,8031.693162,550.345798,259.298080,466.736543,0.781875,0.001517
16.799993,4441.578854,14572.109100,4441.559990,14572.047211,30.203610,120.001230,4080.181089,118.411689,224.386646,736.176661,0.695107,223.441456,733.075643,1.016774,3.335873,20.548698,67.416987,221.168265,725.617666,37.766550,123.906003,2.766486,9.076399,0.022178,0.021087,0.027071,0.565393,0.067578,0.214383,0.091707,0.004531,-0.129195,-0.008656,1.261616,0.000000,0.000000,0.000000,0.000000,0.000000,4696.832360,8031.684655,550.345215,259.299895,466.739812,0.781898,0.001517
16.899993,4441.305270,14571.211515,4441.286407,14571.149628,30.203809,120.001269,4102.265790,122.215520,224.158944,735.429606,0.694399,223.208076,732.309960,0.973493,3.193875,20.601926,67.591620,220.834305,724.521997,38.368257,125.880110,2.705319,8.875719,0.015078,0.021074,0.026511,0.567514,0.067922,0.217786,0.092038,0.004343,-0.128957,-0.007936,1.262794,0.000000,0.000000,0.000000,0.000000,0.000000,4696.813607,8031.676149,550.344632,259.301671,466.743008,0.781921,0.001517
16.999993,4441.037766,14570.333879,4441.018904,14570.271996,30.204008,120.001309,4124.316979,126.079570,223.930739,734.680903,0.693690,222.974460,731.543505,0.931623,3.056505,20.651830,67.755348,220.497583,723.417268,38.971744,127.860051,2.644810,8.677198,0.008186,0.020939,0.025900,0.568932,0.068285,0.221137,0.092356,0.004160,-0.128699,-0.007281,1.263822,0.000000,0.000000,0.000000,0.000000,0.000000,4696.794854,8031.667642,550.344050,259.303408,466.746134,0.781944,0.001517
17.099993,4440.776294,14569.476029,4440.757433,14569.414149,30.204207,120.001350,4146.334391,130.003970,223.702094,733.930755,0.692979,222.740871,730.777135,0.891913,2.926223,20.696276,67.901169,220.158300,722.304132,39.576123,129.842922,2.584672,8.479896,0.001602,0.020690,0.025255,0.569671,0.068663,0.224425,0.092650,0.003987,-0.128427,-0.006699,1.264546,0.000000,0.000000,0.000000,0.000000,0.000000,4696.776100,8031.659136,550.343467,259.305105,466.749189,0.781965,0.001517
17.199993,4440.520823,14568.637872,4440.501963,14568.575995,30.204405,120.001392,4168.317780,133.988766,223.473086,733.179415,0.692267,222.507551,730.011650,0.854965,2.805002,20.733521,68.023363,219.816686,721.183354,40.180469,131.825687,2.524748,8.283292,-0.004586,0.020343,0.024592,0.569766,0.069050,0.227642,0.092913,0.003826,-0.128149,-0.006195,1.264836,0.000000,0.000000,0.000000,0.000000,0.000000,4696.757347,8031.650630,550.342884,259.306763,466.752174,0.781987,0.001517
17.299993,4440.271337,14567.819348,4440.252478,14567.757474,30.204603,120.001434,4190.266927,138.033906,223.243804,732.427179,0.691555,222.274706,729.247722,0.821242,2.694362,20.762390,68.118077,219.473000,720.055775,40.783847,133.805271,2.464985,8.087221,-0.010306,0.019925,0.023926,0.569258,0.069441,0.230782,0.093138,0.003679,-0.127870,-0.005770,1.264603,0.000000,0.000000,0.000000,0.000000,0.000000,4696.738593,8031.642123,550.342301,259.308382,466.755088,0.782007,0.001517
17.399993,4440.027818,14567.020401,4440.008960,14566.958531,30.204801,120.001476,4212.181638,142.139247,223.014344,731.674358,0.690842,222.042484,728.485841,0.791083,2.595416,20.782375,68.183646,219.127510,718.922276,41.385337,135.778666,2.405414,7.891777,-0.015495,0.019465,0.023272,0.568198,0.069834,0.233842,0.093325,0.003547,-0.127594,-0.005426,1.263807,0.000000,0.000000,0.000000,0.000000,0.000000,4696.719840,8031.633617,550.341718,259.309963,466.757934,0.782028,0.001517
17.499993,4439.790244,14566.240958,4439.771387,14566.179090,30.204998,120.001519,4234.061746,146.304558,222.784800,730.921261,0.690129,221.810971,727.726282,0.764717,2.508914,20.793646,68.220622,218.780484,717.783741,41.984077,137.743036,2.346111,7.697214,-0.020107,0.018995,0.022640,0.566641,0.070225,0.236822,0.093472,0.003433,-0.127326,-0.005160,1.262455,0.000000,0.000000,0.000000,0.000000,0.000000,4696.701086,8031.625110,550.341135,259.311505,466.760709,0.782047,0.001517
17.599993,4439.558583,14565.480914,4439.539726,14565.419049,30.205195,120.001563,4255.907111,150.529522,222.555260,730.168177,0.689416,221.580186,726.969114,0.742274,2.435281,20.796973,68.231539,218.432180,716.641011,42.579284,139.695814,2.287168,7.503832,-0.024105,0.018541,0.022042,0.564646,0.070616,0.239724,0.093583,0.003335,-0.127065,-0.004970,1.260600,0.000000,0.000000,0.000000,0.000000,0.000000,4696.682333,8031.616604,550.340552,259.313009,466.763416,0.782067,0.001517
17.699993,4439.332794,14564.740139,4439.313939,14564.678276,30.205392,120.001608,4277.717616,154.813753,222.325800,729.415353,0.688703,221.350093,726.214216,0.723794,2.374654,20.793596,68.220459,218.082831,715.494851,43.170282,141.634783,2.228663,7.311887,-0.027469,0.018127,0.021486,0.562277,0.071007,0.242553,0.093665,0.003256,-0.126811,-0.004850,1.258329,0.000000,0.000000,0.000000,0.000000,0.000000,4696.663579,8031.608097,550.339969,259.314474,466.766054,0.782086,0.001517
17.799993,4439.112832,14564.018479,4439.093977,14563.956619,30.205588,120.001653,4299.493167,159.156801,222.096479,728.662988,0.687991,221.120612,725.461326,0.709243,2.326914,20.785035,68.192372,217.732638,714.345925,43.756515,143.558120,2.170641,7.121527,-0.030185,0.017766,0.020979,0.559596,0.071400,0.245315,0.093723,0.003193,-0.126563,-0.004797,1.255749,0.000000,0.000000,0.000000,0.000000,0.000000,4696.644826,8031.599591,550.339387,259.315902,466.768624,0.782104,0.001518
17.899993,4438.898648,14563.315776,4438.879794,14563.253918,30.205785,120.001699,4321.233690,163.558166,221.867341,727.911224,0.687279,220.891638,724.710099,0.698517,2.291723,20.772900,68.152558,217.381768,713.194777,44.337555,145.464421,2.113105,6.932760,-0.032256,0.017465,0.020526,0.556671,0.071799,0.248018,0.093765,0.003148,-0.126319,-0.004805,1.252975,0.000000,0.000000,0.000000,0.000000,0.000000,4696.626072,8031.591085,550.338804,259.317292,466.771126,0.782122,0.001518
17.999993,4438.690195,14562.631874,4438.671342,14562.570019,30.205980,120.001745,4342.939123,168.017315,221.638413,727.160149,0.686568,220.663056,723.960159,0.691455,2.268553,20.758703,68.105980,217.030349,712.041828,44.913102,147.352696,2.056015,6.745455,-0.033691,0.017220,0.020133,0.553565,0.072205,0.250668,0.093798,0.003120,-0.126076,-0.004866,1.250114,0.000000,0.000000,0.000000,0.000000,0.000000,4696.607319,8031.582578,550.338221,259.318646,466.773562,0.782139,0.001518
18.099993,4438.487432,14561.966639,4438.468579,14561.904786,30.206176,120.001792,4364.609415,172.533688,221.409708,726.409802,0.685858,220.434762,723.211160,0.687852,2.256733,20.743708,68.056784,216.678474,710.887382,45.482968,149.222338,1.999298,6.559377,-0.034511,0.017025,0.019800,0.550342,0.072619,0.253274,0.093827,0.003107,-0.125833,-0.004975,1.247254,0.000000,0.000000,0.000000,0.000000,0.000000,4696.588566,8031.574072,550.337638,259.319962,466.775931,0.782156,0.001518
18.199993,4438.290325,14561.319963,4438.271473,14561.258113,30.206371,120.001839,4386.244525,177.106711,221.181224,725.660185,0.685149,220.206669,722.462824,0.687470,2.255479,20.728830,68.007973,216.326204,709.731639,46.047073,151.073073,1.942867,6.374234,-0.034744,0.016864,0.019529,0.547063,0.073043,0.255844,0.093857,0.003108,-0.125587,-0.005126,1.244457,0.000000,0.000000,0.000000,0.000000,0.000000,4696.569812,8031.565565,550.337055,259.321241,466.778234,0.782172,0.001518
18.299993,4438.098850,14560.691767,4438.079999,14560.629918,30.206566,120.001887,4407.844415,181.735810,220.952956,724.911272,0.684440,219.978722,721.714967,0.690047,2.263932,20.714595,67.961269,215.973574,708.574717,46.605416,152.904907,1.886636,6.189752,-0.034429,0.016724,0.019320,0.543785,0.073474,0.258383,0.093889,0.003123,-0.125340,-0.005311,1.241756,0.000000,0.000000,0.000000,0.000000,0.000000,4696.551059,8031.557059,550.336472,259.322484,466.780471,0.782188,0.001518
18.399993,4437.912992,14560.081994,4437.894141,14560.020147,30.206760,120.001936,4429.409051,186.420410,220.724891,724.163028,0.683732,219.750896,720.967507,0.695306,2.281189,20.701151,67.917162,215.620601,707.416669,47.158065,154.718061,1.830548,6.005735,-0.033608,0.016589,0.019171,0.540561,0.073912,0.260899,0.093926,0.003150,-0.125091,-0.005526,1.239154,0.000000,0.000000,0.000000,0.000000,0.000000,4696.532305,8031.548552,550.335889,259.323690,466.782643,0.782204,0.001518
18.499993,4437.732736,14559.490603,4437.713886,14559.428758,30.206955,120.001985,4450.938397,191.159948,220.497018,723.415413,0.683024,219.523196,720.220458,0.702966,2.306318,20.688337,67.875122,215.267288,706.257508,47.705139,156.512922,1.774584,5.822126,-0.032331,0.016448,0.019081,0.537440,0.074352,0.263396,0.093965,0.003188,-0.124842,-0.005764,1.236631,0.000000,0.000000,0.000000,0.000000,0.000000,4696.513552,8031.540046,550.335306,259.324860,466.784749,0.782219,0.001518
18.599993,4437.558069,14558.917548,4437.539219,14558.855705,30.207148,120.002035,4472.432420,195.953875,220.269327,722.668397,0.682318,219.295647,719.473907,0.712737,2.338374,20.675782,67.833930,214.913633,705.097222,48.246789,158.289989,1.718781,5.639046,-0.030652,0.016292,0.019046,0.534466,0.074790,0.265878,0.094005,0.003236,-0.124596,-0.006021,1.234151,0.000000,0.000000,0.000000,0.000000,0.000000,4696.494798,8031.531540,550.334724,259.325994,466.786789,0.782233,0.001518
18.699993,4437.388970,14558.362762,4437.370121,14558.300921,30.207342,120.002085,4493.891086,200.801656,220.041814,721.921963,0.681611,219.068289,718.727981,0.724327,2.376401,20.663020,67.792062,214.559628,703.935786,48.783193,160.049846,1.663236,5.456810,-0.028629,0.016121,0.019063,0.531676,0.075222,0.268350,0.094044,0.003292,-0.124355,-0.006290,1.231671,0.000000,0.000000,0.000000,0.000000,0.000000,4696.476045,8031.523033,550.334141,259.327092,466.788765,0.782248,0.001518
18.799992,4437.225407,14557.826138,4437.206558,14557.764299,30.207535,120.002136,4515.314358,205.702778,219.814478,721.176109,0.680906,218.841162,717.982816,0.737442,2.419430,20.649614,67.748077,214.205262,702.773168,49.314548,161.793138,1.608100,5.275919,-0.026321,0.015935,0.019128,0.529103,0.075643,0.270816,0.094080,0.003355,-0.124122,-0.006568,1.229150,0.000000,0.000000,0.000000,0.000000,0.000000,4696.457291,8031.514527,550.333558,259.328153,466.790676,0.782261,0.001518
18.899992,4437.067329,14557.307509,4437.048481,14557.245672,30.207728,120.002188,4536.702201,210.656747,219.587322,720.430845,0.680201,218.614302,717.238525,0.751783,2.466481,20.635249,67.700948,213.850523,701.609329,49.841066,163.520558,1.553575,5.097030,-0.023789,0.015742,0.019237,0.526772,0.076050,0.273278,0.094112,0.003424,-0.123898,-0.006850,1.226555,0.000000,0.000000,0.000000,0.000000,0.000000,4696.438538,8031.506020,550.332975,259.329179,466.792523,0.782274,0.001518
18.999992,4436.914663,14556.806637,4436.895815,14556.744801,30.207921,120.002240,4558.054575,215.663089,219.360351,719.686192,0.679497,218.387726,716.495164,0.767047,2.516558,20.619810,67.650295,213.495398,700.444219,50.362974,165.232856,1.499892,4.920906,-0.021093,0.015552,0.019386,0.524703,0.076439,0.275741,0.094139,0.003497,-0.123685,-0.007131,1.223870,0.000000,0.000000,0.000000,0.000000,0.000000,4696.419785,8031.497514,550.332392,259.330170,466.794307,0.782287,0.001518
19.099992,4436.767313,14556.323205,4436.748466,14556.261371,30.208113,120.002292,4579.371443,220.721357,219.133574,718.942172,0.678793,218.161430,715.752724,0.782928,2.568660,20.603412,67.596496,213.139864,699.277768,50.880517,166.930830,1.447301,4.748362,-0.018292,0.015376,0.019570,0.522911,0.076808,0.278208,0.094162,0.003573,-0.123484,-0.007406,1.221095,0.000000,0.000000,0.000000,0.000000,0.000000,4696.401031,8031.489008,550.331809,259.331127,466.796028,0.782299,0.001518
19.199992,4436.625157,14555.856816,4436.606311,14555.794983,30.208305,120.002345,4600.652761,225.831126,218.906995,718.198803,0.678090,217.935390,715.011121,0.799121,2.621789,20.586399,67.540680,212.783892,698.109883,51.393957,168.615345,1.396043,4.580194,-0.015442,0.015225,0.019783,0.521403,0.077157,0.280684,0.094182,0.003651,-0.123294,-0.007671,1.218249,0.000000,0.000000,0.000000,0.000000,0.000000,4696.382278,8031.480501,550.331226,259.332050,466.797689,0.782311,0.001518
19.299992,4436.488052,14555.406993,4436.469206,14555.345163,30.208497,120.002399,4621.898483,230.992002,218.680618,717.456095,0.677387,217.709558,714.270202,0.815329,2.674965,20.569306,67.484598,212.427443,696.940430,51.903577,170.287326,1.346342,4.417134,-0.012595,0.015106,0.020021,0.520181,0.077487,0.283172,0.094201,0.003728,-0.123114,-0.007923,1.215367,0.000000,0.000000,0.000000,0.000000,0.000000,4696.363524,8031.471995,550.330643,259.332940,466.799291,0.782323,0.001518
19.399992,4436.355830,14554.973196,4436.336984,14554.911366,30.208688,120.002453,4643.108560,236.203617,218.454439,716.714040,0.676686,217.483870,713.529759,0.831268,2.727257,20.552789,67.430410,212.070465,695.769241,52.409677,171.947761,1.298385,4.259794,-0.009801,0.015027,0.020279,0.519245,0.077798,0.285676,0.094223,0.003805,-0.122942,-0.008156,1.212493,0.000000,0.000000,0.000000,0.000000,0.000000,4696.344771,8031.463488,550.330061,259.333798,466.800836,0.782334,0.001518
19.499992,4436.228311,14554.554826,4436.209466,14554.492998,30.208879,120.002508,4664.282935,241.465634,218.228453,715.972615,0.675985,217.258256,712.789554,0.846672,2.777794,20.537552,67.380421,211.712892,694.596103,52.912576,173.597692,1.252315,4.108645,-0.007103,0.014988,0.020551,0.518586,0.078092,0.288200,0.094251,0.003880,-0.122776,-0.008369,1.209676,0.000000,0.000000,0.000000,0.000000,0.000000,4696.326017,8031.454982,550.329478,259.334625,466.802326,0.782344,0.001518
19.599992,4436.105300,14554.151247,4436.086455,14554.089420,30.209070,120.002563,4685.421546,246.777751,218.002646,715.231780,0.675284,217.032640,712.049344,0.861303,2.825799,20.524259,67.336809,211.354650,693.420766,53.412603,175.238198,1.208229,3.964006,-0.004539,0.014989,0.020833,0.518194,0.078373,0.290747,0.094287,0.003951,-0.122614,-0.008558,1.206963,0.000000,0.000000,0.000000,0.000000,0.000000,4696.307264,8031.446475,550.328895,259.335424,466.803763,0.782355,0.001518
19.699992,4435.986597,14553.761800,4435.967752,14553.699974,30.209260,120.002619,4706.524321,252.139697,217.777002,714.491477,0.674584,216.806954,711.308903,0.874958,2.870596,20.513459,67.301375,210.995651,692.242950,53.910091,176.870376,1.166178,3.826045,-0.002143,0.015022,0.021118,0.518053,0.078642,0.293319,0.094335,0.004018,-0.122453,-0.008721,1.204394,0.000000,0.000000,0.000000,0.000000,0.000000,4696.288510,8031.437969,550.328312,259.336194,466.805150,0.782364,0.001518
19.799992,4435.871996,14553.385812,4435.853151,14553.323988,30.209450,120.002675,4727.591180,257.551234,217.551500,713.751640,0.673885,216.581141,710.568048,0.887465,2.911630,20.505530,67.275360,210.635805,691.062353,54.405370,178.495309,1.126178,3.694808,0.000057,0.015081,0.021402,0.518146,0.078900,0.295919,0.094397,0.004079,-0.122292,-0.008858,1.201997,0.000000,0.000000,0.000000,0.000000,0.000000,4696.269757,8031.429463,550.327729,259.336938,466.806489,0.782374,0.001518
19.899992,4435.761293,14553.022614,4435.742449,14552.960790,30.209640,120.002732,4748.622033,263.012159,217.326117,713.012195,0.673186,216.355164,709.826653,0.898693,2.948467,20.500646,67.259338,210.275018,689.878667,54.898760,180.114041,1.088212,3.570249,0.002040,0.015155,0.021681,0.518452,0.079150,0.298547,0.094473,0.004135,-0.122128,-0.008968,1.199785,0.000000,0.000000,0.000000,0.000000,0.000000,4696.251004,8031.420956,550.327146,259.337657,466.807782,0.782383,0.001518
19.999992,4435.654286,14552.671541,4435.635442,14552.609719,30.209829,120.002789,4769.616783,268.522296,217.100832,712.273070,0.672487,216.129003,709.084656,0.908546,2.980795,20.498773,67.253191,209.913197,688.691591,55.390555,181.727544,1.052250,3.452265,0.003788,0.015235,0.021950,0.518948,0.079392,0.301202,0.094562,0.004185,-0.121962,-0.009051,1.197757,0.000000,0.000000,0.000000,0.000000,0.000000,4696.232250,8031.412450,550.326563,259.338351,466.809033,0.782392,0.001518
20.099992,4435.550776,14552.331944,4435.531933,14552.270122,30.210018,120.002847,4790.575320,274.081501,216.875624,711.534199,0.671788,215.902659,708.342058,0.916965,3.008416,20.499683,67.256179,209.550258,687.500845,55.881024,183.336694,1.018256,3.340735,0.005289,0.015310,0.022206,0.519611,0.079626,0.303885,0.094665,0.004228,-0.121794,-0.009107,1.195898,0.000000,0.000000,0.000000,0.000000,0.000000,4696.213497,8031.403943,550.325980,259.339023,466.810242,0.782401,0.001518
20.199992,4435.450570,14552.003181,4435.431727,14551.941361,30.210207,120.002905,4811.497531,279.689653,216.650476,710.795526,0.671090,215.676151,707.598921,0.923921,3.031235,20.503004,67.267073,209.186124,686.306181,56.370398,184.942252,0.986196,3.235550,0.006537,0.015374,0.022446,0.520415,0.079851,0.306593,0.094779,0.004265,-0.121622,-0.009138,1.194182,0.000000,0.000000,0.000000,0.000000,0.000000,4696.194743,8031.395437,550.325398,259.339674,466.811413,0.782409,0.001518
20.299992,4435.353473,14551.684623,4435.334630,14551.622803,30.210395,120.002964,4832.383291,285.346652,216.425377,710.057011,0.670392,215.449510,706.855346,0.929411,3.049249,20.508264,67.284329,208.820734,685.107395,56.858868,186.544844,0.956047,3.136638,0.007529,0.015421,0.022667,0.521335,0.080068,0.309325,0.094902,0.004294,-0.121449,-0.009145,1.192576,0.000000,0.000000,0.000000,0.000000,0.000000,4696.175990,8031.386931,550.324815,259.340304,466.812547,0.782417,0.001518
20.399992,4435.259296,14551.375644,4435.240454,14551.313825,30.210584,120.003023,4853.232474,291.052415,216.200319,709.318631,0.669694,215.222775,706.111466,0.933460,3.062532,20.514959,67.306296,208.454039,683.904327,57.346584,188.144959,0.927802,3.043969,0.008268,0.015449,0.022868,0.522344,0.080275,0.312077,0.095033,0.004318,-0.121275,-0.009129,1.191044,0.000000,0.000000,0.000000,0.000000,0.000000,4696.157236,8031.378424,550.324232,259.340915,466.813648,0.782425,0.001518
20.499992,4435.167849,14551.075619,4435.149007,14551.013801,30.210771,120.003083,4874.044946,296.806873,215.975299,708.580376,0.668996,214.995990,705.367421,0.936110,3.071228,20.522610,67.331399,208.086006,682.696869,57.833651,189.742950,0.901465,2.957562,0.008760,0.015459,0.023046,0.523418,0.080471,0.314846,0.095167,0.004334,-0.121100,-0.009094,1.189553,0.000000,0.000000,0.000000,0.000000,0.000000,4696.138483,8031.369918,550.323649,259.341509,466.814716,0.782433,0.001518
20.599992,4435.078939,14550.783920,4435.060097,14550.722103,30.210959,120.003143,4894.820573,302.609965,215.750319,707.842253,0.668299,214.769195,704.623343,0.937423,3.075536,20.530811,67.358304,207.716615,681.484958,58.320139,191.339040,0.877053,2.877470,0.009013,0.015452,0.023201,0.524532,0.080656,0.317631,0.095305,0.004345,-0.120927,-0.009040,1.188076,0.000000,0.000000,0.000000,0.000000,0.000000,4696.119729,8031.361411,550.323066,259.342086,466.815755,0.782440,0.001518
20.699992,4434.992373,14550.499911,4434.973531,14550.438095,30.211146,120.003204,4915.559219,308.461634,215.525385,707.104282,0.667601,214.542423,703.879342,0.937475,3.075706,20.539262,67.386029,207.345861,680.268573,58.806081,192.933338,0.854587,2.803764,0.009043,0.015433,0.023333,0.525662,0.080830,0.320428,0.095444,0.004350,-0.120754,-0.008969,1.186591,0.000000,0.000000,0.000000,0.000000,0.000000,4696.100976,8031.352905,550.322483,259.342648,466.816766,0.782447,0.001518
20.799992,4434.907955,14550.222951,4434.889114,14550.161135,30.211333,120.003265,4936.260748,314.361827,215.300505,706.366486,0.666904,214.315700,703.135499,0.936356,3.072033,20.547785,67.413993,206.973748,679.047728,59.291480,194.525853,0.834088,2.736511,0.008865,0.015408,0.023441,0.526787,0.080992,0.323234,0.095584,0.004349,-0.120584,-0.008885,1.185088,0.000000,0.000000,0.000000,0.000000,0.000000,4696.082223,8031.344398,550.321900,259.343196,466.817752,0.782454,0.001518
20.899992,4434.825489,14549.952391,4434.806648,14549.890576,30.211519,120.003327,4956.925024,320.310488,215.075688,705.628898,0.666207,214.089038,702.391858,0.934165,3.064846,20.556327,67.442018,206.600287,677.822465,59.776314,196.116516,0.815568,2.675749,0.008496,0.015380,0.023525,0.527886,0.081144,0.326048,0.095724,0.004343,-0.120415,-0.008788,1.183564,0.000000,0.000000,0.000000,0.000000,0.000000,4696.063469,8031.335892,550.321317,259.343731,466.818716,0.782461,0.001518
20.999992,4434.744775,14549.687584,4434.725934,14549.625769,30.211705,120.003389,4977.551914,326.307558,214.850943,704.891545,0.665510,213.862442,701.648433,0.931015,3.054510,20.564936,67.470263,206.225498,676.592841,60.260544,197.705198,0.799025,2.621472,0.007958,0.015354,0.023586,0.528941,0.081287,0.328867,0.095865,0.004333,-0.120247,-0.008682,1.182026,0.000000,0.000000,0.000000,0.000000,0.000000,4696.044716,8031.327386,550.320735,259.344255,466.819659,0.782468,0.001518
21.099992,4434.665618,14549.427882,4434.646778,14549.366068,30.211891,120.003452,4998.141286,332.352976,214.626278,704.154455,0.664813,213.635908,700.905211,0.927023,3.041413,20.573736,67.499132,205.849402,675.358929,60.744117,199.291721,0.784437,2.573611,0.007271,0.015332,0.023625,0.529936,0.081423,0.331689,0.096007,0.004319,-0.120080,-0.008569,1.180485,0.000000,0.000000,0.000000,0.000000,0.000000,4696.025962,8031.318879,550.320152,259.344769,466.820584,0.782475,0.001518
21.199992,4434.587824,14549.172651,4434.568983,14549.110838,30.212076,120.003515,5018.693010,338.446672,214.401700,703.417651,0.664117,213.409426,700.162159,0.922314,3.025964,20.582886,67.529153,205.472022,674.120807,61.226968,200.875880,0.771763,2.532031,0.006459,0.015317,0.023644,0.530857,0.081552,0.334513,0.096150,0.004302,-0.119913,-0.008451,1.178954,0.000000,0.000000,0.000000,0.000000,0.000000,4696.007209,8031.310373,550.319569,259.345274,466.821493,0.782481,0.001518
21.299991,4434.511204,14548.921272,4434.492363,14548.859459,30.212261,120.003579,5039.206961,344.588570,214.177214,702.681149,0.663421,213.182985,699.419243,0.917017,3.008585,20.592547,67.560851,205.093383,672.878554,61.709029,202.457445,0.760941,2.496527,0.005543,0.015308,0.023643,0.531692,0.081678,0.337337,0.096297,0.004282,-0.119745,-0.008329,1.177448,0.000000,0.000000,0.000000,0.000000,0.000000,4695.988455,8031.301866,550.318986,259.345771,466.822388,0.782487,0.001518
21.399991,4434.435576,14548.673151,4434.416736,14548.611339,30.212446,120.003643,5059.683012,350.778588,213.952824,701.944960,0.662725,212.956576,698.676429,0.911261,2.989701,20.602847,67.594644,204.713511,671.632253,62.190224,204.036168,0.751892,2.466837,0.004547,0.015302,0.023624,0.532431,0.081801,0.340161,0.096447,0.004259,-0.119575,-0.008207,1.175980,0.000000,0.000000,0.000000,0.000000,0.000000,4695.969702,8031.293360,550.318403,259.346262,466.823272,0.782494,0.001518
21.499991,4434.360769,14548.427720,4434.341929,14548.365909,30.212630,120.003708,5080.121042,357.016635,213.728531,701.209091,0.662030,212.730192,697.933702,0.905175,2.969735,20.613853,67.630752,204.332431,670.381992,62.670474,205.611790,0.744521,2.442655,0.003493,0.015297,0.023590,0.533069,0.081923,0.342981,0.096600,0.004235,-0.119403,-0.008086,1.174556,0.000000,0.000000,0.000000,0.000000,0.000000,4695.950948,8031.284853,550.317820,259.346748,466.824146,0.782500,0.001518
21.599991,4434.286619,14548.184446,4434.267779,14548.122635,30.212814,120.003773,5100.520931,363.302612,213.504337,700.473548,0.661335,212.503836,697.191064,0.898885,2.949099,20.625558,67.669154,203.950172,669.127860,63.149694,207.184035,0.738728,2.423649,0.002403,0.015290,0.023542,0.533599,0.082046,0.345799,0.096757,0.004210,-0.119229,-0.007968,1.173179,0.000000,0.000000,0.000000,0.000000,0.000000,4695.932195,8031.276347,550.317237,259.347229,466.825012,0.782506,0.001518
21.699991,4434.212974,14547.942828,4434.194134,14547.881018,30.212998,120.003839,5120.882564,369.636413,213.280244,699.738334,0.660640,212.277516,696.448544,0.892512,2.928187,20.637879,67.709577,203.566762,667.869955,63.627796,208.752612,0.734410,2.409481,0.001298,0.015276,0.023481,0.534020,0.082168,0.348611,0.096917,0.004185,-0.119053,-0.007855,1.171845,0.000000,0.000000,0.000000,0.000000,0.000000,4695.913442,8031.267841,550.316654,259.347707,466.825872,0.782512,0.001518
21.799991,4434.139691,14547.702398,4434.120851,14547.640589,30.213181,120.003905,5141.205827,376.017921,213.056253,699.003456,0.659946,212.051248,695.706195,0.886167,2.907371,20.650665,67.751525,203.182236,666.608386,64.104688,210.317217,0.731467,2.399826,0.000197,0.015253,0.023412,0.534330,0.082292,0.351416,0.097079,0.004159,-0.118875,-0.007747,1.170544,0.000000,0.000000,0.000000,0.000000,0.000000,4695.894688,8031.259334,550.316072,259.348183,466.826729,0.782518,0.001518
21.899991,4434.066637,14547.462721,4434.047798,14547.400912,30.213364,120.003972,5161.490610,382.447010,212.832368,698.268924,0.659252,211.825054,694.964088,0.879956,2.886995,20.663715,67.794339,202.796630,665.343274,64.580270,211.877525,0.729810,2.394391,-0.000883,0.015217,0.023334,0.534530,0.082415,0.354214,0.097243,0.004135,-0.118696,-0.007648,1.169265,0.000000,0.000000,0.000000,0.000000,0.000000,4695.875935,8031.250828,550.315489,259.348657,466.827582,0.782524,0.001518
21.999991,4433.993688,14547.223387,4433.974849,14547.161579,30.213547,120.004040,5181.736807,388.923543,212.608593,697.534755,0.658558,211.598960,694.222310,0.873974,2.867369,20.676802,67.837277,202.409984,664.074752,65.054440,213.433202,0.729363,2.392922,-0.001925,0.015169,0.023252,0.534623,0.082539,0.357003,0.097408,0.004111,-0.118516,-0.007556,1.167992,0.000000,0.000000,0.000000,0.000000,0.000000,4695.857181,8031.242321,550.314906,259.349130,466.828434,0.782531,0.001518
22.099991,4433.920726,14546.984010,4433.901887,14546.922203,30.213729,120.004107,5201.944317,395.447376,212.384935,696.800966,0.657865,211.372994,693.480952,0.868305,2.848771,20.689702,67.879601,202.022344,662.802967,65.527092,214.983899,0.730062,2.395216,-0.002915,0.015107,0.023166,0.534614,0.082663,0.359782,0.097572,0.004088,-0.118337,-0.007474,1.166709,0.000000,0.000000,0.000000,0.000000,0.000000,4695.838428,8031.233815,550.314323,259.349604,466.829287,0.782537,0.001518
22.199991,4433.847639,14546.744223,4433.828800,14546.682416,30.213911,120.004176,5222.113043,402.018349,212.161400,696.067585,0.657172,211.147183,692.740102,0.863023,2.831441,20.702218,67.920663,201.633757,661.528075,65.998120,216.529265,0.731861,2.401117,-0.003840,0.015035,0.023078,0.534509,0.082785,0.362550,0.097734,0.004068,-0.118159,-0.007401,1.165403,0.000000,0.000000,0.000000,0.000000,0.000000,4695.819674,8031.225309,550.313740,259.350078,466.830141,0.782543,0.001518
22.299991,4433.774318,14546.503669,4433.755480,14546.441863,30.214093,120.004244,5242.242892,408.636297,211.937998,695.334638,0.656479,210.921550,691.999836,0.858190,2.815583,20.714201,67.959978,201.244273,660.250241,66.467417,218.068952,0.734726,2.410518,-0.004690,0.014953,0.022991,0.534313,0.082906,0.365307,0.097894,0.004049,-0.117983,-0.007339,1.164062,0.000000,0.000000,0.000000,0.000000,0.000000,4695.800921,8031.216802,550.313157,259.350554,466.830998,0.782549,0.001518
22.399991,4433.700659,14546.262004,4433.681820,14546.200198,30.214274,120.004314,5262.333777,415.301040,211.714737,694.602157,0.655787,210.696112,691.260212,0.853854,2.801360,20.725568,67.997269,200.853943,658.969628,66.934880,219.602625,0.738635,2.423344,-0.005456,0.014865,0.022906,0.534036,0.083024,0.368051,0.098052,0.004033,-0.117810,-0.007287,1.162681,0.000000,0.000000,0.000000,0.000000,0.000000,4695.782167,8031.208296,550.312574,259.351032,466.831858,0.782555,0.001518
22.499991,4433.626557,14546.018887,4433.607718,14545.957081,30.214455,120.004383,5282.385616,422.012391,211.491632,693.870184,0.655095,210.470885,690.521277,0.850056,2.788897,20.736303,68.032492,200.462818,657.686411,67.400416,221.129974,0.743575,2.439550,-0.006133,0.014775,0.022825,0.533686,0.083140,0.370784,0.098206,0.004019,-0.117622,-0.007246,1.161257,0.013846,0.000000,0.000000,0.000000,0.468759,4695.763414,8031.199789,550.311991,259.351513,466.832724,0.782561,0.001518
22.599991,4433.551910,14545.773983,4433.533072,14545.712178,30.214635,120.004453,5302.398337,428.770154,211.268806,693.139126,0.654404,210.245990,689.783432,0.846821,2.778283,20.746441,68.065750,200.071054,656.401096,67.863980,222.650854,0.749525,2.459072,-0.006715,0.014682,0.022748,0.533271,0.083253,0.373506,0.098359,0.004008,-0.117234,-0.007215,1.159793,0.039768,0.000000,0.000000,0.000000,4.781816,4695.744660,8031.191283,550.311409,259.351998,466.833596,0.782567,0.001518
22.699991,4433.476619,14545.526964,4433.457781,14545.465159,30.214816,120.004524,5322.371888,435.574132,211.046519,692.409838,0.653715,210.021691,689.047543,0.844163,2.769565,20.755955,68.096966,199.678929,655.114596,68.325590,224.165320,0.756461,2.481827,-0.007199,0.014583,0.022678,0.532802,0.083363,0.376216,0.098508,0.004000,-0.116573,-0.007194,1.158289,0.065803,0.000000,0.000000,0.000000,14.045365,4695.725907,8031.182776,550.310826,259.352487,466.834476,0.782574,0.001518
22.799991,4433.400585,14545.277511,4433.381747,14545.215707,30.214995,120.004595,5342.306249,442.424133,210.825068,691.683294,0.653029,209.798299,688.314629,0.842088,2.762755,20.764730,68.125756,199.286753,653.827929,68.785284,225.673504,0.764362,2.507750,-0.007586,0.014473,0.022616,0.532289,0.083468,0.378915,0.098653,0.003994,-0.115607,-0.007182,1.156736,0.091930,0.000000,0.000000,0.000000,28.859358,4695.707154,8031.174270,550.310243,259.352980,466.835364,0.782580,0.001518
22.899991,4433.323714,14545.025308,4433.304876,14544.963505,30.215175,120.004667,5362.201431,449.319967,210.604787,690.960587,0.652346,209.576168,687.585853,0.840588,2.757833,20.772566,68.151464,198.894867,652.542214,69.243124,227.175605,0.773221,2.536816,-0.007874,0.014347,0.022562,0.531741,0.083568,0.381603,0.098794,0.003991,-0.114300,-0.007179,1.155124,0.118127,0.000000,0.000000,0.000000,49.911157,4695.688400,8031.165764,550.309660,259.353479,466.836262,0.782586,0.001518
22.999991,4433.245908,14544.770041,4433.227071,14544.708238,30.215354,120.004739,5382.057483,456.261452,210.386050,690.242945,0.651668,209.355701,686.862537,0.839648,2.754750,20.779201,68.173231,198.503651,651.258697,69.699192,228.671890,0.783046,2.569049,-0.008067,0.014204,0.022516,0.531167,0.083660,0.384280,0.098929,0.003991,-0.112609,-0.007184,1.153433,0.144369,0.000000,0.000000,0.000000,77.989368,4695.669647,8031.157257,550.309077,259.353984,466.837171,0.782593,0.001518
23.099991,4433.167071,14544.511389,4433.148234,14544.449587,30.215533,120.004812,5401.874491,463.248418,210.169280,689.531757,0.650995,209.137355,686.146178,0.839245,2.753428,20.784332,68.190066,198.113527,649.978764,70.153590,230.162698,0.793862,2.604534,-0.008168,0.014041,0.022480,0.530578,0.083743,0.386946,0.099056,0.003993,-0.110485,-0.007197,1.151645,0.170627,0.000000,0.000000,0.000000,113.999493,4695.650893,8031.148751,550.308494,259.354496,466.838092,0.782599,0.001518
23.199991,4433.087101,14544.249020,4433.068264,14544.187219,30.215711,120.004885,5421.652589,470.280703,209.954955,688.828594,0.650331,208.921642,685.438459,0.839349,2.753771,20.787644,68.200932,197.724970,648.703970,70.606447,231.648448,0.805713,2.643414,-0.008182,0.013856,0.022453,0.529982,0.083814,0.389600,0.099173,0.003998,-0.107873,-0.007216,1.149739,0.196869,0.000000,0.000000,0.000000,158.981277,4695.632140,8031.140244,550.307911,259.355015,466.839027,0.782606,0.001519
23.299991,4433.005892,14543.982585,4432.987055,14543.920785,30.215889,120.004958,5441.391958,477.358160,209.743619,688.135232,0.649676,208.709140,684.741272,0.839925,2.755660,20.788824,68.204803,197.338511,647.436060,71.057916,233.129647,0.818659,2.685889,-0.008113,0.013649,0.022435,0.529388,0.083871,0.392242,0.099279,0.004005,-0.104709,-0.007240,1.147694,0.223058,0.000000,0.000000,0.000000,214.127356,4695.613386,8031.131738,550.307328,259.355542,466.839976,0.782613,0.001519
23.399991,4432.923330,14543.711713,4432.904493,14543.649913,30.216067,120.005032,5461.092838,484.480661,209.535884,687.453687,0.649032,208.500494,684.056740,0.840932,2.758962,20.787576,68.200710,196.954748,646.176994,71.508184,234.606904,0.832778,2.732211,-0.007969,0.013422,0.022428,0.528803,0.083911,0.394872,0.099372,0.004013,-0.100919,-0.007270,1.145491,0.249152,0.000000,0.000000,0.000000,280.802321,4695.594633,8031.123231,550.306746,259.356078,466.840940,0.782620,0.001519
23.499991,4432.839294,14543.436004,4432.820458,14543.374205,30.216244,120.005107,5480.755531,491.648094,209.332446,686.786241,0.648401,208.296434,683.387250,0.842324,2.763530,20.783630,68.187762,196.574352,644.928976,71.957473,236.080947,0.848159,2.782673,-0.007756,0.013173,0.022429,0.528235,0.083933,0.397490,0.099450,0.004024,-0.096418,-0.007303,1.143114,0.275102,0.000000,0.000000,0.000000,360.560625,4695.575879,8031.114725,550.306163,259.356623,466.841922,0.782627,0.001519
23.599991,4432.753653,14543.155028,4432.734816,14543.093230,30.216421,120.005182,5500.380411,498.860377,209.134095,686.135481,0.647786,208.097776,682.735487,0.844054,2.769205,20.776731,68.165129,196.198079,643.694486,72.406044,237.552637,0.864900,2.837598,-0.007482,0.012904,0.022439,0.527690,0.083934,0.400095,0.099511,0.004036,-0.091111,-0.007339,1.140548,0.300855,0.000000,0.000000,0.000000,455.160669,4695.557126,8031.106219,550.305580,259.357179,466.842923,0.782634,0.001519
23.699991,4432.666265,14542.868322,4432.647429,14542.806525,30.216598,120.005257,5519.967931,506.117450,208.941721,685.504333,0.647189,207.905444,682.104475,0.846071,2.775823,20.766637,68.132011,195.826779,642.476308,72.854207,239.022990,0.883107,2.897333,-0.007156,0.012613,0.022458,0.527174,0.083911,0.402688,0.099555,0.004049,-0.084891,-0.007377,1.137781,0.326350,0.000000,0.000000,0.000000,566.571048,4695.537312,8031.097318,550.304970,259.357747,466.843944,0.782641,0.001519
23.799990,4432.576978,14542.575388,4432.558143,14542.513591,30.216774,120.005333,5539.518635,513.419292,208.756331,684.896100,0.646614,207.720474,681.497619,0.848323,2.783212,20.753092,68.087573,195.461403,641.277569,73.302323,240.493187,0.902891,2.962242,-0.006784,0.012299,0.022484,0.526691,0.083862,0.405267,0.099578,0.004064,-0.077638,-0.007416,1.134798,0.351516,0.000000,0.000000,0.000000,696.963190,4695.514739,8031.087185,550.304276,259.358326,466.844987,0.782649,0.001519
23.899990,4432.485630,14542.275688,4432.466794,14542.213892,30.216950,120.005409,5559.033166,520.765919,208.579059,684.314499,0.646064,207.544034,680.918748,0.850757,2.791199,20.735813,68.030882,195.103019,640.101767,73.750807,241.964591,0.924367,3.032701,-0.006376,0.011959,0.022517,0.526246,0.083785,0.407832,0.099580,0.004079,-0.069224,-0.007456,1.131586,0.376275,0.000000,0.000000,0.000000,848.683025,4695.489388,8031.075791,550.303495,259.358919,466.846054,0.782656,0.001519
23.999990,4432.392044,14541.968648,4432.373209,14541.906853,30.217126,120.005486,5578.512283,528.157389,208.411171,683.763683,0.645544,207.377431,680.372148,0.853321,2.799609,20.714465,67.960844,194.752813,638.952799,74.200133,243.438756,0.947656,3.109107,-0.005939,0.011590,0.022556,0.525842,0.083677,0.410382,0.099558,0.004094,-0.059514,-0.007494,1.128127,0.400539,0.000000,0.000000,0.000000,1024.193417,4695.461260,8031.063137,550.302628,259.359526,466.847148,0.782664,0.001519
24.099990,4432.296029,14541.653639,4432.277194,14541.591845,30.217301,120.005563,5597.956821,535.593792,208.252368,683.242678,0.645051,207.220378,679.856884,0.855962,2.808275,20.688911,67.877003,194.410538,637.829849,74.650150,244.915189,0.973027,3.192344,-0.005481,0.011237,0.022601,0.525480,0.083535,0.412918,0.099510,0.004110,-0.051949,-0.007532,1.124406,0.424301,0.000000,0.000000,0.000000,1155.424092,4695.430353,8031.049223,550.301674,259.360150,466.848269,0.782672,0.001519
24.199990,4432.197357,14541.329911,4432.178522,14541.268118,30.217477,120.005641,5617.367479,543.075156,208.101093,682.746368,0.644581,207.071153,679.367301,0.858637,2.817052,20.660714,67.784495,194.074782,636.728287,75.100215,246.391782,1.000830,3.283562,-0.005010,0.010988,0.022650,0.525164,0.083365,0.415442,0.099447,0.004126,-0.044707,-0.007568,1.120509,0.447671,0.000000,0.000000,0.000000,1286.775231,4695.396669,8031.034049,550.300635,259.360790,466.849422,0.782680,0.001519
24.299990,4432.095779,14540.996650,4432.076945,14540.934858,30.217651,120.005719,5636.744921,550.601493,207.957615,682.275641,0.644136,206.929792,678.903517,0.861304,2.825802,20.632234,67.691055,193.745789,635.648916,75.550484,247.869041,1.031140,3.383006,-0.004534,0.010853,0.022703,0.524895,0.083177,0.417961,0.099378,0.004142,-0.037229,-0.007602,1.116600,0.470627,0.000000,0.000000,0.000000,1422.683108,4695.360208,8031.017615,550.299509,259.361449,466.850609,0.782689,0.001519
24.399990,4431.991046,14540.653040,4431.972213,14540.591248,30.217826,120.005798,5656.089832,558.172832,207.822156,681.831222,0.643716,206.796291,678.465520,0.863923,2.834392,20.605740,67.604134,193.423730,634.592291,76.001167,249.347659,1.063900,3.490485,-0.004060,0.010829,0.022759,0.524672,0.082979,0.420480,0.099315,0.004157,-0.029535,-0.007633,1.112837,0.493149,0.000000,0.000000,0.000000,1562.653667,4695.320968,8030.999922,550.298296,259.362129,466.851833,0.782697,0.001519
24.499990,4431.882923,14540.298303,4431.864089,14540.236513,30.218000,120.005877,5675.402911,565.789228,207.694891,681.413685,0.643321,206.670632,678.053256,0.866455,2.842700,20.583167,67.530076,193.108704,633.558741,76.452525,250.828493,1.098928,3.605408,-0.003595,0.010902,0.022816,0.524497,0.082781,0.423005,0.099267,0.004172,-0.021648,-0.007662,1.109358,0.515221,0.000000,0.000000,0.000000,1706.196462,4695.278951,8030.980968,550.296997,259.362831,466.853096,0.782706,0.001519
24.599990,4431.771194,14539.931738,4431.752361,14539.869949,30.218174,120.005956,5694.684863,573.450762,207.575952,681.023466,0.642951,206.552811,677.666704,0.868867,2.850615,20.565923,67.473499,192.800749,632.548390,76.904855,252.312516,1.135947,3.726862,-0.003145,0.011046,0.022875,0.524368,0.082589,0.425540,0.099240,0.004186,-0.013589,-0.007687,1.106266,0.536828,0.000000,0.000000,0.000000,1852.828367,4695.234156,8030.960754,550.295612,259.363556,466.854401,0.782716,0.001519
24.699990,4431.655678,14539.552748,4431.636845,14539.490960,30.218348,120.006036,5713.936395,581.157548,207.465436,680.660880,0.642608,206.442848,677.305933,0.871130,2.858040,20.554775,67.436925,192.499855,631.561205,77.358473,253.800763,1.174616,3.853727,-0.002717,0.011231,0.022933,0.524283,0.082409,0.428089,0.099239,0.004199,-0.005381,-0.007709,1.103619,0.557958,0.000000,0.000000,0.000000,2002.075909,4695.186583,8030.939281,550.294141,259.364306,466.855751,0.782725,0.001519
24.799990,4431.536227,14539.160851,4431.517395,14539.099064,30.218521,120.006117,5733.158209,588.909730,207.363408,680.326143,0.642291,206.340799,676.971125,0.873220,2.864895,20.549825,67.420687,192.205975,630.597032,77.813694,255.294271,1.214566,3.984798,-0.002314,0.011427,0.022991,0.524241,0.082243,0.430653,0.099264,0.004211,0.002951,-0.007728,1.101430,0.578601,0.000000,0.000000,0.000000,2153.476408,4695.136232,8030.916547,550.292583,259.365082,466.857147,0.782735,0.001519
24.899990,4431.412733,14538.755685,4431.393901,14538.693900,30.218694,120.006198,5752.351004,596.707484,207.269910,680.019389,0.642001,206.246755,676.662582,0.875116,2.871117,20.550565,67.423114,191.919043,629.655651,78.270815,256.794013,1.255442,4.118906,-0.001942,0.011605,0.023048,0.524239,0.082091,0.433231,0.099313,0.004222,0.011380,-0.007743,1.099667,0.598749,0.000000,0.000000,0.000000,2306.578213,4695.083104,8030.892553,550.290939,259.365883,466.858590,0.782746,0.001519
24.999990,4431.285118,14538.337000,4431.266286,14538.275216,30.218867,120.006279,5771.515470,604.551011,207.184964,679.740695,0.641737,206.160839,676.380705,0.876805,2.876657,20.555994,67.440924,191.638980,628.736811,78.730099,258.300850,1.296931,4.255025,-0.001604,0.011742,0.023103,0.524273,0.081949,0.435823,0.099380,0.004232,0.019880,-0.007754,1.098267,0.618394,0.000000,0.000000,0.000000,2460.940475,4695.027198,8030.867300,550.289209,259.366711,466.860081,0.782756,0.001519
25.099990,4431.153334,14537.904638,4431.134502,14537.842855,30.219040,120.006361,5790.652290,612.440541,207.108579,679.490087,0.641499,206.083190,676.125952,0.878275,2.881480,20.564793,67.469795,191.365712,627.840263,79.191762,259.815493,1.338787,4.392347,-0.001302,0.011822,0.023155,0.524339,0.081815,0.438424,0.099460,0.004241,0.028423,-0.007762,1.097142,0.637530,0.000000,0.000000,0.000000,2616.132838,4694.968514,8030.840786,550.287392,259.367567,466.861620,0.782767,0.001519
25.199990,4431.017353,14537.458507,4430.998522,14537.396726,30.219212,120.006444,5809.762139,620.376319,207.040751,679.267556,0.641288,206.013948,675.898781,0.879520,2.885564,20.575523,67.504995,191.099169,626.965777,79.655970,261.338484,1.380844,4.530330,-0.001040,0.011841,0.023204,0.524434,0.081682,0.441032,0.099544,0.004248,0.036982,-0.007767,1.096193,0.656152,0.000000,0.000000,0.000000,2771.735460,4694.907052,8030.813012,550.285489,259.368450,466.863209,0.782779,0.001519
25.299990,4430.877160,14536.998557,4430.858330,14536.936777,30.219384,120.006527,5828.845686,628.358605,206.981468,679.073056,0.641103,205.953237,675.699596,0.880535,2.888893,20.586810,67.542028,190.839289,626.113154,80.122834,262.870191,1.423018,4.668694,-0.000817,0.011802,0.023249,0.524554,0.081547,0.443644,0.099628,0.004254,0.045528,-0.007769,1.095327,0.674255,0.000000,0.000000,0.000000,2927.339630,4694.842812,8030.783979,550.283499,259.369359,466.864847,0.782790,0.001519
25.399990,4430.732745,14536.524754,4430.713915,14536.462976,30.219556,120.006610,5847.903594,636.387668,206.930703,678.906505,0.640945,205.901144,675.528686,0.881318,2.891464,20.597525,67.577181,190.586019,625.282214,80.592419,264.410824,1.465297,4.807403,-0.000634,0.011717,0.023290,0.524694,0.081403,0.446257,0.099704,0.004259,0.054037,-0.007767,1.094463,0.691835,0.000000,0.000000,0.000000,3082.549134,4694.775795,8030.753685,550.281424,259.370297,466.866534,0.782802,0.001519
25.499990,4430.584095,14536.037057,4430.565266,14535.975281,30.219728,120.006694,5866.936522,644.463782,206.888418,678.767777,0.640812,205.857707,675.386178,0.881872,2.893280,20.606902,67.607947,190.339304,624.472784,81.064749,265.960464,1.507723,4.946599,-0.000492,0.011602,0.023327,0.524849,0.081248,0.448868,0.099770,0.004263,0.062483,-0.007762,1.093549,0.708889,0.000000,0.000000,0.000000,3236.982368,4694.706000,8030.722132,550.279261,259.371262,466.868271,0.782815,0.001519
25.599990,4430.431192,14535.535407,4430.412363,14535.473632,30.219899,120.006779,5885.945121,652.587221,206.854561,678.656696,0.640706,205.822906,675.272002,0.882198,2.894351,20.614615,67.633250,190.099088,623.684671,81.539821,267.519099,1.550373,5.086526,-0.000390,0.011479,0.023360,0.525017,0.081080,0.451476,0.099824,0.004265,0.070844,-0.007754,1.092558,0.725415,0.000000,0.000000,0.000000,3390.275074,4694.633427,8030.689318,550.277013,259.372254,466.870058,0.782828,0.001519
25.699990,4430.274009,14535.019716,4430.255181,14534.957943,30.220071,120.006863,5904.930037,660.758257,206.829058,678.573024,0.640626,205.796657,675.185882,0.882304,2.894698,20.620784,67.653491,189.865297,622.917641,82.017616,269.086668,1.593326,5.227449,-0.000326,0.011370,0.023387,0.525192,0.080901,0.454080,0.099866,0.004266,0.079102,-0.007744,1.091497,0.741411,0.000000,0.000000,0.000000,3542.083419,4694.558076,8030.655245,550.274678,259.373275,466.871894,0.782841,0.001519
25.799990,4430.112513,14534.489874,4430.093686,14534.428103,30.220242,120.006949,5923.891908,668.977163,206.811816,678.516457,0.640571,205.778813,675.127338,0.882198,2.894350,20.625936,67.670395,189.637839,622.171389,82.498113,270.663099,1.636644,5.369566,-0.000298,0.011293,0.023410,0.525371,0.080711,0.456682,0.099900,0.004266,0.087240,-0.007731,1.090399,0.756879,0.000000,0.000000,0.000000,3692.087118,4694.479948,8030.619911,550.272257,259.374323,466.873781,0.782854,0.001519
25.899990,4429.946667,14533.945757,4429.927840,14533.883988,30.220412,120.007035,5942.831361,677.244207,206.802720,678.486613,0.640542,205.769173,675.095713,0.881891,2.893344,20.630910,67.686713,189.416593,621.445517,82.981296,272.248345,1.680345,5.512942,-0.000305,0.011264,0.023428,0.525550,0.080515,0.459283,0.099928,0.004264,0.095243,-0.007716,1.089321,0.771820,0.000000,0.000000,0.000000,3839.992235,4694.399042,8030.583318,550.269750,259.375399,466.875719,0.782868,0.001519
25.999990,4429.776432,14533.387244,4429.757605,14533.325476,30.220583,120.007121,5961.749010,685.559656,206.801629,678.483034,0.640537,205.767495,675.090207,0.881398,2.891726,20.636732,67.705813,189.201407,620.739523,83.467166,273.842408,1.724393,5.657459,-0.000343,0.011291,0.023442,0.525728,0.080317,0.461885,0.099957,0.004262,0.103101,-0.007699,1.088333,0.786239,0.000000,0.000000,0.000000,3985.533348,4694.315358,8030.545465,550.267156,259.376504,466.877708,0.782882,0.001519
26.099990,4429.601779,14532.814234,4429.582953,14532.752469,30.220754,120.007208,5980.645451,693.923782,206.808380,678.505185,0.640557,205.773507,675.109930,0.880735,2.889549,20.644478,67.731226,188.992092,620.052796,83.955744,275.445354,1.768690,5.802789,-0.000411,0.011377,0.023450,0.525899,0.080123,0.464490,0.099992,0.004259,0.110803,-0.007681,1.087510,0.800140,0.000000,0.000000,0.000000,4128.474830,4694.228896,8030.506351,550.264476,259.377638,466.879748,0.782897,0.001519
26.199990,4429.422690,14532.226673,4429.403864,14532.164910,30.220924,120.007295,5999.521260,702.336855,206.822790,678.552461,0.640600,205.786923,675.153947,0.879919,2.886872,20.655135,67.766190,188.788432,619.384618,84.447069,277.057311,1.813072,5.948400,-0.000504,0.011517,0.023454,0.526063,0.079938,0.467102,0.100036,0.004254,0.118342,-0.007662,1.086921,0.813530,0.000000,0.000000,0.000000,4268.611100,4694.139657,8030.465978,550.261709,259.378800,466.881841,0.782912,0.001519
26.299989,4429.239167,14531.624564,4429.220343,14531.562804,30.221094,120.007383,6018.376990,710.799153,206.844655,678.624197,0.640666,205.807461,675.221330,0.878970,2.883759,20.669486,67.813273,188.590177,618.734178,84.941196,278.678463,1.857324,6.093583,-0.000620,0.011701,0.023453,0.526216,0.079766,0.469722,0.100096,0.004249,0.125711,-0.007643,1.086623,0.826418,0.000000,0.000000,0.000000,4405.765822,4694.047639,8030.424345,550.258857,259.379992,466.883985,0.782927,0.001519
26.399989,4429.051237,14531.007994,4429.032413,14530.946236,30.221264,120.007472,6037.213167,719.310959,206.873758,678.719677,0.640755,205.834853,675.311197,0.877908,2.880274,20.688021,67.874086,188.397061,618.100594,85.438191,280.309025,1.901189,6.237497,-0.000756,0.011916,0.023448,0.526358,0.079612,0.472351,0.100171,0.004244,0.132905,-0.007623,1.086654,0.838814,0.000000,0.000000,0.000000,4539.790155,4693.952844,8030.381451,550.255917,259.381211,466.886181,0.782943,0.001519
26.499989,4428.858950,14530.377134,4428.840127,14530.315377,30.221434,120.007561,6056.030293,727.872563,206.909869,678.838152,0.640865,205.868851,675.422739,0.876753,2.876485,20.710897,67.949137,188.208799,617.482937,85.938123,281.949222,1.944389,6.379229,-0.000908,0.012144,0.023439,0.526485,0.079476,0.474991,0.100265,0.004237,0.139919,-0.007603,1.087027,0.850727,0.000000,0.000000,0.000000,4670.560245,4693.855272,8030.337298,550.252892,259.382460,466.888427,0.782959,0.001519
26.599989,4428.662389,14529.732248,4428.643566,14529.670494,30.221603,120.007650,6074.828836,736.484262,206.952753,678.978849,0.640996,205.909237,675.555239,0.875525,2.872457,20.737929,68.037824,188.025103,616.880260,86.441054,283.599258,1.986644,6.517861,-0.001073,0.012371,0.023426,0.526597,0.079361,0.477642,0.100375,0.004231,0.146748,-0.007584,1.087734,0.862168,0.000000,0.000000,0.000000,4797.974248,4693.754921,8030.291885,550.249780,259.383735,466.890724,0.782975,0.001519
26.699989,4428.461661,14529.073690,4428.442839,14529.011938,30.221773,120.007740,6093.609239,745.146357,207.002174,679.140990,0.641148,205.955819,675.708069,0.874244,2.868253,20.768632,68.138556,187.845687,616.291623,86.947032,285.259290,2.027692,6.652533,-0.001248,0.012580,0.023410,0.526693,0.079265,0.480302,0.100500,0.004223,0.153387,-0.007565,1.088744,0.873149,0.000000,0.000000,0.000000,4921.949180,4693.651793,8030.245211,550.246582,259.385038,466.893069,0.782992,0.001519
26.799989,4428.256897,14528.401894,4428.238076,14528.340145,30.221942,120.007831,6112.371916,753.859155,207.057893,679.323797,0.641319,206.008432,675.880681,0.872928,2.863937,20.802292,68.248989,187.670272,615.716114,87.456084,286.929409,2.067304,6.782494,-0.001429,0.012761,0.023391,0.526771,0.079187,0.482971,0.100637,0.004216,0.159830,-0.007547,1.090012,0.883680,0.000000,0.000000,0.000000,5042.417919,4693.545886,8030.197278,550.243298,259.386367,466.895461,0.783009,0.001519
26.899989,4428.048252,14527.717364,4428.029432,14527.655617,30.222111,120.007922,6131.117253,762.622964,207.119679,679.526507,0.641508,206.066924,676.072586,0.871595,2.859565,20.838059,68.366334,187.498594,615.152869,87.968213,288.609621,2.105296,6.907138,-0.001613,0.012908,0.023369,0.526831,0.079123,0.485647,0.100780,0.004208,0.166074,-0.007531,1.091479,0.893774,0.000000,0.000000,0.000000,5159.326608,4693.437203,8030.148085,550.239927,259.387722,466.897899,0.783026,0.001519
26.999989,4427.835895,14527.020654,4427.817076,14526.958910,30.222280,120.008013,6149.845611,771.438089,207.187303,679.748370,0.641716,206.131156,676.283321,0.870264,2.855196,20.875048,68.487690,187.330408,614.601076,88.483392,290.299844,2.141532,7.026024,-0.001798,0.013019,0.023344,0.526873,0.079073,0.488327,0.100927,0.004200,0.172114,-0.007515,1.093087,0.903441,0.000000,0.000000,0.000000,5272.632650,4693.325741,8030.097632,550.236470,259.389100,466.900380,0.783044,0.001519
27.099989,4427.620006,14526.312356,4427.601187,14526.250614,30.222449,120.008105,6168.557328,780.304833,207.260542,679.988656,0.641941,206.200987,676.512425,0.868948,2.850881,20.912443,68.610377,187.165483,614.059982,89.001572,291.999910,2.175929,7.138874,-0.001979,0.013095,0.023318,0.526897,0.079031,0.491009,0.101072,0.004193,0.177945,-0.007501,1.094778,0.912692,0.000000,0.000000,0.000000,5382.303414,4693.211501,8030.045919,550.232926,259.390502,466.902903,0.783062,0.001519
27.199989,4427.400771,14525.593080,4427.381953,14525.531342,30.222617,120.008198,6187.252718,789.223493,207.339180,680.246652,0.642183,206.276266,676.759401,0.867665,2.846671,20.949577,68.732209,187.003604,613.528886,89.522679,293.709577,2.208445,7.245554,-0.002155,0.013146,0.023290,0.526903,0.078997,0.493692,0.101214,0.004185,0.183566,-0.007488,1.096506,0.921538,0.000000,0.000000,0.000000,5488.315625,4693.094484,8029.992945,550.229296,259.391925,466.905464,0.783080,0.001519
27.299989,4427.178379,14524.863447,4427.159561,14524.801711,30.222786,120.008291,6205.932077,798.194355,207.423001,680.521658,0.642441,206.356824,677.023701,0.866428,2.842612,20.985996,68.851693,186.844572,613.007126,90.046621,295.428547,2.239072,7.346038,-0.002323,0.013180,0.023261,0.526892,0.078967,0.496376,0.101349,0.004177,0.188973,-0.007477,1.098238,0.929989,0.000000,0.000000,0.000000,5590.655374,4692.974689,8029.938712,550.225580,259.393368,466.908063,0.783099,0.001519
27.399989,4426.953018,14524.124073,4426.934201,14524.062340,30.222954,120.008385,6224.595677,807.217699,207.511798,680.812985,0.642714,206.442473,677.304701,0.865250,2.838748,21.021486,68.968131,186.688192,612.494067,90.573298,297.156489,2.267824,7.440369,-0.002481,0.013209,0.023231,0.526864,0.078942,0.499058,0.101478,0.004170,0.194166,-0.007468,1.099956,0.938056,0.000000,0.000000,0.000000,5689.318563,4692.852116,8029.883219,550.221778,259.394831,466.910696,0.783118,0.001519
27.499989,4426.724874,14523.375571,4426.706059,14523.313841,30.223122,120.008479,6243.243777,816.293793,207.605359,681.119945,0.643002,206.533000,677.601706,0.864143,2.835115,21.056076,69.081613,186.534273,611.989084,91.102604,298.893059,2.294720,7.528608,-0.002627,0.013244,0.023200,0.526820,0.078921,0.501739,0.101599,0.004162,0.199146,-0.007461,1.101661,0.945749,0.000000,0.000000,0.000000,5784.311587,4692.726766,8029.826466,550.217889,259.396312,466.913361,0.783137,0.001520
27.599989,4426.494134,14522.618548,4426.475319,14522.556820,30.223290,120.008574,6261.876610,825.422893,207.703477,681.441853,0.643304,206.628171,677.913948,0.863116,2.831744,21.090001,69.192916,186.382624,611.491547,91.634440,300.637925,2.319770,7.610794,-0.002759,0.013294,0.023169,0.526763,0.078905,0.504419,0.101715,0.004156,0.203915,-0.007455,1.103369,0.953079,0.000000,0.000000,0.000000,5875.652026,4692.598637,8029.768453,550.213914,259.397810,466.916057,0.783156,0.001520
27.699989,4426.260980,14521.853610,4426.242166,14521.791885,30.223458,120.008669,6280.494395,834.605249,207.805939,681.778017,0.643619,206.727735,678.240600,0.862176,2.828662,21.123655,69.303330,186.233047,611.000809,92.168711,302.390785,2.342969,7.686906,-0.002877,0.013368,0.023138,0.526693,0.078896,0.507100,0.101828,0.004149,0.208475,-0.007451,1.105104,0.960058,0.000000,0.000000,0.000000,5963.369119,4692.467731,8029.709180,550.209852,259.399323,466.918781,0.783175,0.001520
27.799989,4426.025601,14521.081368,4426.006788,14521.019646,30.223626,120.008765,6299.097329,843.841099,207.912535,682.127741,0.643948,206.831429,678.580803,0.861330,2.825887,21.157517,69.414427,186.085337,610.516197,92.705339,304.151375,2.364285,7.756840,-0.002980,0.013468,0.023108,0.526612,0.078897,0.509782,0.101939,0.004143,0.212832,-0.007450,1.106899,0.966695,0.000000,0.000000,0.000000,6047.503863,4692.334047,8029.648647,550.205704,259.400851,466.921531,0.783195,0.001520
27.899989,4425.788186,14520.302449,4425.769374,14520.240730,30.223794,120.008862,6317.685587,853.130675,208.023050,682.490323,0.644288,206.938988,678.933687,0.860581,2.823429,21.192078,69.527815,185.939281,610.037010,93.244258,305.919481,2.383657,7.820397,-0.003067,0.013594,0.023078,0.526521,0.078908,0.512467,0.102052,0.004137,0.216990,-0.007450,1.108789,0.973002,0.000000,0.000000,0.000000,6128.108627,4692.197586,8029.586854,550.201470,259.402392,466.924305,0.783215,0.001520
27.999989,4425.548936,14519.517505,4425.530124,14519.455789,30.223961,120.008959,6336.259323,862.474204,208.137270,682.865059,0.644640,207.050152,679.298401,0.859930,2.821294,21.227766,69.644903,185.794656,609.562520,93.785416,307.694934,2.400998,7.877289,-0.003138,0.013745,0.023048,0.526423,0.078934,0.515157,0.102168,0.004132,0.220955,-0.007452,1.110805,0.978992,0.000000,0.000000,0.000000,6205.246234,4692.058346,8029.523801,550.197150,259.403945,466.927101,0.783235,0.001520
28.099989,4425.308057,14518.727220,4425.289246,14518.665507,30.224129,120.009057,6354.818670,871.871907,208.254980,683.251248,0.645003,207.164675,679.674131,0.859377,2.819479,21.264892,69.766706,185.651236,609.091981,94.328773,309.477602,2.416197,7.927155,-0.003193,0.013913,0.023020,0.526320,0.078975,0.517853,0.102289,0.004127,0.224734,-0.007456,1.112968,0.984675,0.000000,0.000000,0.000000,6278.988567,4691.916329,8029.459488,550.192743,259.405508,466.929915,0.783255,0.001520
28.199989,4425.065770,14517.932317,4425.046961,14517.870606,30.224296,120.009155,6373.363737,881.324001,208.375969,683.648193,0.645375,207.282328,680.060130,0.858919,2.817975,21.303604,69.893713,185.508791,608.624641,94.874298,311.267383,2.429131,7.969590,-0.003232,0.014091,0.022993,0.526212,0.079032,0.520554,0.102416,0.004122,0.228332,-0.007461,1.115291,0.990064,0.000000,0.000000,0.000000,6349.414783,4691.771534,8029.393915,550.188250,259.407081,466.932746,0.783275,0.001520
28.299989,4424.822765,14517.135054,4424.803956,14517.073347,30.224463,120.009254,6391.899685,890.833612,208.568864,684.281049,0.645971,207.475626,680.694312,0.858434,2.816385,21.309589,69.913349,185.427045,608.356448,95.456032,313.175958,2.434717,7.987916,-0.003250,0.012176,0.022966,0.526095,0.078962,0.523178,0.102350,0.004116,0.228246,-0.007465,1.116020,0.990598,0.000000,0.000000,0.000000,11514.105546,4691.621260,8029.326006,550.183596,259.408658,466.935585,0.783295,0.001520
28.399989,4424.579227,14516.336046,4424.560419,14516.274342,30.224631,120.009353,6410.427890,900.401603,208.797057,685.029716,0.646676,207.708236,681.457466,0.857940,2.814765,21.278252,69.810538,185.374626,608.184470,96.054744,315.140236,2.438284,7.999618,-0.003246,0.010059,0.022938,0.525969,0.078732,0.525705,0.102087,0.004109,0.519184,-0.007467,1.114070,0.991017,0.000000,0.000000,0.000000,11515.728116,4691.466866,8029.256120,550.178808,259.410239,466.938430,0.783316,0.001520
28.499989,4424.335023,14515.534853,4424.316217,14515.473151,30.224798,120.009453,6428.948729,910.028129,209.013368,685.739396,0.647344,207.931223,682.189052,0.857505,2.813338,21.224020,69.632611,185.311030,607.975822,96.645900,317.079725,2.445387,8.022922,-0.003219,0.008692,0.022910,0.525839,0.078395,0.528167,0.101720,0.004103,0.518421,-0.007469,1.110729,0.988974,0.000000,0.000000,0.000000,11517.276299,4691.311526,8029.185704,550.173983,259.411824,466.941284,0.783336,0.001520
28.599989,4424.089753,14514.730159,4424.070947,14514.668461,30.224965,120.009554,6447.461152,919.712423,209.206037,686.371513,0.647938,208.130716,682.843557,0.857189,2.812300,21.166867,69.445100,185.226373,607.698074,97.223022,318.973168,2.457813,8.063691,-0.003173,0.008910,0.022882,0.525710,0.078030,0.530609,0.101351,0.004097,0.517661,-0.007474,1.106748,0.989133,0.000000,0.000000,0.000000,11518.676255,4691.156454,8029.115368,550.169163,259.413416,466.944149,0.783356,0.001520
28.699989,4423.843082,14513.920873,4423.824277,14513.859178,30.225132,120.009655,6465.965094,929.454275,209.398831,687.004039,0.648533,208.328751,683.493276,0.857019,2.811742,21.125050,69.307906,185.141153,607.418481,97.798298,320.860558,2.473242,8.114310,-0.003113,0.009853,0.022855,0.525587,0.077715,0.533077,0.101057,0.004093,0.516937,-0.007482,1.103744,0.989157,0.000000,0.000000,0.000000,11520.078086,4691.001305,8029.044996,550.164341,259.415017,466.947031,0.783377,0.001520
28.799988,4423.594770,14513.106202,4423.575967,14513.044510,30.225298,120.009757,6484.460472,939.253525,209.591484,687.636104,0.649128,208.523827,684.133290,0.856996,2.811666,21.110887,69.261442,185.054810,607.135202,98.372282,322.743707,2.490369,8.170503,-0.003042,0.011370,0.022829,0.525475,0.077508,0.535604,0.100896,0.004089,0.516294,-0.007494,1.102617,0.989062,0.000000,0.000000,0.000000,11521.480304,4690.846118,8028.974605,550.159518,259.416629,466.949932,0.783398,0.001520
28.899988,4423.344740,14512.285892,4423.325937,14512.224202,30.225465,120.009859,6502.947136,949.110084,209.783646,688.266556,0.649721,208.714816,684.759894,0.857103,2.812017,21.132188,69.331326,184.966536,606.845589,98.945806,324.625349,2.507263,8.225927,-0.002966,0.013246,0.022805,0.525376,0.077450,0.538214,0.100905,0.004086,0.515765,-0.007510,1.103964,0.988871,0.000000,0.000000,0.000000,11522.880758,4690.690928,8028.904212,550.154694,259.418252,466.952854,0.783419,0.001520
28.999988,4423.093081,14511.460240,4423.074279,14511.398554,30.225632,120.009962,6521.424358,959.023660,209.951245,688.816419,0.650238,208.877115,685.292372,0.857319,2.812727,21.192946,69.530663,184.855047,606.479814,99.507630,326.468602,2.523517,8.279254,-0.002889,0.016010,0.022784,0.525293,0.077566,0.540924,0.101115,0.004083,0.515401,-0.007529,1.107808,0.990945,0.000000,0.000000,0.000000,11524.127575,4690.536032,8028.833912,550.149877,259.419886,466.955794,0.783440,0.001520
29.099988,4422.840212,14510.630618,4422.821411,14510.568935,30.225798,120.010066,6539.892282,968.994648,210.105906,689.323838,0.650715,209.022590,685.769653,0.857606,2.813667,21.291148,69.852847,184.729731,606.068670,100.064922,328.296988,2.535676,8.319146,-0.002813,0.018610,0.022764,0.525226,0.077862,0.543735,0.101510,0.004082,0.223851,-0.007549,1.114696,0.990633,0.000000,0.000000,0.000000,11525.293756,4690.380974,8028.763537,550.145055,259.421527,466.958749,0.783461,0.001520
29.199988,4422.586702,14509.798890,4422.567902,14509.737210,30.225965,120.010170,6558.350002,979.022973,210.294633,689.943021,0.651298,209.199140,686.348884,0.857916,2.814685,21.420001,70.275593,184.630288,605.742415,100.643174,330.194139,2.537894,8.326423,-0.002743,0.020035,0.022747,0.525175,0.078319,0.546638,0.102035,0.004080,0.223512,-0.007570,1.123885,0.990293,0.000000,0.000000,0.000000,6371.160670,4690.225769,8028.693091,550.140228,259.423172,466.961710,0.783482,0.001520
29.299988,4422.333352,14508.967689,4422.314553,14508.906013,30.226131,120.010275,6576.797020,989.108932,210.481672,690.556668,0.651875,209.371981,686.915948,0.858220,2.815683,21.567833,70.760607,184.525548,605.398778,101.224745,332.102181,2.531350,8.304954,-0.002678,0.020903,0.022731,0.525137,0.078895,0.549607,0.102650,0.004077,0.223275,-0.007591,1.134585,0.989943,0.000000,0.000000,0.000000,6368.389139,4690.070412,8028.622620,550.135399,259.424817,466.964671,0.783503,0.001520
29.399988,4422.081085,14508.140044,4422.062287,14508.078370,30.226298,120.010380,6595.232786,999.252871,210.666893,691.164348,0.652446,209.542341,687.474874,0.858489,2.816566,21.721190,71.263747,184.415140,605.036547,101.809970,334.022210,2.515222,8.252040,-0.002620,0.021132,0.022716,0.525110,0.079538,0.552615,0.103291,0.004075,0.223108,-0.007611,1.145859,0.989594,0.000000,0.000000,0.000000,6365.601581,4689.915001,8028.552124,550.130569,259.426454,466.967618,0.783524,0.001520
29.499988,4421.830867,14507.319116,4421.812069,14507.257445,30.226464,120.010486,6613.656729,1009.455154,210.850291,691.766048,0.653012,209.711606,688.030204,0.858705,2.817273,21.866645,71.740961,184.299022,604.655584,102.398819,335.954131,2.489513,8.167693,-0.002567,0.020727,0.022701,0.525091,0.080194,0.555628,0.103895,0.004073,0.222968,-0.007629,1.156752,0.989248,0.000000,0.000000,0.000000,6362.833849,4689.759538,8028.481605,550.125737,259.428079,466.970541,0.783545,0.001520
29.599988,4421.583619,14506.507937,4421.564823,14506.446270,30.226630,120.010593,6632.068288,1019.716121,211.031978,692.362132,0.653573,209.881129,688.586382,0.858859,2.817779,21.992492,72.153844,184.177465,604.256774,102.990923,337.896728,2.455007,8.054484,-0.002520,0.019771,0.022688,0.525076,0.080809,0.558616,0.104404,0.004070,0.222797,-0.007644,1.166414,0.988899,0.000000,0.000000,0.000000,6360.041714,4689.604020,8028.411061,550.120903,259.429683,466.973430,0.783565,0.001520
29.699988,4421.340156,14505.709173,4421.321361,14505.647508,30.226796,120.010700,6650.466946,1030.036063,211.212159,692.953278,0.654129,210.052054,689.147158,0.858953,2.818087,22.090112,72.474122,184.050997,603.841855,103.585633,339.847876,2.413127,7.917082,-0.002478,0.018409,0.022674,0.525064,0.081342,0.561555,0.104780,0.004067,0.222553,-0.007657,1.174195,0.988536,0.000000,0.000000,0.000000,6356.962373,4689.448451,8028.340493,550.116067,259.431264,466.976275,0.783586,0.001520
29.799988,4421.101124,14504.924946,4421.082329,14504.863284,30.226962,120.010808,6668.852246,1040.415197,211.391075,693.540273,0.654681,210.225144,689.715038,0.858995,2.818225,22.154860,72.686548,183.920305,603.413073,104.182108,341.804815,2.365724,7.761561,-0.002438,0.016828,0.022659,0.525053,0.081765,0.564428,0.104999,0.004064,0.221632,-0.007668,1.179723,0.988136,0.000000,0.000000,0.000000,6353.567933,4689.292836,8028.269900,550.111230,259.432815,466.979068,0.783606,0.001520
29.899988,4420.866970,14504.156726,4420.848177,14504.095067,30.227127,120.010916,6687.223770,1050.853627,211.569118,694.124402,0.655231,210.400851,690.291506,0.858998,2.818233,22.186383,72.789970,183.786257,602.973285,104.779506,343.764782,2.314809,7.594518,-0.002400,0.015229,0.022645,0.525040,0.082067,0.567229,0.105060,0.004060,0.222228,-0.007677,1.182928,0.987694,0.000000,0.000000,0.000000,6339.668958,4689.137177,8028.199286,550.106392,259.434335,466.981803,0.783625,0.001520
29.999988,4420.637969,14503.405409,4420.619176,14503.343753,30.227293,120.011025,6705.581426,1061.351530,211.746380,694.705970,0.655778,210.578886,690.875611,0.858974,2.818157,22.188377,72.796513,183.649462,602.524482,105.376877,345.724663,2.262333,7.422352,-0.002364,0.013805,0.022630,0.525026,0.082255,0.569963,0.104981,0.004057,0.222739,-0.007684,1.184114,0.986416,0.000000,0.000000,0.000000,6354.997578,4688.981490,8028.128754,550.101559,259.435822,466.984479,0.783644,0.001521
30.099988,4420.414098,14502.670926,4420.395306,14502.609273,30.227458,120.011135,6723.924025,1071.908253,211.911271,695.246952,0.656287,210.746561,691.425724,0.858948,2.818071,22.170614,72.738236,183.500614,602.036135,105.967086,347.661043,2.210934,7.253720,-0.002329,0.013478,0.022614,0.525012,0.082361,0.572646,0.104815,0.004053,0.514307,-0.007690,1.183293,0.988951,0.000000,0.000000,0.000000,11538.511619,4688.826271,8028.058438,550.096740,259.437275,466.987095,0.783663,0.001521
30.199988,4420.195397,14501.953403,4420.176606,14501.891752,30.227624,120.011245,6742.252328,1082.524309,212.028501,695.631566,0.656648,210.867942,691.823957,0.858916,2.817967,22.137269,72.628837,183.310339,601.411873,106.530374,349.509100,2.164386,7.101004,-0.002297,0.014336,0.022599,0.524998,0.082399,0.575289,0.104599,0.004051,0.222805,-0.007696,1.181466,0.990614,0.000000,0.000000,0.000000,11539.416238,4688.671099,8027.987968,550.091912,259.438694,466.989650,0.783681,0.001521
30.299988,4419.981725,14501.252378,4419.962935,14501.190730,30.227789,120.011356,6760.566012,1093.199468,212.204625,696.209401,0.657192,211.048783,692.417267,0.858871,2.817817,22.101505,72.511501,183.168403,600.946203,107.124549,351.458495,2.114277,6.936603,-0.002268,0.014053,0.022583,0.524987,0.082420,0.577920,0.104342,0.004047,0.221811,-0.007702,1.179752,0.989850,0.000000,0.000000,0.000000,6383.729141,4688.515509,8027.917342,550.087072,259.440081,466.992146,0.783699,0.001521
30.399988,4419.772899,14500.567255,4419.754110,14500.505610,30.227954,120.011468,6778.864455,1103.933295,212.380524,696.786495,0.657735,211.228600,693.007217,0.858823,2.817660,22.073239,72.418764,183.024981,600.475659,107.717581,353.404138,2.065390,6.776213,-0.002243,0.014152,0.022567,0.524979,0.082466,0.580563,0.104121,0.004044,0.220775,-0.007708,1.178540,0.988992,0.000000,0.000000,0.000000,6374.344107,4688.359792,8027.846702,550.082232,259.441437,466.994586,0.783717,0.001521
30.499988,4419.568776,14499.897560,4419.549988,14499.835917,30.228119,120.011580,6797.147003,1114.725353,212.556282,697.363128,0.658277,211.406364,693.590434,0.858775,2.817504,22.063191,72.385798,182.879943,599.999812,108.309884,355.347389,2.017013,6.617495,-0.002224,0.014528,0.022552,0.524977,0.082584,0.583247,0.103987,0.004040,0.219734,-0.007714,1.178623,0.988040,0.000000,0.000000,0.000000,6363.648940,4688.203952,8027.776004,550.077388,259.442762,466.996971,0.783734,0.001521
30.599988,4419.369369,14499.243337,4419.350581,14499.181696,30.228284,120.011693,6815.413569,1125.575645,212.731777,697.938902,0.658819,211.581567,694.165247,0.858715,2.817305,22.075146,72.425021,182.732875,599.517306,108.901939,357.289826,1.968058,6.456883,-0.002212,0.015060,0.022537,0.524981,0.082794,0.585983,0.103958,0.004037,0.220436,-0.007721,1.180393,0.986226,0.000000,0.000000,0.000000,6362.196978,4688.047990,8027.705334,550.072545,259.444056,466.999301,0.783750,0.001521
30.699988,4419.174769,14498.604885,4419.155981,14498.543246,30.228448,120.011806,6833.663578,1136.483931,212.870618,698.394417,0.659247,211.717974,694.612775,0.858621,2.816998,22.105711,72.525298,182.553098,598.927488,109.474101,359.166997,1.920328,6.300288,-0.002208,0.017197,0.022521,0.524991,0.083089,0.588766,0.104034,0.004034,0.512208,-0.007728,1.182637,0.990603,0.000000,0.000000,0.000000,11545.499033,4687.892941,8027.635048,550.067729,259.445319,467.001575,0.783766,0.001521
30.799988,4418.985405,14497.983612,4418.966618,14497.921975,30.228613,120.011920,6851.898539,1147.451456,213.008370,698.846359,0.659672,211.852034,695.052605,0.858460,2.816471,22.148239,72.664826,182.369947,598.326596,110.046688,361.045565,1.869419,6.133265,-0.002210,0.018465,0.022506,0.525004,0.083448,0.591584,0.104167,0.004030,0.220318,-0.007733,1.186615,0.989491,0.000000,0.000000,0.000000,6386.875770,4687.737510,8027.564451,550.062892,259.446548,467.003787,0.783782,0.001521
30.899988,4418.801433,14497.380031,4418.782647,14497.318396,30.228777,120.012034,6870.116029,1158.476917,213.180860,699.412270,0.660205,212.018977,695.600318,0.858255,2.815797,22.210265,72.868322,182.212815,597.811073,110.640356,362.993295,1.811238,5.942382,-0.002221,0.018687,0.022490,0.525023,0.083905,0.594458,0.104375,0.004026,0.219451,-0.007739,1.192099,0.988329,0.000000,0.000000,0.000000,6373.428631,4687.581634,8027.493734,550.058046,259.447743,467.005937,0.783798,0.001521
30.999988,4418.623317,14496.795659,4418.604531,14496.734027,30.228941,120.012150,6888.315619,1169.560407,213.352568,699.975617,0.660735,212.183776,696.140997,0.858006,2.814981,22.285138,73.113971,182.051868,597.283033,111.235696,364.946508,1.748009,5.734936,-0.002239,0.018565,0.022474,0.525046,0.084438,0.597375,0.104644,0.004022,0.219206,-0.007744,1.198628,0.987119,0.000000,0.000000,0.000000,6349.440154,4687.425599,8027.422939,550.053195,259.448899,467.008018,0.783812,0.001521
31.099988,4418.451594,14496.232263,4418.432809,14496.170633,30.229105,120.012265,6906.496992,1180.702134,213.487272,700.417558,0.661151,212.311235,696.559169,0.857708,2.814001,22.361106,73.363210,181.857062,596.643905,111.812312,366.838293,1.682552,5.520183,-0.002264,0.019658,0.022458,0.525069,0.085000,0.600306,0.104935,0.004018,0.512218,-0.007748,1.204618,0.990587,0.000000,0.000000,0.000000,11549.935364,4687.270374,8027.352662,550.048379,259.450013,467.010024,0.783827,0.001521
31.199988,4418.286996,14495.692244,4418.268212,14495.630616,30.229269,120.012382,6924.661590,1191.903528,213.620456,700.854514,0.661562,212.438760,696.977559,0.857328,2.812755,22.421806,73.562356,181.657808,595.990182,112.390135,368.734039,1.611718,5.287790,-0.002293,0.019647,0.022440,0.525089,0.085525,0.603214,0.105155,0.004013,0.220417,-0.007751,1.210346,0.989371,0.000000,0.000000,0.000000,6391.035209,4687.114820,8027.282007,550.043538,259.451082,467.011947,0.783841,0.001521
31.299987,4418.129777,14495.176432,4418.110993,14495.114806,30.229433,120.012499,6942.806592,1203.163072,213.788352,701.405353,0.662081,212.601735,697.512253,0.856920,2.811419,22.477265,73.744308,181.484055,595.420129,112.989588,370.700749,1.532930,5.029299,-0.002326,0.018505,0.022422,0.525107,0.086051,0.606121,0.105333,0.004008,0.219458,-0.007753,1.215809,0.988113,0.000000,0.000000,0.000000,6376.290043,4686.958734,8027.211194,550.038686,259.452102,467.013784,0.783854,0.001521
31.399987,4417.980442,14494.686489,4417.961659,14494.624864,30.229596,120.012616,6960.932194,1214.481266,213.955521,701.953809,0.662597,212.765450,698.049378,0.856493,2.810018,22.518757,73.880438,181.306789,594.838546,113.590097,372.670922,1.450203,4.757884,-0.002362,0.017128,0.022404,0.525122,0.086538,0.609004,0.105446,0.004003,0.220197,-0.007754,1.220433,0.986038,0.000000,0.000000,0.000000,6371.213912,4686.802506,8027.140402,550.033835,259.453072,467.015529,0.783866,0.001521
31.499987,4417.839350,14494.223590,4417.820567,14494.161966,30.229760,120.012734,6979.038207,1225.858275,214.050269,702.264663,0.662890,212.858931,698.356074,0.856050,2.808565,22.535756,73.936206,181.067581,594.053745,114.149766,374.507105,1.371035,4.498148,-0.002397,0.018020,0.022384,0.525129,0.086938,0.611833,0.105479,0.003999,0.220958,-0.007755,1.222398,0.990180,0.000000,0.000000,0.000000,6405.558457,4686.647550,8027.070070,550.029016,259.453987,467.017177,0.783878,0.001521
31.599987,4417.706810,14493.788748,4417.688028,14493.727126,30.229923,120.012853,6997.125165,1237.294694,214.215443,702.806572,0.663400,213.025463,698.902436,0.855588,2.807049,22.531673,73.922811,180.883950,593.451280,114.750183,376.476977,1.283813,4.211986,-0.002433,0.016560,0.022363,0.525130,0.087260,0.614616,0.105378,0.003994,0.219903,-0.007754,1.223691,0.988811,0.000000,0.000000,0.000000,6389.348191,4686.491486,8026.999266,550.024164,259.454848,467.018726,0.783889,0.001521
31.699987,4417.582764,14493.381773,4417.563982,14493.320152,30.230086,120.012973,7015.191258,1248.789383,214.380617,703.348481,0.663911,213.193069,699.452327,0.855162,2.805649,22.517391,73.875955,180.698391,592.842491,115.350380,378.446128,1.195955,3.923738,-0.002467,0.015163,0.022343,0.525126,0.087544,0.617373,0.105230,0.003989,0.218215,-0.007753,1.224262,0.987347,0.000000,0.000000,0.000000,6371.931792,4686.335219,8026.928369,550.019306,259.455653,467.020175,0.783899,0.001521
31.799987,4417.467229,14493.002721,4417.448448,14492.941102,30.230249,120.013093,7033.236279,1260.342254,214.474632,703.656928,0.664201,213.290188,699.770957,0.854783,2.804407,22.492949,73.795765,180.453226,592.038143,115.908403,380.276914,1.114806,3.657499,-0.002501,0.016290,0.022322,0.525116,0.087784,0.620103,0.105069,0.003985,0.221075,-0.007753,1.223348,0.990496,0.000000,0.000000,0.000000,11556.908031,4686.179921,8026.858009,550.014485,259.456403,467.021525,0.783909,0.001521
31.899987,4417.360365,14492.652117,4417.341584,14492.590499,30.230411,120.013213,7051.262020,1271.954607,214.638969,704.196093,0.664709,213.459586,700.326726,0.854397,2.803139,22.453554,73.666514,180.263968,591.417218,116.506361,382.238717,1.027974,3.372619,-0.002531,0.015308,0.022301,0.525101,0.087962,0.622794,0.104803,0.003981,0.219727,-0.007753,1.222075,0.988901,0.000000,0.000000,0.000000,6394.574187,4686.023904,8026.787179,550.009632,259.457096,467.022774,0.783918,0.001521
31.999987,4417.261815,14492.328789,4417.243034,14492.267172,30.230574,120.013335,7069.265916,1283.624591,214.803636,704.736339,0.665218,213.628559,700.881100,0.854070,2.802067,22.421227,73.560456,180.073549,590.792485,117.103508,384.197860,0.942060,3.090749,-0.002561,0.014499,0.022280,0.525084,0.088163,0.625496,0.104571,0.003976,0.217721,-0.007755,1.221324,0.987192,0.000000,0.000000,0.000000,6373.958776,4685.867544,8026.716237,550.004770,259.457736,467.023925,0.783926,0.001521
32.099987,4417.171539,14492.032609,4417.152759,14491.970993,30.230736,120.013456,7087.248278,1295.352409,214.896988,705.042612,0.665506,213.725433,701.198926,0.853789,2.801145,22.392544,73.466352,179.823970,589.973655,117.657595,386.015731,0.863552,2.833177,-0.002589,0.016253,0.022260,0.525066,0.088374,0.628202,0.104392,0.003973,0.220305,-0.007757,1.220089,0.990106,0.000000,0.000000,0.000000,6412.700489,4685.712332,8026.645869,549.999949,259.458322,467.024980,0.783934,0.001521
32.199987,4417.089632,14491.763884,4417.070851,14491.702268,30.230898,120.013579,7105.210414,1307.139020,215.060696,705.579711,0.666013,213.892897,701.748350,0.853498,2.800189,22.365218,73.376699,179.629888,589.336904,118.252270,387.966764,0.778944,2.555590,-0.002615,0.015811,0.022240,0.525045,0.088590,0.630908,0.104184,0.003969,0.218800,-0.007759,1.219695,0.988277,0.000000,0.000000,0.000000,6390.472916,4685.556155,8026.575008,549.995093,259.458854,467.025937,0.783940,0.001521
32.299987,4417.015745,14491.521474,4416.996965,14491.459859,30.231060,120.013702,7123.149202,1318.982179,215.236815,706.157528,0.666557,214.070243,702.330194,0.853267,2.799432,22.362677,73.368363,179.444082,588.727304,118.853806,389.940309,0.693139,2.274078,-0.002642,0.015370,0.022222,0.525027,0.088906,0.633671,0.104087,0.003964,0.511088,-0.007763,1.221000,0.987124,0.000000,0.000000,0.000000,6397.347174,4685.399747,8026.504219,549.990243,259.459333,467.026800,0.783947,0.001521
32.399987,4416.950287,14491.306715,4416.931507,14491.245101,30.231221,120.013826,7141.067457,1330.884045,215.316693,706.419595,0.666804,214.151381,702.596395,0.853011,2.798594,22.354784,73.342467,179.178754,587.856806,119.397964,391.725604,0.614982,2.017658,-0.002666,0.017329,0.022203,0.525006,0.089205,0.636421,0.104011,0.003962,0.219311,-0.007766,1.221502,0.989070,0.000000,0.000000,0.000000,6403.158835,4685.244552,8026.433679,549.985409,259.459758,467.027565,0.783952,0.001521
32.499987,4416.893087,14491.119052,4416.874307,14491.057438,30.231383,120.013950,7158.962421,1342.842724,215.479716,706.954447,0.667309,214.313881,703.129532,0.852774,2.797815,22.368300,73.386812,178.978234,587.198929,119.991756,393.673739,0.527524,1.730723,-0.002692,0.016763,0.022185,0.524989,0.089598,0.639224,0.103995,0.003958,0.217273,-0.007770,1.224233,0.987022,0.000000,0.000000,0.000000,6378.039208,4685.088032,8026.362660,549.980543,259.460130,467.028233,0.783957,0.001521
32.599987,4416.844462,14490.959522,4416.825682,14490.897908,30.231544,120.014075,7176.834792,1354.858920,215.570799,707.253278,0.667590,214.403831,703.424643,0.852531,2.797018,22.383921,73.438060,178.717700,586.344160,120.542754,395.481477,0.444590,1.458628,-0.002715,0.018424,0.022167,0.524971,0.090009,0.642035,0.104024,0.003955,0.219867,-0.007774,1.226434,0.989638,0.000000,0.000000,0.000000,6412.865285,4684.932771,8026.292267,549.975719,259.460445,467.028801,0.783961,0.001521
32.699987,4416.804700,14490.829069,4416.785921,14490.767456,30.231705,120.014200,7194.684803,1366.933031,215.732185,707.782759,0.668090,214.564412,703.951484,0.852255,2.796111,22.400051,73.490982,178.511054,585.666187,121.136514,397.429509,0.352412,1.156207,-0.002738,0.017516,0.022150,0.524952,0.090435,0.644853,0.104021,0.003951,0.218390,-0.007776,1.229491,0.987525,0.000000,0.000000,0.000000,6386.852135,4684.776389,8026.221309,549.970857,259.460703,467.029266,0.783964,0.001521
32.799987,4416.773833,14490.727798,4416.755053,14490.666184,30.231866,120.014326,7212.510219,1379.063599,215.822335,708.078528,0.668369,214.652725,704.241224,0.852009,2.795305,22.422358,73.564166,178.245078,584.793563,121.687726,399.237945,0.264474,0.867697,-0.002759,0.018734,0.022133,0.524934,0.090895,0.647689,0.104081,0.003948,0.220405,-0.007780,1.232337,0.990030,0.000000,0.000000,0.000000,6420.240698,4684.620936,8026.150827,549.966028,259.460904,467.029627,0.783967,0.001521
32.899987,4416.752445,14490.657628,4416.733665,14490.596014,30.232026,120.014453,7230.313626,1391.252817,215.982212,708.603057,0.668864,214.812900,704.766732,0.851708,2.794317,22.427851,73.582187,178.032317,584.095530,122.281568,401.186246,0.167373,0.549124,-0.002776,0.017435,0.022116,0.524912,0.091300,0.650491,0.104030,0.003943,0.218870,-0.007781,1.234752,0.987844,0.000000,0.000000,0.000000,6393.241458,4684.464626,8026.079902,549.961168,259.461042,467.029876,0.783969,0.001521
32.999987,4416.740305,14490.617797,4416.721525,14490.556183,30.232187,120.014580,7248.090938,1403.497774,216.071450,708.895833,0.669140,214.901348,705.056917,0.851472,2.793543,22.440075,73.622293,177.761097,583.205698,122.832643,402.994237,0.075063,0.246271,-0.002793,0.018269,0.022099,0.524892,0.091740,0.653312,0.104043,0.003941,0.220808,-0.007784,1.236993,0.990246,0.000000,0.000000,0.000000,11567.531272,4684.308940,8026.009357,549.956334,259.461121,467.030018,0.783970,0.001521
33.099987,4416.738097,14490.610556,4416.719317,14490.548942,30.232347,120.014708,7265.846165,1415.801719,216.230215,709.416714,0.669631,215.062523,705.585706,0.851181,2.792589,22.425259,73.573684,177.543001,582.490160,123.426042,404.941083,-0.025488,-0.083623,-0.002804,0.016701,0.022082,0.524865,0.092078,0.656071,0.103898,0.003936,0.219158,-0.007785,1.238020,0.987966,0.000000,0.000000,0.000000,6397.051943,4684.152737,8025.938435,549.951474,259.461136,467.030044,0.783970,0.001521
33.199987,4416.745366,14490.634403,4416.726586,14490.572788,30.232507,120.014836,7283.574356,1428.160961,216.318745,709.707170,0.669906,215.152325,705.880331,0.850983,2.791938,22.417684,73.548830,177.267383,581.585903,123.976046,406.745559,-0.120054,-0.393879,-0.002813,0.017355,0.022065,0.524841,0.092448,0.658847,0.103820,0.003934,0.220964,-0.007788,1.238892,0.990252,0.000000,0.000000,0.000000,11569.087474,4683.996978,8025.867855,549.946638,259.461088,467.029959,0.783969,0.001521
33.299987,4416.762736,14490.691392,4416.743956,14490.629777,30.232667,120.014965,7301.280024,1440.579085,216.476917,710.226106,0.670396,215.315089,706.414333,0.850741,2.791146,22.381788,73.431063,177.045155,580.856808,124.568132,408.688098,-0.221660,-0.727232,-0.002817,0.015729,0.022049,0.524809,0.092707,0.661557,0.103577,0.003930,0.219165,-0.007789,1.238426,0.987851,0.000000,0.000000,0.000000,6397.761881,4683.840735,8025.796914,549.941777,259.460976,467.029756,0.783968,0.001521
33.399987,4416.789619,14490.779591,4416.770839,14490.717975,30.232826,120.015095,7318.958293,1453.052321,216.564977,710.515018,0.670669,215.406458,706.714100,0.850602,2.790689,22.354506,73.341554,176.766172,579.941508,125.115987,410.485521,-0.315973,-1.036658,-0.002819,0.016444,0.022033,0.524780,0.092996,0.664282,0.103408,0.003928,0.220816,-0.007793,1.237881,0.990006,0.000000,0.000000,0.000000,6426.618878,4683.685078,8025.726335,549.936941,259.460801,467.029442,0.783966,0.001521
33.499987,4416.826478,14490.900517,4416.807697,14490.838900,30.232985,120.015225,7336.613253,1465.583878,216.723028,711.033558,0.671158,215.570383,707.251913,0.850435,2.790141,22.306002,73.182421,176.540932,579.202534,125.705994,412.421239,-0.416449,-1.366302,-0.002816,0.014940,0.022017,0.524747,0.093198,0.666955,0.103107,0.003924,0.218874,-0.007794,1.236506,0.987455,0.000000,0.000000,0.000000,6394.826191,4683.528662,8025.655357,549.932077,259.460562,467.029011,0.783962,0.001521
33.599987,4416.872745,14491.052314,4416.853964,14490.990696,30.233144,120.015356,7354.240998,1478.170643,216.810718,711.321252,0.671430,215.662616,707.554516,0.850356,2.789882,22.266568,73.053044,176.259280,578.278478,126.250919,414.209052,-0.508747,-1.669119,-0.002812,0.015872,0.022002,0.524716,0.093429,0.669642,0.102883,0.003922,0.220390,-0.007798,1.235066,0.989474,0.000000,0.000000,0.000000,6421.892208,4683.373098,8025.584819,549.927244,259.460262,467.028471,0.783959,0.001521
33.699987,4416.928551,14491.235405,4416.909770,14491.173786,30.233303,120.015487,7371.843345,1490.814021,216.969425,711.841944,0.671922,215.826276,708.091456,0.850286,2.789651,22.226718,72.922302,176.031948,577.532638,126.838936,416.138243,-0.607254,-1.992303,-0.002806,0.014494,0.021987,0.524686,0.093656,0.672326,0.102623,0.003919,0.218348,-0.007802,1.234356,0.986734,0.000000,0.000000,0.000000,6387.563818,4683.216341,8025.513684,549.922369,259.459899,467.027819,0.783954,0.001521
33.799986,4416.993804,14491.449487,4416.975022,14491.387867,30.233462,120.015619,7389.420086,1503.513819,217.056545,712.127771,0.672193,215.918433,708.393811,0.850233,2.789479,22.182216,72.776298,175.747486,576.599362,127.380839,417.916139,-0.697585,-2.288665,-0.002797,0.015616,0.021973,0.524656,0.093857,0.674993,0.102375,0.003917,0.219769,-0.007805,1.232548,0.988627,0.000000,0.000000,0.000000,6413.047211,4683.060970,8025.443232,549.917542,259.459476,467.027056,0.783948,0.001521
33.899986,4417.068056,14491.693096,4417.049273,14491.631474,30.233620,120.015752,7406.968392,1516.267731,217.180362,712.533997,0.672577,216.044963,708.808935,0.850246,2.789520,22.162146,72.710454,175.490330,575.755677,127.944630,419.765846,-0.790853,-2.594662,-0.002789,0.015870,0.021961,0.524632,0.094154,0.677714,0.102224,0.003915,0.511650,-0.007811,1.232600,0.990378,0.000000,0.000000,0.000000,11574.278451,4682.904728,8025.372469,549.912693,259.458994,467.026189,0.783942,0.001521
33.999986,4417.151977,14491.968427,4417.133194,14491.906804,30.233778,120.015885,7424.493629,1529.080109,217.302478,712.934640,0.672956,216.172146,709.226199,0.850176,2.789290,22.118946,72.568721,175.230347,574.902713,128.506464,421.609133,-0.883943,-2.900074,-0.002778,0.015446,0.021948,0.524604,0.094357,0.680380,0.101966,0.003912,0.219026,-0.007813,1.231670,0.987471,0.000000,0.000000,0.000000,6400.151495,4682.748645,8025.301552,549.907834,259.458449,467.025208,0.783935,0.001521
34.099986,4417.244827,14492.273054,4417.226044,14492.211429,30.233936,120.016019,7441.990079,1541.946337,217.389883,713.221400,0.673227,216.262259,709.521848,0.850163,2.789250,22.096911,72.496426,174.942045,573.956841,129.045321,423.377038,-0.973097,-3.192575,-0.002768,0.016517,0.021936,0.524583,0.094642,0.683091,0.101823,0.003911,0.220374,-0.007817,1.231611,0.989126,0.000000,0.000000,0.000000,6422.457529,4682.593014,8025.230979,549.902998,259.457846,467.024124,0.783928,0.001521
34.199986,4417.346811,14492.607647,4417.328027,14492.546020,30.234094,120.016153,7459.459145,1554.867601,217.548823,713.742858,0.673720,216.423066,710.049428,0.850146,2.789193,22.086745,72.463074,174.707374,573.186923,129.629005,425.292012,-1.069979,-3.510429,-0.002760,0.015054,0.021925,0.524566,0.094979,0.685831,0.101701,0.003908,0.219924,-0.007821,1.233332,0.985228,0.000000,0.000000,0.000000,6393.439610,4682.435939,8025.159788,549.898120,259.457184,467.022932,0.783919,0.001521
34.299986,4417.458307,14492.973449,4417.439523,14492.911820,30.234251,120.016288,7476.903001,1567.845777,217.634723,714.024683,0.673987,216.512765,710.343716,0.850057,2.788900,22.053865,72.355199,174.414540,572.226181,130.165645,427.052641,-1.160130,-3.806202,-0.002748,0.015977,0.021913,0.524546,0.095225,0.688517,0.101509,0.003906,0.219486,-0.007823,1.232441,0.987591,0.000000,0.000000,0.000000,6404.557713,4682.280720,8025.089309,549.893291,259.456461,467.021629,0.783910,0.001521
34.399986,4417.578834,14493.368877,4417.560049,14493.307246,30.234408,120.016423,7494.317669,1580.877638,217.721707,714.310063,0.674257,216.601657,710.635358,0.850012,2.788755,22.039540,72.308201,174.121016,571.263176,130.702141,428.812799,-1.250522,-4.102763,-0.002739,0.016729,0.021902,0.524531,0.095545,0.691245,0.101402,0.003904,0.220756,-0.007827,1.233084,0.989055,0.000000,0.000000,0.000000,6424.354640,4682.125017,8025.018701,549.888452,259.455678,467.020221,0.783900,0.001521
34.499986,4417.708509,14493.794322,4417.689724,14493.732689,30.234565,120.016559,7511.703379,1593.963461,217.868489,714.791631,0.674713,216.749519,711.120470,0.849976,2.788634,22.036380,72.297833,173.871595,570.444867,131.276541,430.697313,-1.347870,-4.422146,-0.002732,0.015659,0.021892,0.524521,0.095916,0.694001,0.101319,0.003901,0.512298,-0.007830,1.234975,0.988082,0.000000,0.000000,0.000000,11578.134041,4681.968288,8024.947755,549.883591,259.454837,467.018706,0.783889,0.001521
34.599986,4417.848025,14494.252050,4417.829238,14494.190414,30.234721,120.016696,7529.064482,1607.106989,217.965795,715.110877,0.675016,216.851481,711.454989,0.849834,2.788169,21.995478,72.163643,173.582413,569.496104,131.818653,432.475897,-1.441043,-4.727832,-0.002721,0.015406,0.021881,0.524504,0.096137,0.696670,0.101085,0.003899,0.219657,-0.007830,1.234115,0.987141,0.000000,0.000000,0.000000,6401.470248,4681.812511,8024.876930,549.878738,259.453931,467.017076,0.783877,0.001521
34.699986,4417.996704,14494.739843,4417.977917,14494.678205,30.234878,120.016833,7546.395721,1620.303856,218.052064,715.393910,0.675284,216.941287,711.749630,0.849742,2.787867,21.964936,72.063440,173.283494,568.515400,132.352502,434.227368,-1.532500,-5.027887,-0.002711,0.015848,0.021870,0.524491,0.096397,0.699359,0.100904,0.003897,0.220777,-0.007831,1.233663,0.988435,0.000000,0.000000,0.000000,6419.039827,4681.656910,8024.806367,549.873903,259.452966,467.015339,0.783865,0.001521
34.799986,4418.154530,14495.257646,4418.135742,14495.196005,30.235034,120.016971,7563.697050,1633.554037,218.139194,715.679769,0.675555,217.031120,712.044358,0.849687,2.787686,21.942620,71.990223,172.983747,567.531980,132.886016,435.977743,-1.624074,-5.328328,-0.002703,0.016128,0.021859,0.524482,0.096690,0.702066,0.100761,0.003895,0.221853,-0.007834,1.233878,0.989615,0.000000,0.000000,0.000000,6435.140116,4681.500908,8024.735620,549.869055,259.451942,467.013495,0.783852,0.001521
34.899986,4418.321825,14495.806513,4418.303036,14495.744870,30.235190,120.017109,7580.970614,1646.859405,218.296996,716.197494,0.676045,217.193271,712.576347,0.849591,2.787372,21.907532,71.875104,172.736279,566.720074,133.464557,437.875844,-1.722946,-5.652712,-0.002695,0.013965,0.021848,0.524470,0.096933,0.704744,0.100527,0.003892,0.218782,-0.007834,1.233917,0.986056,0.000000,0.000000,0.000000,6390.093231,4681.343825,8024.664328,549.864170,259.450856,467.011540,0.783838,0.001521
34.999986,4418.498652,14496.386655,4418.479863,14496.325009,30.235345,120.017248,7598.217061,1660.220520,218.382539,716.478147,0.676312,217.285404,712.878621,0.849459,2.786939,21.846400,71.674540,172.432776,565.724330,133.994714,439.615204,-1.813230,-5.948919,-0.002684,0.014317,0.021837,0.524454,0.097065,0.707355,0.100206,0.003890,0.220265,-0.007834,1.231237,0.987188,0.000000,0.000000,0.000000,6405.532235,4681.188523,8024.593898,549.859344,259.449708,467.009474,0.783823,0.001521
35.099986,4418.684414,14496.996110,4418.665624,14496.934461,30.235501,120.017387,7615.433181,1673.634541,218.469107,716.762161,0.676581,217.377514,713.180821,0.849385,2.786696,21.795535,71.507662,172.129260,564.728543,134.523796,441.351037,-1.901751,-6.239342,-0.002674,0.014689,0.021826,0.524441,0.097230,0.709984,0.099932,0.003888,0.221127,-0.007835,1.229340,0.988189,0.000000,0.000000,0.000000,6419.284736,4681.032875,8024.523309,549.854507,259.448502,467.007304,0.783807,0.001521
35.199986,4418.878967,14497.634406,4418.860175,14497.572754,30.235656,120.017527,7632.618955,1687.101372,218.556549,717.049044,0.676854,217.469555,713.482792,0.849351,2.786586,21.753993,71.371367,171.825389,563.731591,135.052005,443.084005,-1.989149,-6.526079,-0.002666,0.015018,0.021816,0.524432,0.097425,0.712630,0.099701,0.003886,0.221942,-0.007837,1.228166,0.989075,0.000000,0.000000,0.000000,6431.543267,4680.876917,8024.452579,549.849661,259.447239,467.005031,0.783791,0.001521
35.299986,4419.082227,14498.301268,4419.063434,14498.239613,30.235810,120.017667,7649.774331,1700.620933,218.644715,717.338302,0.677129,217.561594,713.784758,0.849340,2.786548,21.719636,71.258647,171.520852,562.732452,135.579494,444.814612,-2.075964,-6.810904,-0.002661,0.015249,0.021806,0.524424,0.097647,0.715290,0.099502,0.003885,0.222710,-0.007839,1.227567,0.989854,0.000000,0.000000,0.000000,6442.427705,4680.720684,8024.381723,549.844805,259.445920,467.002656,0.783774,0.001521
35.399986,4419.294557,14498.997890,4419.275763,14498.936231,30.235965,120.017808,7666.902324,1714.195850,218.802921,717.857353,0.677620,217.726032,714.324252,0.849249,2.786250,21.664998,71.079389,171.267860,561.902426,136.151876,446.692505,-2.169192,-7.116772,-0.002654,0.013165,0.021796,0.524413,0.097785,0.717900,0.099179,0.003881,0.219894,-0.007839,1.226188,0.985935,0.000000,0.000000,0.000000,6392.662194,4680.563719,8024.310480,549.839924,259.444542,467.000175,0.783756,0.001521
35.499986,4419.515682,14499.723366,4419.496887,14499.661704,30.236119,120.017950,7684.001818,1727.825079,218.889304,718.140761,0.677890,217.819681,714.631498,0.849138,2.785884,21.596137,70.853468,170.960165,560.892930,136.675067,448.409013,-2.252865,-7.391289,-0.002645,0.013635,0.021785,0.524399,0.097855,0.720469,0.098824,0.003879,0.220527,-0.007838,1.222968,0.986673,0.000000,0.000000,0.000000,6402.941411,4680.408424,8024.240048,549.835098,259.443106,466.997591,0.783738,0.001521
35.599986,4419.745061,14500.475921,4419.726265,14500.414255,30.236273,120.018092,7701.070570,1741.506507,218.976562,718.427040,0.678162,217.912841,714.937142,0.849067,2.785652,21.540834,70.672026,170.652514,559.883577,137.196955,450.121244,-2.334402,-7.658799,-0.002638,0.014152,0.021775,0.524389,0.097969,0.723063,0.098531,0.003877,0.221118,-0.007839,1.220770,0.987295,0.000000,0.000000,0.000000,6411.737229,4680.252902,8024.169513,549.830264,259.441617,466.994911,0.783719,0.001521
35.699986,4419.982522,14501.254993,4419.963725,14501.193323,30.236427,120.018235,7718.108561,1755.240016,219.064498,718.715545,0.678436,218.005408,715.240841,0.849021,2.785503,21.498266,70.532368,170.344448,558.872860,137.717801,451.830057,-2.414656,-7.922098,-0.002633,0.014630,0.021765,0.524381,0.098127,0.725681,0.098296,0.003876,0.221680,-0.007840,1.219550,0.987814,0.000000,0.000000,0.000000,6419.188347,4680.097189,8024.098889,549.825425,259.440076,466.992137,0.783699,0.001521
35.799986,4420.227976,14502.060289,4420.209178,14501.998616,30.236580,120.018378,7735.115727,1769.025515,219.152940,719.005707,0.678712,218.097463,715.542857,0.848985,2.785384,21.465945,70.426328,170.035558,557.859441,138.237832,453.536194,-2.494376,-8.183647,-0.002630,0.014995,0.021756,0.524377,0.098322,0.728320,0.098108,0.003874,0.222214,-0.007842,1.219136,0.988241,0.000000,0.000000,0.000000,6425.437732,4679.941313,8024.028191,549.820581,259.438483,466.989269,0.783679,0.001521
35.899986,4420.481400,14502.891732,4420.462601,14502.830055,30.236733,120.018522,7752.091971,1782.862930,219.241749,719.297077,0.678990,218.189236,715.843950,0.848943,2.785245,21.440176,70.341783,169.725533,556.842301,138.757205,455.240172,-2.574116,-8.445263,-0.002630,0.015193,0.021747,0.524375,0.098544,0.730973,0.097950,0.003872,0.222718,-0.007843,1.219260,0.988585,0.000000,0.000000,0.000000,6430.601304,4679.785302,8023.957430,549.815732,259.436838,466.986308,0.783657,0.001521
35.999986,4420.742813,14503.749385,4420.724012,14503.687704,30.236886,120.018666,7769.037168,1796.752199,219.330833,719.589348,0.679268,218.281060,716.145209,0.848883,2.785049,21.416649,70.264595,169.414192,555.820841,139.275989,456.942222,-2.654174,-8.707920,-0.002632,0.015197,0.021738,0.524374,0.098776,0.733631,0.097802,0.003870,0.223182,-0.007844,1.219603,0.988852,0.000000,0.000000,0.000000,6434.760301,4679.629181,8023.886618,549.810880,259.435141,466.983254,0.783636,0.001521
36.099986,4421.012249,14504.633362,4420.993447,14504.571676,30.237039,120.018811,7785.951184,1810.693264,219.420143,719.882360,0.679547,218.373306,716.447855,0.848799,2.784774,21.391071,70.180680,169.101490,554.794915,139.794161,458.642261,-2.734568,-8.971678,-0.002636,0.015009,0.021729,0.524372,0.099000,0.736284,0.097645,0.003868,0.223596,-0.007845,1.219839,0.989046,0.000000,0.000000,0.000000,6437.958799,4679.472973,8023.815767,549.806025,259.433392,466.980106,0.783613,0.001520
36.199986,4421.289732,14505.543739,4421.270929,14505.482050,30.237191,120.018957,7802.833886,1824.686059,219.509671,720.176086,0.679826,218.466328,716.753044,0.848690,2.784417,21.359754,70.077933,168.787511,553.764802,140.311607,460.339919,-2.815055,-9.235746,-0.002641,0.014656,0.021720,0.524370,0.099202,0.738923,0.097462,0.003866,0.223947,-0.007845,1.219684,0.989167,0.000000,0.000000,0.000000,6440.206347,4679.316701,8023.744885,549.801168,259.431591,466.976864,0.783590,0.001520
36.299985,4421.575250,14506.480480,4421.556446,14506.418786,30.237343,120.019103,7819.685155,1838.730501,219.599439,720.470601,0.680107,218.560400,717.061679,0.848559,2.783986,21.320068,69.947731,168.472446,552.731123,140.828145,462.034596,-2.895188,-9.498647,-0.002645,0.014187,0.021711,0.524365,0.099369,0.741540,0.097240,0.003864,0.224225,-0.007843,1.218928,0.989213,0.000000,0.000000,0.000000,6441.484992,4679.160389,8023.673984,549.796310,259.429738,466.973528,0.783566,0.001520
36.399985,4421.868741,14507.443375,4421.849935,14507.381676,30.237495,120.019249,7836.504895,1852.826490,219.689488,720.766038,0.680388,218.655683,717.374287,0.848413,2.783506,21.270729,69.785856,168.156550,551.694719,141.343549,463.725555,-2.974384,-9.758478,-0.002649,0.013663,0.021702,0.524357,0.099493,0.744132,0.096974,0.003862,0.224421,-0.007842,1.217460,0.989182,0.000000,0.000000,0.000000,6441.759422,4679.004059,8023.603074,549.791451,259.427833,466.970099,0.783542,0.001520
36.499985,4422.170078,14508.432014,4422.151271,14508.370311,30.237646,120.019396,7853.293036,1866.973900,219.779863,721.062544,0.680670,218.752201,717.690948,0.848260,2.783005,21.211871,69.592752,167.840102,550.656503,141.857582,465.412015,-3.052022,-10.013196,-0.002651,0.013147,0.021692,0.524347,0.099572,0.746696,0.096665,0.003860,0.224532,-0.007840,1.215277,0.989071,0.000000,0.000000,0.000000,6440.988594,4678.847736,8023.532167,549.786592,259.425877,466.966578,0.783517,0.001520
36.599985,4422.479076,14509.445789,4422.460268,14509.384081,30.237797,120.019544,7870.049537,1881.172583,219.870601,721.360239,0.680954,218.849843,718.011297,0.848111,2.782515,21.144926,69.373118,167.523359,549.617321,142.370024,467.093255,-3.127526,-10.260911,-0.002651,0.012697,0.021682,0.524335,0.099610,0.749235,0.096319,0.003857,0.224557,-0.007837,1.212473,0.988877,0.000000,0.000000,0.000000,6439.137166,4678.691446,8023.461273,549.781735,259.423871,466.962968,0.783491,0.001520
36.699985,4422.795499,14510.483921,4422.776689,14510.422209,30.237948,120.019692,7886.774379,1895.422370,219.961717,721.659177,0.681239,218.948384,718.334593,0.847973,2.782063,21.072333,69.134951,167.206521,548.577823,142.880698,468.768693,-3.200441,-10.500135,-0.002650,0.012359,0.021672,0.524320,0.099613,0.751752,0.095948,0.003855,0.224504,-0.007835,1.209223,0.988599,0.000000,0.000000,0.000000,6436.185145,4678.535215,8023.390405,549.776879,259.421817,466.959271,0.783464,0.001520
36.799985,4423.119071,14511.545510,4423.100260,14511.483793,30.238099,120.019840,7903.467559,1909.723079,220.053202,721.959325,0.681525,219.047515,718.659825,0.847852,2.781667,20.997127,68.888212,166.889698,547.538380,143.389485,470.437942,-3.270489,-10.729950,-0.002646,0.012157,0.021662,0.524304,0.099592,0.754255,0.095565,0.003853,0.224379,-0.007833,1.205750,0.988236,0.000000,0.000000,0.000000,6432.134574,4678.379070,8023.319575,549.772025,259.419717,466.955490,0.783437,0.001520
36.899985,4423.449501,14512.629597,4423.430688,14512.567875,30.238249,120.019989,7920.129079,1924.074518,220.145017,722.260554,0.681812,219.146890,718.985860,0.847752,2.781338,20.922482,68.643312,166.572907,546.499039,143.896336,472.100839,-3.337591,-10.950102,-0.002640,0.012097,0.021652,0.524288,0.099561,0.756750,0.095184,0.003851,0.224194,-0.007832,1.202292,0.987791,0.000000,0.000000,0.000000,6427.012524,4678.223036,8023.248795,549.767175,259.417572,466.951630,0.783410,0.001520
36.999985,4423.786498,14513.735230,4423.767684,14513.673503,30.238399,120.020139,7936.758940,1938.476493,220.237094,722.562645,0.682100,219.246172,719.311589,0.847672,2.781076,20.851261,68.409650,166.256065,545.459530,144.401267,473.757437,-3.401866,-11.160977,-0.002634,0.012166,0.021642,0.524272,0.099530,0.759245,0.094819,0.003849,0.223961,-0.007831,1.199069,0.987268,0.000000,0.000000,0.000000,6420.870279,4678.067138,8023.178075,549.762329,259.415385,466.947692,0.783382,0.001520
37.099985,4424.129792,14514.861523,4424.110976,14514.799791,30.238549,120.020289,7953.357129,1952.928816,220.329347,722.865311,0.682389,219.345069,719.636053,0.847609,2.780870,20.785652,68.194396,165.939007,544.419315,144.904349,475.407969,-3.463596,-11.363505,-0.002626,0.012332,0.021633,0.524257,0.099509,0.761744,0.094480,0.003847,0.223690,-0.007831,1.196254,0.986673,0.000000,0.000000,0.000000,6413.779079,4677.911400,8023.107427,549.757488,259.413156,466.943681,0.783353,0.001520
37.199985,4424.479149,14516.007705,4424.460331,14515.945968,30.238698,120.020440,7969.923614,1967.431308,220.421673,723.168220,0.682678,219.443366,719.958550,0.847559,2.780704,20.726910,68.001675,165.621515,543.377673,145.405691,477.052794,-3.523181,-11.558992,-0.002619,0.012552,0.021623,0.524244,0.099506,0.764252,0.094173,0.003845,0.223391,-0.007831,1.193948,0.986011,0.000000,0.000000,0.000000,6405.823281,4677.755843,8023.036861,549.752653,259.410889,466.939600,0.783324,0.001520
37.299985,4424.834375,14517.173145,4424.815555,14517.111402,30.238847,120.020591,7986.458338,1981.983800,220.513970,723.471031,0.682967,219.540945,720.278690,0.847515,2.780560,20.675260,67.832218,165.303343,542.333803,145.905420,478.692324,-3.581068,-11.748909,-0.002611,0.012782,0.021614,0.524233,0.099523,0.766771,0.093898,0.003843,0.223071,-0.007832,1.192179,0.985291,0.000000,0.000000,0.000000,6397.092076,4677.600487,8022.966384,549.747824,259.408583,466.935449,0.783294,0.001520
37.399985,4425.195323,14518.357359,4425.176502,14518.295611,30.238996,120.020743,8002.961223,1996.586138,220.606140,723.773426,0.683255,219.637785,720.596407,0.847471,2.780418,20.629937,67.683521,164.984258,541.286935,146.403658,480.326961,-3.637690,-11.934679,-0.002605,0.012976,0.021605,0.524224,0.099560,0.769300,0.093652,0.003842,0.222732,-0.007832,1.190898,0.984517,0.000000,0.000000,0.000000,6387.671020,4677.445349,8022.896006,549.743002,259.406240,466.931232,0.783264,0.001520
37.499985,4425.561886,14519.559993,4425.543063,14519.498239,30.239145,120.020895,8019.432167,2011.238177,220.698101,724.075136,0.683543,219.733957,720.911931,0.847424,2.780262,20.589369,67.550425,164.664062,540.236424,146.900502,481.957026,-3.693409,-12.117482,-0.002598,0.013099,0.021597,0.524216,0.099611,0.771837,0.093429,0.003840,0.222377,-0.007833,1.189992,0.983697,0.000000,0.000000,0.000000,6377.634555,4677.290444,8022.825733,549.738186,259.403861,466.926949,0.783234,0.001520
37.599985,4425.933986,14520.780793,4425.915162,14520.719034,30.239293,120.021048,8035.871051,2025.939783,220.789793,724.375961,0.683830,219.829599,721.225717,0.847369,2.780081,20.551455,67.426032,164.342621,539.181828,147.396013,483.582719,-3.748464,-12.298110,-0.002593,0.013128,0.021588,0.524209,0.099669,0.774377,0.093217,0.003838,0.222004,-0.007833,1.189306,0.982834,0.000000,0.000000,0.000000,6367.040511,4677.135785,8022.755572,549.733379,259.401445,466.922602,0.783203,0.001520
37.699985,4426.311563,14522.019564,4426.292737,14521.957799,30.239441,120.021201,8052.277747,2040.690823,220.881178,724.675782,0.684117,219.924890,721.538354,0.847304,2.779870,20.513890,67.302787,164.019874,538.122947,147.890207,485.204091,-3.802954,-12.476885,-0.002588,0.013054,0.021579,0.524202,0.099727,0.776916,0.093008,0.003836,0.221608,-0.007834,1.188665,0.981930,0.000000,0.000000,0.000000,6355.927177,4676.981385,8022.685527,549.728579,259.398995,466.918190,0.783171,0.001520
37.799985,4426.694560,14523.276114,4426.675732,14523.214343,30.239589,120.021355,8068.652125,2055.491164,220.972244,724.974552,0.684402,220.020020,721.850459,0.847232,2.779633,20.474506,67.173577,163.695835,537.059827,148.383054,486.821043,-3.856832,-12.653648,-0.002583,0.012884,0.021571,0.524196,0.099774,0.779447,0.092790,0.003834,0.221184,-0.007833,1.187904,0.980988,0.000000,0.000000,0.000000,6344.313184,4676.827257,8022.615605,549.723788,259.396509,466.913715,0.783139,0.001520
37.899985,4427.082906,14524.550218,4427.064077,14524.488441,30.239736,120.021509,8084.994059,2070.340669,221.062995,725.272292,0.684686,220.115155,722.162581,0.847154,2.779376,20.431561,67.032681,163.370586,535.992737,148.874483,488.433344,-3.909919,-12.827818,-0.002579,0.012637,0.021562,0.524189,0.099804,0.781968,0.092557,0.003832,0.220728,-0.007833,1.186884,0.980007,0.000000,0.000000,0.000000,6332.199994,4676.673411,8022.545811,549.719006,259.393988,466.909178,0.783107,0.001519
37.999985,4427.476511,14525.841572,4427.457680,14525.779790,30.239883,120.021664,8101.303435,2085.239190,221.153452,725.569068,0.684970,220.210414,722.475112,0.847073,2.779111,20.383948,66.876470,163.044257,534.922103,149.364395,490.040667,-3.961943,-12.998501,-0.002573,0.012342,0.021554,0.524181,0.099811,0.784474,0.092303,0.003830,0.220236,-0.007833,1.185515,0.978986,0.000000,0.000000,0.000000,6319.576472,4676.519859,8022.476150,549.714232,259.391433,466.904579,0.783074,0.001519
38.099985,4427.875252,14527.149777,4427.856419,14527.087989,30.240030,120.021819,8117.580152,2100.186572,221.243642,725.864967,0.685253,220.305855,722.788238,0.846994,2.778851,20.331304,66.703754,162.717006,533.848444,149.852675,491.642636,-4.012582,-13.164638,-0.002568,0.012032,0.021545,0.524172,0.099793,0.786964,0.092026,0.003828,0.219703,-0.007832,1.183760,0.977923,0.000000,0.000000,0.000000,6306.424750,4676.366614,8022.406627,549.709468,259.388845,466.899921,0.783041,0.001519
38.199985,4428.278974,14528.474324,4428.260139,14528.412529,30.240177,120.021975,8133.824127,2115.182644,221.333591,726.160074,0.685535,220.401465,723.101919,0.846920,2.778609,20.274007,66.515772,162.388991,532.772281,150.339210,493.238877,-4.061509,-13.325162,-0.002561,0.011740,0.021536,0.524162,0.099748,0.789438,0.091729,0.003826,0.219129,-0.007831,1.181642,0.976817,0.000000,0.000000,0.000000,6292.726475,4676.213687,8022.337248,549.704714,259.386224,466.895204,0.783007,0.001519
38.299985,4428.687491,14529.814602,4428.668654,14529.752802,30.240323,120.022132,8150.035290,2130.227227,221.423317,726.454451,0.685816,220.497165,723.415896,0.846855,2.778395,20.213069,66.315843,162.060351,531.694066,150.823898,494.829063,-4.108444,-13.479148,-0.002554,0.011495,0.021527,0.524151,0.099680,0.791897,0.091415,0.003825,0.218515,-0.007831,1.179231,0.975667,0.000000,0.000000,0.000000,6278.468555,4676.061091,8022.268019,549.699971,259.383573,466.890431,0.782973,0.001519
38.399985,4429.100593,14531.169924,4429.081754,14531.108118,30.240469,120.022288,8166.213583,2145.320134,221.512826,726.748117,0.686097,220.592825,723.729742,0.846800,2.778214,20.149950,66.108759,161.731184,530.614120,151.306667,496.412948,-4.153184,-13.625932,-0.002546,0.011315,0.021519,0.524140,0.099594,0.794345,0.091092,0.003823,0.217863,-0.007830,1.176632,0.974472,0.000000,0.000000,0.000000,6263.647630,4675.908839,8022.198946,549.695238,259.380891,466.885604,0.782938,0.001519
38.499985,4429.518054,14532.539548,4429.499214,14532.477736,30.240615,120.022446,8182.358958,2160.461169,221.602111,727.041045,0.686377,220.688282,724.042921,0.846755,2.778069,20.086323,65.900010,161.401535,529.532595,151.787472,497.990393,-4.195627,-13.765179,-0.002537,0.011210,0.021510,0.524128,0.099495,0.796785,0.090767,0.003821,0.217179,-0.007830,1.173973,0.973233,0.000000,0.000000,0.000000,6248.272760,4675.756944,8022.130034,549.690516,259.378181,466.880726,0.782904,0.001519
38.599985,4429.939645,14533.922720,4429.920803,14533.860901,30.240760,120.022604,8198.471365,2175.650135,221.691146,727.333155,0.686657,220.783363,724.354866,0.846721,2.777955,20.023828,65.694973,161.071396,528.449461,152.266306,499.561370,-4.235779,-13.896913,-0.002528,0.011178,0.021502,0.524116,0.099391,0.799220,0.090447,0.003819,0.216466,-0.007830,1.171377,0.971952,0.000000,0.000000,0.000000,6232.366079,4675.605418,8022.061288,549.685805,259.375445,466.875801,0.782868,0.001519
38.699985,4430.365141,14535.318703,4430.346296,14535.256878,30.240905,120.022762,8214.550753,2190.886838,221.779894,727.624326,0.686935,220.877906,724.665047,0.846693,2.777865,19.963846,65.498183,160.740707,527.364523,152.743189,501.125950,-4.273747,-14.021480,-0.002518,0.011207,0.021493,0.524105,0.099287,0.801654,0.090139,0.003818,0.215731,-0.007830,1.168953,0.970631,0.000000,0.000000,0.000000,6215.961485,4675.454273,8021.992715,549.681106,259.372683,466.870829,0.782833,0.001519
38.799984,4430.794331,14536.726809,4430.775485,14536.664977,30.241050,120.022921,8230.597064,2206.171083,221.868309,727.914401,0.687213,220.971781,724.973036,0.846671,2.777790,19.907329,65.312759,160.409369,526.277457,153.218170,502.684283,-4.309714,-14.139481,-0.002509,0.011278,0.021485,0.524095,0.099188,0.804091,0.089847,0.003816,0.214979,-0.007830,1.166776,0.969274,0.000000,0.000000,0.000000,6199.101701,4675.303518,8021.924320,549.676420,259.369897,466.865815,0.782797,0.001519
38.899984,4431.227028,14538.146417,4431.208180,14538.084579,30.241194,120.023080,8246.610225,2221.502684,221.956339,728.203212,0.687489,221.064901,725.278547,0.846649,2.777720,19.854699,65.140089,160.077260,525.187862,153.691306,504.236569,-4.343909,-14.251670,-0.002500,0.011368,0.021477,0.524086,0.099097,0.806530,0.089574,0.003814,0.214213,-0.007830,1.164885,0.967884,0.000000,0.000000,0.000000,6181.834242,4675.153165,8021.856105,549.671746,259.367089,466.860759,0.782761,0.001519
38.999984,4431.663066,14539.576987,4431.644215,14539.515143,30.241338,120.023240,8262.590153,2236.881459,222.043933,728.490592,0.687764,221.157230,725.581462,0.846626,2.777644,19.805831,64.979761,159.744255,524.095324,154.162663,505.783015,-4.376572,-14.358834,-0.002491,0.011451,0.021470,0.524078,0.099013,0.808974,0.089317,0.003813,0.213436,-0.007830,1.163273,0.966464,0.000000,0.000000,0.000000,6164.206934,4675.003221,8021.788076,549.667084,259.364258,466.855665,0.782725,0.001519
39.099984,4432.102302,14541.018052,4432.083450,14540.956201,30.241482,120.023400,8278.536753,2252.307235,222.131045,728.776394,0.688038,221.248779,725.881822,0.846599,2.777554,19.760113,64.829768,159.410238,522.999467,154.632298,507.323811,-4.407922,-14.461686,-0.002482,0.011507,0.021462,0.524072,0.098937,0.811420,0.089075,0.003811,0.212651,-0.007831,1.161899,0.965019,0.000000,0.000000,0.000000,6146.263661,4674.853693,8021.720235,549.662436,259.361407,466.850533,0.782688,0.001519
39.199984,4432.544615,14542.469211,4432.525761,14542.407353,30.241626,120.023561,8294.449920,2267.779840,222.217641,729.060501,0.688310,221.339603,726.179801,0.846566,2.777447,19.716569,64.686906,159.075123,521.900008,155.100252,508.859095,-4.438124,-14.560773,-0.002474,0.011520,0.021454,0.524065,0.098863,0.813868,0.088844,0.003810,0.211857,-0.007831,1.160691,0.963550,0.000000,0.000000,0.000000,6128.040901,4674.704587,8021.652586,549.657800,259.358536,466.845365,0.782651,0.001519
39.299984,4432.989896,14543.930104,4432.971040,14543.868240,30.241769,120.023722,8310.329540,2283.299108,222.303696,729.342836,0.688580,221.429785,726.475672,0.846527,2.777320,19.674023,64.547320,158.738860,520.796786,155.566549,510.388939,-4.467273,-14.656407,-0.002467,0.011480,0.021447,0.524060,0.098790,0.816314,0.088617,0.003808,0.211053,-0.007831,1.159559,0.962060,0.000000,0.000000,0.000000,6109.565492,4674.555909,8021.585131,549.653178,259.355646,466.840163,0.782614,0.001519
39.399984,4433.438039,14545.400391,4433.419181,14545.338521,30.241912,120.023884,8326.175498,2298.864875,222.389201,729.623364,0.688849,221.519419,726.769748,0.846483,2.777175,19.631282,64.407094,158.401443,519.689775,156.031186,511.913341,-4.495388,-14.748649,-0.002460,0.011388,0.021439,0.524054,0.098711,0.818756,0.088390,0.003806,0.210238,-0.007831,1.158413,0.960550,0.000000,0.000000,0.000000,6090.853850,4674.407664,8021.517871,549.648569,259.352737,466.834927,0.782577,0.001518
39.499984,4433.888941,14546.879727,4433.870081,14546.817850,30.242055,120.024046,8341.987681,2314.476973,222.474156,729.902088,0.689116,221.608599,727.062334,0.846435,2.777019,19.587305,64.262812,158.062903,518.579078,156.494143,513.432227,-4.522413,-14.837314,-0.002452,0.011251,0.021432,0.524048,0.098623,0.821192,0.088158,0.003805,0.209410,-0.007831,1.157169,0.959020,0.000000,0.000000,0.000000,6071.912630,4674.259857,8021.450811,549.643974,259.349810,466.829658,0.782539,0.001518
39.599984,4434.342485,14548.367734,4434.323623,14548.305851,30.242197,120.024209,8357.765979,2330.135232,222.558572,730.179040,0.689381,221.697401,727.353677,0.846386,2.776857,19.541338,64.112002,157.723303,517.464906,156.955379,514.945469,-4.548232,-14.922021,-0.002445,0.011081,0.021424,0.524042,0.098521,0.823620,0.087917,0.003803,0.208566,-0.007830,1.155768,0.957470,0.000000,0.000000,0.000000,6052.740640,4674.112492,8021.383950,549.639393,259.346866,466.824359,0.782501,0.001518
39.699984,4434.798545,14549.863994,4434.779681,14549.802104,30.242339,120.024372,8373.510289,2345.839478,222.642462,730.454271,0.689645,221.785871,727.643932,0.846337,2.776697,19.493002,63.953418,157.382728,516.347533,157.414844,516.452902,-4.572689,-15.002262,-0.002438,0.010896,0.021417,0.524036,0.098405,0.826038,0.087666,0.003801,0.207705,-0.007830,1.154175,0.955899,0.000000,0.000000,0.000000,6033.331641,4673.965574,8021.317292,549.634825,259.343906,466.819031,0.782463,0.001518
39.799984,4435.256976,14551.368032,4435.238110,14551.306135,30.242481,120.024536,8389.220520,2361.589531,222.725844,730.727834,0.689907,221.874022,727.933143,0.846291,2.776547,19.442317,63.787129,157.041269,515.227259,157.872486,517.954350,-4.595618,-15.077487,-0.002431,0.010712,0.021409,0.524029,0.098273,0.828446,0.087404,0.003800,0.206825,-0.007830,1.152389,0.954307,0.000000,0.000000,0.000000,6013.677580,4673.819108,8021.250839,549.630272,259.340930,466.813675,0.782425,0.001518
39.899984,4435.717617,14552.879320,4435.698748,14552.817416,30.242622,120.024700,8404.896587,2377.385208,222.808732,730.999778,0.690168,221.961834,728.221239,0.846250,2.776411,19.389673,63.614413,156.699010,514.104365,158.328254,519.449651,-4.616862,-15.147184,-0.002423,0.010547,0.021402,0.524021,0.098126,0.830845,0.087135,0.003798,0.205927,-0.007829,1.150435,0.952692,0.000000,0.000000,0.000000,5993.771765,4673.673099,8021.184593,549.625732,259.337940,466.808293,0.782387,0.001518
39.999984,4436.180292,14554.397283,4436.161422,14554.335373,30.242763,120.024865,8420.538414,2393.226318,222.891136,731.270131,0.690427,222.049254,728.508051,0.846215,2.776295,19.335748,63.437493,156.356021,512.979071,158.782108,520.938676,-4.636299,-15.210955,-0.002415,0.010413,0.021394,0.524013,0.097967,0.833235,0.086860,0.003797,0.205012,-0.007829,1.148362,0.951056,0.000000,0.000000,0.000000,5973.611547,4673.527551,8021.118556,549.621208,259.334937,466.802887,0.782348,0.001518
40.099984,4436.635225,14555.889845,4436.616352,14555.827928,30.242904,120.025030,8436.148508,2409.107446,222.927621,731.389832,0.690544,222.024396,728.426495,0.794097,2.605304,20.031507,65.720167,156.062958,512.017579,159.126322,522.067984,-4.459930,-14.632316,-0.072763,0.066437,0.020715,0.521155,0.099880,0.836786,0.089978,0.003562,0.136820,-0.007344,0.941217,0.952115,0.000000,0.000000,0.000000,5983.529758,4673.382173,8021.052622,549.616690,259.331984,466.797572,0.782310,0.001518
40.199984,4437.075268,14557.333555,4437.056393,14557.271631,30.243044,120.025195,8451.727759,2425.023362,222.950686,731.465504,0.690619,221.871254,727.924060,0.591647,1.941100,21.904452,71.865000,155.729723,510.924289,159.487412,523.252663,-4.361990,-14.310991,-0.143418,0.117246,0.020454,0.511231,0.106773,0.843097,0.098407,0.002654,0.141365,-0.002987,1.079028,0.954227,0.000000,0.000000,0.000000,6009.004440,4673.236317,8020.986485,549.612158,259.329128,466.792430,0.782274,0.001518
40.299984,4437.512884,14558.769304,4437.494007,14558.707373,30.243185,120.025361,8467.270244,2440.977107,222.953044,731.473241,0.690631,221.595140,727.018177,0.208897,0.685357,24.568476,80.605236,155.323115,509.590274,159.885099,524.557410,-4.420963,-14.504471,-0.206130,0.151041,0.020193,0.494873,0.117562,0.851413,0.110420,0.000937,0.151040,0.005819,1.282387,0.957637,0.000000,0.000000,0.000000,6050.113604,4673.089693,8020.920014,549.607603,259.326287,466.787317,0.782237,0.001518
40.399984,4437.966171,14560.256466,4437.947292,14560.194529,30.243324,120.025527,8482.767625,2456.972461,222.924066,731.378170,0.690545,221.214855,725.770522,-0.367940,-1.207152,27.549807,90.386505,154.825525,507.957760,160.319344,525.982099,-4.680171,-15.354891,-0.259319,0.164223,0.019052,0.472878,0.130704,0.860630,0.123901,-0.001651,0.162936,0.019094,1.516290,0.963061,0.000000,0.000000,0.000000,6115.963171,4672.941826,8020.853000,549.603011,259.323345,466.782021,0.782199,0.001518
40.499984,4438.456070,14561.863748,4438.437190,14561.801804,30.243464,120.025694,8498.210734,2473.012628,222.859758,731.167186,0.690350,220.778905,724.340240,-1.115680,-3.660369,30.362842,99.615623,154.239163,506.034000,160.779977,527.493362,-5.152811,-16.905549,-0.301859,0.156364,0.015991,0.446123,0.144457,0.869518,0.136669,-0.005006,0.180785,0.035861,1.742788,0.970838,0.000000,0.000000,0.000000,6211.945029,4672.792050,8020.785148,549.598362,259.320165,466.776297,0.782159,0.001518
40.599984,4439.003311,14563.659157,4438.984428,14563.597205,30.243602,120.025861,8513.591663,2489.099492,222.765382,730.857552,0.690062,220.360850,722.968669,-1.965882,-6.449745,32.582915,106.899327,153.585926,503.890833,161.251004,529.038727,-5.821721,-19.100134,-0.333566,0.130052,0.010148,0.415509,0.157122,0.876928,0.146798,-0.008825,0.202303,0.053984,1.927931,0.980684,0.000000,0.000000,0.000000,6335.590123,4672.639708,8020.716150,549.593634,259.316613,466.769904,0.782113,0.001518
40.699984,4439.625526,14565.700544,4439.606640,14565.638583,30.243741,120.026028,8528.905364,2505.233106,222.686214,730.597813,0.689822,220.072130,722.021422,-2.814075,-9.232528,33.904107,111.233946,152.922489,501.714204,161.739459,530.641270,-6.649002,-21.814312,-0.355537,0.089556,0.001174,0.381885,0.167259,0.881961,0.152857,-0.012637,0.512142,0.070537,2.046498,0.991972,0.000000,0.000000,0.000000,11591.877507,4672.484319,8020.645851,549.588817,259.312574,466.762634,0.782061,0.001517
40.799984,4440.337208,14568.035460,4440.318319,14567.973489,30.243878,120.026197,8544.159094,2521.421849,222.771442,730.877435,0.690092,220.118498,722.173551,-3.541306,-11.618457,34.094301,111.857942,152.375365,499.919178,162.330485,532.580331,-7.594544,-24.916484,-0.370238,0.036598,-0.010685,0.345949,0.173524,0.883961,0.153670,-0.015897,0.516668,0.082519,2.082064,0.989424,0.000000,0.000000,0.000000,6466.751171,4672.323793,8020.573200,549.583839,259.307955,466.754319,0.782002,0.001517
40.899984,4441.143957,14570.682274,4441.125065,14570.620291,30.244015,120.026366,8559.357835,2537.664458,222.776049,730.892549,0.690114,220.259519,722.636216,-4.040127,-13.255009,33.144982,108.743380,151.822177,498.104256,162.807710,534.146031,-8.534872,-28.001547,-0.381149,-0.012349,-0.024423,0.308207,0.175359,0.882800,0.149361,-0.018136,0.222090,0.087443,2.027380,0.991450,0.000000,0.000000,0.000000,11591.290069,4672.163032,8020.500110,549.578830,259.302718,466.744893,0.781935,0.001517
40.999984,4442.042851,14573.631402,4442.023955,14573.569406,30.244152,120.026535,8574.508383,2553.955802,222.890706,731.268719,0.690477,220.647048,723.907638,-4.244193,-13.924517,31.259136,102.556222,151.410353,496.753126,163.298374,535.755821,-9.424046,-30.918785,-0.392122,-0.054945,-0.038506,0.268920,0.173077,0.878852,0.140734,-0.019043,0.503370,0.084434,1.898165,0.989372,0.000000,0.000000,0.000000,11591.329493,4672.002293,8020.427371,549.573846,259.296884,466.734391,0.781860,0.001517
41.099984,4443.023569,14576.848979,4443.004668,14576.786969,30.244288,120.026705,8589.619038,2570.288459,222.914974,731.348338,0.690560,221.013281,725.109191,-4.137981,-13.576054,28.759208,94.354355,151.029618,495.503995,163.639335,536.874460,-10.164050,-33.346621,-0.402248,-0.080585,-0.051230,0.228189,0.167571,0.872783,0.129397,-0.018564,0.201124,0.074122,1.716781,0.990137,0.000000,0.000000,0.000000,6459.804359,4671.842924,8020.354853,549.568877,259.290518,466.722932,0.781778,0.001517
41.199984,4444.070450,14580.283630,4444.051545,14580.221605,30.244424,120.026875,8604.698207,2586.653566,223.019767,731.692148,0.690894,221.460384,726.576065,-3.737996,-12.263767,26.060349,85.499833,150.791820,494.723819,163.963894,537.939286,-10.746380,-35.257152,-0.408883,-0.090630,-0.061862,0.186424,0.160276,0.865404,0.117136,-0.016762,0.484764,0.063745,1.515838,0.988704,0.000000,0.000000,0.000000,6464.083433,4671.684258,8020.283023,549.563955,259.283723,466.710701,0.781691,0.001517
41.299983,4445.166022,14583.878026,4445.147112,14583.815985,30.244560,120.027045,8619.755723,2603.044944,223.064208,731.837954,0.691041,221.796025,727.677247,-3.084877,-10.120989,23.550966,77.266948,150.600675,494.096702,164.173566,538.627185,-11.140830,-36.551278,-0.413053,-0.082111,-0.069701,0.144084,0.152709,0.857377,0.105787,-0.013830,0.190140,0.047617,1.325242,0.988067,0.000000,0.000000,0.000000,6437.657291,4671.526559,8020.211328,549.559043,259.276611,466.697901,0.781600,0.001517
41.399983,4446.293094,14587.575768,4446.274179,14587.513711,30.244696,120.027215,8634.798511,2619.454772,223.160712,732.154568,0.691350,222.102429,728.682509,-2.271153,-7.451291,21.588345,70.827904,150.519368,493.829948,164.362247,539.246217,-11.387500,-37.360564,-0.416819,-0.060118,-0.073307,0.101402,0.146436,0.849277,0.096896,-0.010177,0.479727,0.027664,1.174132,0.987042,0.000000,0.000000,0.000000,6446.487113,4671.368988,8020.140018,549.554156,259.269296,466.684732,0.781506,0.001516
41.499983,4447.438697,14591.334306,4447.419777,14591.272233,30.244832,120.027386,8649.835569,2635.879834,223.179612,732.216575,0.691418,222.243089,729.143991,-1.428221,-4.685766,20.374224,66.844568,150.450645,493.604478,164.442106,539.508222,-11.512450,-37.770505,-0.420796,-0.026827,-0.071968,0.058424,0.142503,0.841536,0.091420,-0.006399,0.188602,0.006943,1.078523,0.987896,0.000000,0.000000,0.000000,6437.944253,4671.212811,8020.069018,549.549291,259.261860,466.671347,0.781410,0.001516
41.599983,4448.593907,14595.124368,4448.574983,14595.062279,30.244967,120.027557,8664.869602,2652.311896,223.221414,732.353720,0.691558,222.319515,729.394733,-0.700832,-2.299316,20.033516,65.726759,150.449303,493.600077,164.494729,539.680871,-11.588385,-38.019635,-0.423947,0.009539,-0.065720,0.015187,0.141749,0.834473,0.089869,-0.003140,0.191545,-0.011118,1.049765,0.988733,0.000000,0.000000,0.000000,6449.096623,4671.056459,8019.998109,549.544432,259.254361,466.657850,0.781314,0.001516
41.699983,4449.756710,14598.939337,4449.737780,14598.877231,30.245103,120.027728,8679.905856,2668.747256,223.265012,732.496760,0.691703,222.321681,729.401841,-0.218343,-0.716348,20.500930,67.260268,150.493083,493.743711,164.507802,539.723761,-11.673928,-38.300290,-0.423824,0.043139,-0.055509,-0.028128,0.144255,0.828253,0.091953,-0.000978,0.195103,-0.023421,1.084406,0.989375,0.000000,0.000000,0.000000,6457.066802,4670.899900,8019.927101,549.539567,259.246814,466.644265,0.781217,0.001516
41.799983,4450.930861,14602.791540,4450.911926,14602.729417,30.245238,120.027899,8694.948667,2685.182110,223.361150,732.812173,0.692011,222.315171,729.380482,-0.065959,-0.216401,21.590830,70.836056,150.611026,494.130662,164.519214,539.761202,-11.830066,-38.812551,-0.416712,0.067486,-0.043168,-0.071044,0.149582,0.822928,0.096814,-0.000295,0.489231,-0.025015,1.169673,0.988045,0.000000,0.000000,0.000000,11587.539508,4670.742542,8019.855865,549.534686,259.239192,466.630546,0.781120,0.001516
41.899983,4452.125355,14606.710483,4452.106415,14606.648343,30.245374,120.028069,8710.004896,2701.616133,223.395132,732.923662,0.692127,222.208150,729.029364,-0.239181,-0.784713,22.997086,75.449756,150.720127,494.488605,164.447583,539.526191,-12.075636,-39.618227,-0.396637,0.081962,-0.032204,-0.112605,0.156682,0.818407,0.103126,-0.001071,0.202635,-0.014699,1.282302,0.987599,0.000000,0.000000,0.000000,6431.856090,4670.586162,8019.784769,549.529814,259.231439,466.616590,0.781020,0.001515
41.999983,4453.349736,14610.727480,4453.330791,14610.665323,30.245510,120.028240,8725.072343,2718.039595,223.401707,732.945231,0.692158,222.055020,728.526969,-0.648367,-2.127187,24.484080,80.328347,150.843777,494.894281,164.316633,539.096563,-12.430679,-40.783068,-0.361655,0.085161,-0.024364,-0.151424,0.164683,0.814437,0.109818,-0.002902,0.208651,-0.000080,1.404006,0.990485,0.000000,0.000000,0.000000,11585.956859,4670.429593,8019.713827,549.524953,259.223492,466.602285,0.780918,0.001515
42.099983,4454.616122,14614.882289,4454.597171,14614.820114,30.245646,120.028411,8740.157566,2734.451861,223.458908,733.132901,0.692346,221.967615,728.240207,-1.161685,-3.811304,25.747078,84.472041,151.035705,495.523966,164.181645,538.653690,-12.902988,-42.332637,-0.312573,0.074888,-0.020385,-0.186050,0.172240,0.810846,0.115479,-0.005199,0.211640,0.015211,1.511497,0.989998,0.000000,0.000000,0.000000,6459.635712,4670.272247,8019.642405,549.520059,259.215272,466.587489,0.780813,0.001515
42.199983,4455.933876,14619.205631,4455.914920,14619.143437,30.245783,120.028581,8755.262242,2750.847209,223.500392,733.269002,0.692486,221.906851,728.040849,-1.635221,-5.364897,26.591365,87.242010,151.249125,496.224164,163.997114,538.048273,-13.456371,-44.148200,-0.252212,0.055973,-0.020045,-0.215199,0.178343,0.807521,0.119263,-0.007316,0.215473,0.027647,1.587540,0.990551,0.000000,0.000000,0.000000,11584.614401,4670.114518,8019.570909,549.515160,259.206718,466.572093,0.780703,0.001515
42.299983,4457.309811,14623.719852,4457.290848,14623.657639,30.245919,120.028751,8770.390464,2767.223279,223.590786,733.565572,0.692778,221.959221,728.212669,-1.947278,-6.388707,26.891483,88.226652,151.523329,497.123782,163.816130,537.454495,-14.064000,-46.141734,-0.184862,0.030572,-0.022359,-0.237924,0.182196,0.804438,0.120567,-0.008709,0.507711,0.034618,1.621423,0.989439,0.000000,0.000000,0.000000,11584.137721,4669.956436,8019.499293,549.510253,259.197787,466.556017,0.780589,0.001515
42.399983,4458.746299,14628.432738,4458.727330,14628.370505,30.246056,120.028921,8785.544593,2783.577440,223.631861,733.700330,0.692917,222.032038,728.451567,-2.024224,-6.641155,26.624911,87.352070,151.783088,497.976010,163.578893,536.676157,-14.664556,-48.112061,-0.115468,0.005094,-0.025865,-0.253741,0.183452,0.801613,0.119345,-0.009052,0.217529,0.034985,1.609907,0.988478,0.000000,0.000000,0.000000,6427.399983,4669.798493,8019.427484,549.505332,259.188463,466.539234,0.780469,0.001514
42.499983,4460.241220,14633.337336,4460.222245,14633.275081,30.246193,120.029091,8800.725439,2799.907514,223.666418,733.813709,0.693037,222.157586,728.863470,-1.850805,-6.072195,25.869836,84.874790,152.048430,498.846556,163.328389,535.854295,-15.224284,-49.948439,-0.048741,-0.016637,-0.029038,-0.262656,0.182256,0.799056,0.115926,-0.008275,0.217177,0.029162,1.557788,0.989511,0.000000,0.000000,0.000000,6450.794849,4669.640943,8019.356040,549.500437,259.178760,466.521768,0.780345,0.001514
42.599983,4461.789042,14638.415494,4461.770060,14638.353217,30.246330,120.029260,8815.934082,2816.213776,223.712498,733.964888,0.693194,222.333200,729.439632,-1.463961,-4.803020,24.760591,81.235534,152.322900,499.747047,163.089190,535.069521,-15.714071,-51.555349,0.011581,-0.032362,-0.030675,-0.265110,0.179089,0.796776,0.110910,-0.006544,0.216526,0.018783,1.475785,0.989778,0.000000,0.000000,0.000000,6454.823119,4669.483391,8019.284581,549.495540,259.168713,466.503683,0.780216,0.001514
42.699983,4463.381586,14643.640373,4463.362597,14643.578074,30.246467,120.029429,8831.170823,2832.497597,223.773784,734.165957,0.693397,222.537172,730.108832,-0.934727,-3.066691,23.474232,77.015196,152.601944,500.662546,162.873181,534.360829,-16.114589,-52.869385,0.063121,-0.040183,-0.030104,-0.261867,0.174709,0.794760,0.105096,-0.004177,0.215739,0.006065,1.377849,0.989021,0.000000,0.000000,0.000000,6445.709988,4669.326009,8019.213185,549.490648,259.158376,466.485077,0.780084,0.001514
42.799983,4465.009129,14648.980082,4464.990133,14648.917760,30.246605,120.029598,8846.434281,2848.759985,223.850387,734.417280,0.693649,222.745387,730.791953,-0.346076,-1.135419,22.211897,72.873678,152.881147,501.578567,162.685911,533.746427,-16.420868,-53.874240,0.104906,-0.039645,-0.027222,-0.253866,0.170054,0.792969,0.099390,-0.001546,0.212111,-0.006802,1.280440,0.987206,0.000000,0.000000,0.000000,6422.617474,4669.168621,8019.141774,549.485755,259.147812,466.466061,0.779949,0.001513
42.899983,4466.662302,14654.403878,4466.643299,14654.341533,30.246743,120.029767,8861.722970,2865.002534,223.868304,734.476064,0.693719,222.866848,731.190446,0.226356,0.742639,21.150287,69.390704,153.106914,502.319271,162.476888,533.060657,-16.629836,-54.559831,0.137129,-0.029239,-0.022386,-0.242088,0.166006,0.791382,0.094618,0.001011,0.211081,-0.018130,1.197001,0.989204,0.000000,0.000000,0.000000,6448.777283,4669.012470,8019.070969,549.480903,259.137081,466.446746,0.779811,0.001513
42.999983,4468.333320,14659.886221,4468.314310,14659.823852,30.246881,120.029936,8877.035204,2881.226725,223.964469,734.791567,0.694031,223.029244,731.723241,0.727016,2.385224,20.433095,67.037713,153.374490,503.197146,162.340765,532.614059,-16.787654,-55.077607,0.160765,-0.015802,-0.016228,-0.227455,0.163340,0.789986,0.091361,0.003246,0.206617,-0.026934,1.141095,0.985222,0.000000,0.000000,0.000000,6417.342274,4668.854872,8018.999539,549.476009,259.126235,466.427223,0.779672,0.001513
43.099983,4470.017781,14665.412666,4469.998763,14665.350273,30.247019,120.030104,8892.372176,2897.436643,223.990663,734.877503,0.694127,223.084791,731.905484,1.123439,3.685825,20.093053,65.922090,153.581042,503.874810,162.170030,532.053904,-16.898580,-55.441535,0.177185,0.002880,-0.009429,-0.210756,0.162340,0.788853,0.089827,0.005016,0.203750,-0.032787,1.113930,0.987318,0.000000,0.000000,0.000000,6423.699064,4668.699231,8018.928863,549.471166,259.115301,466.407542,0.779532,0.001513
43.199983,4471.712925,14670.974162,4471.693900,14670.911745,30.247158,120.030273,8907.729329,2913.630183,224.017436,734.965342,0.694225,223.102625,731.963994,1.405098,4.609901,20.175630,66.193013,153.776249,504.515252,162.010679,531.531099,-17.006380,-55.795210,0.187812,0.021283,-0.002651,-0.192647,0.163340,0.787999,0.090187,0.006272,0.204166,-0.035830,1.120752,0.988571,0.000000,0.000000,0.000000,6439.187819,4668.543226,8018.858114,549.466318,259.104298,466.387737,0.779391,0.001512
43.299983,4473.420001,14676.574806,4473.400969,14676.512365,30.247297,120.030441,8923.105319,2929.808100,224.041491,735.044261,0.694314,223.085442,731.907619,1.578114,5.177539,20.615156,67.635025,153.957693,505.110542,161.857262,531.027762,-17.141909,-56.239858,0.193919,0.036546,0.003630,-0.173635,0.166164,0.787502,0.092148,0.007044,0.206263,-0.036491,1.156867,0.989970,0.000000,0.000000,0.000000,6456.352951,4668.386837,8018.787193,549.461458,259.093218,466.367792,0.779250,0.001512
43.399983,4475.143919,14682.230705,4475.124879,14682.168239,30.247435,120.030609,8938.502291,2945.974485,224.129218,735.332081,0.694601,223.112188,731.995369,1.657380,5.437599,21.262901,69.760173,154.170529,505.808821,161.754998,530.692252,-17.339986,-56.889717,0.196542,0.044390,0.009138,-0.154104,0.170227,0.787464,0.095014,0.007395,0.206595,-0.035305,1.211576,0.987115,0.000000,0.000000,0.000000,6418.317562,4668.229768,8018.715913,549.456574,259.082028,466.347651,0.779106,0.001512
43.499983,4476.889796,14687.958649,4476.870749,14687.896159,30.247575,120.030777,8953.915806,2962.126986,224.139316,735.365210,0.694648,223.050721,731.793705,1.660435,5.447623,22.001176,72.182337,154.313703,506.278554,161.605576,530.202022,-17.588397,-57.704715,0.196449,0.048369,0.013710,-0.134356,0.175019,0.787921,0.098320,0.007408,0.212013,-0.032763,1.274275,0.989351,0.000000,0.000000,0.000000,6446.071061,4668.073753,8018.645171,549.451727,259.070696,466.327253,0.778961,0.001511
43.599983,4478.664425,14693.780922,4478.645370,14693.718406,30.247714,120.030944,8969.345000,2978.267226,224.213367,735.608159,0.694893,223.057466,731.815833,1.605183,5.266349,22.680921,74.412470,154.483516,506.835683,161.510230,529.889205,-17.914316,-58.774004,0.194181,0.043650,0.017322,-0.114628,0.179856,0.788888,0.101334,0.007159,0.214942,-0.029340,1.334550,0.987351,0.000000,0.000000,0.000000,6418.964479,4667.916466,8018.573802,549.446836,259.059177,466.306519,0.778814,0.001511
43.699983,4480.473860,14699.717389,4480.454798,14699.654848,30.247853,120.031112,8984.787451,2994.395780,224.210971,735.600300,0.694901,223.005186,731.644312,1.505724,4.940040,23.172816,76.026300,154.579575,507.150836,161.373723,529.441347,-18.282133,-59.980753,0.190114,0.035929,0.020013,-0.095120,0.184082,0.790341,0.103540,0.006716,0.221551,-0.025335,1.380257,0.990371,0.000000,0.000000,0.000000,11570.431902,4667.760206,8018.503002,549.441985,259.047432,466.285378,0.778664,0.001511
43.799982,4482.323298,14705.785100,4482.304228,14705.722533,30.247992,120.031280,9000.242767,3010.515832,224.275278,735.811280,0.695116,223.049213,731.788756,1.373448,4.506064,23.378681,76.701711,154.699949,507.545764,161.299872,529.199057,-18.699662,-61.350598,0.184511,0.022281,0.021851,-0.076008,0.187154,0.792210,0.104433,0.006124,0.223900,-0.021006,1.404719,0.988973,0.000000,0.000000,0.000000,6438.086489,4667.603264,8018.431753,549.437103,259.035428,466.263770,0.778510,0.001511
43.899982,4484.214807,14711.990835,4484.195728,14711.928241,30.248132,120.031447,9015.706915,3026.627322,224.339413,736.021698,0.695332,223.125260,732.038254,1.217316,3.993819,23.276790,76.367421,154.797570,507.866044,161.244879,529.018632,-19.130438,-62.763905,0.177554,0.007162,0.022888,-0.057460,0.188849,0.794378,0.103946,0.005426,0.224895,-0.016540,1.404879,0.987582,0.000000,0.000000,0.000000,6419.320782,4667.446078,8018.360438,549.432216,259.023150,466.241671,0.778353,0.001510
43.999982,4486.148324,14718.334395,4486.129237,14718.271774,30.248271,120.031614,9031.177332,3042.731889,224.370875,736.124917,0.695446,223.198473,732.278455,1.045346,3.429612,22.883145,75.075936,154.850992,508.041312,161.187923,528.831767,-19.542603,-64.116150,0.169374,-0.005606,0.023177,-0.039631,0.189117,0.796717,0.102167,0.004659,0.516996,-0.012103,1.380643,0.990660,0.000000,0.000000,0.000000,11567.122750,4667.289604,8018.289582,549.427361,259.010600,466.219081,0.778193,0.001510
44.099982,4488.122230,14724.810468,4488.103135,14724.747818,30.248411,120.031782,9046.654678,3058.834457,224.406617,736.242181,0.695574,223.300260,732.612401,0.865964,2.841089,22.239013,72.962640,154.888062,508.162934,161.155691,528.726021,-19.921371,-65.358829,0.160043,-0.016351,0.022779,-0.022665,0.188045,0.799099,0.099265,0.003859,0.225916,-0.007884,1.336476,0.988779,0.000000,0.000000,0.000000,6433.986377,4667.132993,8018.218437,549.422486,258.997788,466.196018,0.778029,0.001510
44.199982,4490.131329,14731.401999,4490.112225,14731.339321,30.248551,120.031949,9062.134013,3074.933971,224.485625,736.501393,0.695836,223.455414,733.121438,0.688406,2.258551,21.470902,70.442591,154.938426,508.328170,161.175392,528.790655,-20.257662,-66.462145,0.149574,-0.023849,0.021738,-0.006703,0.186133,0.801403,0.095792,0.003067,0.224851,-0.004083,1.281422,0.985596,0.000000,0.000000,0.000000,6412.812090,4666.975674,8018.147140,549.417601,258.984747,466.172545,0.777862,0.001509
44.299982,4492.170851,14738.093344,4492.151738,14738.030637,30.248690,120.032116,9077.616497,3091.035183,224.500131,736.548985,0.695899,223.547347,733.423055,0.521970,1.712501,20.654774,67.765005,154.931271,508.304694,161.168862,528.769233,-20.523348,-67.333820,0.137933,-0.024184,0.020159,0.008125,0.183696,0.803544,0.092134,0.002325,0.223409,-0.000875,1.220325,0.988157,0.000000,0.000000,0.000000,6425.390727,4666.820103,8018.076505,549.412761,258.971509,466.148716,0.777693,0.001509
44.399982,4494.234125,14744.862614,4494.215003,14744.799878,30.248830,120.032284,9093.098118,3107.136996,224.523319,736.625063,0.695989,223.636043,733.714052,0.375795,1.232925,19.937397,65.411409,154.919679,508.266662,161.185432,528.823596,-20.733319,-68.022699,0.125046,-0.020081,0.018145,0.021687,0.181407,0.805471,0.088916,0.001674,0.223627,0.001574,1.166022,0.989362,0.000000,0.000000,0.000000,6440.619842,4666.664093,8018.005753,549.407913,258.958117,466.124610,0.777522,0.001509
44.499982,4496.316001,14751.692917,4496.296870,14751.630152,30.248970,120.032451,9108.578390,3123.241413,224.553364,736.723634,0.696100,223.713821,733.969229,0.257053,0.843350,19.397765,63.640963,154.904390,508.216501,161.220762,528.939509,-20.897581,-68.561618,0.110830,-0.012519,0.015854,0.033855,0.179679,0.807164,0.086492,0.001145,0.223925,0.003179,1.124927,0.990088,0.000000,0.000000,0.000000,11560.538276,4666.507711,8017.934872,549.403056,258.944604,466.100287,0.777349,0.001508
44.599982,4498.413755,14758.575313,4498.394616,14758.512518,30.249109,120.032619,9124.061290,3139.354626,224.656193,737.060999,0.696437,223.847590,734.408104,0.168820,0.553872,19.042918,62.476765,154.931695,508.306085,161.318907,529.261504,-21.042462,-69.036947,0.095243,-0.004935,0.013476,0.044495,0.178619,0.808625,0.084867,0.000751,0.220884,0.003974,1.098548,0.985945,0.000000,0.000000,0.000000,6395.402487,4666.351345,8017.863852,549.398189,258.930988,466.075778,0.777175,0.001508
44.699982,4500.523862,14765.498234,4500.504713,14765.435410,30.249249,120.032786,9139.542226,3155.473490,224.690146,737.172395,0.696561,223.891377,734.551761,0.109898,0.360557,18.928841,62.102496,154.905563,508.220352,161.376115,529.449196,-21.158396,-69.417309,0.078338,0.005702,0.011164,0.053479,0.178558,0.809886,0.084344,0.000489,0.221564,0.004074,1.090350,0.986302,0.000000,0.000000,0.000000,6399.195072,4666.196223,8017.793493,549.393368,258.917291,466.051124,0.777000,0.001508
44.799982,4502.645530,14772.459086,4502.626372,14772.396232,30.249389,120.032954,9155.020242,3171.598368,224.724224,737.284199,0.696685,223.915908,734.632243,0.075278,0.246974,19.043042,62.477171,154.873074,508.113759,161.439194,529.656150,-21.276616,-69.805170,0.060288,0.015341,0.009058,0.060688,0.179528,0.810980,0.084841,0.000335,0.222572,0.003681,1.100439,0.986615,0.000000,0.000000,0.000000,6402.254940,4666.041028,8017.723101,549.388545,258.903520,466.026336,0.776824,0.001507
44.899982,4504.779808,14779.461312,4504.760641,14779.398428,30.249528,120.033121,9170.494623,3187.729670,224.756432,737.389869,0.696804,223.923497,734.657143,0.056340,0.184841,19.331787,63.424497,154.832709,507.981328,161.504720,529.871128,-21.412881,-70.252234,0.041408,0.022573,0.007251,0.066028,0.181366,0.811936,0.086119,0.000251,0.224046,0.003060,1.124886,0.987020,0.000000,0.000000,0.000000,6406.354699,4665.885754,8017.652673,549.383719,258.889667,466.001400,0.776647,0.001507
44.999982,4506.929093,14786.512773,4506.909917,14786.449858,30.249668,120.033289,9185.964536,3203.867505,224.785498,737.485231,0.696913,223.918871,734.641964,0.042516,0.139488,19.719480,64.696457,154.783721,507.820607,161.570130,530.085728,-21.578071,-70.794196,0.022151,0.026460,0.005775,0.069439,0.183785,0.812772,0.087839,0.000189,0.226064,0.002489,1.157913,0.987606,0.000000,0.000000,0.000000,6412.700461,4665.730360,8017.582193,549.378890,258.875716,465.976289,0.776469,0.001507
45.099982,4509.096569,14793.623913,4509.077383,14793.560968,30.249807,120.033457,9201.429129,3220.011768,224.810996,737.568884,0.697011,223.908690,734.608564,0.023495,0.077084,20.121673,66.015988,154.726510,507.632907,161.633709,530.294321,-21.776940,-71.446652,0.003080,0.026638,0.004595,0.070908,0.186430,0.813495,0.089625,0.000105,0.228568,0.002205,1.192903,0.988408,0.000000,0.000000,0.000000,6421.805041,4665.574783,8017.511633,549.374055,258.861648,465.950966,0.776290,0.001506
45.199982,4511.285574,14800.805689,4511.266379,14800.742713,30.249947,120.033625,9216.887653,3236.162225,224.833318,737.642120,0.697099,223.900587,734.581979,-0.008583,-0.028158,20.458446,67.120886,154.662748,507.423712,161.694490,530.493735,-22.007892,-72.204370,-0.015187,0.023335,0.003625,0.070482,0.188937,0.814099,0.091120,-0.000038,0.231305,0.002359,1.223465,0.989407,0.000000,0.000000,0.000000,6433.474543,4665.418959,8017.440962,549.369212,258.847439,465.925391,0.776108,0.001506
45.299982,4513.499359,14808.068764,4513.480155,14808.005757,30.250086,120.033793,9232.340861,3252.319923,224.923634,737.938431,0.697398,223.973004,734.819567,-0.057513,-0.188690,20.657470,67.773853,154.642666,507.357829,161.802398,530.847761,-22.277140,-73.087729,-0.032056,0.015006,0.002749,0.068266,0.190949,0.814572,0.091972,-0.000256,0.231909,0.002987,1.244547,0.985139,0.000000,0.000000,0.000000,6397.448291,4665.261893,8017.369770,549.364334,258.833070,465.899526,0.775925,0.001506
45.399982,4515.740360,14815.421128,4515.721146,14815.358089,30.250225,120.033961,9247.790534,3268.486644,224.939566,737.990702,0.697467,223.989468,734.873582,-0.122235,-0.401032,20.652158,67.756422,154.572748,507.128437,161.854410,531.018406,-22.543820,-73.962665,-0.047018,0.007769,0.001853,0.064417,0.192109,0.814891,0.091942,-0.000543,0.232072,0.003998,1.248752,0.987269,0.000000,0.000000,0.000000,6403.647838,4665.106827,8017.299354,549.359509,258.818524,465.873344,0.775740,0.001505
45.499982,4518.008031,14822.860994,4517.988807,14822.797923,30.250365,120.034129,9263.233483,3284.658509,224.956693,738.046892,0.697540,224.022041,734.980451,-0.197589,-0.648258,20.484128,67.205144,154.506961,506.912602,161.904013,531.181145,-22.807962,-74.829271,-0.059699,0.000405,0.000860,0.059147,0.192539,0.815064,0.091184,-0.000878,0.233344,0.005226,1.240149,0.988552,0.000000,0.000000,0.000000,6419.212006,4664.951393,8017.228865,549.354679,258.803805,465.846849,0.775552,0.001505
45.599982,4520.301490,14830.385465,4520.282256,14830.322361,30.250504,120.034297,9278.670197,3300.835198,224.976316,738.111271,0.697621,224.069788,735.137101,-0.276000,-0.905512,20.174148,66.188149,154.448589,506.721094,161.951585,531.337221,-23.057752,-75.648792,-0.069894,-0.005979,-0.000262,0.052693,0.192276,0.815087,0.089793,-0.001227,0.234020,0.006466,1.220049,0.989665,0.000000,0.000000,0.000000,6432.694098,4664.795617,8017.158218,549.349838,258.788919,465.820054,0.775362,0.001504
45.699982,4522.619362,14837.990032,4522.600118,14837.926896,30.250643,120.034465,9294.103535,3317.018629,225.069161,738.415881,0.697929,224.201006,735.567605,-0.349215,-1.145718,19.746242,64.784259,154.447372,506.717099,162.047488,531.651863,-23.296955,-76.433581,-0.077566,-0.012739,-0.001500,0.045307,0.191385,0.814960,0.087847,-0.001552,0.230176,0.007524,1.190864,0.985922,0.000000,0.000000,0.000000,6383.619785,4664.638835,8017.087058,549.344962,258.773874,465.792974,0.775170,0.001504
45.799982,4524.958997,14845.666000,4524.939743,14845.602831,30.250782,120.034633,9309.535255,3333.209339,225.093548,738.495893,0.698025,224.268913,735.790398,-0.409690,-1.344126,19.245574,63.141648,154.409108,506.591562,162.089986,531.791293,-23.489767,-77.066163,-0.082815,-0.014386,-0.002798,0.037239,0.190026,0.814691,0.085605,-0.001820,0.230670,0.008237,1.154515,0.986663,0.000000,0.000000,0.000000,6392.385482,4664.483976,8017.016823,549.340150,258.758688,465.765639,0.774977,0.001504
45.899982,4527.316189,14853.399569,4527.296925,14853.336367,30.250922,120.034802,9324.963793,3349.404214,225.122563,738.591084,0.698136,224.338119,736.017452,-0.452728,-1.485327,18.771560,61.586482,154.383795,506.508515,162.131323,531.926912,-23.648385,-77.586564,-0.085826,-0.013294,-0.004064,0.028729,0.188631,0.814301,0.083481,-0.002011,0.230507,0.008545,1.119624,0.987075,0.000000,0.000000,0.000000,6396.900020,4664.328968,8016.946517,549.335332,258.743388,465.738099,0.774782,0.001503
45.999982,4529.687676,14861.180041,4529.668402,14861.116805,30.251061,120.034970,9340.390422,3365.603105,225.155602,738.699483,0.698259,224.403768,736.232835,-0.476759,-1.564171,18.378434,60.296700,154.370855,506.466060,162.170758,532.056293,-23.776662,-78.007421,-0.086832,-0.009857,-0.005214,0.019991,0.187457,0.813804,0.081717,-0.002117,0.230369,0.008457,1.090566,0.987198,0.000000,0.000000,0.000000,6397.637978,4664.173908,8016.876183,549.330513,258.727996,465.710392,0.774585,0.001503
46.099982,4532.070773,14868.998601,4532.051489,14868.935331,30.251200,120.035138,9355.816317,3381.805765,225.191629,738.817682,0.698392,224.462172,736.424449,-0.482875,-1.584234,18.104421,59.397707,154.368951,506.459812,162.207106,532.175543,-23.882041,-78.353154,-0.086069,-0.004794,-0.006178,0.011220,0.186706,0.813216,0.080483,-0.002144,0.230322,0.008040,1.070519,0.987095,0.000000,0.000000,0.000000,6395.395719,4664.018876,8016.805859,549.325694,258.712527,465.682549,0.774388,0.001503
46.199982,4534.463661,14876.849280,4534.444366,14876.785977,30.251339,120.035307,9371.242496,3398.011813,225.229371,738.941507,0.698530,224.511088,736.584935,-0.474014,-1.555165,17.967089,58.947141,154.376333,506.484033,162.238887,532.279813,-23.974173,-78.655423,-0.083754,0.000983,-0.006917,0.002583,0.186497,0.812550,0.079857,-0.002105,0.230411,0.007389,1.061073,0.986849,0.000000,0.000000,0.000000,6391.204871,4663.863929,8016.735573,549.320878,258.696996,465.654593,0.774191,0.001502
46.299981,4536.865527,14884.729419,4536.846222,14884.666083,30.251478,120.035475,9386.669793,3414.220714,225.267527,739.066689,0.698669,224.549798,736.711936,-0.453955,-1.489355,17.962204,58.931117,154.391170,506.532711,162.264547,532.363999,-24.063291,-78.947807,-0.080077,0.006523,-0.007419,-0.005770,0.186858,0.811821,0.079822,-0.002015,0.230679,0.006604,1.062105,0.986544,0.000000,0.000000,0.000000,6386.160849,4663.709101,8016.665339,549.316065,258.681406,465.626531,0.773992,0.001502
46.399981,4539.276547,14892.639590,4539.257232,14892.576219,30.251617,120.035644,9402.098870,3430.431785,225.304960,739.189502,0.698806,224.579079,736.808002,-0.426365,-1.398837,18.066008,59.271679,154.411818,506.600452,162.282706,532.423576,-24.158622,-79.260572,-0.075204,0.010982,-0.007697,-0.013708,0.187722,0.811044,0.080271,-0.001892,0.231167,0.005768,1.071924,0.986255,0.000000,0.000000,0.000000,6381.254011,4663.554398,8016.595162,549.311257,258.665757,465.598362,0.773793,0.001501
46.499981,4541.697711,14900.583040,4541.678385,14900.519635,30.251757,120.035812,9417.530240,3446.644224,225.340858,739.307276,0.698939,224.601065,736.880135,-0.394133,-1.293087,18.240298,59.843497,154.437003,506.683080,162.292403,532.455391,-24.267061,-79.616342,-0.069288,0.013745,-0.007781,-0.021117,0.188953,0.810234,0.081034,-0.001749,0.231898,0.004935,1.087646,0.986040,0.000000,0.000000,0.000000,6377.229484,4663.399807,8016.525037,549.306451,258.650042,465.570075,0.773593,0.001501
46.599981,4544.130542,14908.564771,4544.111206,14908.501332,30.251896,120.035981,9432.964312,3462.857162,225.374823,739.418712,0.699066,224.618950,736.938811,-0.359066,-1.178037,18.439346,60.496543,154.465903,506.777898,162.293287,532.458291,-24.392306,-80.027252,-0.062482,0.014503,-0.007706,-0.027896,0.190363,0.809410,0.081908,-0.001593,0.232849,0.004129,1.105720,0.985928,0.000000,0.000000,0.000000,6374.495072,4663.245301,8016.454952,549.301649,258.634251,465.541651,0.773392,0.001501
46.699981,4546.576761,14916.590424,4546.557414,14916.526950,30.252035,120.036149,9448.401433,3479.069730,225.406903,739.523959,0.699187,224.636505,736.996406,-0.321956,-1.056285,18.617434,61.080821,154.498136,506.883649,162.285716,532.433452,-24.534548,-80.493923,-0.054951,0.013274,-0.007506,-0.033961,0.191752,0.808591,0.082689,-0.001428,0.233944,0.003349,1.122522,0.985919,0.000000,0.000000,0.000000,6373.087779,4663.090848,8016.384892,549.296848,258.618373,465.513071,0.773190,0.001500
46.799981,4549.037938,14924.665151,4549.018581,14924.601643,30.252174,120.036318,9463.841934,3495.281129,225.437539,739.624471,0.699303,224.657457,737.065148,-0.282909,-0.928179,18.735814,61.469205,154.533672,507.000237,162.270751,532.384354,-24.690714,-81.006281,-0.046873,0.010379,-0.007206,-0.039241,0.192934,0.807797,0.083205,-0.001255,0.235068,0.002584,1.134913,0.985988,0.000000,0.000000,0.000000,6372.699812,4662.936420,8016.314844,549.292049,258.602398,465.484317,0.772986,0.001500
46.899981,4551.515203,14932.792660,4551.495835,14932.729116,30.252314,120.036486,9479.286152,3511.490701,225.467467,739.722660,0.699418,224.684845,737.155004,-0.241800,-0.793306,18.768072,61.575038,154.572708,507.128308,162.250039,532.316401,-24.855205,-81.545949,-0.038438,0.006369,-0.006820,-0.043689,0.193768,0.807046,0.083337,-0.001072,0.236096,0.001819,1.140680,0.986088,0.000000,0.000000,0.000000,6372.755926,4662.781999,8016.244799,549.287249,258.586319,465.455374,0.772782,0.001499
46.999981,4554.009041,14940.974544,4553.989662,14940.910965,30.252453,120.036655,9494.734452,3527.697968,225.497573,739.821435,0.699533,224.720507,737.272005,-0.198686,-0.651858,18.703202,61.362210,154.615523,507.268776,162.225608,532.236246,-25.020948,-82.089725,-0.029841,0.001922,-0.006357,-0.047273,0.194175,0.806354,0.083037,-0.000881,0.236925,0.001052,1.138801,0.986161,0.000000,0.000000,0.000000,6372.526707,4662.627584,8016.174758,549.282450,258.570132,465.426238,0.772576,0.001499
47.099981,4556.519208,14949.210001,4556.499819,14949.146387,30.252592,120.036823,9510.187223,3543.902667,225.528740,739.923687,0.699652,224.764835,737.417437,-0.154077,-0.505503,18.546100,60.846786,154.662336,507.422361,162.199604,532.150933,-25.180604,-82.613531,-0.021269,-0.002267,-0.005820,-0.049983,0.194144,0.805733,0.082327,-0.000683,0.237499,0.000292,1.129516,0.986149,0.000000,0.000000,0.000000,6371.257859,4662.473192,8016.104725,549.277651,258.553840,465.396911,0.772369,0.001499
47.199981,4559.044762,14957.495937,4559.025361,14957.432287,30.252732,120.036992,9525.644868,3560.104743,225.561701,740.031828,0.699776,224.816831,737.588028,-0.108986,-0.357565,18.315612,60.090591,154.713193,507.589214,162.174029,532.067024,-25.327719,-83.096193,-0.012892,-0.005594,-0.005214,-0.051829,0.193731,0.805190,0.081290,-0.000483,0.237812,-0.000440,1.114186,0.986002,0.000000,0.000000,0.000000,6368.294309,4662.318857,8016.034717,549.272854,258.537447,465.367405,0.772160,0.001498
47.299981,4561.584197,14965.827417,4561.564785,14965.763732,30.252871,120.037160,9541.107783,3576.304323,225.596934,740.147421,0.699908,224.874429,737.776999,-0.064794,-0.212578,18.040606,59.188339,154.767888,507.768660,162.150502,531.989837,-25.457654,-83.522488,-0.004856,-0.007633,-0.004547,-0.052836,0.193045,0.804727,0.080054,-0.000287,0.237895,-0.001115,1.095006,0.985686,0.000000,0.000000,0.000000,6363.180048,4662.164624,8015.964754,549.268060,258.520964,465.337736,0.771951,0.001498
47.399981,4564.135662,14974.198366,4564.116240,14974.134645,30.253011,120.037328,9556.576330,3592.501671,225.634597,740.270988,0.700047,224.934962,737.975596,-0.022992,-0.075434,17.754827,58.250745,154.825925,507.959072,162.130112,531.922939,-25.568168,-83.885065,0.002717,-0.008183,-0.003835,-0.053044,0.192226,0.804342,0.078770,-0.000102,0.237795,-0.001706,1.074607,0.985186,0.000000,0.000000,0.000000,6355.719731,4662.010549,8015.894859,549.263271,258.504404,465.307926,0.771741,0.001497
47.499981,4566.697211,14982.602399,4566.677778,14982.538641,30.253150,120.037497,9572.050806,3608.697129,225.674500,740.401903,0.700194,224.995624,738.174620,0.015108,0.049566,17.491395,57.386466,154.886510,508.157842,162.113338,531.867907,-25.659590,-84.185006,0.009736,-0.007287,-0.003099,-0.052505,0.191424,0.804030,0.077585,0.000067,0.237469,-0.002193,1.055629,0.984511,0.000000,0.000000,0.000000,6346.001314,4661.856687,8015.825060,549.258488,258.487777,465.277999,0.771529,0.001497
47.599981,4569.267050,14991.033628,4569.247606,14990.969835,30.253290,120.037665,9587.531410,3624.891054,225.715996,740.538043,0.700345,225.053740,738.365289,0.048605,0.159466,17.277800,56.685694,154.948495,508.361206,162.099988,531.824106,-25.734577,-84.431027,0.016127,-0.005202,-0.002362,-0.051280,0.190773,0.803785,0.076622,0.000215,0.236896,-0.002567,1.040310,0.983702,0.000000,0.000000,0.000000,6334.511229,4661.703085,8015.755376,549.253713,258.471097,465.247975,0.771317,0.001497
47.699981,4571.843746,14999.487356,4571.824291,14999.423526,30.253430,120.037833,9603.018223,3641.083766,225.758430,740.677263,0.700499,225.107423,738.541416,0.077121,0.253023,17.132151,56.207846,155.010710,508.565320,162.089583,531.789971,-25.797588,-84.637758,0.021833,-0.002350,-0.001647,-0.049435,0.190373,0.803600,0.075960,0.000342,0.236326,-0.002833,1.030161,0.982799,0.000000,0.000000,0.000000,6321.797651,4661.549779,8015.685826,549.248947,258.454373,465.217871,0.771105,0.001496
47.799981,4574.426370,15007.960531,4574.406903,15007.896665,30.253570,120.038002,9618.511209,3657.275526,225.801106,740.817278,0.700654,225.155611,738.699511,0.100774,0.330624,17.061078,55.974666,155.071962,508.766279,162.081440,531.763254,-25.854075,-84.823080,0.026806,0.000766,-0.000975,-0.047043,0.190278,0.803470,0.075630,0.000446,0.235800,-0.003005,1.025821,0.981849,0.000000,0.000000,0.000000,6308.434531,4661.396789,8015.616419,549.244191,258.437610,465.187698,0.770892,0.001496
47.899981,4577.014549,15016.451933,4576.995072,15016.388030,30.253709,120.038170,9634.010213,3673.466522,225.843345,740.955857,0.700808,225.198077,738.838835,0.120042,0.393837,17.059554,55.969664,155.131113,508.960345,162.074822,531.741541,-25.909583,-85.005194,0.031010,0.003636,-0.000357,-0.044178,0.190490,0.803392,0.075609,0.000532,0.235354,-0.003103,1.027009,0.980896,0.000000,0.000000,0.000000,6295.000328,4661.244124,8015.547159,549.239446,258.420811,465.157460,0.770679,0.001495
47.999981,4579.608436,15024.962059,4579.588947,15024.898120,30.253849,120.038338,9649.514975,3689.656876,225.884583,741.091153,0.700959,225.235407,738.961307,0.135558,0.444743,17.112520,56.143437,155.187179,509.144287,162.069121,531.722837,-25.968919,-85.199865,0.034414,0.005828,0.000198,-0.040920,0.190964,0.803363,0.075830,0.000600,0.235018,-0.003146,1.032631,0.979979,0.000000,0.000000,0.000000,6281.991317,4661.091779,8015.478045,549.234710,258.403975,465.127155,0.770465,0.001495
48.099981,4582.208596,15033.492769,4582.189096,15033.428793,30.253989,120.038506,9665.025146,3705.846658,225.924451,741.221953,0.701106,225.268878,739.071121,0.147903,0.485247,17.197922,56.423628,155.239414,509.315662,162.063987,531.705994,-26.035479,-85.418239,0.036996,0.007046,0.000691,-0.037350,0.191616,0.803383,0.076196,0.000655,0.234805,-0.003150,1.041009,0.979123,0.000000,0.000000,0.000000,6269.753789,4660.939737,8015.409069,549.229983,258.387098,465.096777,0.770251,0.001495
48.199981,4584.815848,15042.046744,4584.796337,15041.982731,30.254129,120.038675,9680.540320,3722.035922,225.962812,741.347809,0.701248,225.300251,739.174053,0.157450,0.516567,17.290591,56.727659,155.287372,509.473006,162.059397,531.690934,-26.110850,-85.665518,0.038751,0.007165,0.001124,-0.033551,0.192341,0.803449,0.076595,0.000697,0.234707,-0.003122,1.050179,0.978341,0.000000,0.000000,0.000000,6258.443951,4660.787979,8015.340222,549.225266,258.370176,465.066316,0.770037,0.001494
48.299981,4587.431071,15050.626874,4587.411549,15050.562824,30.254269,120.038843,9696.060059,3738.224735,225.999767,741.469052,0.701385,225.331487,739.276531,0.164289,0.539004,17.366310,56.976082,155.330927,509.615903,162.055654,531.678655,-26.194707,-85.940640,0.039687,0.006235,0.001502,-0.029605,0.193031,0.803561,0.076918,0.000727,0.234693,-0.003062,1.058212,0.977627,0.000000,0.000000,0.000000,6248.019535,4660.636482,8015.271494,549.220557,258.353201,465.035762,0.769821,0.001494
48.399981,4590.055026,15059.235650,4590.035492,15059.171563,30.254409,120.039011,9711.583931,3754.413208,226.035619,741.586675,0.701520,225.364423,739.384590,0.168261,0.552038,17.405440,57.104463,155.370258,509.744940,162.053330,531.671030,-26.285016,-86.236931,0.039835,0.004464,0.001829,-0.025594,0.193586,0.803716,0.077079,0.000744,0.234715,-0.002964,1.063504,0.976964,0.000000,0.000000,0.000000,6238.262124,4660.485227,8015.202878,549.215855,258.336170,465.005106,0.769605,0.001493
48.499981,4592.688201,15067.874675,4592.668656,15067.810551,30.254549,120.039180,9727.111532,3770.601519,226.070811,741.702136,0.701652,225.400482,739.502892,0.169065,0.554675,17.395574,57.072095,155.405794,509.861529,162.053160,531.670471,-26.378481,-86.543571,0.039244,0.002175,0.002105,-0.021594,0.193939,0.803909,0.077024,0.000748,0.234724,-0.002821,1.065000,0.976324,0.000000,0.000000,0.000000,6228.824653,4660.334204,8015.134366,549.211160,258.319079,464.974342,0.769389,0.001493
48.599981,4595.330716,15076.544344,4595.311160,15076.480183,30.254689,120.039348,9742.642513,3786.789922,226.105850,741.817093,0.701784,225.440455,739.634038,0.166403,0.545942,17.332891,56.866440,155.438138,509.967645,162.055914,531.679508,-26.471142,-86.847578,0.037979,-0.000258,0.002330,-0.017680,0.194052,0.804133,0.076734,0.000736,0.234674,-0.002625,1.062309,0.975673,0.000000,0.000000,0.000000,6219.295172,4660.183409,8015.065958,549.206473,258.301928,464.943470,0.769171,0.001492
48.699981,4597.982291,15085.243736,4597.962723,15085.179538,30.254829,120.039516,9758.176588,3802.978745,226.141218,741.933131,0.701917,225.484421,739.778285,0.160130,0.525362,17.222099,56.502949,155.467963,510.065495,162.062273,531.700371,-26.559044,-87.135970,0.036119,-0.002462,0.002499,-0.013915,0.193929,0.804383,0.076230,0.000708,0.234539,-0.002376,1.055720,0.974980,0.000000,0.000000,0.000000,6209.266048,4660.032850,8014.997656,549.201793,258.284717,464.912491,0.768953,0.001492
48.799980,4600.642274,15093.970716,4600.622695,15093.906480,30.254970,120.039684,9773.713538,3819.168374,226.177303,742.051520,0.702053,225.531797,739.933717,0.150353,0.493283,17.075086,56.020624,155.495912,510.157192,162.072719,531.734641,-26.638840,-87.397771,0.033752,-0.004129,0.002607,-0.010357,0.193608,0.804648,0.075566,0.000665,0.234308,-0.002077,1.046103,0.974219,0.000000,0.000000,0.000000,6198.397620,4659.882543,8014.929468,549.197120,258.267452,464.881414,0.768734,0.001492
48.899980,4603.309732,15102.722219,4603.290142,15102.657946,30.255110,120.039853,9789.253204,3835.359230,226.214343,742.173040,0.702191,225.581493,740.096761,0.137462,0.450990,16.908578,55.474336,155.522513,510.244465,162.087461,531.783010,-26.708269,-87.625556,0.030966,-0.005055,0.002652,-0.007054,0.193152,0.804922,0.074816,0.000608,0.233984,-0.001741,1.034735,0.973371,0.000000,0.000000,0.000000,6186.466938,4659.732510,8014.861404,549.192456,258.250139,464.850250,0.768515,0.001491
48.999980,4605.983571,15111.494657,4605.963970,15111.430346,30.255250,120.040021,9804.795469,3851.551740,226.252396,742.297887,0.702333,225.632141,740.262930,0.122098,0.400584,16.741227,54.925284,155.548117,510.328468,162.106411,531.845182,-26.766422,-87.816345,0.027851,-0.005163,0.002631,-0.004045,0.192640,0.805196,0.074061,0.000540,0.233578,-0.001384,1.023074,0.972433,0.000000,0.000000,0.000000,6173.395087,4659.582779,8014.793475,549.187802,258.232784,464.819011,0.768295,0.001491
49.099980,4608.662677,15120.284373,4608.643063,15120.220024,30.255390,120.040189,9820.340244,3867.746309,226.291348,742.425683,0.702478,225.682330,740.427592,0.105058,0.344679,16.590633,54.431210,155.572876,510.409699,162.129193,531.919923,-26.813789,-87.971748,0.024487,-0.004506,0.002548,-0.001362,0.192152,0.805464,0.073381,0.000464,0.233105,-0.001022,1.012525,0.971409,0.000000,0.000000,0.000000,6159.250431,4659.433374,8014.725693,549.183157,258.215395,464.787711,0.768075,0.001490
49.199980,4611.346047,15129.088080,4611.326422,15129.023694,30.255530,120.040358,9835.887443,3883.943291,226.330936,742.555565,0.702624,225.730813,740.586657,0.087177,0.286014,16.470735,54.037845,155.596758,510.488052,162.155194,532.005229,-26.852088,-88.097403,0.020950,-0.003249,0.002408,0.000974,0.191758,0.805719,0.072837,0.000385,0.232585,-0.000674,1.004229,0.970316,0.000000,0.000000,0.000000,6144.229066,4659.284317,8014.658069,549.178524,258.197979,464.756361,0.767855,0.001490
49.299980,4614.032899,15137.903213,4614.013263,15137.838789,30.255671,120.040526,9851.436972,3900.142970,226.370800,742.686350,0.702772,225.776667,740.737096,0.069211,0.227072,16.389960,53.772834,155.619593,510.562969,162.183649,532.098585,-26.883923,-88.201846,0.017311,-0.001638,0.002221,0.002948,0.191509,0.805957,0.072467,0.000306,0.232039,-0.000351,0.998908,0.969177,0.000000,0.000000,0.000000,6128.617205,4659.135627,8014.590610,549.173901,258.180539,464.724971,0.767634,0.001489
49.399980,4616.722738,15146.728142,4616.703090,15146.663680,30.255811,120.040694,9866.988713,3916.345549,226.410539,742.816728,0.702919,225.819388,740.877256,0.051755,0.169799,16.350338,53.642841,155.641144,510.633676,162.213727,532.197266,-26.912322,-88.295019,0.013633,0.000050,0.001998,0.004552,0.191426,0.806174,0.072278,0.000229,0.231489,-0.000063,0.996789,0.968017,0.000000,0.000000,0.000000,6112.742701,4658.987312,8014.523321,549.169290,258.163081,464.693545,0.767413,0.001489
49.499980,4619.415370,15155.562236,4619.395710,15155.497736,30.255951,120.040863,9882.542529,3932.551151,226.449778,742.945464,0.703064,225.858926,741.006974,0.035195,0.115468,16.347667,53.634079,155.661190,510.699441,162.244625,532.298637,-26.940260,-88.386680,0.009979,0.001542,0.001750,0.005784,0.191504,0.806368,0.072254,0.000155,0.230958,0.000189,0.997601,0.966862,0.000000,0.000000,0.000000,6096.923999,4658.839373,8014.456203,549.164691,258.145604,464.662087,0.767192,0.001489
49.599980,4622.110879,15164.405770,4622.091208,15164.341232,30.256092,120.041031,9898.098259,3948.759821,226.488216,743.071576,0.703208,225.895660,741.127495,0.019719,0.064695,16.372609,53.715909,155.679591,510.759811,162.275644,532.400408,-26.970214,-88.484954,0.006406,0.002620,0.001487,0.006649,0.191714,0.806537,0.072352,0.000087,0.230464,0.000406,1.000659,0.965734,0.000000,0.000000,0.000000,6081.424525,4658.691805,8014.389253,549.160104,258.128109,464.630596,0.766971,0.001488
49.699980,4624.809557,15173.259700,4624.789874,15173.195124,30.256232,120.041200,9913.655738,3964.971543,226.525669,743.194453,0.703348,225.930319,741.241205,0.005361,0.017588,16.412487,53.846742,155.696350,510.814797,162.306250,532.500819,-27.003830,-88.595243,0.002971,0.003143,0.001219,0.007158,0.192008,0.806679,0.072517,0.000024,0.230017,0.000591,1.004993,0.964644,0.000000,0.000000,0.000000,6066.419045,4658.544599,8014.322468,549.155528,258.110593,464.599067,0.766749,0.001488
49.799980,4627.511810,15182.125361,4627.492116,15182.060747,30.256372,120.041368,9929.214810,3981.186257,226.562065,743.313862,0.703485,225.963831,741.351151,-0.007935,-0.026032,16.453461,53.981172,155.711626,510.864916,162.336080,532.598689,-27.041741,-88.719623,-0.000273,0.003066,0.000951,0.007326,0.192326,0.806795,0.072686,-0.000035,0.229565,0.000751,1.009525,0.963599,0.000000,0.000000,0.000000,6051.983802,4658.397740,8014.255841,549.150962,258.093054,464.567497,0.766528,0.001487
49.899980,4630.218057,15191.004123,4630.198351,15190.939471,30.256513,120.041537,9944.775339,3997.403872,226.597408,743.429815,0.703618,225.997134,741.460414,-0.020240,-0.066405,16.482722,54.077172,155.725708,510.911115,162.364930,532.693339,-27.083549,-88.856786,-0.003273,0.002439,0.000688,0.007176,0.192611,0.806883,0.072804,-0.000089,0.229109,0.000890,1.013230,0.962600,0.000000,0.000000,0.000000,6038.139954,4658.251216,8014.189367,549.146407,258.075489,464.535880,0.766306,0.001487
49.999980,4632.928629,15199.897077,4632.908911,15199.832387,30.256653,120.041706,9960.337227,4013.624291,226.631879,743.542912,0.703749,226.031139,741.571977,-0.031591,-0.103646,16.490366,54.102251,155.739067,510.954945,162.392809,532.784806,-27.127981,-89.002561,-0.005988,0.001392,0.000434,0.006733,0.192813,0.806944,0.072827,-0.000139,0.228680,0.001010,1.015292,0.961636,0.000000,0.000000,0.000000,6024.764196,4658.105013,8014.123038,549.141862,258.057896,464.504212,0.766083,0.001486
50.099980,4635.643699,15208.804787,4635.623970,15208.740058,30.256793,120.041874,9975.900431,4029.847423,226.665737,743.653994,0.703879,226.066520,741.688058,-0.041955,-0.137648,16.470677,54.037655,155.752263,510.998239,162.419853,532.873534,-27.173152,-89.150762,-0.008378,0.000110,0.000188,0.006028,0.192898,0.806979,0.072729,-0.000185,0.228257,0.001113,1.015217,0.960692,0.000000,0.000000,0.000000,6011.659045,4657.959123,8014.056852,549.137327,258.040273,464.472492,0.765861,0.001486
50.199980,4638.363233,15217.727144,4638.343492,15217.662377,30.256934,120.042043,9991.464963,4046.073192,226.699260,743.763978,0.704007,226.103621,741.809781,-0.051231,-0.168080,16.422682,53.880189,155.765870,511.042882,162.446263,532.960181,-27.216904,-89.294303,-0.010418,-0.001200,-0.000046,0.005095,0.192852,0.806988,0.072506,-0.000226,0.227818,0.001196,1.012882,0.959750,0.000000,0.000000,0.000000,5998.601351,4657.813541,8013.990806,549.132801,258.022622,464.440720,0.765638,0.001486
50.299980,4641.086984,15226.663333,4641.067231,15226.598528,30.257074,120.042212,10007.030891,4062.301548,226.732706,743.873708,0.704135,226.142424,741.937087,-0.059270,-0.194456,16.349942,53.641543,155.780413,511.090595,162.472244,533.045421,-27.257158,-89.426371,-0.012087,-0.002343,-0.000267,0.003971,0.192681,0.806974,0.072174,-0.000261,0.227348,0.001257,1.008523,0.958792,0.000000,0.000000,0.000000,5985.378697,4657.668270,8013.924900,549.128285,258.004944,464.408898,0.765415,0.001485
50.399980,4643.814513,15235.611919,4643.794749,15235.547076,30.257215,120.042380,10022.598330,4078.532454,226.766273,743.983836,0.704263,226.182584,742.068845,-0.065916,-0.216260,16.259675,53.345391,155.796312,511.142754,162.497956,533.129777,-27.292238,-89.541462,-0.013378,-0.003162,-0.000473,0.002692,0.192409,0.806937,0.071764,-0.000291,0.226839,0.001294,1.002677,0.957804,0.000000,0.000000,0.000000,5971.821385,4657.523315,8013.859137,549.123779,257.987240,464.377033,0.765191,0.001485
50.499980,4646.545245,15244.571013,4646.525469,15244.506131,30.257355,120.042549,10038.167431,4094.765889,226.800074,744.094732,0.704392,226.223515,742.203132,-0.071037,-0.233062,16.161377,53.022890,155.813839,511.200260,162.523472,533.213490,-27.321097,-89.636147,-0.014292,-0.003562,-0.000661,0.001299,0.192075,0.806881,0.071319,-0.000313,0.226288,0.001306,0.996070,0.956780,0.000000,0.000000,0.000000,5957.825489,4657.378684,8013.793521,549.119283,257.969517,464.345130,0.764967,0.001484
50.599980,4649.278536,15253.538503,4649.258748,15253.473583,30.257496,120.042718,10053.738363,4111.001832,226.834127,744.206453,0.704522,226.264502,742.337604,-0.074561,-0.244622,16.065206,52.707368,155.833109,511.263482,162.548760,533.296456,-27.343443,-89.709457,-0.014839,-0.003519,-0.000828,-0.000173,0.191721,0.806807,0.070883,-0.000329,0.225700,0.001291,0.989501,0.955717,0.000000,0.000000,0.000000,5943.364123,4657.234389,8013.728057,549.114797,257.951776,464.313197,0.764744,0.001484
50.699980,4652.013752,15262.512308,4651.993952,15262.447349,30.257636,120.042887,10069.311300,4127.240255,226.868356,744.318754,0.704653,226.304822,742.469889,-0.076483,-0.250928,15.980382,52.429075,155.854080,511.332283,162.573683,533.378224,-27.359724,-89.762875,-0.015035,-0.003077,-0.000971,-0.001686,0.191389,0.806717,0.070497,-0.000337,0.225081,0.001252,0.983708,0.954619,0.000000,0.000000,0.000000,5928.486098,4657.090438,8013.662749,549.110322,257.934023,464.281242,0.764520,0.001483
50.799980,4654.750335,15271.490601,4654.730524,15271.425604,30.257777,120.043055,10084.886404,4143.481110,226.902614,744.431150,0.704784,226.343853,742.597944,-0.076869,-0.252194,15.913852,52.210800,155.876580,511.406103,162.598018,533.458064,-27.371021,-89.799939,-0.014901,-0.002339,-0.001090,-0.003206,0.191117,0.806615,0.070193,-0.000339,0.224442,0.001191,0.979263,0.953496,0.000000,0.000000,0.000000,5913.303125,4656.946840,8013.597601,549.105858,257.916261,464.249271,0.764296,0.001483
50.899980,4657.487861,15280.471984,4657.468038,15280.406948,30.257917,120.043224,10100.463816,4159.724325,226.936709,744.543007,0.704914,226.381153,742.720317,-0.075836,-0.248806,15.869393,52.064937,155.900351,511.484090,162.621492,533.535079,-27.378836,-89.825577,-0.014465,-0.001444,-0.001182,-0.004700,0.190926,0.806502,0.069986,-0.000334,0.223794,0.001112,0.976496,0.952360,0.000000,0.000000,0.000000,5897.968394,4656.803600,8013.532615,549.101405,257.898494,464.217288,0.764071,0.001483
50.999980,4660.226063,15289.455587,4660.206228,15289.390512,30.258058,120.043393,10116.043645,4175.969797,226.970323,744.653292,0.705042,226.416400,742.835959,-0.073533,-0.241251,15.847268,51.992351,155.925016,511.565013,162.643747,533.608094,-27.384825,-89.845225,-0.013756,-0.000543,-0.001248,-0.006140,0.190827,0.806380,0.069878,-0.000324,0.222984,0.001018,0.975475,0.951231,0.000000,0.000000,0.000000,5882.716276,4656.660718,8013.467791,549.096964,257.880721,464.185298,0.763847,0.001482
51.099980,4662.964839,15298.441074,4662.944993,15298.375960,30.258198,120.043562,10131.625964,4192.217391,227.003296,744.761471,0.705169,226.449651,742.945050,-0.070118,-0.230047,15.844466,51.983155,155.950296,511.647953,162.664558,533.676372,-27.390567,-89.864066,-0.012808,0.000220,-0.001289,-0.007498,0.190812,0.806252,0.069855,-0.000309,0.222326,0.000912,0.975973,0.950122,0.000000,0.000000,0.000000,5867.725894,4656.518189,8013.403128,549.092533,257.862945,464.153302,0.763623,0.001482
51.199980,4665.704232,15307.428584,4665.684374,15307.363432,30.258339,120.043731,10147.210825,4208.466957,227.035597,744.867445,0.705294,226.481269,743.048783,-0.065743,-0.215693,15.855374,52.018944,155.976013,511.732327,162.683840,533.739633,-27.397334,-89.886267,-0.011654,0.000735,-0.001306,-0.008753,0.190862,0.806121,0.069893,-0.000290,0.221789,0.000798,0.977576,0.949036,0.000000,0.000000,0.000000,5853.028019,4656.376007,8013.338622,549.088113,257.845165,464.121298,0.763399,0.001481
51.299979,4668.444388,15316.418597,4668.424518,15316.353406,30.258479,120.043900,10162.798266,4224.718341,227.067214,744.971175,0.705416,226.511742,743.148761,-0.060545,-0.198639,15.872828,52.076206,156.002027,511.817673,162.701579,533.797830,-27.405908,-89.914397,-0.010333,0.000937,-0.001300,-0.009884,0.190950,0.805989,0.069961,-0.000267,0.221328,0.000677,0.979738,0.947974,0.000000,0.000000,0.000000,5838.639185,4656.234163,8013.274270,549.083703,257.827381,464.089285,0.763175,0.001481
51.399979,4671.185503,15325.411756,4671.165621,15325.346527,30.258620,120.044069,10178.388309,4240.971392,227.098150,745.072669,0.705537,226.541599,743.246716,-0.054651,-0.179301,15.889317,52.130306,156.028237,511.903664,162.717836,533.851168,-27.416505,-89.949163,-0.008881,0.000816,-0.001274,-0.010877,0.191043,0.805858,0.070024,-0.000241,0.220863,0.000552,0.981875,0.946936,0.000000,0.000000,0.000000,5824.560866,4656.092652,8013.210069,549.079304,257.809589,464.057261,0.762951,0.001480
51.499979,4673.927767,15334.408685,4673.907874,15334.343417,30.258761,120.044238,10193.980972,4257.225967,227.128387,745.171873,0.705655,226.571292,743.344133,-0.048181,-0.158075,15.898166,52.159336,156.054563,511.990035,162.732724,533.900013,-27.428784,-89.989449,-0.007337,0.000410,-0.001229,-0.011719,0.191110,0.805731,0.070054,-0.000212,0.220356,0.000425,0.983453,0.945923,0.000000,0.000000,0.000000,5810.814378,4655.951464,8013.146015,549.074915,257.791791,464.025224,0.762727,0.001480
51.599979,4676.671312,15343.409816,4676.651407,15343.344510,30.258901,120.044407,10209.576264,4273.481939,227.158024,745.269109,0.705772,226.601261,743.442458,-0.041264,-0.135380,15.894490,52.147277,156.081027,512.076860,162.746489,533.945173,-27.441965,-90.032694,-0.005739,-0.000200,-0.001167,-0.012403,0.191127,0.805610,0.070028,-0.000182,0.219865,0.000296,0.984064,0.944932,0.000000,0.000000,0.000000,5797.340602,4655.810593,8013.082105,549.070536,257.773984,463.993171,0.762503,0.001479
51.699979,4679.416176,15352.415276,4679.396259,15352.349931,30.259042,120.044576,10225.174204,4289.739213,227.187181,745.364766,0.705887,226.631800,743.542652,-0.034039,-0.111675,15.875801,52.085960,156.107681,512.164308,162.759427,533.987623,-27.454977,-90.075384,-0.004122,-0.000911,-0.001090,-0.012925,0.191076,0.805497,0.069937,-0.000150,0.219302,0.000169,0.983495,0.943952,0.000000,0.000000,0.000000,5784.040615,4655.670033,8013.018337,549.066166,257.756169,463.961104,0.762279,0.001479
51.799979,4682.162283,15361.424814,4682.142354,15361.359431,30.259183,120.044745,10240.774809,4305.997716,227.215862,745.458865,0.706000,226.662904,743.644698,-0.026661,-0.087472,15.842198,51.975715,156.134502,512.252305,162.771770,534.028118,-27.466633,-90.113625,-0.002520,-0.001609,-0.001001,-0.013283,0.190955,0.805393,0.069780,-0.000117,0.218593,0.000046,0.981731,0.942986,0.000000,0.000000,0.000000,5770.904022,4655.529780,8012.954708,549.061806,257.738345,463.929021,0.762054,0.001479
51.899979,4684.909442,15370.437803,4684.889502,15370.372380,30.259324,120.044914,10256.378095,4322.257402,227.244113,745.551553,0.706112,226.694436,743.748151,-0.019300,-0.063319,15.796175,51.824722,156.161486,512.340833,162.783768,534.067482,-27.475844,-90.143846,-0.000965,-0.002191,-0.000900,-0.013481,0.190768,0.805300,0.069568,-0.000085,0.217798,-0.000070,0.978941,0.942028,0.000000,0.000000,0.000000,5757.904138,4655.389832,8012.891217,549.057456,257.720515,463.896927,0.761830,0.001478
51.999979,4687.657364,15379.453295,4687.637412,15379.387833,30.259464,120.045083,10271.984078,4338.518248,227.271975,745.642963,0.706223,226.726131,743.852136,-0.012123,-0.039775,15.742048,51.647138,156.188606,512.429811,162.795644,534.106443,-27.481782,-90.163327,0.000518,-0.002580,-0.000791,-0.013525,0.190532,0.805218,0.069321,-0.000053,0.216940,-0.000176,0.975448,0.941079,0.000000,0.000000,0.000000,5745.009315,4655.250184,8012.827862,549.053115,257.702680,463.864824,0.761606,0.001478
52.099979,4690.405695,15388.470129,4690.385731,15388.404629,30.259605,120.045252,10287.592769,4354.780250,227.299474,745.733181,0.706333,226.757639,743.955508,-0.005294,-0.017369,15.685151,51.460470,156.215804,512.519041,162.807567,534.145562,-27.483986,-90.170557,0.001903,-0.002735,-0.000675,-0.013422,0.190267,0.805148,0.069061,-0.000023,0.216052,-0.000271,0.971659,0.940135,0.000000,0.000000,0.000000,5732.199943,4655.110834,8012.764643,549.048783,257.684842,463.832716,0.761381,0.001477
52.199979,4693.154056,15397.487062,4693.134080,15397.421523,30.259746,120.045421,10303.204171,4371.043420,227.326616,745.822232,0.706442,226.788589,744.057049,0.001050,0.003443,15.630949,51.282641,156.242980,512.608203,162.819650,534.185205,-27.482413,-90.165398,0.003174,-0.002653,-0.000557,-0.013184,0.189999,0.805090,0.068814,0.000005,0.215166,-0.000353,0.968004,0.939196,0.000000,0.000000,0.000000,5719.470009,4654.971781,8012.701558,549.044460,257.667004,463.800607,0.761157,0.001477
52.299979,4695.902085,15406.502903,4695.882097,15406.437325,30.259887,120.045590,10318.818275,4387.307776,227.353367,745.909996,0.706550,226.818620,744.155579,0.006798,0.022303,15.584182,51.129207,156.269987,512.696806,162.831927,534.225481,-27.477415,-90.149000,0.004313,-0.002367,-0.000438,-0.012822,0.189748,0.805044,0.068600,0.000030,0.214279,-0.000420,0.964863,0.938265,0.000000,0.000000,0.000000,5706.844292,4654.833022,8012.638607,549.040146,257.649168,463.768503,0.760933,0.001476
52.399979,4698.649469,15415.516630,4698.629469,15415.451014,30.260028,120.045759,10334.435055,4403.573337,227.379695,745.996374,0.706656,226.847479,744.250260,0.011877,0.038966,15.548202,51.011162,156.296662,512.784325,162.844394,534.266384,-27.469662,-90.123564,0.005309,-0.001939,-0.000322,-0.012351,0.189533,0.805009,0.068433,0.000052,0.213464,-0.000473,0.962513,0.937345,0.000000,0.000000,0.000000,5694.354763,4654.694553,8012.575788,549.035842,257.631337,463.736406,0.760709,0.001476
52.499979,4701.395976,15424.527479,4701.375964,15424.461824,30.260169,120.045928,10350.054472,4419.840121,227.405579,746.081296,0.706761,226.875043,744.340693,0.016246,0.053301,15.524557,50.933586,156.322848,512.870237,162.857028,534.307836,-27.460023,-90.091938,0.006153,-0.001447,-0.000211,-0.011785,0.189365,0.804985,0.068321,0.000071,0.212734,-0.000511,0.961092,0.936436,0.000000,0.000000,0.000000,5682.020279,4654.556372,8012.513099,549.031546,257.613511,463.704319,0.760485,0.001476
52.599979,4704.141463,15433.534982,4704.121439,15433.469289,30.260310,120.046097,10365.676467,4436.108143,227.430997,746.164689,0.706864,226.901319,744.426898,0.019894,0.065268,15.512889,50.895306,156.348391,512.954039,162.869790,534.349706,-27.449417,-90.057144,0.006840,-0.000976,-0.000106,-0.011140,0.189245,0.804971,0.068262,0.000087,0.212092,-0.000536,0.960592,0.935541,0.000000,0.000000,0.000000,5669.862036,4654.418475,8012.450539,549.027260,257.595691,463.672244,0.760261,0.001475
52.699979,4706.885876,15442.538964,4706.865841,15442.473232,30.260450,120.046266,10381.300970,4452.377413,227.455930,746.246490,0.706966,226.926429,744.509283,0.022828,0.074896,15.511133,50.889543,156.373156,513.035290,162.882642,534.391869,-27.438679,-90.021913,0.007368,-0.000596,-0.000009,-0.010431,0.189170,0.804967,0.068247,0.000100,0.211530,-0.000549,0.960869,0.934661,0.000000,0.000000,0.000000,5657.899129,4654.280856,8012.388106,549.022982,257.577879,463.640182,0.760037,0.001475
52.799979,4709.629237,15451.539490,4709.609190,15451.473719,30.260591,120.046436,10396.927897,4468.647940,227.480366,746.326661,0.707067,226.950593,744.588558,0.025071,0.082254,15.515956,50.905367,156.397043,513.113657,162.895558,534.434246,-27.428436,-89.988308,0.007737,-0.000363,0.000078,-0.009676,0.189126,0.804972,0.068261,0.000110,0.211029,-0.000551,0.961673,0.933798,0.000000,0.000000,0.000000,5646.144912,4654.143512,8012.325798,549.018712,257.560074,463.608132,0.759813,0.001474
52.899979,4712.371613,15460.536789,4712.351555,15460.470980,30.260732,120.046605,10412.557158,4484.919730,227.504305,746.405200,0.707165,226.974080,744.665618,0.026648,0.087428,15.523367,50.929683,156.419987,513.188935,162.908541,534.476840,-27.419038,-89.957472,0.007950,-0.000303,0.000155,-0.008889,0.189097,0.804986,0.068286,0.000117,0.210563,-0.000543,0.962699,0.932951,0.000000,0.000000,0.000000,5634.604545,4654.006437,8012.263611,549.014451,257.542274,463.576094,0.759590,0.001474
52.999979,4715.113095,15469.531152,4715.093025,15469.465304,30.260873,120.046774,10428.188657,4501.192790,227.527758,746.482144,0.707263,226.997177,744.741394,0.027586,0.090506,15.529374,50.949391,156.441972,513.261063,162.921617,534.519739,-27.410523,-89.929536,0.008014,-0.000413,0.000222,-0.008086,0.189067,0.805007,0.068306,0.000121,0.210108,-0.000526,0.963633,0.932121,0.000000,0.000000,0.000000,5623.274008,4653.869626,8012.201545,549.010198,257.524481,463.544066,0.759367,0.001473
53.099979,4717.853761,15478.522837,4717.833678,15478.456950,30.261014,120.046943,10443.822299,4517.467132,227.550746,746.557565,0.707359,227.020135,744.816717,0.027913,0.091579,15.530593,50.953388,156.463018,513.330111,162.934837,534.563113,-27.402644,-89.903689,0.007938,-0.000667,0.000278,-0.007282,0.189019,0.805034,0.068304,0.000123,0.209638,-0.000500,0.964205,0.931306,0.000000,0.000000,0.000000,5612.140640,4653.733074,8012.139596,549.005953,257.506693,463.512048,0.759143,0.001473
53.199979,4720.593651,15487.511979,4720.573557,15487.446054,30.261155,120.047112,10459.457993,4533.742774,227.573300,746.631560,0.707453,227.043144,744.892203,0.027658,0.090740,15.524717,50.934112,156.483181,513.396262,162.948269,534.607183,-27.394933,-89.878388,0.007731,-0.001015,0.000323,-0.006491,0.188941,0.805066,0.068272,0.000122,0.209134,-0.000468,0.964223,0.930505,0.000000,0.000000,0.000000,5601.184989,4653.596778,8012.077764,549.001716,257.488910,463.480039,0.758920,0.001473
53.299979,4723.332754,15496.498537,4723.312648,15496.432573,30.261297,120.047282,10475.095654,4550.019741,227.595453,746.704241,0.707546,227.066300,744.968176,0.026854,0.088103,15.510792,50.888427,156.502540,513.459777,162.961986,534.652185,-27.386787,-89.851662,0.007407,-0.001401,0.000358,-0.005725,0.188825,0.805103,0.068204,0.000118,0.208585,-0.000428,0.963598,0.929715,0.000000,0.000000,0.000000,5590.383617,4653.460733,8012.016045,548.997487,257.471133,463.448039,0.758697,0.001472
53.399979,4726.070994,15505.482265,4726.050877,15505.416263,30.261438,120.047451,10490.735206,4566.298064,227.617239,746.775718,0.707639,227.089607,745.044644,0.025544,0.083807,15.489254,50.817762,156.521187,513.520954,162.976052,534.698333,-27.377581,-89.821461,0.006979,-0.001763,0.000382,-0.004996,0.188672,0.805143,0.068102,0.000112,0.207991,-0.000383,0.962353,0.928936,0.000000,0.000000,0.000000,5579.712341,4653.324935,8011.954439,548.993266,257.453361,463.416049,0.758475,0.001472
53.499979,4728.808238,15514.462723,4728.788109,15514.396682,30.261579,120.047620,10506.376583,4582.577781,227.638689,746.846092,0.707730,227.112981,745.121329,0.023782,0.078023,15.461757,50.727548,156.539212,513.580092,162.990514,534.745781,-27.366768,-89.785984,0.006465,-0.002049,0.000395,-0.004313,0.188485,0.805185,0.067975,0.000104,0.207358,-0.000333,0.960604,0.928165,0.000000,0.000000,0.000000,5569.149388,4653.189383,8011.892945,548.989052,257.435595,463.384071,0.758252,0.001471
53.599979,4731.544303,15523.439313,4731.524161,15523.373233,30.261720,120.047789,10522.019726,4598.858934,227.659825,746.915438,0.707820,227.136270,745.197736,0.021629,0.070962,15.430829,50.626080,156.556697,513.637456,163.005392,534.794594,-27.353957,-89.743953,0.005878,-0.002222,0.000399,-0.003686,0.188275,0.805228,0.067832,0.000095,0.206701,-0.000280,0.958541,0.927400,0.000000,0.000000,0.000000,5558.677996,4653.054073,8011.831560,548.984846,257.417837,463.352106,0.758029,0.001471
53.699979,4734.278978,15532.411344,4734.258825,15532.345226,30.261861,120.047959,10537.664586,4615.141562,227.680663,746.983803,0.707909,227.159287,745.273253,0.019160,0.062862,15.399420,50.523030,156.573704,513.693254,163.020675,534.844733,-27.338968,-89.694778,0.005236,-0.002267,0.000392,-0.003119,0.188054,0.805271,0.067688,0.000084,0.206036,-0.000225,0.956392,0.926641,0.000000,0.000000,0.000000,5548.288084,4652.919004,8011.770285,548.980647,257.400088,463.320158,0.757807,0.001470
53.799978,4737.012046,15541.378104,4736.991882,15541.311948,30.262002,120.048128,10553.311117,4631.425705,227.701207,747.051203,0.707997,227.181843,745.347254,0.016453,0.053980,15.370411,50.427858,156.590278,513.747631,163.036318,534.896057,-27.321848,-89.638609,0.004554,-0.002186,0.000378,-0.002619,0.187833,0.805312,0.067554,0.000072,0.205383,-0.000169,0.954383,0.925888,0.000000,0.000000,0.000000,5537.976827,4652.784174,8011.709118,548.976456,257.382349,463.288229,0.757585,0.001470
53.899978,4739.743306,15550.338929,4739.723129,15550.272734,30.262143,120.048297,10568.959276,4647.711395,227.721453,747.117628,0.708085,227.203773,745.419203,0.013587,0.044576,15.346187,50.348381,156.606443,513.800666,163.052252,534.948332,-27.302847,-89.576269,0.003849,-0.002003,0.000355,-0.002189,0.187626,0.805351,0.067441,0.000060,0.204758,-0.000115,0.952707,0.925141,0.000000,0.000000,0.000000,5527.748111,4652.649580,8011.648058,548.972272,257.364623,463.256321,0.757363,0.001470
53.999978,4742.472588,15559.293266,4742.452400,15559.227033,30.262284,120.048466,10584.609024,4663.998658,227.741392,747.183044,0.708171,227.224965,745.488730,0.010638,0.034902,15.328300,50.289699,156.622208,513.852390,163.068383,535.001258,-27.282371,-89.509090,0.003134,-0.001755,0.000326,-0.001830,0.187440,0.805388,0.067357,0.000047,0.204173,-0.000062,0.951494,0.924401,0.000000,0.000000,0.000000,5517.611054,4652.515221,8011.587105,548.968096,257.346909,463.224436,0.757141,0.001469
54.099978,4745.199768,15568.240709,4745.179569,15568.174437,30.262426,120.048636,10600.260321,4680.287507,227.761010,747.247410,0.708256,227.245370,745.555675,0.007677,0.025187,15.317301,50.253612,156.637576,513.902807,163.084612,535.054501,-27.260910,-89.438681,0.002424,-0.001484,0.000291,-0.001543,0.187281,0.805421,0.067302,0.000034,0.203633,-0.000012,0.950796,0.923668,0.000000,0.000000,0.000000,5507.577843,4652.381094,8011.526257,548.963926,257.329209,463.192575,0.756919,0.001469
54.199978,4747.924775,15577.181019,4747.904563,15577.114709,30.262567,120.048805,10615.913127,4696.577947,227.780295,747.310679,0.708341,227.265007,745.620101,0.004764,0.015631,15.312724,50.238596,156.652545,513.951918,163.100834,535.107722,-27.238963,-89.366676,0.001731,-0.001235,0.000251,-0.001328,0.187148,0.805451,0.067277,0.000021,0.203139,0.000034,0.950589,0.922945,0.000000,0.000000,0.000000,5497.661471,4652.247196,8011.465514,548.959764,257.311522,463.160740,0.756698,0.001468
54.299978,4750.647580,15586.114109,4750.627357,15586.047760,30.262708,120.048974,10631.567402,4712.869973,227.799235,747.372817,0.708424,227.283955,745.682266,0.001952,0.006405,15.313237,50.240277,156.667122,513.999746,163.116955,535.160614,-27.216961,-89.294491,0.001067,-0.001045,0.000209,-0.001181,0.187037,0.805476,0.067273,0.000009,0.202684,0.000076,0.950777,0.922232,0.000000,0.000000,0.000000,5487.873234,4652.113526,8011.404873,548.955609,257.293851,463.128931,0.756477,0.001468
54.399978,4753.368197,15595.040015,4753.347962,15594.973628,30.262849,120.049144,10647.223109,4729.163571,227.817822,747.433799,0.708506,227.302337,745.742576,-0.000716,-0.002350,15.316905,50.252314,156.681327,514.046349,163.132897,535.212917,-27.195212,-89.223138,0.000442,-0.000939,0.000165,-0.001100,0.186942,0.805497,0.067284,-0.000003,0.202254,0.000113,0.951214,0.921530,0.000000,0.000000,0.000000,5478.221066,4651.980079,8011.344334,548.951461,257.276193,463.097147,0.756256,0.001467
54.499978,4756.086658,15603.958850,4756.066411,15603.892425,30.262990,120.049313,10662.880210,4745.458718,227.836044,747.493582,0.708587,227.320288,745.801471,-0.003206,-0.010518,15.321535,50.267505,156.695183,514.091809,163.148593,535.264413,-27.173866,-89.153103,-0.000134,-0.000927,0.000119,-0.001079,0.186853,0.805513,0.067299,-0.000014,0.201823,0.000145,0.951734,0.920840,0.000000,0.000000,0.000000,5468.717256,4651.846852,8011.283895,548.947319,257.258549,463.065389,0.756035,0.001467
54.599978,4758.803004,15612.870748,4758.782746,15612.804284,30.263132,120.049483,10678.538674,4761.755390,227.853903,747.552176,0.708667,227.337953,745.859425,-0.005487,-0.018003,15.325026,50.278958,156.708737,514.136277,163.164005,535.314978,-27.152906,-89.084338,-0.000655,-0.001004,0.000074,-0.001115,0.186761,0.805525,0.067309,-0.000024,0.201396,0.000173,0.952169,0.920161,0.000000,0.000000,0.000000,5459.364930,4651.713842,8011.223555,548.943185,257.240920,463.033655,0.755815,0.001467
54.699978,4761.517268,15621.775812,4761.496998,15621.709310,30.263273,120.049652,10694.198473,4778.053556,227.871414,747.609626,0.708746,227.355459,745.916860,-0.007535,-0.024721,15.325681,50.281107,156.722051,514.179959,163.179120,535.364566,-27.132172,-89.016311,-0.001114,-0.001152,0.000029,-0.001201,0.186658,0.805532,0.067307,-0.000033,0.200960,0.000195,0.952383,0.919494,0.000000,0.000000,0.000000,5450.156343,4651.581046,8011.163312,548.939057,257.223303,463.001946,0.755594,0.001466
54.799978,4764.229458,15630.674075,4764.209177,15630.607535,30.263414,120.049822,10709.859586,4794.353186,227.888594,747.665990,0.708823,227.372897,745.974070,-0.009328,-0.030605,15.322435,50.270456,156.735196,514.223084,163.193940,535.413188,-27.111391,-88.948135,-0.001506,-0.001344,-0.000013,-0.001331,0.186537,0.805535,0.067287,-0.000041,0.200506,0.000212,0.952287,0.918837,0.000000,0.000000,0.000000,5441.080466,4651.448460,8011.103164,548.934935,257.205700,462.970261,0.755374,0.001466
54.899978,4766.939555,15639.565468,4766.919262,15639.498890,30.263556,120.049991,10725.522001,4810.654253,227.905463,747.721334,0.708900,227.390307,746.031190,-0.010850,-0.035598,15.314967,50.245953,156.748242,514.265886,163.208478,535.460886,-27.090240,-88.878740,-0.001830,-0.001546,-0.000054,-0.001498,0.186397,0.805533,0.067249,-0.000048,0.200030,0.000225,0.951848,0.918190,0.000000,0.000000,0.000000,5432.124366,4651.316082,8011.043110,548.930820,257.188111,462.938600,0.755154,0.001465
54.999978,4769.647504,15648.449816,4769.627199,15648.383199,30.263697,120.050161,10741.185711,4826.956727,227.922040,747.775720,0.708976,227.407680,746.088190,-0.012088,-0.039658,15.303692,50.208962,156.761256,514.308583,163.222752,535.507717,-27.068393,-88.807063,-0.002084,-0.001728,-0.000092,-0.001694,0.186238,0.805527,0.067195,-0.000053,0.199534,0.000232,0.951093,0.917551,0.000000,0.000000,0.000000,5423.275095,4651.183908,8010.983149,548.926712,257.170536,462.906965,0.754935,0.001465
55.099978,4772.353222,15657.326844,4772.332906,15657.260189,30.263838,120.050330,10756.850715,4843.260585,227.938342,747.829205,0.709051,227.424964,746.144896,-0.013033,-0.042761,15.289642,50.162867,156.774292,514.351352,163.236778,535.553732,-27.045580,-88.732216,-0.002267,-0.001863,-0.000126,-0.001913,0.186062,0.805518,0.067128,-0.000057,0.199020,0.000234,0.950095,0.916920,0.000000,0.000000,0.000000,5414.521216,4651.051936,8010.923281,548.922609,257.152975,462.875355,0.754715,0.001464
55.199978,4775.056603,15666.196203,4775.036275,15666.129510,30.263979,120.050500,10772.517018,4859.565802,227.954382,747.881831,0.709125,227.442074,746.201031,-0.013686,-0.044901,15.274260,50.112400,156.787390,514.394324,163.250563,535.598961,-27.021623,-88.653620,-0.002382,-0.001934,-0.000156,-0.002149,0.185875,0.805506,0.067056,-0.000060,0.198498,0.000232,0.948965,0.916295,0.000000,0.000000,0.000000,5405.854154,4650.920165,8010.863503,548.918513,257.135429,462.843773,0.754496,0.001464
55.299978,4777.757528,15675.057505,4777.737188,15674.990774,30.264121,120.050669,10788.184627,4875.872353,227.970168,747.933623,0.709198,227.458910,746.256268,-0.014049,-0.046093,15.259146,50.062816,156.800571,514.437569,163.264110,535.643404,-26.996465,-88.571079,-0.002432,-0.001935,-0.000183,-0.002393,0.185684,0.805491,0.066985,-0.000062,0.197977,0.000225,0.947825,0.915676,0.000000,0.000000,0.000000,5397.268884,4650.788592,8010.803815,548.914423,257.117900,462.812220,0.754277,0.001464
55.399978,4780.455878,15683.910362,4780.435527,15683.843594,30.264262,120.050839,10803.853551,4892.180214,227.985704,747.984594,0.709270,227.475376,746.310288,-0.014135,-0.046373,15.245804,50.019042,156.813839,514.481097,163.277407,535.687031,-26.970164,-88.484790,-0.002419,-0.001871,-0.000204,-0.002639,0.185497,0.805473,0.066922,-0.000062,0.197468,0.000214,0.946794,0.915063,0.000000,0.000000,0.000000,5388.764115,4650.657216,8010.744216,548.910339,257.100387,462.780696,0.754059,0.001463
55.499978,4783.151549,15692.754425,4783.131186,15692.687618,30.264404,120.051008,10819.523798,4908.489361,228.000989,748.034740,0.709342,227.491391,746.362830,-0.013958,-0.045796,15.235414,49.984953,156.827180,514.524870,163.290438,535.729785,-26.942886,-88.395295,-0.002350,-0.001756,-0.000222,-0.002882,0.185318,0.805453,0.066872,-0.000061,0.196978,0.000200,0.945969,0.914457,0.000000,0.000000,0.000000,5380.341885,4650.526034,8010.684706,548.906262,257.082891,462.749204,0.753840,0.001463
55.599978,4785.844452,15701.589409,4785.824078,15701.522565,30.264545,120.051178,10835.195374,4924.799764,228.016018,748.084047,0.709413,227.506904,746.413728,-0.013542,-0.044429,15.228678,49.962854,156.840572,514.568805,163.303182,535.771593,-26.914869,-88.303376,-0.002230,-0.001612,-0.000234,-0.003117,0.185153,0.805432,0.066838,-0.000059,0.196512,0.000183,0.945409,0.913857,0.000000,0.000000,0.000000,5372.006694,4650.395045,8010.625283,548.902190,257.065414,462.717745,0.753622,0.001462
55.699978,4788.534528,15710.415118,4788.514142,15710.348235,30.264686,120.051347,10850.868283,4941.111394,228.030786,748.132499,0.709483,227.521902,746.462932,-0.012910,-0.042355,15.225747,49.953239,156.853981,514.612799,163.315615,535.812384,-26.886388,-88.209934,-0.002064,-0.001461,-0.000242,-0.003337,0.185002,0.805410,0.066820,-0.000057,0.196075,0.000163,0.945131,0.913265,0.000000,0.000000,0.000000,5363.764352,4650.264246,8010.565946,548.898124,257.047955,462.686318,0.753405,0.001462
55.799978,4791.221744,15719.231443,4791.201347,15719.164523,30.264828,120.051517,10866.542524,4957.424220,228.045288,748.180078,0.709552,227.536403,746.510509,-0.012088,-0.039660,15.226241,49.954857,156.867374,514.656739,163.327719,535.852096,-26.857709,-88.115844,-0.001860,-0.001328,-0.000245,-0.003538,0.184866,0.805387,0.066818,-0.000053,0.195663,0.000142,0.945111,0.912681,0.000000,0.000000,0.000000,5355.620694,4650.133636,8010.506695,548.894064,257.030514,462.654925,0.753187,0.001461
55.899978,4793.906092,15728.038359,4793.885683,15727.971400,30.264969,120.051687,10882.218095,4973.738208,228.059520,748.226773,0.709621,227.550460,746.556628,-0.011107,-0.036439,15.229339,49.965024,156.880717,514.700517,163.339484,535.890697,-26.829056,-88.021837,-0.001624,-0.001231,-0.000244,-0.003718,0.184741,0.805364,0.066828,-0.000049,0.195274,0.000119,0.945291,0.912105,0.000000,0.000000,0.000000,5347.580574,4650.003211,8010.447529,548.890010,257.013092,462.623566,0.752970,0.001461
55.999978,4796.587582,15736.835899,4796.567162,15736.768903,30.265110,120.051856,10897.894989,4990.053323,228.073483,748.272581,0.709688,227.564146,746.601528,-0.009993,-0.032785,15.233945,49.980136,156.893984,514.744043,163.350911,535.928187,-26.800578,-87.928406,-0.001363,-0.001181,-0.000239,-0.003873,0.184624,0.805341,0.066844,-0.000044,0.194901,0.000096,0.945586,0.911537,0.000000,0.000000,0.000000,5339.646781,4649.872970,8010.388445,548.885961,256.995689,462.592239,0.752753,0.001461
56.099978,4799.266236,15745.624135,4799.245804,15745.557101,30.265252,120.052026,10913.573198,5006.369533,228.087177,748.317511,0.709755,227.577541,746.645476,-0.008776,-0.028793,15.238869,49.996290,156.907154,514.787251,163.362013,535.964609,-26.772339,-87.835757,-0.001084,-0.001181,-0.000231,-0.004001,0.184510,0.805319,0.066861,-0.000038,0.194537,0.000072,0.945907,0.910978,0.000000,0.000000,0.000000,5331.819659,4649.742910,8010.329444,548.881919,256.978304,462.560946,0.752536,0.001460
56.199978,4801.942078,15754.403142,4801.921634,15754.336071,30.265393,120.052195,10929.252710,5022.686806,228.100609,748.361580,0.709820,227.590726,746.688733,-0.007485,-0.024556,15.243014,50.009890,156.920214,514.830100,163.372813,536.000043,-26.744313,-87.743809,-0.000794,-0.001228,-0.000219,-0.004101,0.184393,0.805298,0.066876,-0.000033,0.194174,0.000048,0.946165,0.910427,0.000000,0.000000,0.000000,5324.097063,4649.613029,8010.270524,548.877881,256.960937,462.529686,0.752320,0.001460
56.299977,4804.615124,15763.172978,4804.594669,15763.105868,30.265535,120.052365,10944.933515,5039.005113,228.113788,748.404816,0.709885,227.603765,746.731511,-0.006147,-0.020169,15.245540,50.018174,156.933159,514.872570,163.383346,536.034599,-26.716401,-87.652234,-0.000499,-0.001310,-0.000205,-0.004170,0.184271,0.805279,0.066883,-0.000027,0.193805,0.000025,0.946294,0.909885,0.000000,0.000000,0.000000,5316.474699,4649.483324,8010.211685,548.873849,256.943588,462.498459,0.752104,0.001459
56.399977,4807.285378,15771.933653,4807.264911,15771.866506,30.265676,120.052535,10960.615602,5055.324431,228.126722,748.447252,0.709950,227.616700,746.773950,-0.004791,-0.015720,15.245964,50.019566,156.945987,514.914656,163.393651,536.068409,-26.688451,-87.560534,-0.000206,-0.001410,-0.000188,-0.004211,0.184139,0.805261,0.066881,-0.000021,0.193428,0.000003,0.946253,0.909349,0.000000,0.000000,0.000000,5308.946737,4649.353793,8010.152924,548.869823,256.926258,462.467264,0.751888,0.001459
56.499977,4809.952827,15780.685129,4809.932350,15780.617945,30.265818,120.052704,10976.298957,5071.644738,228.139424,748.488924,0.710013,227.629547,746.816100,-0.003443,-0.011295,15.244212,50.013819,156.958699,514.956360,163.403772,536.101615,-26.660289,-87.468139,0.000079,-0.001513,-0.000169,-0.004221,0.183996,0.805245,0.066870,-0.000015,0.193039,-0.000018,0.946031,0.908821,0.000000,0.000000,0.000000,5301.506689,4649.224434,8010.094241,548.865802,256.908946,462.436102,0.751672,0.001458
56.599977,4812.617443,15789.427308,4812.596954,15789.360086,30.265959,120.052874,10991.983571,5087.966018,228.151903,748.529865,0.710076,227.642296,746.857927,-0.002127,-0.006978,15.240597,50.001957,156.971293,514.997680,163.413751,536.134353,-26.631748,-87.374502,0.000353,-0.001600,-0.000149,-0.004203,0.183844,0.805231,0.066850,-0.000009,0.192640,-0.000037,0.945650,0.908299,0.000000,0.000000,0.000000,5294.148348,4649.095245,8010.035636,548.861786,256.891652,462.404973,0.751457,0.001458
56.699977,4815.279181,15798.160042,4815.258680,15798.092782,30.266101,120.053044,11007.669430,5104.288258,228.164167,748.570102,0.710138,227.654913,746.899321,-0.000866,-0.002842,15.235737,49.986013,156.983767,515.038605,163.423623,536.166742,-26.602698,-87.279194,0.000609,-0.001659,-0.000128,-0.004159,0.183685,0.805219,0.066825,-0.000004,0.192234,-0.000054,0.945156,0.907783,0.000000,0.000000,0.000000,5286.866503,4648.966225,8009.977107,548.857776,256.874377,462.373878,0.751242,0.001458
56.799977,4817.937984,15806.883150,4817.917472,15806.815853,30.266242,120.053213,11023.356523,5120.611451,228.176223,748.609654,0.710199,227.667350,746.940124,0.000319,0.001046,15.230442,49.968642,156.996111,515.079104,163.433418,536.198878,-26.573062,-87.181963,0.000845,-0.001682,-0.000106,-0.004089,0.183521,0.805209,0.066798,0.000001,0.191823,-0.000069,0.944609,0.907273,0.000000,0.000000,0.000000,5279.657653,4648.837371,8009.918653,548.853770,256.857121,462.342817,0.751027,0.001457
56.899977,4820.593794,15815.596437,4820.573270,15815.529102,30.266384,120.053383,11039.044836,5136.935588,228.188067,748.648515,0.710260,227.679547,746.980140,0.001411,0.004630,15.225573,49.952668,157.008307,515.119117,163.443152,536.230815,-26.542827,-87.082764,0.001056,-0.001668,-0.000084,-0.003996,0.183357,0.805201,0.066773,0.000006,0.191409,-0.000082,0.944077,0.906769,0.000000,0.000000,0.000000,5272.524057,4648.708682,8009.860275,548.849770,256.839884,462.311791,0.750813,0.001457
56.999977,4823.246552,15824.299711,4823.226017,15824.232339,30.266525,120.053553,11054.734352,5153.260664,228.199701,748.686683,0.710320,227.691452,747.019198,0.002396,0.007862,15.221906,49.940637,157.020335,515.158579,163.452836,536.262586,-26.512041,-86.981763,0.001242,-0.001620,-0.000062,-0.003883,0.183195,0.805196,0.066754,0.000011,0.191003,-0.000093,0.943620,0.906271,0.000000,0.000000,0.000000,5265.468088,4648.580156,8009.801970,548.845775,256.822667,462.280801,0.750598,0.001456
57.099977,4825.896208,15832.992808,4825.875662,15832.925399,30.266667,120.053723,11070.425055,5169.586675,228.211124,748.724159,0.710379,227.703026,747.057171,0.003264,0.010710,15.220020,49.934447,157.032172,515.197415,163.462474,536.294207,-26.480811,-86.879300,0.001398,-0.001547,-0.000041,-0.003752,0.183040,0.805193,0.066742,0.000014,0.190610,-0.000101,0.943287,0.905779,0.000000,0.000000,0.000000,5258.490945,4648.451792,8009.743739,548.841785,256.805471,462.249847,0.750384,0.001456
57.199977,4828.542724,15841.675605,4828.522167,15841.608158,30.266808,120.053892,11086.116923,5185.913616,228.222334,748.760937,0.710438,227.714247,747.093987,0.004008,0.013150,15.220220,49.935106,157.043794,515.235544,163.472066,536.325675,-26.449273,-86.775828,0.001526,-0.001461,-0.000021,-0.003607,0.182893,0.805192,0.066740,0.000018,0.190233,-0.000107,0.943104,0.905294,0.000000,0.000000,0.000000,5251.594963,4648.323587,8009.685580,548.837800,256.788294,462.218930,0.750171,0.001456
57.299977,4831.186078,15850.348025,4831.165509,15850.280541,30.266950,120.054062,11101.809934,5202.241482,228.233329,748.797012,0.710496,227.725114,747.129639,0.004623,0.015168,15.222516,49.942638,157.055177,515.272891,163.481606,536.356975,-26.417579,-86.671846,0.001623,-0.001375,-0.000002,-0.003450,0.182754,0.805192,0.066747,0.000020,0.189873,-0.000110,0.943075,0.904815,0.000000,0.000000,0.000000,5244.782969,4648.195539,8009.627493,548.833820,256.771139,462.188049,0.749958,0.001455
57.399977,4833.826260,15859.010040,4833.805680,15858.942519,30.267091,120.054232,11117.504063,5218.570268,228.244109,748.832379,0.710553,227.735643,747.164182,0.005109,0.016761,15.226635,49.956153,157.066301,515.309386,163.491089,536.388088,-26.385872,-86.567822,0.001691,-0.001301,0.000015,-0.003284,0.182624,0.805195,0.066762,0.000022,0.189528,-0.000111,0.943181,0.904344,0.000000,0.000000,0.000000,5238.057621,4648.067648,8009.569477,548.829844,256.754003,462.157206,0.749745,0.001455
57.499977,4836.463276,15867.661668,4836.442684,15867.594109,30.267233,120.054402,11133.199284,5234.899967,228.254673,748.867037,0.710610,227.745865,747.197720,0.005466,0.017933,15.232090,49.974048,157.077150,515.344979,163.500512,536.419002,-26.354267,-86.464130,0.001729,-0.001248,0.000031,-0.003112,0.182500,0.805199,0.066783,0.000024,0.189197,-0.000111,0.943387,0.903880,0.000000,0.000000,0.000000,5231.420841,4647.939910,8009.511530,548.825874,256.736889,462.126400,0.749532,0.001454
57.599977,4839.097140,15876.302953,4839.076537,15876.235357,30.267375,120.054572,11148.895568,5251.230575,228.265022,748.900989,0.710666,227.755824,747.230394,0.005698,0.018694,15.238263,49.994303,157.087715,515.379641,163.509872,536.449712,-26.322836,-86.361011,0.001740,-0.001221,0.000044,-0.002938,0.182380,0.805205,0.066807,0.000025,0.188875,-0.000108,0.943646,0.903423,0.000000,0.000000,0.000000,5224.873397,4647.812324,8009.453652,548.821908,256.719795,462.095631,0.749320,0.001454
57.699977,4841.727871,15884.933959,4841.707256,15884.866326,30.267516,120.054741,11164.592887,5267.562083,228.275158,748.934246,0.710721,227.765565,747.262352,0.005810,0.019061,15.244514,50.014811,157.097993,515.413364,163.519173,536.480226,-26.291604,-86.258545,0.001724,-0.001222,0.000056,-0.002763,0.182262,0.805212,0.066831,0.000025,0.188559,-0.000104,0.943909,0.902973,0.000000,0.000000,0.000000,5218.414700,4647.684887,8009.395842,548.817946,256.702721,462.064898,0.749108,0.001454
57.799977,4844.355487,15893.554749,4844.334862,15893.487079,30.267658,120.054911,11180.291213,5283.894488,228.285088,748.966823,0.710775,227.775131,747.293737,0.005809,0.019057,15.250275,50.033709,157.107991,515.446164,163.528419,536.510562,-26.260551,-86.156662,0.001684,-0.001246,0.000065,-0.002591,0.182142,0.805220,0.066853,0.000025,0.188245,-0.000098,0.944131,0.902530,0.000000,0.000000,0.000000,5212.042831,4647.557599,8009.338100,548.813990,256.685668,462.034202,0.748896,0.001453
57.899977,4846.980005,15902.165372,4846.959368,15902.097665,30.267799,120.055081,11195.990517,5300.227784,228.294816,748.998739,0.710829,227.784556,747.324658,0.005702,0.018708,15.255129,50.049635,157.117717,515.478075,163.537620,536.540748,-26.229615,-86.055166,0.001621,-0.001288,0.000073,-0.002424,0.182020,0.805228,0.066872,0.000025,0.187930,-0.000092,0.944278,0.902094,0.000000,0.000000,0.000000,5205.754770,4647.430456,8009.280423,548.810038,256.668634,462.003542,0.748684,0.001453
57.999977,4849.601432,15910.765853,4849.580784,15910.698109,30.267941,120.055251,11211.690774,5316.561967,228.304349,749.030017,0.710882,227.793860,747.355185,0.005500,0.018046,15.258865,50.061895,157.127187,515.509144,163.546783,536.570812,-26.198713,-85.953782,0.001539,-0.001337,0.000079,-0.002264,0.181892,0.805238,0.066885,0.000024,0.187611,-0.000083,0.944333,0.901665,0.000000,0.000000,0.000000,5199.546783,4647.303457,8009.222812,548.806090,256.651621,461.972918,0.748473,0.001452
58.099977,4852.219766,15919.356189,4852.199107,15919.288408,30.268083,120.055421,11227.391958,5332.897033,228.313695,749.060680,0.710935,227.803051,747.385339,0.005214,0.017105,15.261493,50.070517,157.136417,515.539427,163.555919,536.600783,-26.167753,-85.852207,0.001441,-0.001385,0.000082,-0.002113,0.181760,0.805248,0.066894,0.000023,0.187288,-0.000075,0.944293,0.901241,0.000000,0.000000,0.000000,5193.414894,4647.176600,8009.165265,548.802147,256.634628,461.942330,0.748262,0.001452
58.199977,4854.834998,15927.936346,4854.814327,15927.868528,30.268224,120.055590,11243.094048,5349.232980,228.322860,749.090749,0.710987,227.812121,747.415096,0.004854,0.015925,15.263222,50.076188,157.145425,515.568980,163.565031,536.630680,-26.136650,-85.750163,0.001329,-0.001424,0.000084,-0.001973,0.181623,0.805258,0.066899,0.000021,0.186962,-0.000065,0.944174,0.900824,0.000000,0.000000,0.000000,5187.355363,4647.049884,8009.107783,548.798208,256.617655,461.911778,0.748052,0.001451
58.299977,4857.447110,15936.506266,4857.426428,15936.438411,30.268366,120.055760,11258.797020,5365.569806,228.331850,749.120244,0.711039,227.821051,747.444394,0.004434,0.014546,15.264415,50.080101,157.154226,515.597856,163.574124,536.660513,-26.105341,-85.647445,0.001206,-0.001445,0.000084,-0.001844,0.181483,0.805269,0.066902,0.000019,0.186634,-0.000055,0.944002,0.900412,0.000000,0.000000,0.000000,5181.365100,4646.923307,8009.050363,548.794274,256.600702,461.881263,0.747841,0.001451
58.399977,4860.056079,15945.065875,4860.035386,15944.997984,30.268508,120.055930,11274.500855,5381.907509,228.340669,749.149176,0.711090,227.829816,747.473149,0.003966,0.013012,15.265520,50.083726,157.162834,515.626097,163.583195,536.690274,-26.073795,-85.543946,0.001076,-0.001447,0.000082,-0.001727,0.181342,0.805279,0.066904,0.000017,0.186308,-0.000045,0.943812,0.900005,0.000000,0.000000,0.000000,5175.441948,4646.796867,8008.993006,548.790343,256.583769,461.850785,0.747631,0.001451
58.499977,4862.661881,15953.615096,4862.641177,15953.547168,30.268649,120.056100,11290.205535,5398.246086,228.349319,749.177556,0.711140,227.838386,747.501268,0.003464,0.011366,15.266997,50.088572,157.171259,515.653738,163.592238,536.719941,-26.042014,-85.439677,0.000941,-0.001429,0.000079,-0.001624,0.181201,0.805289,0.066908,0.000015,0.185985,-0.000035,0.943638,0.899604,0.000000,0.000000,0.000000,5169.584855,4646.670563,8008.935710,548.786417,256.566858,461.820344,0.747422,0.001450
58.599977,4865.264495,15962.153855,4865.243780,15962.085891,30.268791,120.056270,11305.911042,5414.585535,228.357802,749.205388,0.711190,227.846738,747.528668,0.002941,0.009650,15.269244,50.095945,157.179508,515.680802,163.601241,536.749480,-26.010033,-85.334755,0.000804,-0.001394,0.000075,-0.001535,0.181063,0.805298,0.066915,0.000013,0.185668,-0.000026,0.943514,0.899208,0.000000,0.000000,0.000000,5163.793771,4646.544394,8008.878475,548.782496,256.549966,461.789940,0.747212,0.001450
58.699977,4867.863904,15970.682099,4867.843177,15970.614097,30.268933,120.056440,11321.617358,5430.925850,228.366119,749.232673,0.711239,227.854852,747.555289,0.002410,0.007907,15.272543,50.106768,157.187587,515.707306,163.610191,536.778842,-25.977917,-85.229386,0.000667,-0.001346,0.000069,-0.001460,0.180930,0.805307,0.066927,0.000011,0.185361,-0.000016,0.943462,0.898818,0.000000,0.000000,0.000000,5158.069534,4646.418357,8008.821301,548.778578,256.533096,461.759573,0.747003,0.001449
58.799976,4870.460097,15979.199793,4870.439359,15979.131755,30.269074,120.056610,11337.324466,5447.267026,228.374268,749.259410,0.711288,227.862719,747.581101,0.001882,0.006173,15.277022,50.121463,157.195497,515.733258,163.619071,536.807976,-25.945743,-85.123829,0.000534,-0.001293,0.000063,-0.001398,0.180801,0.805316,0.066945,0.000008,0.185063,-0.000008,0.943493,0.898433,0.000000,0.000000,0.000000,5152.413478,4646.292452,8008.764187,548.774664,256.516247,461.729244,0.746794,0.001449
58.899976,4873.053073,15987.706933,4873.032324,15987.638859,30.269216,120.056780,11353.032350,5463.609054,228.382250,749.285595,0.711336,227.870341,747.606107,0.001367,0.004485,15.282650,50.139926,157.203242,515.758668,163.627865,536.836828,-25.913595,-85.018355,0.000406,-0.001241,0.000056,-0.001349,0.180678,0.805324,0.066967,0.000006,0.184775,0.000000,0.943608,0.898054,0.000000,0.000000,0.000000,5146.827247,4646.166677,8008.707131,548.770755,256.499418,461.698953,0.746586,0.001449
58.999976,4875.642839,15996.203541,4875.622079,15996.135430,30.269358,120.056950,11368.740994,5479.951925,228.390063,749.311229,0.711384,227.877730,747.630346,0.000876,0.002874,15.289249,50.161577,157.210824,515.783545,163.636557,536.865346,-25.881548,-84.913215,0.000285,-0.001197,0.000048,-0.001313,0.180559,0.805331,0.066994,0.000004,0.184496,0.000008,0.943793,0.897680,0.000000,0.000000,0.000000,5141.312294,4646.041030,8008.650134,548.766849,256.482610,461.668699,0.746378,0.001448
59.099976,4878.229408,16004.689660,4878.208637,16004.621513,30.269500,120.057119,11384.450380,5496.295629,228.397708,749.336312,0.711431,227.884903,747.653882,0.000416,0.001366,15.296534,50.185480,157.218249,515.807904,163.645135,536.893487,-25.849662,-84.808602,0.000173,-0.001166,0.000041,-0.001289,0.180445,0.805337,0.067023,0.000002,0.184226,0.000014,0.944029,0.897313,0.000000,0.000000,0.000000,5135.869596,4645.915509,8008.593194,548.762948,256.465823,461.638482,0.746170,0.001448
59.199976,4880.812799,16013.165349,4880.792016,16013.097165,30.269641,120.057289,11400.160495,5512.640153,228.405187,749.360848,0.711477,227.891886,747.676792,-0.000005,-0.000016,15.304165,50.210514,157.225522,515.831765,163.653588,536.921221,-25.817971,-84.704630,0.000071,-0.001148,0.000033,-0.001276,0.180333,0.805342,0.067055,-0.000000,0.183961,0.000019,0.944288,0.896952,0.000000,0.000000,0.000000,5130.499613,4645.790114,8008.536311,548.759050,256.449057,461.608303,0.745962,0.001447
59.299976,4883.393030,16021.630675,4883.372236,16021.562454,30.269783,120.057459,11415.871322,5528.985485,228.412499,749.384839,0.711523,227.898703,747.699155,-0.000382,-0.001254,15.311796,50.235550,157.232651,515.855154,163.661909,536.948520,-25.786485,-84.601328,-0.000019,-0.001146,0.000025,-0.001272,0.180222,0.805347,0.067086,-0.000002,0.183697,0.000023,0.944546,0.896596,0.000000,0.000000,0.000000,5125.202672,4645.664842,8008.479484,548.755156,256.432311,461.578161,0.745755,0.001447
59.399976,4885.970122,16030.085702,4885.949317,16030.017445,30.269925,120.057629,11431.582849,5545.331611,228.419647,749.408291,0.711569,227.905374,747.721043,-0.000711,-0.002331,15.319132,50.259621,157.239645,515.878100,163.670094,536.975374,-25.755188,-84.498647,-0.000097,-0.001155,0.000017,-0.001278,0.180110,0.805351,0.067116,-0.000003,0.183435,0.000027,0.944777,0.896247,0.000000,0.000000,0.000000,5119.978983,4645.539692,8008.422712,548.751266,256.415586,461.548055,0.745548,0.001447
59.499976,4888.544093,16038.530487,4888.523277,16038.462194,30.270066,120.057799,11447.295062,5561.678518,228.426635,749.431219,0.711614,227.911918,747.742513,-0.000987,-0.003239,15.325971,50.282057,157.246516,515.900643,163.678143,537.001782,-25.724045,-84.396474,-0.000162,-0.001173,0.000010,-0.001290,0.179997,0.805354,0.067144,-0.000004,0.183173,0.000029,0.944967,0.895904,0.000000,0.000000,0.000000,5114.826527,4645.414663,8008.365995,548.747380,256.398881,461.517986,0.745341,0.001446
59.599976,4891.114955,16046.965074,4891.094128,16046.896745,30.270208,120.057969,11463.007950,5578.026191,228.433468,749.453636,0.711658,227.918346,747.763602,-0.001210,-0.003970,15.332220,50.302558,157.253276,515.922821,163.686059,537.027752,-25.693011,-84.294657,-0.000214,-0.001194,0.000004,-0.001309,0.179883,0.805356,0.067169,-0.000005,0.182911,0.000030,0.945107,0.895566,0.000000,0.000000,0.000000,5109.743073,4645.289751,8008.309332,548.743497,256.382196,461.487953,0.745135,0.001446
59.699976,4893.682717,16055.389491,4893.661879,16055.321125,30.270350,120.058139,11478.721501,5594.374619,228.440150,749.475559,0.711702,227.924661,747.784320,-0.001378,-0.004520,15.337905,50.321211,157.259936,515.944672,163.693844,537.053294,-25.662038,-84.193037,-0.000253,-0.001214,-0.000002,-0.001332,0.179766,0.805358,0.067192,-0.000006,0.182648,0.000031,0.945197,0.895234,0.000000,0.000000,0.000000,5104.726146,4645.164957,8008.252722,548.739618,256.365531,461.457956,0.744929,0.001445
59.799976,4896.247383,16063.803749,4896.226534,16063.735347,30.270492,120.058309,11494.435708,5610.723788,228.446686,749.497000,0.711746,227.930857,747.804650,-0.001490,-0.004890,15.343158,50.338446,157.266506,515.966228,163.701502,537.078420,-25.631081,-84.091473,-0.000279,-0.001227,-0.000008,-0.001358,0.179647,0.805359,0.067214,-0.000007,0.182385,0.000030,0.945247,0.894907,0.000000,0.000000,0.000000,5099.773565,4645.040279,8008.196165,548.735742,256.348887,461.427996,0.744723,0.001445
59.899976,4898.808953,16072.207850,4898.788093,16072.139412,30.270633,120.058479,11510.150560,5627.073686,228.453078,749.517973,0.711789,227.936926,747.824560,-0.001549,-0.005083,15.348186,50.354942,157.272994,515.987512,163.709037,537.103139,-25.600112,-83.989867,-0.000293,-0.001231,-0.000012,-0.001387,0.179528,0.805360,0.067234,-0.000007,0.182122,0.000029,0.945273,0.894585,0.000000,0.000000,0.000000,5094.883377,4644.915715,8008.139659,548.731871,256.332262,461.398071,0.744517,0.001445
59.999976,4901.367424,16080.601785,4901.346553,16080.533311,30.270775,120.058649,11525.866050,5643.424299,228.459331,749.538488,0.711831,227.942853,747.844006,-0.001556,-0.005106,15.353234,50.371504,157.279403,516.008541,163.716449,537.127457,-25.569116,-83.888177,-0.000296,-0.001224,-0.000016,-0.001417,0.179409,0.805360,0.067254,-0.000007,0.181863,0.000027,0.945293,0.894269,0.000000,0.000000,0.000000,5090.054281,4644.791264,8008.083204,548.728002,256.315657,461.368183,0.744312,0.001444
