t_s,h_sl_m,position_h-sl-ft,h_agl_m,position_h-agl-ft,lat_deg,lon_deg,x_north_m,x_east_m,vtrue_mps,velocities_vtrue-fps,mach,u_mps,velocities_u-fps,v_mps,velocities_v-fps,w_mps,velocities_w-fps,vn_mps,velocities_v-north-fps,ve_mps,velocities_v-east-fps,vd_mps,velocities_v-down-fps,p_radps,q_radps,r_radps,phi_rad,theta_rad,psi_rad,alpha_rad,beta_rad,nx_g,ny_g,nz_g,throttle,elevator,aileron,rudder,thrust_lb,fuel_lb,mass_kg,inertia_mass-slugs,temp_K,atmosphere_T-R,rho_kgpm3,atmosphere_rho-slugs_ft3
0.000000,4572.019389,15000.063612,4572.000000,15000.000000,30.166804,120.000000,0.000000,0.000000,273.862800,898.500000,0.849763,273.862800,898.500000,0.000000,0.000000,-0.000000,-0.000000,273.862800,898.500000,0.000000,0.000000,-0.000000,-0.000000,0.000000,0.000000,0.000000,0.000000,0.000000,0.000000,-0.000000,0.000000,-0.470222,-0.000000,0.207149,0.000000,0.000000,0.000000,0.000000,0.000000,7000.000000,9076.383200,621.929804,258.453233,465.215819,0.771091,0.001496
0.100000,4571.982253,14999.941775,4571.962864,14999.878163,30.167050,120.000000,27.342963,0.000100,273.375692,896.901877,0.848251,273.374004,896.896340,0.001950,0.006398,0.960552,3.151418,273.374739,896.898750,0.001983,0.006507,0.721866,2.368328,-0.000011,0.017466,0.000004,-0.000000,0.000873,0.000000,0.003514,0.000007,-0.530039,-0.000050,0.314556,0.000000,0.000000,0.000000,0.000000,0.000000,4700.000000,8033.120763,550.443620,258.453474,465.216253,0.771094,0.001496
0.200000,4571.878769,14999.602260,4571.859380,14999.538649,30.167297,120.000000,54.645800,0.000395,273.128633,896.091317,0.847483,273.120472,896.064540,0.003625,0.011892,2.111446,6.927316,273.125392,896.080682,0.003924,0.012874,1.330673,4.365726,-0.000042,0.019510,0.000017,-0.000003,0.002859,0.000001,0.007731,0.000013,-0.212953,-0.000092,0.418821,0.000000,0.000000,0.000000,0.000000,5449.685709,4699.983504,8033.114069,550.443161,258.454146,465.217462,0.771102,0.001496
0.300000,4571.719307,14999.079091,4571.699919,14999.015481,30.167543,120.000000,81.926269,0.000883,272.868615,895.238237,0.846675,272.850758,895.179651,0.004854,0.015925,3.121692,10.241770,272.862384,895.217796,0.005836,0.019149,1.843925,6.049623,-0.000084,0.016338,0.000034,-0.000009,0.004683,0.000004,0.011441,0.000018,-0.302172,-0.000116,0.510529,0.000000,0.000000,0.000000,0.000000,3860.931933,4699.961163,8033.104040,550.442474,258.455181,465.219325,0.771115,0.001496
0.400000,4571.512626,14998.401003,4571.493238,14998.337395,30.167789,120.000000,109.176376,0.001561,272.530114,894.127671,0.845622,272.501558,894.033984,0.005560,0.018242,3.945091,12.943213,272.520593,894.096435,0.007732,0.025368,2.277974,7.473669,-0.000127,0.011674,0.000052,-0.000019,0.006118,0.000008,0.014476,0.000020,-0.373892,-0.000124,0.584657,0.000000,0.000000,0.000000,0.000000,2572.456388,4699.936043,8033.092751,550.441700,258.456522,465.221740,0.771132,0.001496
0.500000,4571.265747,14997.591035,4571.246361,14997.527430,30.168034,120.000000,136.389137,0.002428,272.130856,892.817769,0.844381,272.092558,892.692121,0.005755,0.018881,4.565344,14.978164,272.117943,892.775404,0.009621,0.031563,2.650961,8.697378,-0.000165,0.005996,0.000068,-0.000033,0.007035,0.000014,0.016777,0.000021,-0.427221,-0.000117,0.639750,0.000000,0.000000,0.000000,0.000000,1605.224798,4699.908147,8033.080202,550.440841,258.458125,465.224624,0.771153,0.001496
0.600000,4570.984881,14996.669557,4570.965495,14996.605956,30.168279,120.000000,163.559146,0.003483,271.683655,891.350574,0.842990,271.639426,891.205465,0.005522,0.018115,4.902113,16.083047,271.667520,891.297636,0.011506,0.037751,2.960927,9.714328,-0.000181,-0.005170,0.000081,-0.000051,0.007146,0.000021,0.018044,0.000020,-0.468539,-0.000101,0.693722,0.000000,0.000000,0.000000,0.000000,935.677375,4699.877472,8033.066393,550.439894,258.459948,465.227906,0.771176,0.001496
0.700000,4570.673879,14995.649210,4570.654495,14995.585612,30.168524,120.000000,190.682639,0.004728,271.209115,889.793683,0.841514,271.164369,889.646881,0.004993,0.016380,4.926316,16.162455,271.189521,889.729400,0.013396,0.043949,3.259966,10.695427,-0.000179,-0.015395,0.000090,-0.000069,0.006145,0.000030,0.018165,0.000018,-0.491261,-0.000079,0.690674,0.000000,0.000000,0.000000,0.000000,501.691061,4699.851682,8033.054240,550.439062,258.461966,465.231539,0.771202,0.001496
0.800000,4570.332309,14994.528572,4570.312925,14994.464978,30.168768,120.000000,217.757524,0.006161,270.719951,888.188816,0.839993,270.678679,888.053409,0.004315,0.014155,4.727007,15.508554,270.696332,888.111325,0.015292,0.050172,3.575986,11.732237,-0.000162,-0.022519,0.000093,-0.000086,0.004252,0.000039,0.017462,0.000016,-0.503985,-0.000056,0.663628,0.000000,0.000000,0.000000,0.000000,236.171246,4699.832912,8033.045682,550.438475,258.464183,465.235530,0.771230,0.001496
0.900000,4569.957551,14993.299053,4569.938169,14993.235464,30.169012,120.000000,244.782734,0.007784,270.224938,886.564758,0.838453,270.188793,886.446172,0.003621,0.011880,4.419649,14.500162,270.196424,886.471208,0.017198,0.056425,3.925471,12.878841,-0.000130,-0.025577,0.000093,-0.000101,0.001829,0.000049,0.016356,0.000013,-0.509717,-0.000035,0.624378,0.000000,0.000000,0.000000,0.000000,86.387549,4699.814158,8033.037176,550.437892,258.466616,465.239908,0.771261,0.001496
1.000000,4569.545918,14991.948548,4569.526537,14991.884964,30.169255,120.000000,271.757873,0.009598,269.728800,884.937008,0.836909,269.697278,884.833590,0.003015,0.009892,4.123557,13.528729,269.694306,884.823838,0.019114,0.062710,4.313534,14.152016,-0.000089,-0.024369,0.000089,-0.000112,-0.000704,0.000058,0.015288,0.000011,-0.513412,-0.000020,0.584157,0.000000,0.000000,0.000000,0.000000,15.896512,4699.795405,8033.028670,550.437310,258.469287,465.244717,0.771294,0.001497
1.100000,4569.093726,14990.464979,4569.074347,14990.401401,30.169498,120.000000,298.682624,0.011604,269.228687,883.296219,0.835353,269.199781,883.201381,0.002563,0.008409,3.945136,12.943360,269.187051,883.159615,0.021036,0.069017,4.734705,15.533808,-0.000043,-0.019333,0.000083,-0.000119,-0.002933,0.000067,0.014654,0.000010,-0.521841,-0.000010,0.554621,0.000000,0.000000,0.000000,0.000000,0.000000,4699.776652,8033.020163,550.436727,258.472222,465.250000,0.771332,0.001497
1.200000,4568.598382,14988.839835,4568.579005,14988.776262,30.169741,120.000000,325.556346,0.013803,268.723035,881.637255,0.833779,268.693922,881.541738,0.002297,0.007536,3.955503,12.977373,268.673230,881.473852,0.022961,0.075331,5.173447,16.973252,0.000003,-0.011865,0.000077,-0.000121,-0.004533,0.000075,0.014720,0.000009,-0.528917,-0.000007,0.543998,0.000000,0.000000,0.000000,0.000000,0.000000,4699.757898,8033.011657,550.436144,258.475438,465.255788,0.771373,0.001497
1.299999,4568.059119,14987.070602,4568.039745,14987.007036,30.169983,120.000000,352.378436,0.016193,268.212399,879.961940,0.832189,268.179863,879.855193,0.002219,0.007281,4.177603,13.706045,268.153731,879.769458,0.024883,0.081636,5.609569,18.404099,0.000045,-0.003710,0.000071,-0.000119,-0.005340,0.000083,0.015576,0.000008,-0.534936,-0.000009,0.555065,0.000000,0.000000,0.000000,0.000000,0.000000,4699.739145,8033.003150,550.435561,258.478938,465.262088,0.771417,0.001497
1.399999,4567.477223,14985.161491,4567.457850,14985.097933,30.170224,120.000000,379.148363,0.018775,267.697073,878.271237,0.830584,267.657766,878.142278,0.002311,0.007582,4.587275,15.050114,267.629305,878.048901,0.026797,0.087917,6.023059,19.760691,0.000081,0.003435,0.000066,-0.000113,-0.005365,0.000090,0.017137,0.000009,-0.539851,-0.000015,0.585697,0.000000,0.000000,0.000000,0.000000,0.000000,4699.720391,8032.994644,550.434978,258.482715,465.268886,0.771465,0.001497
1.499999,4566.855786,14983.122658,4566.836416,14983.059108,30.170465,120.000000,405.865672,0.021548,267.177293,876.565922,0.828965,267.128164,876.404738,0.002536,0.008321,5.123450,16.809220,267.100668,876.314528,0.028701,0.094164,6.398299,20.991793,0.000108,0.008258,0.000063,-0.000103,-0.004773,0.000096,0.019177,0.000009,-0.543775,-0.000024,0.629870,0.000000,0.000000,0.000000,0.000000,0.000000,4699.701638,8032.986138,550.434395,258.486748,465.276147,0.771516,0.001497
1.599999,4566.199123,14980.968250,4566.179755,14980.904709,30.170706,120.000000,432.529971,0.024511,266.653205,874.846474,0.827332,266.592172,874.646235,0.002849,0.009346,5.704864,18.716745,266.568340,874.568045,0.030594,0.100375,6.726881,22.069818,0.000126,0.010067,0.000062,-0.000092,-0.003834,0.000102,0.021396,0.000011,-0.547003,-0.000035,0.679360,0.000000,0.000000,0.000000,0.000000,0.000000,4699.682884,8032.977631,550.433812,258.491010,465.283819,0.771570,0.001497
1.699999,4565.511976,14978.713832,4565.492611,14978.650299,30.170946,120.000000,459.140904,0.027662,266.124851,873.113030,0.825685,266.051471,872.872279,0.003196,0.010486,6.249123,20.502373,266.032545,872.810188,0.032478,0.106554,7.008597,22.994085,0.000135,0.008869,0.000062,-0.000079,-0.002855,0.000108,0.023484,0.000012,-0.549993,-0.000045,0.725713,0.000000,0.000000,0.000000,0.000000,0.000000,4699.664131,8032.969125,550.433229,258.495470,465.291847,0.771627,0.001497
1.799999,4564.798728,14976.373779,4564.779366,14976.310255,30.171185,120.000000,485.698123,0.031002,265.592180,871.365421,0.824025,265.507912,871.088950,0.003530,0.011582,6.689904,21.948504,265.493189,871.040647,0.034354,0.112710,7.250616,23.788112,0.000135,0.005290,0.000064,-0.000065,-0.002112,0.000114,0.025191,0.000013,-0.553257,-0.000053,0.762014,0.000000,0.000000,0.000000,0.000000,0.000000,4699.645377,8032.960618,550.432647,258.500100,465.300180,0.771686,0.001497
1.899999,4564.062764,14973.959199,4564.043405,14973.895686,30.171424,120.000000,512.201256,0.034528,265.055076,869.603269,0.822351,264.962919,869.300915,0.003809,0.012496,6.988921,22.929530,264.949925,869.258283,0.036227,0.118854,7.465229,24.492221,0.000129,0.000383,0.000067,-0.000052,-0.001798,0.000121,0.026371,0.000014,-0.557207,-0.000059,0.784148,0.000000,0.000000,0.000000,0.000000,0.000000,4699.626624,8032.952112,550.432064,258.504877,465.308778,0.771747,0.001497
1.999999,4563.306111,14971.476742,4563.286755,14971.413238,30.171663,120.000000,538.649890,0.038242,264.513401,867.826118,0.820663,264.416997,867.509832,0.004005,0.013140,7.140796,23.427807,264.402266,867.461501,0.038099,0.124995,7.666794,25.153522,0.000118,-0.004637,0.000071,-0.000039,-0.001989,0.000128,0.026999,0.000015,-0.562036,-0.000063,0.791323,0.000000,0.000000,0.000000,0.000000,0.000000,4699.607871,8032.943605,550.431481,258.509788,465.317618,0.771809,0.001498
2.099999,4562.529388,14968.928437,4562.510035,14968.864944,30.171901,120.000000,565.043561,0.042142,263.967033,866.033573,0.818960,263.869621,865.713978,0.004108,0.013476,7.170628,23.525683,263.849726,865.648708,0.039972,0.131142,7.868606,25.815635,0.000104,-0.008657,0.000075,-0.000028,-0.002645,0.000135,0.027168,0.000016,-0.567675,-0.000063,0.785857,0.000000,0.000000,0.000000,0.000000,0.000000,4699.589117,8032.935099,550.430898,258.514829,465.326693,0.771873,0.001498
2.199999,4561.732048,14966.312492,4561.712698,14966.249009,30.172138,120.000000,591.381761,0.046230,263.415905,864.225409,0.817242,263.319511,863.909156,0.004120,0.013517,7.125597,23.377942,263.291939,863.818697,0.041848,0.137298,8.080343,26.510310,0.000089,-0.010887,0.000078,-0.000019,-0.003626,0.000143,0.027054,0.000016,-0.573844,-0.000061,0.772347,0.000000,0.000000,0.000000,0.000000,0.000000,4699.570364,8032.926593,550.430315,258.520005,465.336008,0.771939,0.001498
2.299999,4560.912825,14963.624755,4560.893479,14963.561283,30.172376,120.000001,617.663955,0.050506,262.860019,862.401638,0.815509,262.765112,862.090262,0.004058,0.013314,7.062979,23.172502,262.728737,861.970922,0.043728,0.143465,8.306536,27.252416,0.000074,-0.010986,0.000080,-0.000010,-0.004733,0.000151,0.026873,0.000015,-0.580159,-0.000058,0.756478,0.000000,0.000000,0.000000,0.000000,0.000000,4699.551610,8032.918086,550.429732,258.525322,465.345580,0.772006,0.001498
2.399999,4560.070278,14960.860491,4560.050935,14960.797030,30.172612,120.000001,643.889604,0.054969,262.299457,860.562523,0.813761,262.205034,860.252735,0.003945,0.012943,7.037438,23.088708,262.160188,860.105605,0.045611,0.149643,8.546268,28.038938,0.000061,-0.009078,0.000082,-0.000004,-0.005755,0.000159,0.026833,0.000015,-0.586237,-0.000053,0.743748,0.000000,0.000000,0.000000,0.000000,0.000000,4699.532857,8032.909580,550.429149,258.530791,465.355423,0.772076,0.001498
2.499999,4559.203295,14958.016060,4559.183956,14957.952610,30.172848,120.000001,670.058186,0.059621,261.734363,858.708539,0.811999,261.638310,858.393404,0.003806,0.012487,7.090245,23.261960,261.586582,858.223694,0.047497,0.155829,8.794004,28.851719,0.000049,-0.005687,0.000083,0.000002,-0.006513,0.000167,0.027093,0.000015,-0.591776,-0.000049,0.738370,0.000000,0.000000,0.000000,0.000000,0.000000,4699.514103,8032.901073,550.428566,258.536418,465.365552,0.772147,0.001498
2.599999,4558.311485,14955.090174,4558.292149,14955.026736,30.173084,120.000001,696.169219,0.064462,261.164921,856.840294,0.810223,261.064483,856.510770,0.003665,0.012023,7.242381,23.761092,261.008370,856.326674,0.049383,0.162018,9.041263,29.662938,0.000038,-0.001580,0.000082,0.000006,-0.006891,0.000175,0.027735,0.000014,-0.596589,-0.000045,0.742577,0.000000,0.000000,0.000000,0.000000,0.000000,4699.495350,8032.892567,550.427984,258.542206,465.375972,0.772221,0.001498
2.699999,4557.395364,14952.084529,4557.376032,14952.021103,30.173319,120.000001,722.222267,0.069491,260.591329,854.958430,0.808435,260.483596,854.604974,0.003539,0.011610,7.492478,24.581619,260.426082,854.416280,0.051269,0.168205,9.278695,30.441912,0.000028,0.002409,0.000082,0.000009,-0.006858,0.000184,0.028756,0.000014,-0.600616,-0.000042,0.756388,0.000000,0.000000,0.000000,0.000000,0.000000,4699.476596,8032.884060,550.427401,258.548153,465.386675,0.772297,0.001499
2.799999,4556.456343,14949.003751,4556.437015,14948.940338,30.173553,120.000001,748.216950,0.074708,260.013765,853.063533,0.806633,259.896160,852.677690,0.003439,0.011283,7.819462,25.654404,259.840223,852.494169,0.053153,0.174386,9.498088,31.161705,0.000020,0.005552,0.000081,0.000012,-0.006460,0.000192,0.030078,0.000013,-0.603924,-0.000040,0.777860,0.000000,0.000000,0.000000,0.000000,0.000000,4699.457843,8032.875554,550.426818,258.554248,465.397646,0.772374,0.001499
2.899999,4555.496529,14945.854753,4555.477204,14945.791353,30.173787,120.000001,774.152932,0.080113,259.432366,851.156055,0.804820,259.303095,850.731940,0.003371,0.011059,8.188834,26.866255,259.251185,850.561631,0.055033,0.180554,9.693928,31.804225,0.000012,0.007363,0.000079,0.000013,-0.005805,0.000200,0.031570,0.000013,-0.606695,-0.000039,0.803695,0.000000,0.000000,0.000000,0.000000,0.000000,4699.439090,8032.867048,550.426235,258.560477,465.408859,0.772453,0.001499
2.999999,4554.518406,14942.645688,4554.499085,14942.582300,30.174021,120.000001,800.029907,0.085706,258.847218,849.236278,0.802995,258.705610,848.771686,0.003332,0.010932,8.560925,28.087025,258.659188,848.619383,0.056908,0.186705,9.864243,32.363002,0.000004,0.007667,0.000078,0.000014,-0.005038,0.000208,0.033079,0.000013,-0.609190,-0.000038,0.830046,0.000000,0.000000,0.000000,0.000000,0.000000,4699.420336,8032.858541,550.425652,258.566826,465.420287,0.772534,0.001499
3.099999,4553.524473,14939.384755,4553.505157,14939.321381,30.174254,120.000001,825.847582,0.091486,258.258353,847.304309,0.801158,258.104978,846.801111,0.003318,0.010885,8.899276,29.197100,258.064256,846.667508,0.058775,0.192831,10.010651,32.843342,-0.000004,0.006604,0.000077,0.000014,-0.004306,0.000215,0.034466,0.000013,-0.611704,-0.000039,0.853341,0.000000,0.000000,0.000000,0.000000,0.000000,4699.401583,8032.850035,550.425069,258.573277,465.431899,0.772616,0.001499
3.199999,4552.516917,14936.079124,4552.497605,14936.015763,30.174486,120.000001,851.605655,0.097452,257.665527,845.359341,0.799309,257.502038,844.822958,0.003320,0.010893,9.177390,30.109546,257.466015,844.704775,0.060634,0.198930,10.137607,33.259865,-0.000011,0.004568,0.000077,0.000013,-0.003729,0.000223,0.035625,0.000013,-0.615225,-0.000039,0.871315,0.000000,0.000000,0.000000,0.000000,0.000000,4699.382829,8032.841528,550.424486,258.579817,465.443671,0.772699,0.001499
3.299999,4551.497416,14932.734304,4551.478108,14932.670957,30.174718,120.000001,877.303728,0.103603,257.067662,843.397842,0.797444,256.896388,842.835919,0.003331,0.010928,9.382364,30.782035,256.863204,842.727047,0.062483,0.204996,10.250538,33.630373,-0.000018,0.002119,0.000076,0.000012,-0.003380,0.000231,0.036506,0.000013,-0.619735,-0.000040,0.883172,0.000000,0.000000,0.000000,0.000000,0.000000,4699.364076,8032.833022,550.423903,258.586435,465.455582,0.772783,0.001499
3.399999,4550.467053,14929.353847,4550.447749,14929.290514,30.174949,120.000001,902.941334,0.109939,256.464913,841.420317,0.795564,256.288258,840.840740,0.003343,0.010968,9.517369,31.224965,256.255736,840.734041,0.064321,0.211027,10.355923,33.976124,-0.000024,-0.000168,0.000076,0.000010,-0.003272,0.000238,0.037118,0.000013,-0.624358,-0.000041,0.888243,0.000000,0.000000,0.000000,0.000000,0.000000,4699.345322,8032.824516,550.423321,258.593122,465.467620,0.772868,0.001500
3.499999,4549.426281,14925.939242,4549.406981,14925.875923,30.175180,120.000001,928.518010,0.116457,255.857569,839.427721,0.793670,255.677457,838.836800,0.003351,0.010995,9.598649,31.491629,255.643677,838.725976,0.066148,0.217020,10.459528,34.316038,-0.000029,-0.001815,0.000076,0.000007,-0.003367,0.000246,0.037524,0.000013,-0.629084,-0.000041,0.887993,0.000000,0.000000,0.000000,0.000000,0.000000,4699.326569,8032.816009,550.422738,258.599878,465.479780,0.772954,0.001500
3.599999,4548.375068,14922.490379,4548.355772,14922.427074,30.175410,120.000001,954.033302,0.123158,255.245853,837.420778,0.791762,255.063342,836.821988,0.003353,0.010999,9.650758,31.662592,255.027091,836.703056,0.067963,0.222975,10.565208,34.662754,-0.000033,-0.002516,0.000076,0.000004,-0.003585,0.000253,0.037819,0.000013,-0.633851,-0.000041,0.884713,0.000000,0.000000,0.000000,0.000000,0.000000,4699.307815,8032.807503,550.422155,258.606701,465.492061,0.773041,0.001500
3.699999,4547.313112,14919.006272,4547.293821,14918.942981,30.175640,120.000001,979.486760,0.130039,254.629893,835.399911,0.789840,254.445031,834.793409,0.003346,0.010979,9.700958,31.827289,254.406043,834.665495,0.069766,0.228891,10.674406,35.021016,-0.000036,-0.002181,0.000076,0.000001,-0.003826,0.000261,0.038107,0.000013,-0.638574,-0.000041,0.880990,0.000000,0.000000,0.000000,0.000000,0.000000,4699.289062,8032.798996,550.421572,258.613594,465.504468,0.773129,0.001500
3.799998,4546.240090,14915.485860,4546.220803,14915.422583,30.175869,120.000001,1004.877943,0.137100,254.009728,833.365249,0.787906,253.821624,832.748110,0.003334,0.010937,9.773698,32.065939,253.780604,832.613530,0.071557,0.234767,10.786186,35.387751,-0.000038,-0.000927,0.000076,-0.000003,-0.003989,0.000269,0.038487,0.000013,-0.643163,-0.000041,0.879181,0.000000,0.000000,0.000000,0.000000,0.000000,4699.270309,8032.790490,550.420989,258.620558,465.517005,0.773217,0.001500
3.899998,4545.155874,14911.928720,4545.136591,14911.865457,30.176097,120.000001,1030.206414,0.144339,253.385325,831.316682,0.785959,253.192387,830.683684,0.003316,0.010880,9.886251,32.435205,253.150859,830.547437,0.073336,0.240604,10.897709,35.753639,-0.000039,0.000963,0.000076,-0.000007,-0.003995,0.000276,0.039027,0.000013,-0.647542,-0.000040,0.880985,0.000000,0.000000,0.000000,0.000000,0.000000,4699.251555,8032.781983,550.420406,258.627596,465.529672,0.773307,0.001500
3.999998,4544.060681,14908.335566,4544.041403,14908.272318,30.176325,120.000002,1055.471749,0.151756,252.756607,829.253959,0.783998,252.556878,828.598681,0.003297,0.010816,10.046180,32.959907,252.516903,828.467529,0.075103,0.246401,11.005016,36.105696,-0.000038,0.003113,0.000076,-0.000011,-0.003797,0.000284,0.039757,0.000013,-0.651657,-0.000040,0.887194,0.000000,0.000000,0.000000,0.000000,0.000000,4699.232802,8032.773477,550.419823,258.634704,465.542468,0.773397,0.001501
4.099998,4542.955142,14904.708472,4542.935869,14904.645239,30.176552,120.000002,1080.673532,0.159348,252.123490,827.176803,0.782023,251.915010,826.492816,0.003278,0.010755,10.250935,33.631676,251.878841,826.374150,0.076858,0.252158,11.103944,36.430264,-0.000036,0.005134,0.000076,-0.000015,-0.003386,0.000292,0.040670,0.000013,-0.655484,-0.000040,0.897643,0.000000,0.000000,0.000000,0.000000,0.000000,4699.214048,8032.764971,550.419240,258.641880,465.555384,0.773489,0.001501
4.199998,4541.840281,14901.050792,4541.821013,14900.987574,30.176779,120.000002,1105.811358,0.167115,251.485912,825.085015,0.780034,251.267063,824.367004,0.003263,0.010705,10.489391,34.414013,251.236781,824.267654,0.078600,0.257874,11.190974,36.715794,-0.000033,0.006700,0.000076,-0.000018,-0.002792,0.000299,0.041722,0.000013,-0.659033,-0.000039,0.911347,0.000000,0.000000,0.000000,0.000000,0.000000,4699.195295,8032.756464,550.418658,258.649116,465.568409,0.773581,0.001501
4.299998,4540.717412,14897.366838,4540.698148,14897.303636,30.177005,120.000002,1130.884834,0.175056,250.843863,822.978553,0.778032,250.613631,822.223199,0.003252,0.010670,10.744832,35.252073,250.590827,822.148382,0.080329,0.263547,11.263863,36.954931,-0.000029,0.007600,0.000076,-0.000021,-0.002071,0.000307,0.042848,0.000013,-0.662343,-0.000039,0.926777,0.000000,0.000000,0.000000,0.000000,0.000000,4699.176541,8032.747958,550.418075,258.656404,465.581528,0.773674,0.001501
4.399998,4539.587995,14893.661401,4539.568735,14893.598213,30.177231,120.000002,1155.893574,0.183168,250.197390,820.857577,0.776016,249.955523,820.064051,0.003248,0.010655,10.998651,36.084813,249.941073,820.016644,0.082045,0.269178,11.321973,37.145580,-0.000025,0.007768,0.000076,-0.000024,-0.001294,0.000314,0.043974,0.000013,-0.665483,-0.000039,0.942201,0.000000,0.000000,0.000000,0.000000,0.000000,4699.157788,8032.739451,550.417492,258.663735,465.594723,0.773767,0.001501
4.499998,4538.453472,14889.939212,4538.434217,14889.876039,30.177456,120.000002,1180.837202,0.191452,249.546602,818.722448,0.773986,249.293610,817.892421,0.003249,0.010659,11.234002,36.856963,249.287601,817.872706,0.083749,0.274766,11.366258,37.290874,-0.000020,0.007277,0.000075,-0.000026,-0.000531,0.000322,0.045033,0.000013,-0.668529,-0.000039,0.956035,0.000000,0.000000,0.000000,0.000000,0.000000,4699.139034,8032.730945,550.416909,258.671099,465.607978,0.773861,0.001502
4.599998,4537.315091,14886.204368,4537.295841,14886.141211,30.177680,120.000002,1205.716045,0.199905,248.912743,816.642858,0.772009,248.649755,815.780037,0.003256,0.010681,11.439091,37.529827,248.651541,815.785897,0.085446,0.280336,11.399882,37.401188,-0.000015,0.006235,0.000075,-0.000028,0.000158,0.000329,0.045972,0.000013,-0.631982,-0.000039,0.965409,0.000000,0.000000,0.000000,0.000000,0.000000,4699.120281,8032.722439,550.416326,258.678488,465.621278,0.773955,0.001502
4.699998,4536.173714,14882.459692,4536.154468,14882.396550,30.177904,120.000002,1230.533270,0.208528,248.317101,814.688651,0.770151,248.045738,813.798352,0.003267,0.010720,11.605797,38.076762,248.054036,813.825578,0.087147,0.285914,11.426723,37.489249,-0.000011,0.004815,0.000075,-0.000029,0.000722,0.000337,0.046755,0.000013,-0.592498,-0.000039,0.971292,0.000000,0.000000,0.000000,0.000000,0.000000,4699.101527,8032.713932,550.415743,258.685896,465.634613,0.774049,0.001502
4.799998,4535.029853,14878.706868,4535.010612,14878.643742,30.178127,120.000002,1255.292687,0.217321,247.759126,812.858026,0.768409,247.481209,811.946222,0.003282,0.010769,11.731839,38.490284,247.494387,811.989459,0.088850,0.291504,11.450110,37.565978,-0.000006,0.003325,0.000075,-0.000030,0.001138,0.000344,0.047370,0.000013,-0.553701,-0.000039,0.973604,0.000000,0.000000,0.000000,0.000000,0.000000,4699.082774,8032.705426,550.415160,258.693321,465.647978,0.774144,0.001502
4.899998,4533.883692,14874.946495,4533.864455,14874.883384,30.178350,120.000002,1279.998054,0.226285,247.238451,811.149773,0.766784,246.955631,810.221887,0.003299,0.010823,11.822342,38.787213,246.972080,810.275854,0.090559,0.297108,11.473230,37.641830,-0.000002,0.002055,0.000076,-0.000031,0.001414,0.000352,0.047836,0.000013,-0.515554,-0.000039,0.972784,0.000000,0.000000,0.000000,0.000000,0.000000,4699.064021,8032.696919,550.414577,258.700760,465.661368,0.774238,0.001502
4.999998,4532.735124,14871.178230,4532.715893,14871.115134,30.178573,120.000002,1304.653078,0.235419,246.754715,809.562715,0.765272,246.468175,808.622621,0.003315,0.010877,11.888161,39.003154,246.486642,808.683207,0.092273,0.302732,11.498550,37.724901,0.000002,0.001228,0.000076,-0.000031,0.001581,0.000359,0.048197,0.000013,-0.477984,-0.000039,0.969798,0.000000,0.000000,0.000000,0.000000,0.000000,4699.045267,8032.688413,550.413995,258.708215,465.674788,0.774333,0.001502
5.099998,4531.583853,14867.401093,4531.564626,14867.338013,30.178795,120.000003,1329.261421,0.244726,246.307554,808.095650,0.763874,246.017819,807.145077,0.003331,0.010928,11.943358,39.184244,246.037641,807.210108,0.093994,0.308379,11.527433,37.819661,0.000006,0.000968,0.000076,-0.000030,0.001691,0.000367,0.048509,0.000014,-0.440897,-0.000038,0.965908,0.000000,0.000000,0.000000,0.000000,0.000000,4699.026514,8032.679906,550.413412,258.715688,465.688238,0.774429,0.001503
5.199998,4530.429506,14863.613864,4530.410283,14863.550799,30.179016,120.000003,1353.826705,0.254204,245.896587,806.747334,0.762589,245.603491,805.785731,0.003345,0.010973,12.002374,39.377868,245.624692,805.855288,0.095723,0.314053,11.559988,37.926470,0.000009,0.001283,0.000077,-0.000029,0.001801,0.000375,0.048830,0.000014,-0.404188,-0.000038,0.962423,0.000000,0.000000,0.000000,0.000000,0.000000,4699.007760,8032.671400,550.412829,258.723180,465.701725,0.774524,0.001503
5.299998,4529.271759,14859.815481,4529.252541,14859.752432,30.179238,120.000003,1378.352515,0.263856,245.521424,805.516483,0.761414,245.224194,804.541320,0.003356,0.011012,12.077423,39.624091,245.247451,804.617623,0.097462,0.319757,11.595159,38.041861,0.000012,0.002081,0.000077,-0.000028,0.001967,0.000382,0.049211,0.000014,-0.367761,-0.000038,0.960460,0.000000,0.000000,0.000000,0.000000,0.000000,4698.989007,8032.662894,550.412246,258.730695,465.715251,0.774620,0.001503
5.399998,4528.110442,14856.005387,4528.091229,14855.942353,30.179458,120.000003,1402.842403,0.273682,245.181670,804.401806,0.760350,244.879120,803.409188,0.003366,0.011045,12.176529,39.949242,244.905617,803.496119,0.099211,0.325494,11.631008,38.159475,0.000015,0.003190,0.000077,-0.000027,0.002228,0.000390,0.049684,0.000014,-0.331533,-0.000037,0.960767,0.000000,0.000000,0.000000,0.000000,0.000000,4698.970253,8032.654387,550.411663,258.738233,465.728819,0.774716,0.001503
5.499998,4526.945606,14852.183748,4526.926398,14852.120729,30.179679,120.000003,1427.299895,0.283683,244.876945,803.402051,0.759394,244.567714,802.387514,0.003375,0.011072,12.302498,40.362526,244.598923,802.489904,0.100970,0.331267,11.665122,38.271398,0.000017,0.004400,0.000077,-0.000025,0.002606,0.000398,0.050261,0.000014,-0.295444,-0.000037,0.963632,0.000000,0.000000,0.000000,0.000000,0.000000,4698.951500,8032.645881,550.411080,258.745794,465.742429,0.774812,0.001503
5.599998,4525.777548,14848.351536,4525.758345,14848.288534,30.179899,120.000003,1451.728489,0.293861,244.606896,802.516063,0.758545,244.289703,801.475402,0.003382,0.011095,12.452904,40.855985,244.327134,801.598209,0.102742,0.337080,11.695069,38.369649,0.000018,0.005501,0.000078,-0.000024,0.003102,0.000405,0.050932,0.000014,-0.259458,-0.000036,0.968878,0.000000,0.000000,0.000000,0.000000,0.000000,4698.932746,8032.637374,550.410497,258.753375,465.756075,0.774909,0.001504
5.699998,4524.606791,14844.510471,4524.587593,14844.447484,30.180120,120.000003,1476.131664,0.304216,244.371214,801.742828,0.757803,244.045079,800.672833,0.003387,0.011113,12.620992,41.407455,244.090043,800.820350,0.104526,0.342934,11.718807,38.447529,0.000019,0.006323,0.000078,-0.000022,0.003696,0.000413,0.051670,0.000014,-0.223564,-0.000036,0.975938,0.000000,0.000000,0.000000,0.000000,0.000000,4698.913993,8032.628868,550.409914,258.760974,465.769754,0.775006,0.001504
5.799998,4523.434031,14840.662831,4523.414837,14840.599860,30.180340,120.000003,1500.512876,0.314750,244.169646,801.081515,0.757167,243.834055,799.980494,0.003392,0.011128,12.797254,41.985742,243.887463,800.155718,0.106324,0.348831,11.734990,38.500623,0.000019,0.006759,0.000078,-0.000020,0.004356,0.000421,0.052435,0.000014,-0.187771,-0.000035,0.983993,0.000000,0.000000,0.000000,0.000000,0.000000,4698.895240,8032.620361,550.409332,258.768586,465.783455,0.775103,0.001504
5.899998,4522.260054,14836.811201,4522.240865,14836.748246,30.180559,120.000003,1524.875567,0.325465,244.001999,800.531492,0.756636,243.656971,799.399513,0.003395,0.011139,12.971339,42.556887,243.719229,799.603771,0.108135,0.354775,11.743121,38.527301,0.000019,0.006781,0.000078,-0.000018,0.005040,0.000429,0.053186,0.000014,-0.152100,-0.000035,0.992142,0.000000,0.000000,0.000000,0.000000,0.000000,4698.876486,8032.611855,550.408749,258.776206,465.797172,0.775200,0.001504
5.999998,4521.085656,14832.958188,4521.066472,14832.895248,30.180779,120.000003,1549.223161,0.336361,243.868142,800.092330,0.756210,243.514210,798.931135,0.003397,0.011145,13.133937,43.090344,243.585196,799.164029,0.109962,0.360767,11.743548,38.528702,0.000019,0.006435,0.000078,-0.000016,0.005709,0.000437,0.053883,0.000014,-0.116574,-0.000034,0.999561,0.000000,0.000000,0.000000,0.000000,0.000000,4698.857733,8032.603349,550.408166,258.783829,465.810892,0.775297,0.001504
6.099998,4519.911585,14829.106250,4519.892406,14829.043326,30.180998,120.000004,1573.558503,0.347440,243.750708,799.707049,0.755834,243.388796,798.519673,0.003397,0.011144,13.277867,43.562554,243.467964,798.779410,0.111796,0.366784,11.736517,38.505634,0.000018,0.005896,0.000079,-0.000014,0.006332,0.000444,0.054500,0.000014,-0.113709,-0.000034,1.007304,0.000000,0.000000,0.000000,0.000000,0.000000,4698.838979,8032.594842,550.407583,258.791450,465.824610,0.775394,0.001505
6.199998,4518.738567,14825.257765,4518.719392,14825.194857,30.181218,120.000004,1597.882083,0.358703,243.632064,799.317795,0.755455,243.263180,798.107546,0.003394,0.011135,13.401781,43.969099,243.349843,798.391873,0.113629,0.372799,11.722780,38.460565,0.000017,0.005377,0.000079,-0.000012,0.006901,0.000452,0.055036,0.000014,-0.113882,-0.000034,1.013519,0.000000,0.000000,0.000000,0.000000,0.000000,4698.820226,8032.586336,550.407000,258.799064,465.838314,0.775491,0.001505
6.299997,4517.567193,14821.414674,4517.548023,14821.351782,30.181437,120.000004,1622.193824,0.370148,243.512382,798.925138,0.755073,243.137377,797.694808,0.003389,0.011118,13.509102,44.321202,243.230933,798.001747,0.115462,0.378813,11.703858,38.398484,0.000016,0.004998,0.000079,-0.000010,0.007423,0.000460,0.055505,0.000014,-0.114126,-0.000034,1.018316,0.000000,0.000000,0.000000,0.000000,0.000000,4698.801472,8032.577829,550.406417,258.806667,465.852000,0.775588,0.001505
6.399997,4516.397921,14817.578481,4516.378756,14817.515605,30.181656,120.000004,1646.493648,0.381777,243.391702,798.529207,0.754688,243.011140,797.280644,0.003382,0.011096,13.605386,44.637092,243.111217,797.608981,0.117295,0.384825,11.680883,38.323107,0.000015,0.004842,0.000079,-0.000009,0.007918,0.000468,0.055928,0.000014,-0.114417,-0.000034,1.022162,0.000000,0.000000,0.000000,0.000000,0.000000,4698.782719,8032.569323,550.405834,258.814256,465.865661,0.775685,0.001505
6.499997,4515.231121,14813.750399,4515.211962,14813.687538,30.181876,120.000004,1670.781472,0.393589,243.270046,798.130072,0.754299,242.884135,796.863960,0.003374,0.011068,13.697160,44.938189,242.990688,797.213543,0.119126,0.390834,11.654469,38.236446,0.000013,0.004944,0.000079,-0.000007,0.008408,0.000476,0.056334,0.000014,-0.114721,-0.000034,1.025619,0.000000,0.000000,0.000000,0.000000,0.000000,4698.763965,8032.560817,550.405251,258.821830,465.879293,0.775782,0.001505
6.599997,4514.067131,14809.931531,4514.047976,14809.868686,30.182094,120.000004,1695.057216,0.405584,243.147413,797.727732,0.753908,242.756012,796.443608,0.003364,0.011037,13.790690,45.245046,242.869341,796.815422,0.120957,0.396840,11.624676,38.138701,0.000011,0.005289,0.000079,-0.000006,0.008920,0.000484,0.056748,0.000014,-0.115000,-0.000033,1.029240,0.000000,0.000000,0.000000,0.000000,0.000000,4698.745212,8032.552310,550.404669,258.829385,465.892893,0.775878,0.001505
6.699997,4512.906304,14806.123045,4512.887154,14806.060215,30.182313,120.000004,1719.320797,0.417761,243.023786,797.322132,0.753514,242.626469,796.018599,0.003354,0.011005,13.890894,45.573798,242.747177,796.414624,0.122786,0.402841,11.591082,38.028485,0.000009,0.005822,0.000079,-0.000005,0.009476,0.000492,0.057190,0.000014,-0.115223,-0.000033,1.033470,0.000000,0.000000,0.000000,0.000000,0.000000,4698.726459,8032.543804,550.404086,258.836919,465.906455,0.775974,0.001506
6.799997,4511.749058,14802.326304,4511.729912,14802.263490,30.182532,120.000004,1743.572134,0.430122,242.899134,796.913170,0.753117,242.495305,795.588270,0.003345,0.010973,14.000594,45.933707,242.624203,796.011164,0.124614,0.408838,11.552927,37.903302,0.000008,0.006454,0.000079,-0.000004,0.010091,0.000500,0.057672,0.000014,-0.115368,-0.000033,1.038578,0.000000,0.000000,0.000000,0.000000,0.000000,4698.707705,8032.535297,550.403503,258.844431,465.919976,0.776070,0.001506
6.899997,4510.595892,14798.542954,4510.576751,14798.480156,30.182751,120.000005,1767.811147,0.442665,242.773422,796.500729,0.752716,242.362444,795.152376,0.003335,0.010942,14.120205,46.326130,242.500422,795.605058,0.126440,0.414829,11.509304,37.760184,0.000006,0.007088,0.000079,-0.000003,0.010770,0.000507,0.058195,0.000014,-0.115425,-0.000033,1.044623,0.000000,0.000000,0.000000,0.000000,0.000000,4698.688952,8032.526791,550.402920,258.851916,465.933448,0.776166,0.001506
6.999997,4509.447399,14794.774931,4509.428263,14794.712148,30.182969,120.000005,1792.037754,0.455390,242.646616,796.084699,0.752312,242.227948,794.711115,0.003326,0.010913,14.247868,46.744974,242.375838,795.196319,0.128264,0.420813,11.459367,37.596349,0.000004,0.007634,0.000078,-0.000003,0.011508,0.000515,0.058752,0.000014,-0.115398,-0.000033,1.051467,0.000000,0.000000,0.000000,0.000000,0.000000,4698.670198,8032.518284,550.402337,258.859370,465.946867,0.776261,0.001506
7.099997,4508.304242,14791.024415,4508.285110,14790.961648,30.183188,120.000005,1816.251877,0.468297,242.518691,795.664998,0.751904,242.091990,794.265060,0.003318,0.010886,14.379981,47.178414,242.250452,794.784949,0.130085,0.426790,11.402501,37.409779,0.000002,0.008023,0.000078,-0.000002,0.012295,0.000523,0.059329,0.000014,-0.115305,-0.000033,1.058811,0.000000,0.000000,0.000000,0.000000,0.000000,4698.651445,8032.509778,550.401754,258.866790,465.960223,0.776355,0.001506
7.199997,4507.167131,14787.293736,4507.148004,14787.230984,30.183406,120.000005,1840.453433,0.481386,242.389636,795.241586,0.751494,241.954826,793.815046,0.003310,0.010860,14.511979,47.611479,242.124261,794.370936,0.131904,0.432757,11.338436,37.199594,0.000001,0.008218,0.000078,-0.000002,0.013111,0.000531,0.059906,0.000014,-0.115169,-0.000032,1.066266,0.000000,0.000000,0.000000,0.000000,0.000000,4698.632691,8032.501272,550.401171,258.874171,465.973508,0.776450,0.001507
7.299997,4506.036782,14783.585244,4506.017660,14783.522507,30.183624,120.000005,1864.642344,0.494657,242.259453,794.814479,0.751079,241.816740,793.362008,0.003303,0.010835,14.639225,48.028952,241.997257,793.954257,0.133720,0.438715,11.267302,36.966215,-0.000001,0.008220,0.000078,-0.000002,0.013939,0.000539,0.060465,0.000014,-0.115022,-0.000032,1.073427,0.000000,0.000000,0.000000,0.000000,0.000000,4698.613938,8032.492765,550.400588,258.881508,465.986714,0.776543,0.001507
7.399997,4504.913881,14779.901186,4504.894764,14779.838464,30.183842,120.000005,1888.818526,0.508109,242.128163,794.383735,0.750662,241.677996,792.906810,0.003295,0.010811,14.757828,48.418070,241.869431,793.534879,0.135533,0.444663,11.189593,36.711264,-0.000002,0.008060,0.000078,-0.000002,0.014758,0.000547,0.060988,0.000014,-0.114889,-0.000032,1.079947,0.000000,0.000000,0.000000,0.000000,0.000000,4698.595184,8032.484259,550.400006,258.888797,465.999834,0.776636,0.001507
7.499997,4503.799049,14776.243599,4503.779936,14776.180892,30.184060,120.000005,1912.981898,0.521742,241.995794,793.949455,0.750241,241.538792,792.450106,0.003288,0.010786,14.865263,48.770547,241.740771,793.112766,0.137343,0.450599,11.106082,36.437278,-0.000004,0.007797,0.000078,-0.000002,0.015557,0.000554,0.061466,0.000014,-0.114794,-0.000032,1.085591,0.000000,0.000000,0.000000,0.000000,0.000000,4698.576431,8032.475752,550.399423,258.896033,466.012859,0.776729,0.001507
7.599997,4502.692820,14772.614237,4502.673711,14772.551545,30.184278,120.000006,1937.132374,0.535556,241.862384,793.511758,0.749817,241.399234,791.992239,0.003280,0.010762,14.960695,49.083645,241.611266,792.687881,0.139148,0.456523,11.017690,36.147277,-0.000005,0.007498,0.000078,-0.000002,0.016326,0.000562,0.061896,0.000014,-0.114746,-0.000032,1.090270,0.000000,0.000000,0.000000,0.000000,0.000000,4698.557678,8032.467246,550.398840,258.903213,466.025783,0.776820,0.001507
7.699997,4501.595635,14769.014550,4501.576531,14768.951872,30.184496,120.000006,1961.269871,0.549550,241.727970,793.070768,0.749390,241.259321,791.533206,0.003273,0.010737,15.044982,49.360177,241.480908,792.260195,0.140950,0.462435,10.925339,35.844287,-0.000006,0.007233,0.000078,-0.000003,0.017067,0.000570,0.062280,0.000014,-0.114746,-0.000032,1.094040,0.000000,0.000000,0.000000,0.000000,0.000000,4698.538924,8032.458739,550.398257,258.910335,466.038602,0.776911,0.001507
7.799997,4500.507849,14765.445699,4500.488749,14765.383036,30.184714,120.000006,1985.394303,0.563724,241.592587,792.626596,0.748960,241.118958,791.072697,0.003265,0.010713,15.120379,49.607544,241.349689,791.829689,0.142748,0.468334,10.829822,35.530911,-0.000006,0.007056,0.000078,-0.000003,0.017785,0.000578,0.062627,0.000014,-0.114785,-0.000032,1.097085,0.000000,0.000000,0.000000,0.000000,0.000000,4698.520171,8032.450233,550.397674,258.917395,466.051311,0.777002,0.001508
7.899997,4499.429749,14761.908625,4499.410654,14761.845976,30.184931,120.000006,2009.505583,0.578077,241.456259,792.179326,0.748527,240.977982,790.610178,0.003258,0.010690,15.190028,49.836049,241.217608,791.396353,0.144542,0.474219,10.731703,35.208998,-0.000007,0.007003,0.000077,-0.000004,0.018491,0.000585,0.062952,0.000013,-0.114843,-0.000032,1.099668,0.000000,0.000000,0.000000,0.000000,0.000000,4698.501417,8032.441727,550.397091,258.924393,466.063907,0.777091,0.001508
7.999997,4498.361578,14758.404126,4498.342487,14758.341492,30.185148,120.000006,2033.603625,0.592609,241.319003,791.729011,0.748092,240.836199,790.145010,0.003252,0.010668,15.257333,50.056868,241.084665,790.960187,0.146331,0.480090,10.631267,34.879484,-0.000007,0.007082,0.000077,-0.000004,0.019198,0.000593,0.063267,0.000013,-0.114900,-0.000032,1.102082,0.000000,0.000000,0.000000,0.000000,0.000000,4698.482664,8032.433220,550.396508,258.931326,466.076387,0.777179,0.001508
8.099997,4497.303564,14754.932954,4497.284478,14754.870334,30.185366,120.000006,2057.688344,0.607320,241.180824,791.275669,0.747653,240.693422,789.676581,0.003246,0.010650,15.325354,50.280032,240.950862,790.521202,0.148117,0.485947,10.528523,34.542398,-0.000007,0.007277,0.000077,-0.000005,0.019918,0.000601,0.063586,0.000013,-0.114935,-0.000032,1.104597,0.000000,0.000000,0.000000,0.000000,0.000000,4698.463910,8032.424714,550.395925,258.938194,466.088749,0.777267,0.001508
8.199997,4496.255949,14751.495896,4496.236867,14751.433290,30.185583,120.000006,2081.759653,0.622209,241.041720,790.819291,0.747212,240.549506,789.204415,0.003241,0.010634,15.396301,50.512799,240.816204,790.079409,0.149898,0.491790,10.423254,34.197028,-0.000007,0.007552,0.000077,-0.000005,0.020662,0.000609,0.063918,0.000013,-0.114930,-0.000032,1.107412,0.000000,0.000000,0.000000,0.000000,0.000000,4698.445157,8032.416207,550.395343,258.944994,466.100988,0.777354,0.001508
8.299997,4495.219002,14748.093838,4495.199924,14748.031246,30.185800,120.000007,2105.817467,0.637275,240.901683,790.359852,0.746769,240.404371,788.728252,0.003238,0.010622,15.471235,50.758645,240.680694,789.634823,0.151674,0.497618,10.315102,33.842198,-0.000006,0.007861,0.000077,-0.000006,0.021435,0.000616,0.064266,0.000013,-0.114876,-0.000032,1.110630,0.000000,0.000000,0.000000,0.000000,0.000000,4698.426403,8032.407701,550.394760,258.951724,466.113103,0.777440,0.001508
8.399997,4494.193031,14744.727791,4494.173957,14744.665213,30.186017,120.000007,2129.861701,0.652519,240.760703,789.897320,0.746322,240.258016,788.248084,0.003235,0.010613,15.549983,51.017005,240.544336,789.187456,0.153446,0.503432,10.203668,33.476602,-0.000006,0.008153,0.000077,-0.000006,0.022238,0.000624,0.064632,0.000013,-0.114771,-0.000032,1.114248,0.000000,0.000000,0.000000,0.000000,0.000000,4698.407650,8032.399195,550.394177,258.958384,466.125090,0.777525,0.001509
8.499997,4493.178381,14741.398889,4493.159312,14741.336325,30.186234,120.000007,2153.892270,0.667940,240.618774,789.431673,0.745873,240.110511,787.764143,0.003233,0.010608,15.631281,51.283731,240.407134,788.737316,0.155213,0.509231,10.088615,33.099130,-0.000006,0.008384,0.000077,-0.000007,0.023069,0.000632,0.065009,0.000013,-0.114620,-0.000032,1.118166,0.000000,0.000000,0.000000,0.000000,0.000000,4698.388896,8032.390688,550.393594,258.964969,466.136945,0.777609,0.001509
8.599997,4492.175428,14738.108359,4492.156362,14738.045807,30.186450,120.000007,2177.909091,0.683537,240.475893,788.962904,0.745420,239.961984,787.276851,0.003232,0.010605,15.713094,51.552145,240.269088,788.284410,0.156976,0.515015,9.969743,32.709130,-0.000005,0.008524,0.000077,-0.000007,0.023918,0.000639,0.065388,0.000013,-0.114437,-0.000032,1.122215,0.000000,0.000000,0.000000,0.000000,0.000000,4698.370143,8032.382182,550.393011,258.971479,466.148663,0.777692,0.001509
8.699997,4491.184554,14734.857459,4491.165492,14734.794921,30.186667,120.000007,2201.912078,0.699310,240.332067,788.491032,0.744965,239.812598,786.786739,0.003232,0.010603,15.793037,51.814425,240.130200,787.828739,0.158735,0.520784,9.847041,32.306564,-0.000005,0.008560,0.000077,-0.000007,0.024777,0.000647,0.065761,0.000013,-0.114237,-0.000032,1.126192,0.000000,0.000000,0.000000,0.000000,0.000000,4698.351390,8032.373675,550.392428,258.977911,466.160240,0.777775,0.001509
8.799996,4490.206134,14731.647421,4490.187076,14731.584896,30.186883,120.000007,2225.901148,0.715258,240.187308,788.016102,0.744507,239.662519,786.294355,0.003232,0.010603,15.868825,52.063073,239.990469,787.370305,0.160489,0.526538,9.720697,31.892051,-0.000004,0.008497,0.000077,-0.000008,0.025634,0.000655,0.066117,0.000013,-0.114037,-0.000032,1.129896,0.000000,0.000000,0.000000,0.000000,0.000000,4698.332636,8032.365169,550.391845,258.984262,466.171671,0.777856,0.001509
8.899996,4489.240516,14728.479384,4489.221463,14728.416872,30.187099,120.000008,2249.876217,0.731382,240.041637,787.538180,0.744047,239.511893,785.800173,0.003232,0.010602,15.938663,52.292202,239.849896,786.909108,0.162238,0.532277,9.591075,31.466781,-0.000003,0.008357,0.000077,-0.000008,0.026482,0.000662,0.066448,0.000013,-0.113852,-0.000032,1.133168,0.000000,0.000000,0.000000,0.000000,0.000000,4698.313883,8032.356662,550.391262,258.990529,466.182953,0.777936,0.001509
8.999996,4488.288005,14725.354348,4488.268955,14725.291848,30.187316,120.000008,2273.837200,0.747680,239.895081,787.057352,0.743584,239.360818,785.304521,0.003231,0.010601,16.001519,52.498423,239.708483,786.445154,0.163983,0.538001,9.458658,31.032344,-0.000003,0.008172,0.000077,-0.000008,0.027313,0.000670,0.066752,0.000013,-0.113692,-0.000032,1.135910,0.000000,0.000000,0.000000,0.000000,0.000000,4698.295129,8032.348156,550.390680,258.996712,466.194082,0.778015,0.001510
9.099996,4487.348853,14722.273140,4487.329807,14722.210653,30.187532,120.000008,2297.784013,0.764152,239.747667,786.573711,0.743118,239.209341,784.807549,0.003230,0.010598,16.057241,52.681236,239.566232,785.978453,0.165723,0.543711,9.323985,30.590502,-0.000002,0.007977,0.000077,-0.000008,0.028125,0.000678,0.067026,0.000013,-0.113560,-0.000032,1.138100,0.000000,0.000000,0.000000,0.000000,0.000000,4698.276376,8032.339650,550.390097,259.002808,466.205054,0.778093,0.001510
9.199996,4486.423259,14719.236415,4486.404217,14719.173940,30.187747,120.000008,2321.716573,0.780798,239.599424,786.087348,0.742650,239.057450,784.309218,0.003229,0.010594,16.106509,52.842877,239.423149,785.509019,0.167459,0.549407,9.187572,30.142952,-0.000002,0.007806,0.000077,-0.000008,0.028918,0.000685,0.067273,0.000013,-0.113456,-0.000032,1.139787,0.000000,0.000000,0.000000,0.000000,0.000000,4698.257622,8032.331143,550.389514,259.008816,466.215868,0.778170,0.001510
9.299996,4485.511375,14716.244670,4485.492337,14716.182207,30.187963,120.000008,2345.634797,0.797617,239.450376,785.598347,0.742179,238.905084,783.809329,0.003227,0.010589,16.150657,52.987720,239.279239,785.036874,0.169191,0.555088,9.049852,29.691114,-0.000001,0.007687,0.000077,-0.000008,0.029697,0.000693,0.067500,0.000013,-0.113372,-0.000032,1.141081,0.000000,0.000000,0.000000,0.000000,0.000000,4698.238869,8032.322637,550.388931,259.014735,466.226522,0.778245,0.001510
9.399996,4484.613316,14713.298279,4484.594281,14713.235829,30.188179,120.000008,2369.538602,0.814608,239.300546,785.106778,0.741707,238.752152,783.307587,0.003225,0.010582,16.191388,53.121352,239.134510,784.562041,0.170918,0.560755,8.911131,29.235993,-0.000001,0.007632,0.000077,-0.000008,0.030466,0.000701,0.067713,0.000013,-0.113296,-0.000032,1.142122,0.000000,0.000000,0.000000,0.000000,0.000000,4698.220115,8032.314130,550.388348,259.020564,466.237015,0.778320,0.001510
9.499996,4483.729171,14710.397541,4483.710139,14710.335102,30.188394,120.000009,2393.427907,0.831773,239.149949,784.612693,0.741232,238.598555,782.803657,0.003223,0.010573,16.230458,53.249535,238.988970,784.084547,0.172641,0.566408,8.771570,28.778117,-0.000000,0.007643,0.000077,-0.000007,0.031233,0.000708,0.067919,0.000013,-0.113217,-0.000032,1.143061,0.000000,0.000000,0.000000,0.000000,0.000000,4698.201362,8032.305624,550.387765,259.026303,466.247345,0.778393,0.001510
9.599996,4482.859022,14707.542724,4482.839994,14707.480297,30.188610,120.000009,2417.302632,0.849109,238.998595,784.116127,0.740755,238.444199,782.297241,0.003220,0.010564,16.269375,53.377215,238.842628,783.604421,0.174360,0.572047,8.631192,28.317561,0.000000,0.007711,0.000077,-0.000007,0.032004,0.000716,0.068126,0.000013,-0.113123,-0.000032,1.144029,0.000000,0.000000,0.000000,0.000000,0.000000,4698.182609,8032.297117,550.387182,259.031951,466.257511,0.778466,0.001510
9.699996,4482.002956,14704.734107,4481.983931,14704.671691,30.188825,120.000009,2441.162697,0.866616,238.846493,783.617102,0.740275,238.289022,781.788131,0.003217,0.010555,16.309169,53.507774,238.695491,783.121690,0.176075,0.577673,8.489914,27.854048,0.000001,0.007813,0.000077,-0.000007,0.032783,0.000724,0.068336,0.000013,-0.113005,-0.000032,1.145118,0.000000,0.000000,0.000000,0.000000,0.000000,4698.163855,8032.288611,550.386599,259.037507,466.267513,0.778537,0.001511
9.799996,4481.161068,14701.972008,4481.142047,14701.909604,30.189040,120.000009,2465.008022,0.884295,238.693645,783.115634,0.739794,238.132999,781.276243,0.003214,0.010545,16.350264,53.642598,238.547569,782.636380,0.177785,0.583285,8.347589,27.387102,0.000001,0.007926,0.000077,-0.000006,0.033574,0.000731,0.068553,0.000013,-0.112860,-0.000031,1.146370,0.000000,0.000000,0.000000,0.000000,0.000000,4698.145102,8032.280105,550.386017,259.042972,466.277349,0.778607,0.001511
9.899996,4480.333472,14699.256798,4480.314454,14699.194404,30.189255,120.000009,2488.838529,0.902144,238.540057,782.611737,0.739310,237.976146,780.761635,0.003211,0.010534,16.392461,53.781039,238.398868,782.148517,0.179492,0.588883,8.204061,26.916211,0.000001,0.008024,0.000076,-0.000006,0.034375,0.000739,0.068774,0.000013,-0.112688,-0.000031,1.147773,0.000000,0.000000,0.000000,0.000000,0.000000,4698.126348,8032.271598,550.385434,259.048344,466.287019,0.778675,0.001511
9.999996,4479.520294,14696.588891,4479.501280,14696.526508,30.189470,120.000010,2512.654142,0.920164,238.385735,782.105429,0.738824,237.818519,780.244486,0.003208,0.010523,16.435036,53.920722,238.249396,781.658124,0.181194,0.594468,8.059214,26.440992,0.000001,0.008085,0.000076,-0.000006,0.035184,0.000747,0.068998,0.000013,-0.112494,-0.000031,1.149269,0.000000,0.000000,0.000000,0.000000,0.000000,4698.107595,8032.263092,550.384851,259.053622,466.296519,0.778743,0.001511
10.099996,4478.721669,14693.968729,4478.702658,14693.906357,30.189685,120.000010,2536.454782,0.938353,238.230686,781.596737,0.738336,237.660200,779.725067,0.003204,0.010512,16.476914,54.058117,238.099161,781.165226,0.182892,0.600039,7.913007,25.961311,0.000001,0.008097,0.000076,-0.000005,0.035997,0.000754,0.069219,0.000013,-0.112284,-0.000031,1.150769,0.000000,0.000000,0.000000,0.000000,0.000000,4698.088841,8032.254585,550.384268,259.058806,466.305850,0.778809,0.001511
10.199996,4477.937730,14691.396753,4477.918722,14691.334391,30.189899,120.000010,2560.240375,0.956712,238.074923,781.085704,0.737846,237.501287,779.203696,0.003200,0.010500,16.516888,54.189264,237.948170,780.669850,0.184586,0.605597,7.765496,25.477348,0.000001,0.008053,0.000076,-0.000005,0.036809,0.000762,0.069433,0.000013,-0.112067,-0.000031,1.152169,0.000000,0.000000,0.000000,0.000000,0.000000,4698.070088,8032.246079,550.383685,259.063894,466.315009,0.778874,0.001511
10.299996,4477.168602,14688.873367,4477.149598,14688.811016,30.190114,120.000010,2584.010845,0.975241,237.918462,780.572381,0.737354,237.341873,778.680686,0.003196,0.010487,16.553841,54.310504,237.796433,780.172025,0.186276,0.611141,7.616833,24.989610,0.000001,0.007959,0.000076,-0.000004,0.037614,0.000770,0.069634,0.000013,-0.111854,-0.000031,1.153372,0.000000,0.000000,0.000000,0.000000,0.000000,4698.051334,8032.237573,550.383102,259.068886,466.323995,0.778938,0.001511
10.399996,4476.414389,14686.398913,4476.395387,14686.336571,30.190328,120.000010,2607.766118,0.993937,237.761323,780.056834,0.736860,237.182040,778.156300,0.003192,0.010473,16.586939,54.419092,237.643959,779.671783,0.187961,0.616672,7.467257,24.498875,0.000001,0.007828,0.000076,-0.000004,0.038408,0.000777,0.069820,0.000013,-0.111651,-0.000031,1.154304,0.000000,0.000000,0.000000,0.000000,0.000000,4698.032581,8032.229066,550.382519,259.073782,466.332807,0.779001,0.001512
10.499996,4475.675166,14683.973643,4475.656168,14683.911311,30.190542,120.000011,2631.506120,1.012802,237.603528,779.539134,0.736364,237.021842,777.630714,0.003187,0.010457,16.615749,54.513612,237.490760,779.169161,0.189643,0.622188,7.317059,24.006098,0.000001,0.007674,0.000076,-0.000004,0.039188,0.000785,0.069988,0.000013,-0.111464,-0.000031,1.154923,0.000000,0.000000,0.000000,0.000000,0.000000,4698.013828,8032.220560,550.381936,259.078580,466.341444,0.779062,0.001512
10.599996,4474.950982,14681.597710,4474.931986,14681.535388,30.190756,120.000011,2655.230777,1.031835,237.444995,779.019013,0.735866,236.861197,777.103665,0.003182,0.010440,16.640283,54.594103,237.336743,778.663856,0.191320,0.627691,7.166546,23.512290,0.000001,0.007519,0.000076,-0.000003,0.039952,0.000792,0.070138,0.000013,-0.111502,-0.000031,1.155240,0.000000,0.000000,0.000000,0.000000,0.000000,4697.995074,8032.212053,550.381354,259.083281,466.349905,0.779122,0.001512
10.699996,4474.241853,14679.271170,4474.222860,14679.208857,30.190970,120.000011,2678.940000,1.051035,237.285620,778.496127,0.735366,236.699973,776.574713,0.003176,0.010421,16.660981,54.662012,237.181795,778.155494,0.192993,0.633179,7.016010,23.018405,0.000000,0.007379,0.000076,-0.000003,0.040701,0.000800,0.070273,0.000013,-0.111571,-0.000031,1.155272,0.000000,0.000000,0.000000,0.000000,0.000000,4697.976321,8032.203547,550.380771,259.087883,466.358190,0.779181,0.001512
10.799996,4473.547768,14676.993988,4473.528777,14676.931684,30.191184,120.000011,2702.633696,1.070401,237.125447,777.970627,0.734863,236.538161,776.043836,0.003170,0.010401,16.678607,54.719841,237.025952,777.644200,0.194661,0.638652,6.865697,22.525252,0.000000,0.007267,0.000076,-0.000003,0.041437,0.000808,0.070395,0.000013,-0.111627,-0.000031,1.155077,0.000000,0.000000,0.000000,0.000000,0.000000,4697.957567,8032.195040,550.380188,259.092389,466.366300,0.779239,0.001512
10.899996,4472.868695,14674.766059,4472.849707,14674.703764,30.191397,120.000011,2726.311778,1.089935,236.964514,777.442632,0.734358,236.375736,775.510946,0.003164,0.010380,16.694080,54.770605,236.869248,777.130079,0.196325,0.644112,6.715784,22.033411,-0.000000,0.007189,0.000076,-0.000002,0.042163,0.000815,0.070508,0.000013,-0.111672,-0.000031,1.154733,0.000000,0.000000,0.000000,0.000000,0.000000,4697.938814,8032.186534,550.379605,259.096796,466.374234,0.779295,0.001512
10.999996,4472.204589,14672.587235,4472.185604,14672.524948,30.191611,120.000012,2749.974161,1.109634,236.802849,776.912233,0.733851,236.212661,774.975923,0.003157,0.010359,16.708314,54.817302,236.711708,776.613216,0.197985,0.649556,6.566372,21.543214,-0.000001,0.007144,0.000076,-0.000002,0.042884,0.000823,0.070617,0.000013,-0.111705,-0.000031,1.154317,0.000000,0.000000,0.000000,0.000000,0.000000,4697.920060,8032.178028,550.379022,259.101107,466.381993,0.779351,0.001512
11.099996,4471.555398,14670.457343,4471.536416,14670.395065,30.191824,120.000012,2773.620762,1.129499,236.640470,776.379494,0.733342,236.048902,774.438656,0.003151,0.010338,16.722070,54.862435,236.553351,776.093671,0.199640,0.654986,6.417492,21.054764,-0.000001,0.007127,0.000076,-0.000002,0.043601,0.000831,0.070723,0.000013,-0.111725,-0.000030,1.153894,0.000000,0.000000,0.000000,0.000000,0.000000,4697.901307,8032.169521,550.378439,259.105321,466.389578,0.779404,0.001512
11.199996,4470.921069,14668.376211,4470.902089,14668.313941,30.192037,120.000012,2797.251502,1.149529,236.477390,775.844455,0.732831,235.884436,773.899068,0.003144,0.010316,16.735854,54.907657,236.394191,775.571493,0.201290,0.660401,6.269123,20.567990,-0.000001,0.007125,0.000076,-0.000001,0.044317,0.000838,0.070831,0.000013,-0.111733,-0.000030,1.153509,0.000000,0.000000,0.000000,0.000000,0.000000,4697.882553,8032.161015,550.377856,259.109438,466.396989,0.779457,0.001512
11.299995,4470.301553,14666.343679,4470.282576,14666.281418,30.192250,120.000012,2820.866299,1.169724,236.313619,775.307148,0.732317,235.719258,773.357147,0.003138,0.010295,16.749855,54.953592,236.234240,775.046718,0.202936,0.665801,6.121216,20.082731,-0.000002,0.007126,0.000076,-0.000001,0.045033,0.000846,0.070939,0.000013,-0.111728,-0.000030,1.153179,0.000000,0.000000,0.000000,0.000000,0.000000,4697.863800,8032.152508,550.377273,259.113459,466.404227,0.779509,0.001512
11.399995,4469.696808,14664.359606,4469.677833,14664.297352,30.192463,120.000012,2844.465075,1.190083,236.149165,774.767602,0.731802,235.553387,772.812949,0.003132,0.010275,16.763951,54.999839,236.073508,774.519382,0.204577,0.671186,5.973719,19.598815,-0.000002,0.007118,0.000076,-0.000001,0.045750,0.000853,0.071049,0.000013,-0.111710,-0.000030,1.152898,0.000000,0.000000,0.000000,0.000000,0.000000,4697.845047,8032.144002,550.376691,259.117385,466.411292,0.779559,0.001513
11.499995,4469.106793,14662.423861,4469.087820,14662.361615,30.192676,120.000013,2868.047754,1.210605,235.984040,774.225853,0.731285,235.386860,772.266600,0.003126,0.010255,16.777764,55.045156,235.912008,773.989526,0.206214,0.676555,5.826600,19.116141,-0.000002,0.007089,0.000075,-0.000001,0.046464,0.000861,0.071157,0.000013,-0.111679,-0.000030,1.152633,0.000000,0.000000,0.000000,0.000000,0.000000,4697.826293,8032.135496,550.376108,259.121214,466.418186,0.779608,0.001513
11.599995,4468.531471,14660.536322,4468.512501,14660.474083,30.192888,120.000013,2891.614258,1.231291,235.818260,773.681955,0.730766,235.219732,771.718282,0.003120,0.010235,16.790748,55.087755,235.749756,773.457206,0.207846,0.681910,5.679867,18.634735,-0.000003,0.007034,0.000075,-0.000001,0.047174,0.000868,0.071262,0.000013,-0.111636,-0.000030,1.152339,0.000000,0.000000,0.000000,0.000000,0.000000,4697.807540,8032.126989,550.375525,259.124949,466.424908,0.779656,0.001513
11.699995,4467.970801,14658.696853,4467.951833,14658.634622,30.193101,120.000013,2915.164514,1.252140,235.651847,773.135980,0.730245,235.052070,771.168207,0.003114,0.010216,16.802306,55.125675,235.586775,772.922490,0.209473,0.687249,5.533578,18.154784,-0.000003,0.006951,0.000075,-0.000001,0.047878,0.000876,0.071362,0.000013,-0.111580,-0.000030,1.151966,0.000000,0.000000,0.000000,0.000000,0.000000,4697.788786,8032.118483,550.374942,259.128588,466.431458,0.779702,0.001513
11.799995,4467.424733,14656.905292,4467.405767,14656.843068,30.193313,120.000013,2938.698449,1.273151,235.484828,772.588019,0.729723,234.883938,770.616595,0.003108,0.010198,16.811896,55.157140,235.423089,772.385463,0.211096,0.692572,5.387836,17.676628,-0.000003,0.006841,0.000075,-0.000001,0.048572,0.000883,0.071453,0.000013,-0.111514,-0.000030,1.151465,0.000000,0.000000,0.000000,0.000000,0.000000,4697.770033,8032.109976,550.374359,259.132132,466.437838,0.779748,0.001513
11.899995,4466.893207,14655.161439,4466.874243,14655.099222,30.193525,120.000013,2962.215996,1.294324,235.317236,772.038177,0.729199,234.715399,770.063646,0.003103,0.010180,16.819127,55.180863,235.258729,771.846225,0.212714,0.697880,5.242786,17.200743,-0.000003,0.006712,0.000075,-0.000001,0.049254,0.000891,0.071535,0.000013,-0.111438,-0.000030,1.150802,0.000000,0.000000,0.000000,0.000000,0.000000,4697.751279,8032.101470,550.373776,259.135583,466.444049,0.779792,0.001513
11.999995,4466.376143,14653.465038,4466.357182,14653.402827,30.193737,120.000014,2985.717088,1.315658,235.149107,771.486572,0.728673,234.546502,769.509523,0.003097,0.010161,16.823814,55.196242,235.093728,771.304882,0.214327,0.703173,5.098598,16.727682,-0.000004,0.006573,0.000075,-0.000001,0.049922,0.000898,0.071606,0.000013,-0.111353,-0.000030,1.149958,0.000000,0.000000,0.000000,0.000000,0.000000,4697.732526,8032.092963,550.373193,259.138939,466.450090,0.779835,0.001513
12.099995,4465.873449,14651.815777,4465.854489,14651.753573,30.193949,120.000014,3009.201663,1.337154,234.980476,770.933321,0.728146,234.377281,768.954334,0.003092,0.010143,16.826001,55.203414,234.928119,770.761546,0.215936,0.708450,4.955446,16.258024,-0.000004,0.006433,0.000075,-0.000001,0.050577,0.000906,0.071667,0.000013,-0.111260,-0.000030,1.148934,0.000000,0.000000,0.000000,0.000000,0.000000,4697.713772,8032.084457,550.372610,259.142202,466.455963,0.779877,0.001513
12.199995,4465.385011,14650.213290,4465.366053,14650.151092,30.194161,120.000014,3032.669661,1.358809,234.811379,770.378539,0.727617,234.207753,768.398139,0.003086,0.010126,16.825936,55.203202,234.761936,770.216325,0.217539,0.713712,4.813495,15.792308,-0.000004,0.006301,0.000075,-0.000001,0.051218,0.000913,0.071719,0.000013,-0.111159,-0.000030,1.147748,0.000000,0.000000,0.000000,0.000000,0.000000,4697.695019,8032.075951,550.372028,259.145372,466.461670,0.779917,0.001513
12.299995,4464.910702,14648.657158,4464.891746,14648.594966,30.194372,120.000014,3056.121027,1.380625,234.641846,769.822330,0.727088,234.037920,767.840946,0.003081,0.010108,16.824025,55.196932,234.595209,769.669321,0.219138,0.718958,4.672886,15.330991,-0.000004,0.006184,0.000075,-0.000001,0.051846,0.000921,0.071762,0.000013,-0.111051,-0.000029,1.146431,0.000000,0.000000,0.000000,0.000000,0.000000,4697.676266,8032.067444,550.371445,259.148451,466.467211,0.779957,0.001513
12.399995,4464.450382,14647.146923,4464.431428,14647.084737,30.194584,120.000015,3079.555708,1.402600,234.471905,769.264782,0.726557,233.867776,767.282730,0.003076,0.010091,16.820753,55.186198,234.427966,769.120622,0.220733,0.724189,4.533720,14.874410,-0.000004,0.006084,0.000075,-0.000001,0.052463,0.000928,0.071801,0.000013,-0.110936,-0.000029,1.145025,0.000000,0.000000,0.000000,0.000000,0.000000,4697.657512,8032.058938,550.370862,259.151439,466.472589,0.779995,0.001513
12.499995,4464.003904,14645.682100,4463.984952,14645.619920,30.194795,120.000015,3102.973653,1.424735,234.301579,768.705968,0.726025,233.697308,766.723450,0.003071,0.010074,16.816607,55.172597,234.260230,768.570307,0.222323,0.729406,4.396061,14.422773,-0.000004,0.006001,0.000075,-0.000001,0.053072,0.000936,0.071835,0.000013,-0.110813,-0.000029,1.143568,0.000000,0.000000,0.000000,0.000000,0.000000,4697.638759,8032.050431,550.370279,259.154337,466.477806,0.780032,0.001514
12.599995,4463.571116,14644.262190,4463.552165,14644.200016,30.195006,120.000015,3126.374814,1.447028,234.130884,768.145946,0.725492,233.526503,766.163068,0.003066,0.010058,16.812002,55.157486,234.092020,768.018438,0.223908,0.734607,4.259937,13.976171,-0.000004,0.005933,0.000074,-0.000001,0.053672,0.000943,0.071868,0.000013,-0.110684,-0.000029,1.142095,0.000000,0.000000,0.000000,0.000000,0.000000,4697.620005,8032.041925,550.369696,259.157146,466.482862,0.780068,0.001514
12.699995,4463.151863,14642.886689,4463.132914,14642.824519,30.195217,120.000015,3149.759145,1.469479,233.959836,767.584763,0.724958,233.355356,765.601561,0.003061,0.010042,16.807222,55.141803,233.923354,767.465071,0.225489,0.739792,4.125346,13.534600,-0.000004,0.005874,0.000074,-0.000001,0.054266,0.000951,0.071900,0.000013,-0.110547,-0.000029,1.140632,0.000000,0.000000,0.000000,0.000000,0.000000,4697.601252,8032.033418,550.369113,259.159867,466.487761,0.780103,0.001514
12.799995,4462.745993,14641.555095,4462.727045,14641.492931,30.195428,120.000015,3173.126600,1.492087,233.788445,767.022458,0.724424,233.183869,765.038939,0.003056,0.010027,16.802395,55.125968,233.754245,766.910254,0.227065,0.744963,3.992271,13.098003,-0.000004,0.005817,0.000074,-0.000001,0.054855,0.000958,0.071932,0.000013,-0.110403,-0.000029,1.139188,0.000000,0.000000,0.000000,0.000000,0.000000,4697.582498,8032.024912,550.368530,259.162502,466.492503,0.780137,0.001514
12.899995,4462.353356,14640.266916,4462.334410,14640.204756,30.195638,120.000016,3196.477136,1.514853,233.616724,766.459068,0.723888,233.012055,764.475247,0.003052,0.010012,16.797491,55.109879,233.584709,766.354033,0.228636,0.750120,3.860692,12.666312,-0.000004,0.005757,0.000074,-0.000001,0.055438,0.000966,0.071964,0.000013,-0.110251,-0.000029,1.137762,0.000000,0.000000,0.000000,0.000000,0.000000,4697.563745,8032.016406,550.367947,259.165050,466.497090,0.780169,0.001514
12.999995,4461.973803,14639.021662,4461.954858,14638.959507,30.195849,120.000016,3219.810711,1.537776,233.444684,765.894633,0.723351,232.839940,763.910565,0.003047,0.009998,16.792345,55.092995,233.414760,765.796457,0.230204,0.755261,3.730596,12.239488,-0.000004,0.005686,0.000074,-0.000001,0.056014,0.000973,0.071995,0.000013,-0.110093,-0.000029,1.136341,0.000000,0.000000,0.000000,0.000000,0.000000,4697.544991,8032.007899,550.367365,259.167514,466.501525,0.780201,0.001514
13.099995,4461.607185,14637.818847,4461.588241,14637.756697,30.196059,120.000016,3243.127284,1.560855,233.272341,765.329202,0.722814,232.667556,763.344999,0.003043,0.009985,16.786703,55.074484,233.244414,765.237580,0.231766,0.760388,3.601989,11.817549,-0.000004,0.005603,0.000074,-0.000001,0.056582,0.000981,0.072024,0.000013,-0.109928,-0.000029,1.134903,0.000000,0.000000,0.000000,0.000000,0.000000,4697.526238,8031.999393,550.366782,259.169893,466.505808,0.780231,0.001514
13.199995,4461.253352,14636.657978,4461.234410,14636.595833,30.196269,120.000016,3266.426818,1.584090,233.099710,764.762829,0.722276,232.494940,762.778675,0.003039,0.009971,16.780276,55.053397,233.073691,764.677464,0.233324,0.765500,3.474900,11.400590,-0.000004,0.005506,0.000074,-0.000001,0.057142,0.000988,0.072050,0.000013,-0.109756,-0.000029,1.133423,0.000000,0.000000,0.000000,0.000000,0.000000,4697.507484,8031.990886,550.366199,259.172190,466.509942,0.780261,0.001514
13.299995,4460.912150,14635.538549,4460.893209,14635.476408,30.196479,120.000017,3289.709274,1.607481,232.926812,764.195579,0.721737,232.322132,762.211720,0.003035,0.009959,16.772797,55.028861,232.902611,764.116179,0.234878,0.770597,3.349381,10.988783,-0.000004,0.005395,0.000074,-0.000001,0.057691,0.000995,0.072071,0.000013,-0.109579,-0.000029,1.131879,0.000000,0.000000,0.000000,0.000000,0.000000,4697.488731,8031.982380,550.365616,259.174405,466.513929,0.780289,0.001514
13.399995,4460.583419,14634.460035,4460.564479,14634.397897,30.196689,120.000017,3312.974618,1.631026,232.753669,763.627523,0.721198,232.149169,761.644254,0.003031,0.009946,16.764069,55.000227,232.731198,763.553801,0.236428,0.775681,3.225504,10.582362,-0.000004,0.005274,0.000074,-0.000001,0.058229,0.001003,0.072087,0.000013,-0.109397,-0.000029,1.130252,0.000000,0.000000,0.000000,0.000000,0.000000,4697.469978,8031.973874,550.365033,259.176539,466.517769,0.780317,0.001514
13.499995,4460.266989,14633.421881,4460.248051,14633.359748,30.196899,120.000017,3336.222819,1.654726,232.580304,763.058740,0.720658,231.976079,761.076376,0.003028,0.009933,16.753996,54.967179,232.559477,762.990410,0.237973,0.780750,3.103354,10.181608,-0.000004,0.005148,0.000074,-0.000001,0.058754,0.001010,0.072098,0.000013,-0.109211,-0.000029,1.128533,0.000000,0.000000,0.000000,0.000000,0.000000,4697.451224,8031.965367,550.364450,259.178593,466.521467,0.780343,0.001514
13.599995,4459.962685,14632.423508,4459.943748,14632.361378,30.197109,120.000017,3359.453847,1.678580,232.406740,762.489305,0.720117,231.802887,760.508160,0.003024,0.009920,16.742595,54.929774,232.387472,762.426089,0.239514,0.785806,2.983020,9.786812,-0.000004,0.005021,0.000074,-0.000001,0.059267,0.001018,0.072103,0.000013,-0.109020,-0.000029,1.126721,0.000000,0.000000,0.000000,0.000000,0.000000,4697.432471,8031.956861,550.363867,259.180568,466.525022,0.780368,0.001514
13.699995,4459.670320,14631.464304,4459.651384,14631.402178,30.197318,120.000018,3382.667674,1.702588,232.233001,761.919296,0.719576,231.629606,759.939652,0.003020,0.009907,16.729991,54.888422,232.215208,761.860920,0.241050,0.790847,2.864586,9.398249,-0.000004,0.004898,0.000074,-0.000001,0.059767,0.001025,0.072102,0.000013,-0.108826,-0.000029,1.124825,0.000000,0.000000,0.000000,0.000000,0.000000,4697.413717,8031.948354,550.363284,259.182465,466.528438,0.780393,0.001514
13.799994,4459.389700,14630.543636,4459.370765,14630.481513,30.197527,120.000018,3405.864275,1.726749,232.059108,761.348781,0.719035,231.456242,759.370873,0.003016,0.009895,16.716392,54.843805,232.042709,761.294977,0.242583,0.795875,2.748124,9.016154,-0.000004,0.004782,0.000074,-0.000001,0.060255,0.001032,0.072098,0.000013,-0.108629,-0.000028,1.122861,0.000000,0.000000,0.000000,0.000000,0.000000,4697.394964,8031.939848,550.362702,259.184287,466.531716,0.780416,0.001514
13.899994,4459.120626,14629.660846,4459.101692,14629.598727,30.197736,120.000018,3429.043630,1.751063,231.885080,760.777822,0.718493,231.282796,758.801825,0.003012,0.009882,16.702054,54.796766,231.869995,760.728330,0.244111,0.800890,2.633686,8.640701,-0.000004,0.004675,0.000074,-0.000001,0.060732,0.001040,0.072090,0.000013,-0.108428,-0.000028,1.120849,0.000000,0.000000,0.000000,0.000000,0.000000,4697.376210,8031.931341,550.362119,259.186033,466.534860,0.780438,0.001514
13.999994,4458.862893,14628.815265,4458.843960,14628.753149,30.197945,120.000018,3452.205715,1.775530,231.710933,760.206474,0.717951,231.109265,758.232498,0.003008,0.009869,16.687243,54.748172,231.697085,760.161041,0.245636,0.805892,2.521305,8.271998,-0.000004,0.004579,0.000074,-0.000000,0.061198,0.001047,0.072080,0.000013,-0.108224,-0.000028,1.118810,0.000000,0.000000,0.000000,0.000000,0.000000,4697.357457,8031.922835,550.361536,259.187706,466.537871,0.780460,0.001514
14.099994,4458.616294,14628.006215,4458.597362,14627.944101,30.198154,120.000019,3475.350514,1.800149,231.536681,759.634780,0.717409,230.935646,757.662881,0.003004,0.009856,16.672193,54.698795,231.523996,759.593163,0.247156,0.810880,2.410995,7.910090,-0.000004,0.004491,0.000074,-0.000000,0.061656,0.001055,0.072069,0.000013,-0.108017,-0.000028,1.116763,0.000000,0.000000,0.000000,0.000000,0.000000,4697.338703,8031.914329,550.360953,259.189307,466.540753,0.780480,0.001514
14.199994,4458.380623,14627.233016,4458.361692,14627.170905,30.198363,120.000019,3498.478009,1.824919,231.362335,759.062780,0.716867,230.761938,757.092971,0.003000,0.009843,16.657079,54.649209,231.350742,759.024743,0.248673,0.815856,2.302754,7.554967,-0.000004,0.004409,0.000073,-0.000000,0.062105,0.001062,0.072058,0.000013,-0.107808,-0.000028,1.114722,0.000000,0.000000,0.000000,0.000000,0.000000,4697.319950,8031.905822,550.360370,259.190837,466.543506,0.780500,0.001514
14.299994,4458.155673,14626.494992,4458.136743,14626.432884,30.198571,120.000019,3521.588183,1.849841,231.187906,758.490505,0.716324,230.588143,756.522779,0.002996,0.009830,16.642000,54.599736,231.177335,758.455825,0.250185,0.820819,2.196568,7.206587,-0.000004,0.004330,0.000073,-0.000000,0.062546,0.001069,0.072047,0.000013,-0.107595,-0.000028,1.112696,0.000000,0.000000,0.000000,0.000000,0.000000,4697.301197,8031.897316,550.359787,259.192297,466.546134,0.780519,0.001514
14.399994,4457.941240,14625.791471,4457.922311,14625.729365,30.198779,120.000019,3544.681023,1.874913,231.013403,757.917988,0.715782,230.414271,755.952331,0.002992,0.009817,16.626971,54.550429,231.003789,757.886448,0.251694,0.825769,2.092420,6.864894,-0.000004,0.004250,0.000073,-0.000000,0.062979,0.001077,0.072036,0.000013,-0.107379,-0.000028,1.110685,0.000000,0.000000,0.000000,0.000000,0.000000,4697.282443,8031.888809,550.359204,259.193689,466.548640,0.780536,0.001514
14.499994,4457.737121,14625.121787,4457.718192,14625.059684,30.198988,120.000020,3567.756515,1.900136,230.838835,757.345259,0.715239,230.240334,755.381672,0.002988,0.009804,16.611937,54.501104,230.830116,757.316652,0.253199,0.830706,1.990295,6.529840,-0.000004,0.004167,0.000073,-0.000000,0.063403,0.001084,0.072026,0.000013,-0.107161,-0.000028,1.108685,0.000000,0.000000,0.000000,0.000000,0.000000,4697.263690,8031.880303,550.358621,259.195014,466.551025,0.780553,0.001515
14.599994,4457.543113,14624.485279,4457.524185,14624.423178,30.199196,120.000020,3590.814646,1.925510,230.664213,756.772352,0.714696,230.066351,754.810861,0.002985,0.009792,16.596789,54.451406,230.656327,756.746481,0.254700,0.835631,1.890187,6.201401,-0.000004,0.004078,0.000073,0.000000,0.063820,0.001091,0.072014,0.000013,-0.106940,-0.000028,1.106687,0.000000,0.000000,0.000000,0.000000,0.000000,4697.244936,8031.871796,550.358039,259.196273,466.553291,0.780570,0.001515
14.699994,4457.359015,14623.881283,4457.340087,14623.819184,30.199403,120.000020,3613.855406,1.951033,230.489548,756.199303,0.714153,229.892342,754.239968,0.002981,0.009779,16.581393,54.400896,230.482438,756.175978,0.256198,0.840544,1.792098,5.879586,-0.000004,0.003982,0.000073,0.000000,0.064227,0.001099,0.072002,0.000013,-0.106717,-0.000028,1.104679,0.000000,0.000000,0.000000,0.000000,0.000000,4697.226183,8031.863290,550.357456,259.197468,466.555442,0.780585,0.001515
14.799994,4457.184625,14623.309136,4457.165697,14623.247039,30.199611,120.000021,3636.878786,1.976705,230.314852,755.626155,0.713611,229.718330,753.669063,0.002977,0.009767,16.565619,54.349143,230.308463,755.605193,0.257692,0.845445,1.696042,5.564442,-0.000004,0.003880,0.000073,0.000000,0.064624,0.001106,0.071988,0.000013,-0.106492,-0.000028,1.102650,0.000000,0.000000,0.000000,0.000000,0.000000,4697.207429,8031.854784,550.356873,259.198600,466.557480,0.780599,0.001515
14.899994,4457.019737,14622.768166,4457.000810,14622.706071,30.199819,120.000021,3659.884777,2.002526,230.140139,755.052951,0.713068,229.544336,753.098216,0.002973,0.009754,16.549362,54.295808,230.134417,755.034178,0.259182,0.850334,1.602044,5.256050,-0.000004,0.003773,0.000073,0.000000,0.065011,0.001113,0.071972,0.000013,-0.106266,-0.000028,1.100590,0.000000,0.000000,0.000000,0.000000,0.000000,4697.188676,8031.846277,550.356290,259.199670,466.559406,0.780613,0.001515
14.999994,4456.864145,14622.257694,4456.845219,14622.195600,30.200026,120.000021,3682.873374,2.028497,229.965424,754.479737,0.712525,229.370378,752.527488,0.002969,0.009742,16.532567,54.240704,229.960318,754.462985,0.260668,0.855211,1.510136,4.954513,-0.000004,0.003663,0.000073,0.000000,0.065387,0.001121,0.071954,0.000013,-0.106039,-0.000028,1.098494,0.000000,0.000000,0.000000,0.000000,0.000000,4697.169922,8031.837771,550.355707,259.200680,466.561224,0.780626,0.001515
15.099994,4456.717638,14621.777028,4456.698713,14621.714936,30.200233,120.000021,3705.844572,2.054615,229.790720,753.906562,0.711982,229.196471,751.956925,0.002965,0.009729,16.515231,54.183830,229.786181,753.891670,0.262151,0.860076,1.420352,4.659946,-0.000004,0.003553,0.000073,0.000000,0.065752,0.001128,0.071933,0.000013,-0.105811,-0.000028,1.096360,0.000000,0.000000,0.000000,0.000000,0.000000,4697.151169,8031.829264,550.355124,259.201631,466.562936,0.780638,0.001515
15.199994,4456.580002,14621.325466,4456.561077,14621.263376,30.200440,120.000022,3728.798367,2.080882,229.616042,753.333471,0.711440,229.022624,751.386560,0.002962,0.009716,16.497412,54.125366,229.612023,753.320285,0.263631,0.864930,1.332725,4.372457,-0.000004,0.003445,0.000073,0.000001,0.066106,0.001135,0.071910,0.000013,-0.105582,-0.000028,1.094191,0.000000,0.000000,0.000000,0.000000,0.000000,4697.132416,8031.820758,550.354541,259.202524,466.564544,0.780650,0.001515
15.299994,4456.451020,14620.902296,4456.432095,14620.840206,30.200647,120.000022,3751.734759,2.107296,229.441403,752.760507,0.710898,228.848843,750.816413,0.002958,0.009704,16.479209,54.065647,229.437859,752.748882,0.265106,0.869772,1.247283,4.092137,-0.000004,0.003340,0.000073,0.000001,0.066449,0.001143,0.071885,0.000013,-0.105354,-0.000028,1.091996,0.000000,0.000000,0.000000,0.000000,0.000000,4697.113662,8031.812252,550.353958,259.203362,466.566051,0.780660,0.001515
15.399994,4456.330471,14620.506796,4456.311547,14620.444708,30.200854,120.000022,3774.653747,2.133857,229.266814,752.187710,0.710356,228.675131,750.246492,0.002954,0.009691,16.460757,54.005109,229.263704,752.177506,0.266579,0.874603,1.164046,3.819048,-0.000004,0.003241,0.000073,0.000001,0.066782,0.001150,0.071859,0.000013,-0.105125,-0.000027,1.089784,0.000000,0.000000,0.000000,0.000000,0.000000,4697.094909,8031.803745,550.353376,259.204144,466.567459,0.780670,0.001515
15.499994,4456.218136,14620.138242,4456.199212,14620.076155,30.201061,120.000022,3797.555334,2.160565,229.092286,751.615113,0.709814,228.501487,749.676796,0.002950,0.009679,16.442200,53.944225,229.089570,751.606200,0.268048,0.879422,1.083021,3.553218,-0.000004,0.003148,0.000073,0.000001,0.067105,0.001157,0.071833,0.000013,-0.104896,-0.000027,1.087565,0.000000,0.000000,0.000000,0.000000,0.000000,4697.076155,8031.795239,550.352793,259.204873,466.568772,0.780680,0.001515
15.599994,4456.113793,14619.795909,4456.094869,14619.733822,30.201267,120.000023,3820.439521,2.187420,228.917829,751.042747,0.709272,228.327912,749.107324,0.002946,0.009666,16.423673,53.883442,228.915468,751.035000,0.269514,0.884231,1.004207,3.294641,-0.000004,0.003061,0.000073,0.000001,0.067420,0.001165,0.071807,0.000013,-0.104667,-0.000027,1.085351,0.000000,0.000000,0.000000,0.000000,0.000000,4697.057402,8031.786732,550.352210,259.205550,466.569991,0.780688,0.001515
15.699994,4456.017221,14619.479072,4455.998297,14619.416986,30.201473,120.000023,3843.306313,2.214421,228.743450,750.470636,0.708731,228.154405,748.538073,0.002943,0.009654,16.405288,53.823123,228.741409,750.463939,0.270976,0.889028,0.927592,3.043280,-0.000004,0.002978,0.000073,0.000001,0.067726,0.001172,0.071781,0.000013,-0.104438,-0.000027,1.083150,0.000000,0.000000,0.000000,0.000000,0.000000,4697.038648,8031.778226,550.351627,259.206177,466.571119,0.780696,0.001515
15.799994,4455.928201,14619.187013,4455.909278,14619.124928,30.201679,120.000023,3866.155714,2.241568,228.569155,749.898803,0.708191,227.980966,747.969050,0.002939,0.009642,16.387119,53.763513,228.567401,749.893046,0.272435,0.893815,0.853158,2.799076,-0.000005,0.002898,0.000073,0.000001,0.068023,0.001179,0.071756,0.000013,-0.104209,-0.000027,1.080969,0.000000,0.000000,0.000000,0.000000,0.000000,4697.019895,8031.769719,550.351044,259.206755,466.572159,0.780704,0.001515
15.899994,4455.846517,14618.919019,4455.827594,14618.856935,30.201885,120.000024,3888.987729,2.268860,228.394951,749.327266,0.707650,227.807601,747.400265,0.002935,0.009630,16.369198,53.704719,228.393452,749.322348,0.273890,0.898591,0.780885,2.561957,-0.000005,0.002819,0.000073,0.000001,0.068313,0.001186,0.071732,0.000013,-0.103981,-0.000027,1.078808,0.000000,0.000000,0.000000,0.000000,0.000000,4697.001141,8031.761213,550.350461,259.207285,466.573114,0.780711,0.001515
15.999994,4455.771953,14618.674386,4455.753030,14618.612303,30.202091,120.000024,3911.802366,2.296298,228.220843,748.756046,0.707110,227.634314,746.831738,0.002932,0.009618,16.351520,53.646721,228.219570,748.751870,0.275343,0.903356,0.710748,2.331852,-0.000005,0.002740,0.000073,0.000001,0.068595,0.001194,0.071709,0.000013,-0.103753,-0.000027,1.076668,0.000000,0.000000,0.000000,0.000000,0.000000,4696.982388,8031.752707,550.349878,259.207769,466.573985,0.780717,0.001515
16.099994,4455.704297,14618.452417,4455.685374,14618.390333,30.202297,120.000024,3934.599630,2.323881,228.046837,748.185160,0.706570,227.461115,746.263499,0.002928,0.009607,16.334047,53.589392,228.045763,748.181637,0.276792,0.908111,0.642730,2.108694,-0.000005,0.002659,0.000073,0.000001,0.068869,0.001201,0.071687,0.000013,-0.103526,-0.000027,1.074545,0.000000,0.000000,0.000000,0.000000,0.000000,4696.963635,8031.744200,550.349295,259.208208,466.574775,0.780723,0.001515
16.199994,4455.643337,14618.252417,4455.624414,14618.190334,30.202502,120.000024,3957.379530,2.351608,227.872939,747.614629,0.706031,227.288013,745.695581,0.002925,0.009596,16.316720,53.532544,227.872039,747.611676,0.278238,0.912855,0.576814,1.892433,-0.000005,0.002576,0.000073,0.000001,0.069134,0.001208,0.071666,0.000013,-0.103299,-0.000027,1.072435,0.000000,0.000000,0.000000,0.000000,0.000000,4696.944881,8031.735694,550.348713,259.208604,466.575487,0.780728,0.001515
16.299993,4455.588864,14618.073701,4455.569941,14618.011618,30.202708,120.000025,3980.142074,2.379480,227.699156,747.044474,0.705492,227.115021,745.128020,0.002922,0.009585,16.299476,53.475970,227.698406,747.042015,0.279681,0.917588,0.512989,1.683036,-0.000005,0.002490,0.000073,0.000001,0.069392,0.001216,0.071645,0.000013,-0.103073,-0.000027,1.070331,0.000000,0.000000,0.000000,0.000000,0.000000,4696.926128,8031.727187,550.348130,259.208958,466.576124,0.780732,0.001515
16.399993,4455.540669,14617.915581,4455.521747,14617.853499,30.202913,120.000025,4002.887273,2.407495,227.525494,746.474719,0.704953,226.942148,744.560853,0.002918,0.009574,16.282260,53.419487,227.524873,746.472681,0.281121,0.922312,0.451253,1.480487,-0.000005,0.002402,0.000072,0.000001,0.069640,0.001223,0.071624,0.000013,-0.102849,-0.000027,1.068228,0.000000,0.000000,0.000000,0.000000,0.000000,4696.907374,8031.718681,550.347547,259.209271,466.576687,0.780736,0.001515
16.499993,4455.498544,14617.777375,4455.479621,14617.715293,30.203118,120.000025,4025.615136,2.435655,227.351962,745.905388,0.704415,226.769406,743.994113,0.002915,0.009564,16.265036,53.362978,227.351449,745.903705,0.282557,0.927025,0.391602,1.284784,-0.000005,0.002312,0.000072,0.000001,0.069880,0.001230,0.071602,0.000013,-0.102625,-0.000027,1.066123,0.000000,0.000000,0.000000,0.000000,0.000000,4696.888621,8031.710174,550.346964,259.209544,466.577179,0.780740,0.001515
16.599993,4455.462279,14617.658396,4455.443357,14617.596314,30.203323,120.000026,4048.325675,2.463957,227.178567,745.336504,0.703878,226.596801,743.427825,0.002912,0.009554,16.247794,53.306411,227.178143,745.335116,0.283991,0.931729,0.334040,1.095932,-0.000005,0.002223,0.000072,0.000001,0.070111,0.001237,0.071581,0.000013,-0.102404,-0.000027,1.064014,0.000000,0.000000,0.000000,0.000000,0.000000,4696.869867,8031.701668,550.346381,259.209779,466.577603,0.780743,0.001515
16.699993,4455.431666,14617.557960,4455.412744,14617.495878,30.203527,120.000026,4071.018901,2.492403,227.005315,744.768093,0.703341,226.424341,742.862010,0.002909,0.009544,16.230553,53.249846,227.004964,744.766944,0.285421,0.936422,0.278568,0.913937,-0.000005,0.002135,0.000072,0.000001,0.070332,0.001245,0.071560,0.000013,-0.102183,-0.000027,1.061902,0.000000,0.000000,0.000000,0.000000,0.000000,4696.851114,8031.693162,550.345798,259.209978,466.577961,0.780745,0.001515
16.799993,4455.406496,14617.475381,4455.387573,14617.413298,30.203732,120.000026,4093.694829,2.520991,226.832214,744.200177,0.702804,226.252028,742.296680,0.002906,0.009534,16.213358,53.193431,226.831921,744.199215,0.286849,0.941106,0.225186,0.738799,-0.000005,0.002049,0.000072,0.000001,0.070546,0.001252,0.071538,0.000013,-0.101965,-0.000027,1.059790,0.000000,0.000000,0.000000,0.000000,0.000000,4696.832360,8031.684655,550.345215,259.210141,466.578255,0.780747,0.001515
16.899993,4455.386560,14617.409972,4455.367637,14617.347890,30.203936,120.000026,4116.353471,2.549722,226.659270,743.632775,0.702268,226.079865,741.731841,0.002903,0.009524,16.196273,53.137380,226.659020,743.631955,0.288274,0.945780,0.173890,0.570507,-0.000005,0.001967,0.000072,0.000001,0.070750,0.001259,0.071517,0.000013,-0.101749,-0.000027,1.057683,0.000000,0.000000,0.000000,0.000000,0.000000,4696.813607,8031.676149,550.344632,259.210271,466.578488,0.780749,0.001515
16.999993,4455.371649,14617.361053,4455.352726,14617.298970,30.204141,120.000027,4138.994844,2.578595,226.486488,743.065907,0.701733,225.907851,741.167491,0.002900,0.009514,16.179376,53.081942,226.486269,743.065187,0.289695,0.950444,0.124672,0.409029,-0.000005,0.001888,0.000072,0.000001,0.070947,0.001266,0.071497,0.000013,-0.101535,-0.000027,1.055585,0.000000,0.000000,0.000000,0.000000,0.000000,4696.794854,8031.667642,550.344050,259.210368,466.578662,0.780750,0.001515
17.099993,4455.361557,14617.327942,4455.342634,14617.265858,30.204345,120.000027,4161.618961,2.607610,226.313874,742.499587,0.701198,225.735986,740.603628,0.002897,0.009505,16.162742,53.027368,226.313674,742.498929,0.291114,0.955099,0.077517,0.254321,-0.000005,0.001813,0.000072,0.000001,0.071136,0.001274,0.071478,0.000013,-0.101323,-0.000026,1.053503,0.000000,0.000000,0.000000,0.000000,0.000000,4696.776100,8031.659136,550.343467,259.210433,466.578780,0.780751,0.001515
17.199993,4455.356078,14617.309966,4455.337154,14617.247882,30.204549,120.000027,4184.225838,2.636767,226.141430,741.933827,0.700664,225.564268,740.040249,0.002894,0.009496,16.146440,52.973885,226.141239,741.933198,0.292530,0.959745,0.032406,0.106317,-0.000005,0.001741,0.000072,0.000001,0.071317,0.001281,0.071461,0.000013,-0.101113,-0.000026,1.051442,0.000000,0.000000,0.000000,0.000000,0.000000,4696.757347,8031.650630,550.342884,259.210469,466.578844,0.780751,0.001515
17.299993,4455.355008,14617.306458,4455.336085,14617.244374,30.204752,120.000028,4206.815492,2.666064,225.969161,741.368637,0.700130,225.392697,739.477351,0.002892,0.009487,16.130523,52.921665,225.968969,741.368009,0.293943,0.964381,-0.010686,-0.035060,-0.000005,0.001673,0.000072,0.000001,0.071492,0.001288,0.071445,0.000013,-0.100906,-0.000026,1.049405,0.000000,0.000000,0.000000,0.000000,0.000000,4696.738593,8031.642123,550.342301,259.210476,466.578856,0.780752,0.001515
17.399993,4455.358149,14617.316761,4455.339225,14617.254676,30.204956,120.000028,4229.387940,2.695503,225.797067,740.804026,0.699597,225.221272,738.914935,0.002889,0.009478,16.115025,52.870817,225.796868,740.803373,0.295354,0.969008,-0.051785,-0.169898,-0.000005,0.001606,0.000072,0.000001,0.071660,0.001295,0.071430,0.000013,-0.100701,-0.000026,1.047396,0.000000,0.000000,0.000000,0.000000,0.000000,4696.719840,8031.633617,550.341718,259.210455,466.578819,0.780751,0.001515
17.499993,4455.365300,14617.340224,4455.346377,14617.278139,30.205159,120.000028,4251.943199,2.725083,225.625152,740.240000,0.699064,225.049996,738.353005,0.002886,0.009470,16.099956,52.821379,225.624939,740.239300,0.296761,0.973627,-0.090918,-0.298289,-0.000005,0.001541,0.000072,0.000001,0.071821,0.001303,0.071418,0.000013,-0.100498,-0.000026,1.045414,0.000000,0.000000,0.000000,0.000000,0.000000,4696.701086,8031.625110,550.341135,259.210409,466.578736,0.780751,0.001515
17.599993,4455.376268,14617.376208,4455.357344,14617.314122,30.205363,120.000029,4274.481285,2.754803,225.453418,739.676567,0.698532,224.878870,737.791569,0.002884,0.009462,16.085310,52.773328,225.453184,739.675801,0.298166,0.978236,-0.128115,-0.420324,-0.000005,0.001476,0.000072,0.000001,0.071975,0.001310,0.071407,0.000013,-0.100298,-0.000026,1.043459,0.000000,0.000000,0.000000,0.000000,0.000000,4696.682333,8031.616604,550.340552,259.210338,466.578608,0.780750,0.001515
17.699993,4455.390860,14617.424081,4455.371936,14617.361994,30.205566,120.000029,4297.002216,2.784663,225.281866,739.113732,0.698001,224.707899,737.230640,0.002882,0.009454,16.071065,52.726592,225.281607,739.112885,0.299569,0.982837,-0.163400,-0.536089,-0.000005,0.001410,0.000072,0.000001,0.072124,0.001317,0.071398,0.000013,-0.100100,-0.000026,1.041528,0.000000,0.000000,0.000000,0.000000,0.000000,4696.663579,8031.608097,550.339969,259.210243,466.578437,0.780749,0.001515
17.799993,4455.408886,14617.483221,4455.389961,14617.421133,30.205769,120.000029,4319.506011,2.814663,225.110498,738.551504,0.697470,224.537086,736.670230,0.002879,0.009446,16.057192,52.681077,225.110211,738.550562,0.300968,0.987429,-0.196798,-0.645662,-0.000005,0.001345,0.000072,0.000001,0.072265,0.001324,0.071391,0.000013,-0.099905,-0.000026,1.039620,0.000000,0.000000,0.000000,0.000000,0.000000,4696.644826,8031.599591,550.339387,259.210126,466.578227,0.780747,0.001515
17.899993,4455.430158,14617.553011,4455.411233,14617.490923,30.205972,120.000030,4341.992688,2.844803,224.939318,737.989888,0.696940,224.366436,736.110355,0.002877,0.009439,16.043662,52.636685,224.938999,737.988841,0.302365,0.992012,-0.228329,-0.749112,-0.000005,0.001278,0.000072,0.000001,0.072400,0.001331,0.071385,0.000013,-0.099712,-0.000026,1.037732,0.000000,0.000000,0.000000,0.000000,0.000000,4696.626072,8031.591085,550.338804,259.209988,466.577978,0.780745,0.001515
17.999993,4455.454490,14617.632843,4455.435566,14617.570754,30.206174,120.000030,4364.462264,2.875082,224.768327,737.428894,0.696410,224.195953,735.551028,0.002875,0.009431,16.030450,52.593340,224.767974,737.427735,0.303760,0.996587,-0.258014,-0.846502,-0.000005,0.001212,0.000072,0.000001,0.072528,0.001339,0.071380,0.000013,-0.099523,-0.000026,1.035860,0.000000,0.000000,0.000000,0.000000,0.000000,4696.607319,8031.582578,550.338221,259.209830,466.577694,0.780743,0.001515
18.099993,4455.481700,14617.722113,4455.462775,14617.660023,30.206377,120.000030,4386.914759,2.905501,224.597528,736.868529,0.695881,224.025641,734.992259,0.002872,0.009424,16.017544,52.550999,224.597138,736.867252,0.305152,1.001154,-0.285867,-0.937884,-0.000005,0.001145,0.000072,0.000001,0.072650,0.001346,0.071377,0.000013,-0.099337,-0.000026,1.034004,0.000000,0.000000,0.000000,0.000000,0.000000,4696.588566,8031.574072,550.337638,259.209653,466.577376,0.780741,0.001515
18.199993,4455.511604,14617.820223,4455.492679,14617.758132,30.206579,120.000030,4409.350192,2.936058,224.426922,736.308801,0.695353,223.855501,734.434058,0.002870,0.009417,16.004946,52.509665,224.426496,736.307403,0.306541,1.005712,-0.311906,-1.023314,-0.000005,0.001080,0.000072,0.000001,0.072765,0.001353,0.071375,0.000013,-0.099153,-0.000026,1.032164,0.000000,0.000000,0.000000,0.000000,0.000000,4696.569812,8031.565565,550.337055,259.209459,466.577027,0.780739,0.001515
18.299993,4455.544022,14617.926581,4455.525096,14617.864489,30.206782,120.000031,4431.768583,2.966754,224.256514,735.749717,0.694825,223.685535,733.876426,0.002868,0.009410,15.992669,52.469388,224.256050,735.748197,0.307928,1.010262,-0.336146,-1.102842,-0.000005,0.001016,0.000072,0.000001,0.072874,0.001360,0.071375,0.000013,-0.098973,-0.000026,1.030339,0.000000,0.000000,0.000000,0.000000,0.000000,4696.551059,8031.557059,550.336472,259.209249,466.576648,0.780736,0.001515
18.399993,4455.578774,14618.040598,4455.559848,14617.978505,30.206984,120.000031,4454.169951,2.997588,224.086303,735.191284,0.694298,223.515743,733.319365,0.002866,0.009403,15.980742,52.430257,224.085803,735.189642,0.309312,1.014804,-0.358605,-1.176527,-0.000005,0.000955,0.000072,0.000001,0.072976,0.001368,0.071376,0.000013,-0.098796,-0.000026,1.028532,0.000000,0.000000,0.000000,0.000000,0.000000,4696.532305,8031.548552,550.335889,259.209023,466.576242,0.780733,0.001515
18.499993,4455.615685,14618.161695,4455.596758,14618.099601,30.207186,120.000031,4476.554316,3.028561,223.916292,734.633505,0.693772,223.346123,732.762871,0.002864,0.009396,15.969201,52.392390,223.915756,734.631744,0.310694,1.019338,-0.379303,-1.244433,-0.000005,0.000896,0.000072,0.000001,0.073072,0.001375,0.071378,0.000013,-0.098622,-0.000026,1.026745,0.000000,0.000000,0.000000,0.000000,0.000000,4696.513552,8031.540046,550.335306,259.208784,466.575811,0.780730,0.001515
18.599993,4455.654578,14618.289297,4455.635651,14618.227202,30.207387,120.000032,4498.921698,3.059671,223.746482,734.076386,0.693246,223.176674,732.206936,0.002862,0.009389,15.958085,52.355921,223.745910,734.074509,0.312074,1.023864,-0.398261,-1.306632,-0.000005,0.000839,0.000072,0.000001,0.073163,0.001382,0.071383,0.000013,-0.098452,-0.000026,1.024982,0.000000,0.000000,0.000000,0.000000,0.000000,4696.494798,8031.531540,550.334724,259.208531,466.575356,0.780727,0.001515
18.699993,4455.695280,14618.422836,4455.676354,14618.360740,30.207589,120.000032,4521.272117,3.090920,223.576874,733.519927,0.692721,223.007394,731.651555,0.002860,0.009383,15.947434,52.320976,223.576268,733.517939,0.313451,1.028383,-0.415505,-1.363205,-0.000005,0.000786,0.000072,0.000001,0.073248,0.001389,0.071389,0.000013,-0.098285,-0.000026,1.023244,0.000000,0.000000,0.000000,0.000000,0.000000,4696.476045,8031.523033,550.334141,259.208267,466.574881,0.780723,0.001515
18.799992,4455.737623,14618.561755,4455.718696,14618.499658,30.207790,120.000032,4543.605594,3.122305,223.407466,732.964128,0.692196,222.838280,731.096719,0.002858,0.009376,15.937281,52.287669,223.406828,732.962036,0.314826,1.032893,-0.431061,-1.414242,-0.000005,0.000734,0.000072,0.000001,0.073327,0.001396,0.071398,0.000013,-0.098121,-0.000026,1.021534,0.000000,0.000000,0.000000,0.000000,0.000000,4696.457291,8031.514527,550.333558,259.207992,466.574386,0.780720,0.001515
18.899992,4455.781438,14618.705505,4455.762510,14618.643407,30.207992,120.000033,4565.922149,3.153828,223.238260,732.408988,0.691672,222.669330,730.542420,0.002856,0.009370,15.927653,52.256080,223.237592,732.406798,0.316198,1.037397,-0.444959,-1.459840,-0.000005,0.000685,0.000072,0.000001,0.073402,0.001404,0.071409,0.000013,-0.097961,-0.000026,1.019853,0.000000,0.000000,0.000000,0.000000,0.000000,4696.438538,8031.506020,550.332975,259.207708,466.573874,0.780716,0.001515
18.999992,4455.826561,14618.853547,4455.807633,14618.791448,30.208193,120.000033,4588.221802,3.185488,223.069253,731.854505,0.691149,222.500542,729.988654,0.002854,0.009363,15.918563,52.226258,223.068559,731.852226,0.317569,1.041892,-0.457230,-1.500097,-0.000005,0.000638,0.000072,0.000001,0.073472,0.001411,0.071422,0.000013,-0.097804,-0.000026,1.018204,0.000000,0.000000,0.000000,0.000000,0.000000,4696.419785,8031.497514,550.332392,259.207415,466.573347,0.780712,0.001515
19.099992,4455.872831,14619.005352,4455.853903,14618.943252,30.208394,120.000033,4610.504574,3.217284,222.900446,731.300677,0.690626,222.331915,729.435416,0.002852,0.009357,15.910016,52.198215,222.899727,731.298317,0.318937,1.046380,-0.467903,-1.535116,-0.000005,0.000592,0.000072,0.000001,0.073537,0.001418,0.071438,0.000013,-0.097651,-0.000026,1.016586,0.000000,0.000000,0.000000,0.000000,0.000000,4696.401031,8031.489008,550.331809,259.207115,466.572806,0.780708,0.001515
19.199992,4455.920090,14619.160401,4455.901162,14619.098300,30.208595,120.000034,4632.770484,3.249218,222.731838,730.747499,0.690104,222.163448,728.882705,0.002850,0.009351,15.902005,52.171933,222.731097,730.745068,0.320303,1.050861,-0.477011,-1.564997,-0.000005,0.000546,0.000072,0.000001,0.073598,0.001425,0.071456,0.000013,-0.097501,-0.000026,1.014998,0.000000,0.000000,0.000000,0.000000,0.000000,4696.382278,8031.480501,550.331226,259.206808,466.572254,0.780705,0.001515
19.299992,4455.968183,14619.318186,4455.949254,14619.256083,30.208796,120.000034,4655.019553,3.281287,222.563427,730.194970,0.689583,221.995142,728.330519,0.002848,0.009345,15.894518,52.147370,222.562667,730.192476,0.321666,1.055335,-0.484582,-1.589836,-0.000005,0.000501,0.000072,0.000001,0.073654,0.001433,0.071477,0.000013,-0.097354,-0.000026,1.013439,0.000000,0.000000,0.000000,0.000000,0.000000,4696.363524,8031.471995,550.330643,259.206496,466.571692,0.780701,0.001515
19.399992,4456.016957,14619.478206,4455.998028,14619.416102,30.208996,120.000034,4677.251800,3.313492,222.395212,729.643084,0.689062,221.826997,727.778860,0.002847,0.009339,15.887540,52.124476,222.394436,729.640539,0.323027,1.059801,-0.490644,-1.609726,-0.000005,0.000457,0.000072,0.000001,0.073705,0.001440,0.071499,0.000013,-0.097211,-0.000026,1.011908,0.000000,0.000000,0.000000,0.000000,0.000000,4696.344771,8031.463488,550.330061,259.206179,466.571122,0.780696,0.001515
19.499992,4456.066263,14619.639971,4456.047334,14619.577866,30.209196,120.000035,4699.467246,3.345834,222.227193,729.091840,0.688542,221.659011,727.227728,0.002845,0.009334,15.881055,52.103200,222.226404,729.089253,0.324387,1.064260,-0.495225,-1.624754,-0.000005,0.000413,0.000072,0.000001,0.073753,0.001447,0.071524,0.000013,-0.097072,-0.000025,1.010403,0.000000,0.000000,0.000000,0.000000,0.000000,4696.326017,8031.454982,550.329478,259.205859,466.570546,0.780692,0.001515
19.599992,4456.115954,14619.803000,4456.097024,14619.740893,30.209397,120.000035,4721.665911,3.378311,222.059368,728.541234,0.688022,221.491187,726.677122,0.002843,0.009328,15.875051,52.083499,222.058570,728.538616,0.325744,1.068712,-0.498350,-1.635005,-0.000005,0.000369,0.000072,0.000001,0.073795,0.001454,0.071551,0.000013,-0.096937,-0.000025,1.008923,0.000000,0.000000,0.000000,0.000000,0.000000,4696.307264,8031.446475,550.328895,259.205536,466.569966,0.780688,0.001515
19.699992,4456.165886,14619.966818,4456.146956,14619.904710,30.209597,120.000035,4743.847813,3.410923,221.891737,727.991264,0.687503,221.323522,726.127040,0.002842,0.009323,15.869520,52.065353,221.890933,727.988624,0.327098,1.073157,-0.500042,-1.640559,-0.000005,0.000327,0.000072,0.000001,0.073834,0.001461,0.071580,0.000013,-0.096804,-0.000025,1.007467,0.000000,0.000000,0.000000,0.000000,0.000000,4696.288510,8031.437969,550.328312,259.205212,466.569382,0.780684,0.001515
19.799992,4456.215917,14620.130960,4456.196986,14620.068851,30.209797,120.000036,4766.012973,3.443671,221.724299,727.441925,0.686985,221.156016,725.577480,0.002840,0.009317,15.864463,52.048762,221.723491,727.439275,0.328451,1.077596,-0.500327,-1.641494,-0.000005,0.000285,0.000072,0.000001,0.073868,0.001469,0.071612,0.000013,-0.096676,-0.000025,1.006036,0.000000,0.000000,0.000000,0.000000,0.000000,4696.269757,8031.429463,550.327729,259.204888,466.568798,0.780680,0.001515
19.899992,4456.265906,14620.294967,4456.246975,14620.232857,30.209997,120.000036,4788.161410,3.476554,221.557052,726.893214,0.686467,220.988667,725.028436,0.002838,0.009312,15.859887,52.033749,221.556244,726.890563,0.329802,1.082027,-0.499228,-1.637888,-0.000005,0.000245,0.000072,0.000001,0.073898,0.001476,0.071645,0.000013,-0.096552,-0.000025,1.004628,0.000000,0.000000,0.000000,0.000000,0.000000,4696.251004,8031.420956,550.327146,259.204563,466.568214,0.780676,0.001515
19.999992,4456.315718,14620.458391,4456.296786,14620.396280,30.210196,120.000036,4810.293143,3.509571,221.389995,726.345126,0.685950,220.821473,724.479900,0.002837,0.009307,15.855805,52.020358,221.389190,726.342485,0.331150,1.086451,-0.496770,-1.629823,-0.000005,0.000207,0.000072,0.000001,0.073925,0.001483,0.071681,0.000013,-0.096431,-0.000025,1.003246,0.000000,0.000000,0.000000,0.000000,0.000000,4696.232250,8031.412450,550.326563,259.204240,466.567632,0.780672,0.001515
20.099992,4456.365216,14620.620788,4456.346284,14620.558676,30.210396,120.000037,4832.408193,3.542723,221.223126,725.797657,0.685434,220.654431,723.931861,0.002835,0.009301,15.852235,52.008644,221.222327,725.795035,0.332497,1.090869,-0.492978,-1.617381,-0.000005,0.000171,0.000072,0.000001,0.073947,0.001490,0.071719,0.000013,-0.096313,-0.000025,1.001889,0.000000,0.000000,0.000000,0.000000,0.000000,4696.213497,8031.403943,550.325980,259.203919,466.567053,0.780668,0.001515
20.199992,4456.414270,14620.781726,4456.395338,14620.719613,30.210595,120.000037,4854.506577,3.576010,221.056444,725.250800,0.684918,220.487538,723.384311,0.002834,0.009296,15.849195,51.998670,221.055653,725.248207,0.333841,1.095280,-0.487878,-1.600651,-0.000005,0.000137,0.000072,0.000001,0.073966,0.001497,0.071759,0.000013,-0.096200,-0.000025,1.000560,0.000000,0.000000,0.000000,0.000000,0.000000,4696.194743,8031.395437,550.325398,259.203600,466.566480,0.780663,0.001515
20.299992,4456.462750,14620.940781,4456.443817,14620.878666,30.210794,120.000037,4876.588314,3.609430,220.889946,724.704548,0.684402,220.320790,722.837237,0.002832,0.009291,15.846703,51.990496,220.889167,724.701992,0.335184,1.099684,-0.481500,-1.579723,-0.000005,0.000105,0.000072,0.000001,0.073982,0.001505,0.071802,0.000013,-0.096090,-0.000025,0.999260,0.000000,0.000000,0.000000,0.000000,0.000000,4696.175990,8031.386931,550.324815,259.203285,466.565914,0.780659,0.001515
20.399992,4456.510529,14621.097536,4456.491596,14621.035421,30.210993,120.000038,4898.653424,3.642985,220.723631,724.158894,0.683887,220.154183,722.290626,0.002831,0.009286,15.844776,51.984172,220.722866,724.156383,0.336524,1.104082,-0.473870,-1.554692,-0.000005,0.000074,0.000072,0.000001,0.073994,0.001512,0.071847,0.000013,-0.095984,-0.000025,0.997990,0.000000,0.000000,0.000000,0.000000,0.000000,4696.157236,8031.378424,550.324232,259.202975,466.565356,0.780655,0.001515
20.499992,4456.557484,14621.251588,4456.538551,14621.189471,30.211192,120.000038,4920.701924,3.676674,220.557495,723.613828,0.683373,219.987714,721.744469,0.002829,0.009282,15.843423,51.979734,220.556746,723.611371,0.337862,1.108473,-0.465020,-1.525657,-0.000005,0.000045,0.000072,0.000001,0.074004,0.001519,0.071895,0.000013,-0.095882,-0.000025,0.996749,0.000000,0.000000,0.000000,0.000000,0.000000,4696.138483,8031.369918,550.323649,259.202671,466.564807,0.780652,0.001515
20.599992,4456.603494,14621.402540,4456.584561,14621.340422,30.211391,120.000039,4942.733833,3.710496,220.391535,723.069341,0.682859,219.821380,721.198754,0.002828,0.009277,15.842650,51.977199,220.390805,723.066944,0.339199,1.112857,-0.454980,-1.492715,-0.000005,0.000018,0.000072,0.000001,0.074011,0.001526,0.071946,0.000013,-0.095783,-0.000025,0.995540,0.000000,0.000000,0.000000,0.000000,0.000000,4696.119729,8031.361411,550.323066,259.202372,466.564269,0.780648,0.001515
20.699992,4456.648442,14621.550006,4456.629508,14621.487887,30.211589,120.000039,4964.749168,3.744451,220.225750,722.525425,0.682346,219.655178,720.653472,0.002826,0.009272,15.842457,51.976566,220.225039,722.523094,0.340533,1.117235,-0.443779,-1.455967,-0.000005,-0.000008,0.000072,0.000001,0.074015,0.001534,0.072000,0.000013,-0.095688,-0.000025,0.994361,0.000000,0.000000,0.000000,0.000000,0.000000,4696.100976,8031.352905,550.322483,259.202080,466.563744,0.780644,0.001515
20.799992,4456.692213,14621.693611,4456.673279,14621.631491,30.211788,120.000039,4986.747946,3.778540,220.060135,721.982069,0.681833,219.489105,720.108613,0.002825,0.009268,15.842839,51.977818,220.059446,721.979810,0.341866,1.121607,-0.431447,-1.415509,-0.000005,-0.000033,0.000072,0.000001,0.074016,0.001541,0.072056,0.000013,-0.095597,-0.000025,0.993212,0.000000,0.000000,0.000000,0.000000,0.000000,4696.082223,8031.344398,550.321900,259.201796,466.563233,0.780640,0.001515
20.899992,4456.734695,14621.832990,4456.715761,14621.770868,30.211986,120.000040,5008.730185,3.812761,219.894687,721.439263,0.681321,219.323159,719.564169,0.002824,0.009264,15.843786,51.980926,219.894022,721.437081,0.343196,1.125972,-0.418014,-1.371438,-0.000005,-0.000058,0.000072,0.000001,0.074015,0.001548,0.072114,0.000013,-0.095509,-0.000025,0.992093,0.000000,0.000000,0.000000,0.000000,0.000000,4696.063469,8031.335892,550.321317,259.201520,466.562736,0.780637,0.001515
20.999992,4456.775781,14621.967784,4456.756846,14621.905661,30.212184,120.000040,5030.695901,3.847116,219.729405,720.896998,0.680809,219.157337,719.020134,0.002822,0.009259,15.845289,51.985857,219.728764,720.894897,0.344525,1.130330,-0.403508,-1.323847,-0.000005,-0.000081,0.000072,0.000001,0.074012,0.001555,0.072175,0.000013,-0.095425,-0.000025,0.991002,0.000000,0.000000,0.000000,0.000000,0.000000,4696.044716,8031.327386,550.320735,259.201254,466.562256,0.780633,0.001515
21.099992,4456.815363,14622.097647,4456.796427,14622.035523,30.212382,120.000040,5052.645112,3.881603,219.564284,720.355263,0.680298,218.991636,718.476498,0.002821,0.009255,15.847337,51.992575,219.563669,720.353245,0.345851,1.134683,-0.387957,-1.272825,-0.000005,-0.000104,0.000072,0.000001,0.074006,0.001562,0.072239,0.000013,-0.095344,-0.000025,0.989938,0.000000,0.000000,0.000000,0.000000,0.000000,4696.025962,8031.318879,550.320152,259.200997,466.561794,0.780630,0.001515
21.199992,4456.853339,14622.222239,4456.834403,14622.160115,30.212580,120.000041,5074.577832,3.916222,219.399322,719.814050,0.679787,218.826056,717.933254,0.002820,0.009251,15.849920,52.001051,219.398733,719.812117,0.347176,1.139029,-0.371387,-1.218460,-0.000005,-0.000126,0.000072,0.000001,0.073998,0.001570,0.072305,0.000013,-0.095267,-0.000025,0.988902,0.000000,0.000000,0.000000,0.000000,0.000000,4696.007209,8031.310373,550.319569,259.200750,466.561350,0.780627,0.001515
21.299991,4456.889607,14622.341232,4456.870672,14622.279106,30.212778,120.000041,5096.494078,3.950974,219.234516,719.273347,0.679277,218.660592,717.390393,0.002819,0.009247,15.853033,52.011264,219.233954,719.271501,0.348499,1.143369,-0.353823,-1.160836,-0.000005,-0.000147,0.000072,0.000001,0.073988,0.001577,0.072374,0.000013,-0.095194,-0.000025,0.987891,0.000000,0.000000,0.000000,0.000000,0.000000,4695.988455,8031.301866,550.318986,259.200515,466.560927,0.780624,0.001515
21.399991,4456.924071,14622.454303,4456.905135,14622.392176,30.212975,120.000041,5118.393865,3.985857,219.069862,718.733144,0.678767,218.495241,716.847905,0.002817,0.009243,15.856673,52.023204,219.069326,718.731386,0.349820,1.147702,-0.335291,-1.100037,-0.000005,-0.000168,0.000072,0.000001,0.073976,0.001584,0.072445,0.000013,-0.095124,-0.000025,0.986906,0.000000,0.000000,0.000000,0.000000,0.000000,4695.969702,8031.293360,550.318403,259.200291,466.560524,0.780621,0.001515
21.499991,4456.956635,14622.561138,4456.937698,14622.499010,30.213173,120.000042,5140.277208,4.020873,218.905358,718.193433,0.678257,218.330002,716.305780,0.002816,0.009239,15.860839,52.036873,218.904849,718.191761,0.351139,1.152030,-0.315817,-1.036145,-0.000006,-0.000187,0.000072,0.000001,0.073961,0.001591,0.072519,0.000013,-0.095058,-0.000025,0.985947,0.000000,0.000000,0.000000,0.000000,0.000000,4695.950948,8031.284853,550.317820,259.200080,466.560143,0.780618,0.001515
21.599991,4456.987205,14622.661433,4456.968268,14622.599305,30.213370,120.000042,5162.144122,4.056020,218.741000,717.654201,0.677748,218.164869,715.764006,0.002815,0.009236,15.865536,52.052282,218.740517,717.652615,0.352456,1.156351,-0.295425,-0.969243,-0.000006,-0.000204,0.000072,0.000001,0.073945,0.001598,0.072595,0.000013,-0.094995,-0.000025,0.985013,0.000000,0.000000,0.000000,0.000000,0.000000,4695.932195,8031.276347,550.317237,259.199881,466.559786,0.780616,0.001515
21.699991,4457.015691,14622.754891,4456.996754,14622.692761,30.213567,120.000042,5183.994621,4.091298,218.576786,717.115438,0.677240,217.999839,715.222569,0.002814,0.009232,15.870769,52.069451,218.576327,717.113935,0.353771,1.160666,-0.274142,-0.899415,-0.000006,-0.000220,0.000072,0.000001,0.073928,0.001606,0.072674,0.000013,-0.094935,-0.000025,0.984106,0.000000,0.000000,0.000000,0.000000,0.000000,4695.913442,8031.267841,550.316654,259.199696,466.559453,0.780613,0.001515
21.799991,4457.042005,14622.841223,4457.023067,14622.779093,30.213764,120.000043,5205.828720,4.126708,218.412710,716.577133,0.676732,217.834908,714.681457,0.002813,0.009228,15.876545,52.088401,218.412276,716.575709,0.355084,1.164974,-0.251992,-0.826745,-0.000006,-0.000235,0.000072,0.000001,0.073908,0.001613,0.072755,0.000013,-0.094880,-0.000025,0.983225,0.000000,0.000000,0.000000,0.000000,0.000000,4695.894688,8031.259334,550.316072,259.199526,466.559146,0.780611,0.001515
21.899991,4457.066062,14622.920149,4457.047124,14622.858019,30.213961,120.000043,5227.646432,4.162249,218.248770,716.039273,0.676224,217.670072,714.140656,0.002812,0.009225,15.882870,52.109154,218.248359,716.037924,0.356396,1.169277,-0.229002,-0.751320,-0.000006,-0.000248,0.000072,0.000001,0.073888,0.001620,0.072839,0.000013,-0.094827,-0.000025,0.982372,0.000000,0.000000,0.000000,0.000000,0.000000,4695.875935,8031.250828,550.315489,259.199369,466.558865,0.780609,0.001515
21.999991,4457.087779,14622.991399,4457.068841,14622.929268,30.214158,120.000044,5249.447771,4.197921,218.084963,715.501846,0.675716,217.505326,713.600151,0.002811,0.009222,15.889750,52.131726,218.084573,715.500567,0.357705,1.173574,-0.205200,-0.673227,-0.000006,-0.000260,0.000072,0.000001,0.073866,0.001627,0.072925,0.000013,-0.094778,-0.000025,0.981545,0.000000,0.000000,0.000000,0.000000,0.000000,4695.857181,8031.242321,550.314906,259.199228,466.558611,0.780607,0.001515
22.099991,4457.107076,14623.054710,4457.088138,14622.992578,30.214354,120.000044,5271.232748,4.233723,217.921283,714.964841,0.675209,217.340666,713.059929,0.002810,0.009218,15.897188,52.156127,217.920913,714.963625,0.359013,1.177864,-0.180610,-0.592554,-0.000006,-0.000270,0.000072,0.000001,0.073843,0.001635,0.073014,0.000013,-0.094732,-0.000025,0.980747,0.000000,0.000000,0.000000,0.000000,0.000000,4695.838428,8031.233815,550.314323,259.199103,466.558386,0.780606,0.001515
22.199991,4457.123876,14623.109829,4457.104938,14623.047695,30.214551,120.000044,5293.001377,4.269657,217.757728,714.428242,0.674703,217.176088,712.519975,0.002809,0.009215,15.905182,52.182356,217.757375,714.427083,0.360319,1.182149,-0.155262,-0.509390,-0.000006,-0.000280,0.000072,0.000001,0.073819,0.001642,0.073106,0.000013,-0.094690,-0.000025,0.979976,0.000000,0.000000,0.000000,0.000000,0.000000,4695.819674,8031.225309,550.313740,259.198994,466.558189,0.780604,0.001515
22.299991,4457.138104,14623.156509,4457.119166,14623.094376,30.214747,120.000045,5314.753670,4.305720,217.594293,713.892039,0.674197,217.011589,711.980278,0.002808,0.009212,15.913731,52.210404,217.593955,713.890927,0.361623,1.186427,-0.129181,-0.423821,-0.000005,-0.000288,0.000072,0.000001,0.073794,0.001649,0.073200,0.000013,-0.094650,-0.000025,0.979232,0.000000,0.000000,0.000000,0.000000,0.000000,4695.800921,8031.216802,550.313157,259.198902,466.558023,0.780603,0.001515
22.399991,4457.149689,14623.194517,4457.130750,14623.132382,30.214943,120.000045,5336.489637,4.341913,217.430975,713.356216,0.673691,216.847163,711.440825,0.002807,0.009209,15.922829,52.240254,217.430648,713.355143,0.362925,1.190699,-0.102393,-0.335935,-0.000005,-0.000295,0.000072,0.000001,0.073768,0.001656,0.073297,0.000013,-0.094614,-0.000025,0.978515,0.000000,0.000000,0.000000,0.000000,0.000000,4695.782167,8031.208296,550.312574,259.198827,466.557888,0.780602,0.001515
22.499991,4457.158560,14623.223623,4457.139622,14623.161488,30.215139,120.000045,5358.209291,4.378237,217.267768,712.820761,0.673185,216.682808,710.901603,0.002806,0.009205,15.932469,52.271879,217.267450,712.819718,0.364226,1.194966,-0.074925,-0.245817,-0.000005,-0.000302,0.000072,0.000001,0.073742,0.001664,0.073397,0.000013,-0.094581,-0.000025,0.977824,0.000000,0.000000,0.000000,0.000000,0.000000,4695.763414,8031.199789,550.311991,259.198769,466.557784,0.780602,0.001515
22.599991,4457.164652,14623.243610,4457.145713,14623.181474,30.215335,120.000046,5379.912642,4.414690,217.104670,712.285661,0.672680,216.518521,710.362600,0.002805,0.009202,15.942641,52.305254,217.104357,712.284635,0.365524,1.199226,-0.046802,-0.153549,-0.000005,-0.000308,0.000072,0.000001,0.073715,0.001671,0.073499,0.000013,-0.094551,-0.000025,0.977159,0.000000,0.000000,0.000000,0.000000,0.000000,4695.744660,8031.191283,550.311409,259.198729,466.557713,0.780601,0.001515
22.699991,4457.167900,14623.254265,4457.148961,14623.192129,30.215530,120.000046,5401.599700,4.451273,216.941675,711.750903,0.672175,216.354296,709.823806,0.002804,0.009200,15.953338,52.340347,216.941364,711.749883,0.366821,1.203480,-0.018048,-0.059212,-0.000005,-0.000313,0.000072,0.000001,0.073687,0.001678,0.073604,0.000013,-0.094525,-0.000025,0.976519,0.000000,0.000000,0.000000,0.000000,0.000000,4695.725907,8031.182776,550.310826,259.198708,466.557675,0.780601,0.001515
22.799991,4457.168242,14623.255387,4457.149303,14623.193250,30.215726,120.000047,5423.270475,4.487986,216.778781,711.216472,0.671670,216.190131,709.285208,0.002803,0.009197,15.964550,52.377132,216.778468,711.215446,0.368116,1.207728,0.011313,0.037116,-0.000005,-0.000318,0.000072,0.000000,0.073659,0.001685,0.073711,0.000013,-0.094501,-0.000024,0.975904,0.000000,0.000000,0.000000,0.000000,0.000000,4695.707154,8031.174270,550.310243,259.198706,466.557671,0.780601,0.001515
22.899991,4457.165618,14623.246779,4457.146679,14623.184642,30.215921,120.000047,5444.924976,4.524827,216.615982,710.682357,0.671166,216.026023,708.746794,0.002802,0.009194,15.976270,52.415585,216.615663,710.681310,0.369409,1.211971,0.041257,0.135359,-0.000005,-0.000321,0.000072,0.000000,0.073630,0.001692,0.073821,0.000013,-0.094480,-0.000024,0.975312,0.000000,0.000000,0.000000,0.000000,0.000000,4695.688400,8031.165764,550.309660,259.198723,466.557702,0.780601,0.001515
22.999991,4457.159972,14623.228255,4457.141033,14623.166117,30.216116,120.000047,5466.563213,4.561798,216.453276,710.148543,0.670661,215.861967,708.208552,0.002801,0.009191,15.988494,52.455689,216.452947,710.147462,0.370700,1.216207,0.071762,0.235440,-0.000005,-0.000324,0.000072,0.000000,0.073602,0.001700,0.073933,0.000013,-0.094462,-0.000024,0.974743,0.000000,0.000000,0.000000,0.000000,0.000000,4695.669647,8031.157257,550.309077,259.198760,466.557768,0.780601,0.001515
23.099991,4457.151248,14623.199633,4457.132309,14623.137495,30.216311,120.000048,5488.185193,4.598897,216.290657,709.615018,0.670158,215.697959,707.670469,0.002801,0.009188,16.001217,52.497432,216.290313,709.613888,0.371989,1.220437,0.102805,0.337288,-0.000005,-0.000326,0.000072,0.000000,0.073572,0.001707,0.074048,0.000013,-0.094447,-0.000024,0.974197,0.000000,0.000000,0.000000,0.000000,0.000000,4695.650893,8031.148751,550.308494,259.198816,466.557870,0.780602,0.001515
23.199991,4457.139394,14623.160741,4457.120454,14623.098603,30.216506,120.000048,5509.790926,4.636126,216.128123,709.081768,0.669654,215.533995,707.132531,0.002800,0.009185,16.014438,52.540806,216.127759,709.080573,0.373277,1.224662,0.134365,0.440829,-0.000005,-0.000327,0.000072,0.000000,0.073543,0.001714,0.074165,0.000013,-0.094435,-0.000024,0.973675,0.000000,0.000000,0.000000,0.000000,0.000000,4695.632140,8031.140244,550.307911,259.198893,466.558008,0.780603,0.001515
23.299991,4457.124359,14623.111414,4457.105419,14623.049275,30.216701,120.000049,5531.380419,4.673482,215.965668,708.548779,0.669150,215.370072,706.594725,0.002799,0.009183,16.028155,52.585809,215.965279,708.547503,0.374563,1.228880,0.166418,0.545990,-0.000005,-0.000327,0.000072,0.000000,0.073514,0.001721,0.074285,0.000013,-0.094426,-0.000024,0.973175,0.000000,0.000000,0.000000,0.000000,0.000000,4695.613386,8031.131738,550.307328,259.198991,466.558184,0.780604,0.001515
23.399991,4457.106095,14623.051492,4457.087155,14622.989354,30.216896,120.000049,5552.953678,4.710967,215.803289,708.016039,0.668647,215.206184,706.057036,0.002798,0.009180,16.042368,52.632440,215.802870,708.014664,0.375847,1.233093,0.198943,0.652699,-0.000005,-0.000326,0.000072,0.000000,0.073485,0.001729,0.074407,0.000013,-0.094419,-0.000024,0.972697,0.000000,0.000000,0.000000,0.000000,0.000000,4695.594633,8031.123231,550.306746,259.199110,466.558397,0.780606,0.001515
23.499991,4457.084556,14622.980825,4457.065616,14622.918687,30.217090,120.000049,5574.510712,4.748581,215.640981,707.483533,0.668144,215.042328,705.519449,0.002797,0.009177,16.057077,52.680699,215.640526,707.482042,0.377129,1.237299,0.231917,0.760883,-0.000005,-0.000324,0.000072,0.000000,0.073456,0.001736,0.074531,0.000013,-0.094415,-0.000024,0.972243,0.000000,0.000000,0.000000,0.000000,0.000000,4695.575879,8031.114725,550.306163,259.199249,466.558649,0.780608,0.001515
23.599991,4457.059697,14622.899269,4457.040757,14622.837130,30.217284,120.000050,5596.051526,4.786322,215.478740,706.951247,0.667641,214.878499,704.981951,0.002796,0.009175,16.072282,52.730584,215.478245,706.949621,0.378409,1.241499,0.265319,0.870470,-0.000005,-0.000321,0.000072,0.000000,0.073427,0.001743,0.074658,0.000013,-0.094414,-0.000024,0.971811,0.000000,0.000000,0.000000,0.000000,0.000000,4695.557126,8031.106219,550.305580,259.199411,466.558939,0.780610,0.001515
23.699991,4457.031478,14622.806687,4457.012538,14622.744548,30.217478,120.000050,5617.576126,4.824191,215.316562,706.419168,0.667138,214.714692,704.444527,0.002796,0.009172,16.087981,52.782090,215.316020,706.417388,0.379687,1.245694,0.299127,0.981388,-0.000005,-0.000317,0.000072,0.000000,0.073398,0.001750,0.074788,0.000013,-0.094415,-0.000024,0.971402,0.000000,0.000000,0.000000,0.000000,0.000000,4695.538373,8031.097712,550.304997,259.199594,466.559269,0.780612,0.001515
23.799990,4456.999859,14622.702950,4456.980919,14622.640811,30.217672,120.000051,5639.084517,4.862187,215.154443,705.887280,0.666636,214.550903,703.907162,0.002795,0.009170,16.104171,52.835207,215.153848,705.885327,0.380964,1.249882,0.333319,1.093566,-0.000005,-0.000312,0.000072,0.000000,0.073370,0.001758,0.074919,0.000013,-0.094419,-0.000024,0.971016,0.000000,0.000000,0.000000,0.000000,0.000000,4695.519619,8031.089206,550.304414,259.199799,466.559638,0.780615,0.001515
23.899990,4456.964802,14622.587935,4456.945862,14622.525795,30.217866,120.000051,5660.576706,4.900311,214.992378,705.355570,0.666133,214.387128,703.369844,0.002794,0.009167,16.120847,52.889919,214.991723,705.353423,0.382239,1.254065,0.367873,1.206932,-0.000005,-0.000306,0.000072,0.000000,0.073343,0.001765,0.075054,0.000013,-0.094425,-0.000024,0.970652,0.000000,0.000000,0.000000,0.000000,0.000000,4695.500866,8031.080699,550.303831,259.200027,466.560048,0.780618,0.001515
23.999990,4456.926273,14622.461526,4456.907333,14622.399387,30.218060,120.000051,5682.052695,4.938562,214.830363,704.824024,0.665631,214.223363,702.832557,0.002793,0.009165,16.138005,52.946209,214.829643,704.821662,0.383512,1.258241,0.402768,1.321417,-0.000005,-0.000300,0.000072,0.000000,0.073316,0.001772,0.075191,0.000013,-0.094434,-0.000024,0.970309,0.000000,0.000000,0.000000,0.000000,0.000000,4695.482112,8031.072193,550.303248,259.200277,466.560498,0.780621,0.001515
24.099990,4456.884238,14622.323616,4456.865298,14622.261477,30.218254,120.000052,5703.512490,4.976941,214.668393,704.292627,0.665129,214.059604,702.295290,0.002793,0.009162,16.155635,53.004052,214.667601,704.290030,0.384783,1.262412,0.437983,1.436953,-0.000005,-0.000293,0.000072,0.000000,0.073290,0.001779,0.075330,0.000013,-0.094445,-0.000024,0.969988,0.000000,0.000000,0.000000,0.000000,0.000000,4695.463359,8031.063687,550.302665,259.200550,466.560989,0.780624,0.001515
24.199990,4456.838666,14622.174103,4456.819727,14622.111964,30.218447,120.000052,5724.956094,5.015446,214.506464,703.761365,0.664627,213.895847,701.758030,0.002792,0.009160,16.173732,53.063424,214.505594,703.758511,0.386052,1.266576,0.473499,1.553473,-0.000005,-0.000285,0.000072,0.000000,0.073264,0.001787,0.075471,0.000013,-0.094458,-0.000024,0.969688,0.000000,0.000000,0.000000,0.000000,0.000000,4695.444605,8031.055180,550.302083,259.200845,466.561522,0.780628,0.001515
24.299990,4456.789529,14622.012891,4456.770589,14621.950752,30.218640,120.000052,5746.383511,5.054077,214.344572,703.230224,0.664125,213.732088,701.220762,0.002791,0.009157,16.192286,53.124297,214.343617,703.227091,0.387320,1.270734,0.509294,1.670913,-0.000005,-0.000277,0.000072,0.000000,0.073239,0.001794,0.075615,0.000013,-0.094474,-0.000024,0.969407,0.000000,0.000000,0.000000,0.000000,0.000000,4695.425852,8031.046674,550.301500,259.201164,466.562096,0.780632,0.001515
24.399990,4456.736799,14621.839891,4456.717859,14621.777753,30.218834,120.000053,5767.794743,5.092836,214.182713,702.699191,0.663623,213.568323,700.683476,0.002790,0.009155,16.211290,53.186645,214.181667,702.695756,0.388585,1.274887,0.545351,1.789209,-0.000005,-0.000268,0.000072,0.000000,0.073215,0.001801,0.075762,0.000013,-0.094492,-0.000024,0.969147,0.000000,0.000000,0.000000,0.000000,0.000000,4695.407098,8031.038167,550.300917,259.201507,466.562712,0.780637,0.001515
24.499990,4456.680451,14621.655022,4456.661511,14621.592884,30.219027,120.000053,5789.189792,5.131720,214.020883,702.168250,0.663121,213.404549,700.146157,0.002790,0.009153,16.230736,53.250445,214.019737,702.164492,0.389849,1.279033,0.581650,1.908301,-0.000005,-0.000259,0.000072,0.000000,0.073192,0.001809,0.075910,0.000013,-0.094511,-0.000024,0.968906,0.000000,0.000000,0.000000,0.000000,0.000000,4695.388345,8031.029661,550.300334,259.201872,466.563370,0.780641,0.001515
24.599990,4456.620461,14621.458206,4456.601522,14621.396068,30.219219,120.000054,5810.568661,5.170731,213.859076,701.637390,0.662619,213.240761,699.608795,0.002789,0.009150,16.250617,53.315673,213.857825,701.633285,0.391111,1.283173,0.618174,2.028129,-0.000005,-0.000249,0.000073,0.000000,0.073170,0.001816,0.076061,0.000013,-0.094533,-0.000024,0.968683,0.000000,0.000000,0.000000,0.000000,0.000000,4695.369592,8031.021154,550.299751,259.202262,466.564071,0.780646,0.001515
24.699990,4456.556809,14621.249373,4456.537869,14621.187236,30.219412,120.000054,5831.931351,5.209868,213.697290,701.106595,0.662117,213.076955,699.071374,0.002788,0.009148,16.270928,53.382310,213.695926,701.102120,0.392371,1.287307,0.654904,2.148634,-0.000005,-0.000238,0.000073,0.000000,0.073149,0.001823,0.076214,0.000013,-0.094557,-0.000024,0.968479,0.000000,0.000000,0.000000,0.000000,0.000000,4695.350838,8031.012648,550.299168,259.202675,466.564815,0.780652,0.001515
24.799990,4456.489474,14621.028458,4456.470535,14620.966321,30.219605,120.000055,5853.277863,5.249130,213.535520,700.575852,0.661615,212.913127,698.533883,0.002788,0.009146,16.291664,53.450341,213.534036,700.570985,0.393629,1.291435,0.691823,2.269760,-0.000005,-0.000227,0.000073,0.000000,0.073129,0.001830,0.076369,0.000013,-0.094583,-0.000024,0.968292,0.000000,0.000000,0.000000,0.000000,0.000000,4695.332085,8031.004142,550.298585,259.203112,466.565602,0.780657,0.001515
24.899990,4456.418438,14620.795401,4456.399499,14620.733265,30.219797,120.000055,5874.608197,5.288518,213.373761,700.045148,0.661114,212.749275,697.996308,0.002787,0.009143,16.312820,53.519752,213.372151,700.039864,0.394886,1.295557,0.728914,2.391450,-0.000005,-0.000216,0.000073,0.000000,0.073110,0.001838,0.076527,0.000013,-0.094611,-0.000024,0.968124,0.000000,0.000000,0.000000,0.000000,0.000000,4695.313331,8030.995635,550.298002,259.203573,466.566431,0.780663,0.001515
24.999990,4456.343686,14620.550150,4456.324747,14620.488014,30.219989,120.000055,5895.922355,5.328032,213.212010,699.514469,0.660612,212.585392,697.458635,0.002786,0.009141,16.334394,53.590530,213.210266,699.508745,0.396140,1.299672,0.766160,2.513649,-0.000005,-0.000203,0.000073,0.000000,0.073093,0.001845,0.076686,0.000013,-0.094640,-0.000024,0.967973,0.000000,0.000000,0.000000,0.000000,0.000000,4695.294578,8030.987129,550.297420,259.204058,466.567305,0.780669,0.001515
25.099990,4456.265201,14620.292655,4456.246263,14620.230520,30.220181,120.000056,5917.220336,5.367670,213.050263,698.983802,0.660110,212.421476,696.920851,0.002785,0.009139,16.356380,53.662665,213.048377,698.977614,0.397393,1.303782,0.803545,2.636302,-0.000005,-0.000190,0.000073,0.000000,0.073076,0.001852,0.076848,0.000013,-0.094672,-0.000024,0.967839,0.000000,0.000000,0.000000,0.000000,0.000000,4695.275824,8030.978622,550.296837,259.204568,466.568222,0.780676,0.001515
25.199990,4456.182972,14620.022875,4456.164034,14619.960740,30.220373,120.000056,5938.502140,5.407434,212.888515,698.453132,0.659608,212.257521,696.382944,0.002785,0.009136,16.378777,53.736145,212.886480,698.446457,0.398643,1.307885,0.841051,2.759355,-0.000005,-0.000176,0.000073,0.000000,0.073061,0.001859,0.077012,0.000013,-0.094705,-0.000024,0.967722,0.000000,0.000000,0.000000,0.000000,0.000000,4695.257071,8030.970116,550.296254,259.205101,466.569183,0.780683,0.001515
25.299990,4456.096987,14619.740771,4456.078049,14619.678638,30.220565,120.000057,5959.767764,5.447322,212.726762,697.922447,0.659106,212.093525,695.844898,0.002784,0.009134,16.401580,53.810957,212.724571,697.915260,0.399892,1.311982,0.878664,2.882755,-0.000005,-0.000162,0.000073,0.000000,0.073048,0.001867,0.077178,0.000013,-0.094739,-0.000024,0.967623,0.000000,0.000000,0.000000,0.000000,0.000000,4695.238317,8030.961609,550.295671,259.205660,466.570187,0.780690,0.001515
25.399990,4456.007236,14619.446313,4455.988298,14619.384180,30.220757,120.000057,5981.017209,5.487335,212.565001,697.391736,0.658604,211.929484,695.306706,0.002783,0.009132,16.424784,53.887086,212.562647,697.384013,0.401139,1.316073,0.916365,3.006448,-0.000005,-0.000147,0.000073,0.000000,0.073036,0.001874,0.077347,0.000013,-0.094769,-0.000024,0.967539,0.008260,0.000000,0.000000,0.000000,0.214308,4695.219564,8030.953103,550.295088,259.206242,466.571236,0.780697,0.001515
25.499990,4455.913711,14619.139473,4455.894774,14619.077341,30.220948,120.000057,6002.250475,5.527473,212.403316,696.861272,0.658103,211.765483,694.768645,0.002783,0.009129,16.448369,53.964465,212.400792,696.852991,0.402384,1.320158,0.954135,3.130363,-0.000005,-0.000134,0.000073,0.000000,0.073025,0.001881,0.077517,0.000013,-0.094625,-0.000024,0.967472,0.029445,0.000000,0.000000,0.000000,3.823528,4695.200811,8030.944597,550.294505,259.206849,466.572329,0.780705,0.001515
25.599990,4455.816408,14618.820235,4455.797470,14618.758103,30.221140,120.000058,6023.467580,5.567734,212.241945,696.331840,0.657602,211.601771,694.231531,0.002782,0.009127,16.472211,54.042686,212.239243,696.322975,0.403628,1.324239,0.991942,3.254402,-0.000005,-0.000131,0.000073,0.000000,0.073015,0.001889,0.077689,0.000013,-0.094210,-0.000024,0.967414,0.050717,0.000000,0.000000,0.000000,12.292895,4695.182057,8030.936090,550.293922,259.207481,466.573465,0.780713,0.001515
25.699990,4455.715322,14618.488589,4455.696385,14618.426459,30.221331,120.000058,6044.668569,5.608120,212.081169,695.804362,0.657103,211.438651,693.696360,0.002781,0.009125,16.496044,54.120881,212.078283,695.794892,0.404871,1.328317,1.029766,3.378499,-0.000005,-0.000143,0.000073,0.000000,0.073005,0.001896,0.077860,0.000013,-0.093494,-0.000024,0.967347,0.072057,0.000000,0.000000,0.000000,26.210084,4695.163304,8030.927584,550.293339,259.208137,466.574646,0.780722,0.001515
25.799990,4455.610453,14618.144532,4455.591516,14618.082402,30.221522,120.000059,6065.853516,5.648630,211.921309,695.279886,0.656607,211.276472,693.164278,0.002781,0.009122,16.519493,54.197813,211.918231,695.269786,0.406114,1.332395,1.067607,3.502649,-0.000005,-0.000178,0.000073,0.000000,0.072992,0.001903,0.078030,0.000013,-0.092438,-0.000024,0.967246,0.093444,0.000000,0.000000,0.000000,46.248148,4695.144550,8030.919077,550.292757,259.208818,466.575872,0.780730,0.001515
25.899990,4455.501799,14617.788053,4455.482862,14617.725925,30.221713,120.000059,6087.022529,5.689265,211.762726,694.759599,0.656115,211.115633,692.636592,0.002780,0.009120,16.542112,54.272020,211.759448,694.748847,0.407358,1.336475,1.105489,3.626931,-0.000005,-0.000238,0.000073,0.000000,0.072975,0.001911,0.078196,0.000013,-0.091001,-0.000024,0.967082,0.114854,0.000000,0.000000,0.000000,73.179049,4695.125797,8030.910571,550.292174,259.209523,466.577141,0.780739,0.001515
25.999990,4455.389352,14617.419134,4455.370416,14617.357007,30.221904,120.000060,6108.175756,5.730023,211.605831,694.244852,0.655628,210.956584,692.114778,0.002779,0.009118,16.563429,54.341958,211.602347,694.233421,0.408602,1.340559,1.143461,3.751512,-0.000005,-0.000324,0.000073,0.000000,0.072951,0.001918,0.078355,0.000013,-0.089135,-0.000024,0.966820,0.136259,0.000000,0.000000,0.000000,107.888995,4695.107043,8030.902065,550.291591,259.210253,466.578455,0.780749,0.001515
26.099990,4455.273100,14617.037731,4455.254164,14616.975604,30.222095,120.000060,6129.313388,5.770906,211.451091,693.737176,0.655147,210.799830,691.600493,0.002778,0.009115,16.582992,54.406142,211.447393,693.725042,0.409850,1.344651,1.181603,3.876650,-0.000005,-0.000438,0.000073,0.000000,0.072917,0.001925,0.078505,0.000013,-0.086785,-0.000024,0.966431,0.157627,0.000000,0.000000,0.000000,151.395501,4695.088290,8030.893558,550.291008,259.211007,466.579813,0.780758,0.001515
26.199990,4455.153022,14616.643772,4455.134086,14616.581647,30.222285,120.000060,6150.435665,5.811914,211.299036,693.238307,0.654675,210.645934,691.095583,0.002778,0.009113,16.600399,54.463252,211.295114,693.225439,0.411100,1.348754,1.220017,4.002680,-0.000005,-0.000576,0.000073,0.000000,0.072871,0.001932,0.078645,0.000013,-0.083907,-0.000024,0.965886,0.178923,0.000000,0.000000,0.000000,203.685973,4695.069536,8030.885052,550.290425,259.211787,466.581216,0.780768,0.001515
26.299989,4455.029082,14616.237146,4455.010147,14616.175023,30.222476,120.000061,6171.542869,5.853046,211.149876,692.748936,0.654212,210.495127,690.600812,0.002777,0.009110,16.615392,54.512442,211.145720,692.735303,0.412355,1.352870,1.258852,4.130091,-0.000005,-0.000725,0.000073,0.000000,0.072810,0.001940,0.078771,0.000013,-0.081098,-0.000024,0.965167,0.200128,0.000000,0.000000,0.000000,255.336555,4695.050783,8030.876545,550.289842,259.212591,466.582664,0.780779,0.001515
26.399989,4454.901231,14615.817688,4454.882296,14615.755566,30.222666,120.000061,6192.635294,5.894305,211.003769,692.269584,0.653758,210.347561,690.116671,0.002776,0.009107,16.628110,54.554166,210.999370,692.255150,0.413614,1.357000,1.298266,4.259402,-0.000005,-0.000868,0.000073,0.000000,0.072734,0.001947,0.078887,0.000013,-0.077987,-0.000024,0.964280,0.221231,0.000000,0.000000,0.000000,312.523392,4695.032030,8030.868039,550.289259,259.213421,466.584158,0.780789,0.001515
26.499989,4454.769405,14615.385186,4454.750470,14615.323065,30.222856,120.000062,6213.713260,5.935689,210.861033,691.801288,0.653315,210.203522,689.644102,0.002775,0.009105,16.638941,54.589701,210.856377,691.786014,0.414877,1.361146,1.338385,4.391025,-0.000005,-0.000994,0.000073,0.000000,0.072644,0.001954,0.078992,0.000013,-0.074583,-0.000024,0.963254,0.242209,0.000000,0.000000,0.000000,375.090631,4695.013276,8030.859532,550.288676,259.214277,466.585698,0.780800,0.001515
26.599989,4454.633527,14614.939393,4454.614593,14614.877274,30.223046,120.000062,6234.777118,5.977200,210.721969,691.345042,0.652883,210.063272,689.183963,0.002774,0.009102,16.648422,54.620806,210.717044,691.328883,0.416147,1.365311,1.379301,4.525267,-0.000005,-0.001097,0.000073,0.000000,0.072543,0.001962,0.079089,0.000013,-0.070895,-0.000024,0.962127,0.263040,0.000000,0.000000,0.000000,442.860604,4694.994523,8030.851026,550.288094,259.215159,466.587286,0.780812,0.001515
26.699989,4454.493515,14614.480037,4454.474582,14614.417919,30.223236,120.000063,6255.827248,6.018837,210.586864,690.901785,0.652463,209.927050,688.737040,0.002774,0.009100,16.657163,54.649485,210.581656,690.884697,0.417422,1.369496,1.421069,4.662298,-0.000005,-0.001172,0.000073,0.000000,0.072433,0.001969,0.079181,0.000013,-0.066934,-0.000024,0.960944,0.283703,0.000000,0.000000,0.000000,515.635637,4694.975299,8030.842360,550.287500,259.216068,466.588922,0.780823,0.001515
26.799989,4454.349284,14614.006837,4454.330351,14613.944720,30.223426,120.000063,6276.864057,6.060603,210.455989,690.472404,0.652056,209.795079,688.304065,0.002773,0.009097,16.665774,54.677737,210.450482,690.454338,0.418705,1.373704,1.463695,4.802150,-0.000005,-0.001221,0.000073,0.000000,0.072317,0.001976,0.079272,0.000013,-0.062712,-0.000024,0.959752,0.304178,0.000000,0.000000,0.000000,593.199990,4694.953746,8030.832680,550.286836,259.217004,466.590607,0.780835,0.001515
26.899989,4454.200748,14613.519514,4454.181815,14613.457399,30.223615,120.000063,6297.887979,6.102497,210.329595,690.057725,0.651664,209.667569,687.885726,0.002772,0.009096,16.674794,54.707328,210.323775,690.038633,0.419995,1.377937,1.507150,4.944719,-0.000005,-0.001245,0.000073,0.000000,0.072197,0.001984,0.079363,0.000013,-0.058242,-0.000024,0.958590,0.324443,0.000000,0.000000,0.000000,675.321903,4694.929620,8030.821835,550.286093,259.217968,466.592342,0.780848,0.001515
26.999989,4454.047827,14613.017807,4454.028895,14612.955693,30.223805,120.000064,6318.899474,6.144520,210.207916,689.658518,0.651285,209.544723,687.482688,0.002772,0.009094,16.684634,54.739612,210.201769,689.638351,0.421293,1.382196,1.551368,5.089791,-0.000005,-0.001250,0.000073,0.000000,0.072075,0.001991,0.079456,0.000013,-0.053536,-0.000024,0.957490,0.344483,0.000000,0.000000,0.000000,761.755471,4694.902863,8030.809799,550.285269,259.218960,466.594129,0.780860,0.001515
27.099989,4453.890451,14612.501479,4453.871519,14612.439368,30.223994,120.000064,6339.899020,6.186674,210.091171,689.275494,0.650922,209.426738,687.095598,0.002772,0.009093,16.695546,54.775414,210.084681,689.254204,0.422600,1.386483,1.596260,5.237074,-0.000005,-0.001243,0.000073,0.000000,0.071954,0.001998,0.079552,0.000013,-0.048609,-0.000024,0.956474,0.364277,0.000000,0.000000,0.000000,852.242370,4694.873431,8030.796550,550.284361,259.219982,466.595968,0.780873,0.001515
27.199989,4453.728555,14611.970326,4453.709624,14611.908216,30.224184,120.000065,6360.887121,6.228958,209.979558,688.909312,0.650575,209.313809,686.725094,0.002772,0.009093,16.707614,54.815006,209.972712,688.886851,0.423916,1.390800,1.641725,5.386237,-0.000005,-0.001233,0.000073,0.000000,0.071833,0.002006,0.079652,0.000013,-0.043476,-0.000024,0.955549,0.383811,0.000000,0.000000,0.000000,946.513576,4694.841291,8030.782075,550.283369,259.221033,466.597859,0.780887,0.001515
27.299989,4453.562089,14611.424177,4453.543159,14611.362069,30.224373,120.000065,6381.864297,6.271374,209.873264,688.560578,0.650245,209.206126,686.371804,0.002771,0.009093,16.720762,54.858143,209.866048,688.536902,0.425241,1.395149,1.687662,5.536949,-0.000005,-0.001225,0.000073,0.000000,0.071714,0.002013,0.079755,0.000013,-0.038152,-0.000024,0.954713,0.403069,0.000000,0.000000,0.000000,1044.290775,4694.806417,8030.766360,550.282292,259.222113,466.599804,0.780901,0.001515
27.399989,4453.391009,14610.862892,4453.372079,14610.800786,30.224562,120.000066,6402.831086,6.313923,209.772459,688.229851,0.649931,209.103876,686.036339,0.002772,0.009093,16.734793,54.904176,209.764858,688.204915,0.426577,1.399531,1.733979,5.688906,-0.000005,-0.001226,0.000073,0.000000,0.071595,0.002020,0.079861,0.000013,-0.032654,-0.000024,0.953954,0.422035,0.000000,0.000000,0.000000,1145.287927,4694.768794,8030.749398,550.281130,259.223224,466.601803,0.780915,0.001515
27.499989,4453.215282,14610.286359,4453.196353,14610.224255,30.224751,120.000066,6423.788045,6.356606,209.677297,687.917641,0.649635,209.007238,685.719284,0.002772,0.009094,16.749431,54.952202,209.669300,687.891403,0.427923,1.403948,1.780600,5.841863,-0.000005,-0.001238,0.000073,0.000000,0.071475,0.002028,0.079967,0.000013,-0.026998,-0.000024,0.953253,0.440696,0.000000,0.000000,0.000000,1249.212600,4694.728413,8030.731186,550.279882,259.224364,466.603856,0.780930,0.001515
27.599989,4453.034880,14609.694488,4453.015951,14609.632386,30.224940,120.000066,6444.735742,6.399424,209.587921,687.624414,0.649356,208.916376,685.421183,0.002772,0.009095,16.764378,55.001241,209.579514,687.596832,0.429280,1.408400,1.827470,5.995637,-0.000005,-0.001263,0.000073,0.000000,0.071353,0.002035,0.080073,0.000013,-0.021203,-0.000024,0.952591,0.459039,0.000000,0.000000,0.000000,1355.767612,4694.685272,8030.711722,550.278548,259.225535,466.605964,0.780945,0.001515
27.699989,4452.849780,14609.087204,4452.830852,14609.025105,30.225129,120.000067,6465.674761,6.442378,209.504458,687.350585,0.649096,208.831442,685.142525,0.002772,0.009095,16.779362,55.050402,209.495629,687.321618,0.430649,1.412890,1.874556,6.150117,-0.000005,-0.001298,0.000073,0.000000,0.071229,0.002042,0.080177,0.000013,-0.015285,-0.000024,0.951948,0.477051,0.000000,0.000000,0.000000,1464.652514,4694.639374,8030.691007,550.277129,259.226737,466.608126,0.780960,0.001515
27.799989,4452.659961,14608.464440,4452.641034,14608.402342,30.225318,120.000067,6486.605698,6.485470,209.427021,687.096525,0.648855,208.752563,684.883735,0.002773,0.009096,16.794185,55.099032,209.417757,687.066132,0.432029,1.417418,1.921838,6.305242,-0.000005,-0.001340,0.000073,0.000000,0.071101,0.002050,0.080277,0.000013,-0.009261,-0.000024,0.951312,0.494721,0.000000,0.000000,0.000000,1575.565492,4694.590731,8030.669046,550.275624,259.227969,466.610344,0.780976,0.001515
27.899989,4452.465405,14607.826131,4452.446478,14607.764036,30.225506,120.000068,6507.529159,6.528699,209.355705,686.862549,0.648632,208.679844,684.645156,0.002773,0.009097,16.808749,55.146814,209.345994,686.830688,0.433421,1.421985,1.969310,6.460991,-0.000005,-0.001383,0.000073,0.000000,0.070968,0.002057,0.080375,0.000013,-0.003150,-0.000024,0.950675,0.512039,0.000000,0.000000,0.000000,1688.205113,4694.539354,8030.645845,550.274034,259.229232,466.612617,0.780992,0.001515
27.999989,4452.266092,14607.172217,4452.247166,14607.110124,30.225695,120.000068,6528.445757,6.572069,209.290591,686.648921,0.648429,208.613364,684.427047,0.002773,0.009098,16.823075,55.193817,209.280420,686.615552,0.434826,1.426593,2.016968,6.617351,-0.000005,-0.001423,0.000073,0.000000,0.070831,0.002064,0.080468,0.000013,0.003032,-0.000024,0.950039,0.528994,0.000000,0.000000,0.000000,1802.272366,4694.485263,8030.621412,550.272360,259.230526,466.614946,0.781009,0.001515
28.099989,4452.062004,14606.502637,4452.043079,14606.440547,30.225884,120.000069,6549.356115,6.615579,209.231742,686.455847,0.648245,208.553176,684.229580,0.002773,0.009099,16.837299,55.240482,209.221099,686.420928,0.436243,1.431243,2.064805,6.774294,-0.000005,-0.001453,0.000073,0.000000,0.070690,0.002072,0.080559,0.000013,0.009268,-0.000024,0.949414,0.545580,0.000000,0.000000,0.000000,1917.472633,4694.428478,8030.595757,550.270602,259.231850,466.617330,0.781026,0.001515
28.199989,4451.853124,14605.817337,4451.834200,14605.755249,30.226072,120.000069,6570.260860,6.659232,209.179203,686.283475,0.648080,208.499307,684.052843,0.002774,0.009100,16.851651,55.287570,209.168075,686.246965,0.437673,1.435934,2.112798,6.931752,-0.000005,-0.001468,0.000073,0.000000,0.070548,0.002079,0.080648,0.000013,0.015542,-0.000024,0.948815,0.561789,0.000000,0.000000,0.000000,2033.517620,4694.369025,8030.568889,550.268761,259.233206,466.619771,0.781043,0.001515
28.299989,4451.639439,14605.116270,4451.620515,14605.054184,30.226261,120.000070,6591.160623,6.703028,209.133001,686.131893,0.647935,208.451759,683.896846,0.002774,0.009101,16.866430,55.336056,209.121376,686.093752,0.439116,1.440668,2.160909,7.089597,-0.000005,-0.001465,0.000073,0.000000,0.070404,0.002087,0.080737,0.000013,0.021839,-0.000024,0.948265,0.577614,0.000000,0.000000,0.000000,2150.127149,4694.306928,8030.540822,550.266838,259.234593,466.622267,0.781061,0.001516
28.399989,4451.420939,14604.399407,4451.402016,14604.337323,30.226449,120.000070,6612.056037,6.746969,209.093144,686.001130,0.647810,208.410514,683.761529,0.002774,0.009102,16.881960,55.387007,209.081010,685.961320,0.440572,1.445446,2.209078,7.247631,-0.000005,-0.001444,0.000073,0.000000,0.070262,0.002094,0.080827,0.000013,0.028144,-0.000024,0.947788,0.593051,0.000000,0.000000,0.000000,2267.030729,4694.242219,8030.511569,550.264833,259.236011,466.624820,0.781079,0.001516
28.499989,4451.197623,14603.666741,4451.178701,14603.604661,30.226638,120.000071,6632.947734,6.791055,209.059624,685.891155,0.647705,208.375539,683.646782,0.002775,0.009104,16.898556,55.441455,209.046971,685.849642,0.442041,1.450267,2.257222,7.405583,-0.000005,-0.001403,0.000073,0.000000,0.070122,0.002101,0.080920,0.000013,0.034443,-0.000024,0.947407,0.608096,0.000000,0.000000,0.000000,2383.968860,4694.174928,8030.481143,550.262748,259.237461,466.627430,0.781098,0.001516
28.599989,4450.969498,14602.918299,4450.950576,14602.856221,30.226826,120.000071,6653.836345,6.835290,209.032415,685.801886,0.647618,208.346786,683.552446,0.002775,0.009106,16.916485,55.500279,209.019233,685.758638,0.443524,1.455132,2.305237,7.563113,-0.000005,-0.001346,0.000073,0.000000,0.069988,0.002109,0.081016,0.000013,0.040723,-0.000024,0.947143,0.622747,0.000000,0.000000,0.000000,2500.694019,4694.105086,8030.449559,550.260584,259.238942,466.630095,0.781117,0.001516
28.699989,4450.736582,14602.154141,4450.717662,14602.092066,30.227015,120.000071,6674.722498,6.879673,209.011475,685.733187,0.647552,208.324196,683.478334,0.002776,0.009108,16.935941,55.564110,208.997756,685.688177,0.445021,1.460041,2.353004,7.719829,-0.000005,-0.001275,0.000074,0.000000,0.069860,0.002116,0.081118,0.000013,0.046971,-0.000024,0.947010,0.637002,0.000000,0.000000,0.000000,2616.971294,4694.032729,8030.416833,550.258342,259.240453,466.632816,0.781136,0.001516
28.799988,4450.498908,14601.374370,4450.479988,14601.312298,30.227203,120.000072,6695.606817,6.924206,208.996750,685.684875,0.647504,208.307707,683.424236,0.002777,0.009110,16.957023,55.633278,208.982488,685.638083,0.446530,1.464994,2.400393,7.875305,-0.000005,-0.001195,0.000074,-0.000000,0.069739,0.002123,0.081225,0.000013,0.053176,-0.000024,0.947018,0.650860,0.000000,0.000000,0.000000,2732.578860,4693.957892,8030.382981,550.256022,259.241996,466.635593,0.781156,0.001516
28.899988,4450.256519,14600.579131,4450.237600,14600.517062,30.227391,120.000072,6716.489918,6.968891,208.988171,685.656728,0.647476,208.297249,683.389925,0.002778,0.009113,16.979737,55.707798,208.973361,685.608140,0.448053,1.469992,2.447269,8.029099,-0.000005,-0.001111,0.000074,-0.000000,0.069627,0.002131,0.081337,0.000013,0.059326,-0.000024,0.947169,0.664323,0.000000,0.000000,0.000000,2847.307931,4693.880610,8030.348018,550.253627,259.243569,466.638425,0.781176,0.001516
28.999988,4450.009474,14599.768615,4449.990556,14599.706549,30.227580,120.000073,6737.372412,7.013728,208.985658,685.648485,0.647466,208.292749,683.375162,0.002779,0.009116,17.003997,55.787393,208.970299,685.598092,0.449590,1.475033,2.493501,8.180778,-0.000005,-0.001026,0.000074,-0.000000,0.069523,0.002138,0.081454,0.000013,0.065410,-0.000024,0.947458,0.677391,0.000000,0.000000,0.000000,2960.962876,4693.800922,8030.311962,550.251156,259.245173,466.641311,0.781196,0.001516
29.099988,4449.757843,14598.943054,4449.738926,14598.880991,30.227768,120.000073,6758.254899,7.058720,208.989124,685.659856,0.647474,208.294131,683.379695,0.002780,0.009120,17.029649,55.871553,208.973214,685.607657,0.451140,1.480118,2.538964,8.329935,-0.000005,-0.000944,0.000074,-0.000000,0.069427,0.002146,0.081576,0.000013,0.071418,-0.000024,0.947876,0.690065,0.000000,0.000000,0.000000,3073.360940,4693.718865,8030.274831,550.248612,259.246806,466.644251,0.781217,0.001516
29.199988,4449.501709,14598.102719,4449.482793,14598.040659,30.227957,120.000074,6779.137974,7.103867,208.998471,685.690521,0.647501,208.301313,683.403257,0.002781,0.009124,17.056492,55.959621,208.982012,685.636521,0.452703,1.485246,2.583546,8.476202,-0.000005,-0.000867,0.000074,-0.000000,0.069340,0.002153,0.081701,0.000013,0.077341,-0.000024,0.948410,0.702349,0.000000,0.000000,0.000000,3184.332064,4693.634478,8030.236641,550.245995,259.248469,466.647244,0.781239,0.001516
29.299988,4449.241165,14597.247915,4449.222250,14597.185858,30.228145,120.000074,6800.022218,7.149171,209.013594,685.740137,0.647546,208.314207,683.445560,0.002782,0.009128,17.084310,56.050884,208.996589,685.684346,0.454279,1.490418,2.627150,8.619258,-0.000005,-0.000796,0.000074,-0.000000,0.069259,0.002160,0.081829,0.000013,0.083170,-0.000024,0.949045,0.714245,0.000000,0.000000,0.000000,3293.718665,4693.547801,8030.197411,550.243307,259.250160,466.650288,0.781260,0.001516
29.399988,4448.976312,14596.378978,4448.957399,14596.316924,30.228333,120.000075,6820.908205,7.194632,209.034382,685.808339,0.647608,208.332718,683.506294,0.002783,0.009132,17.112895,56.144670,209.016836,685.750774,0.455869,1.495632,2.669691,8.758829,-0.000005,-0.000730,0.000074,-0.000000,0.069186,0.002168,0.081958,0.000013,0.088897,-0.000024,0.949767,0.725757,0.000000,0.000000,0.000000,3401.375495,4693.458875,8030.157159,550.240549,259.251879,466.653382,0.781282,0.001516
29.499988,4448.707262,14595.496268,4448.688349,14595.434217,30.228522,120.000075,6841.796493,7.240254,209.060717,685.894742,0.647688,208.356744,683.585117,0.002785,0.009136,17.142081,56.240422,209.042637,685.835425,0.457471,1.500889,2.711100,8.894684,-0.000005,-0.000666,0.000074,-0.000000,0.069119,0.002175,0.082088,0.000013,0.094514,-0.000024,0.950564,0.736889,0.000000,0.000000,0.000000,3507.169517,4693.367742,8030.115905,550.237722,259.253626,466.656526,0.781305,0.001516
29.599988,4448.434131,14594.600166,4448.415219,14594.538119,30.228710,120.000076,6862.687634,7.286036,209.092477,685.998941,0.647784,208.386168,683.681654,0.002786,0.009141,17.171749,56.337759,209.073871,685.937897,0.459086,1.506187,2.751315,9.026623,-0.000005,-0.000604,0.000074,-0.000000,0.069059,0.002182,0.082218,0.000013,0.100015,-0.000024,0.951429,0.747646,0.000000,0.000000,0.000000,3610.979985,4693.274444,8030.073666,550.234827,259.255398,466.659717,0.781328,0.001516
29.699988,4448.157039,14593.691074,4448.138128,14593.629030,30.228899,120.000076,6883.582163,7.331980,209.129533,686.120514,0.647896,208.420867,683.795497,0.002787,0.009145,17.201846,56.436501,209.110410,686.057775,0.460713,1.511526,2.790281,9.154466,-0.000005,-0.000540,0.000074,-0.000000,0.069005,0.002190,0.082348,0.000013,0.105393,-0.000024,0.952358,0.758031,0.000000,0.000000,0.000000,3712.698265,4693.179023,8030.030464,550.231867,259.257197,466.662955,0.781351,0.001516
29.799988,4447.876116,14592.769409,4447.857206,14592.707369,30.229087,120.000077,6904.480603,7.378087,209.171749,686.259020,0.648025,208.460706,683.926201,0.002789,0.009149,17.232376,56.536666,209.152121,686.194622,0.462353,1.516906,2.827946,9.278037,-0.000005,-0.000471,0.000074,-0.000000,0.068957,0.002197,0.082477,0.000013,0.110644,-0.000024,0.953351,0.768051,0.000000,0.000000,0.000000,3812.228020,4693.081525,8029.986317,550.228842,259.259020,466.666237,0.781374,0.001516
29.899988,4447.591493,14591.835608,4447.572585,14591.773572,30.229276,120.000077,6925.383466,7.424358,209.218987,686.414001,0.648169,208.505539,684.073291,0.002790,0.009153,17.263396,56.638438,209.198866,686.347985,0.464005,1.522326,2.864252,9.397152,-0.000005,-0.000395,0.000074,-0.000000,0.068917,0.002205,0.082607,0.000013,0.115763,-0.000024,0.954413,0.777712,0.000000,0.000000,0.000000,3909.485060,4692.981992,8029.941246,550.225754,259.260868,466.669562,0.781398,0.001516
29.999988,4447.303311,14590.890128,4447.284403,14590.828094,30.229464,120.000078,6946.291246,7.470795,209.271103,686.584983,0.648328,208.555214,684.236268,0.002791,0.009157,17.294998,56.742120,209.250502,686.517395,0.465669,1.527785,2.899138,9.511608,-0.000005,-0.000310,0.000074,-0.000000,0.068884,0.002212,0.082738,0.000013,0.120747,-0.000024,0.955550,0.787019,0.000000,0.000000,0.000000,4004.397258,4692.880472,8029.895271,550.222604,259.262738,466.672929,0.781422,0.001516
30.099988,4447.011714,14589.933443,4446.992807,14589.871414,30.229653,120.000078,6967.204425,7.517399,209.327946,686.771477,0.648502,208.609573,684.414611,0.002792,0.009161,17.327289,56.848060,209.306882,686.702369,0.467344,1.533282,2.932535,9.621177,-0.000005,-0.000217,0.000074,-0.000000,0.068861,0.002219,0.082871,0.000013,0.125593,-0.000024,0.956771,0.795979,0.000000,0.000000,0.000000,4096.904168,4692.777009,8029.848414,550.219393,259.264631,466.676336,0.781446,0.001516
30.199988,4446.716854,14588.966057,4446.697949,14588.904031,30.229842,120.000079,6988.123470,7.564170,209.389365,686.972982,0.648690,208.668454,684.607789,0.002794,0.009165,17.360369,56.956590,209.367855,686.902411,0.469031,1.538817,2.964365,9.725606,-0.000005,-0.000114,0.000074,-0.000000,0.068847,0.002227,0.083005,0.000013,0.130299,-0.000024,0.958084,0.804599,0.000000,0.000000,0.000000,4186.956787,4692.671649,8029.800694,550.216123,259.266545,466.679781,0.781471,0.001516
30.299988,4446.418894,14587.988496,4446.399989,14587.926474,30.230031,120.000079,7009.048832,7.611111,209.455203,687.188986,0.648891,208.731693,684.815267,0.002795,0.009169,17.394313,57.067957,209.433267,687.117016,0.470730,1.544388,2.994544,9.824618,-0.000005,-0.000005,0.000074,-0.000000,0.068844,0.002234,0.083141,0.000013,0.134863,-0.000024,0.959494,0.812887,0.000000,0.000000,0.000000,4274.516874,4692.564441,8029.752134,550.212796,259.268479,466.683262,0.781495,0.001516
30.399988,4446.118001,14587.001317,4446.099098,14586.939299,30.230219,120.000080,7029.980947,7.658222,209.525302,687.418969,0.649106,208.799130,685.036515,0.002796,0.009174,17.429158,57.182276,209.502961,687.345671,0.472439,1.549996,3.022982,9.917919,-0.000005,0.000110,0.000074,-0.000000,0.068852,0.002242,0.083280,0.000013,0.139284,-0.000024,0.961006,0.820850,0.000000,0.000000,0.000000,4359.556288,4692.455430,8029.702755,550.209412,259.270432,466.686778,0.781520,0.001516
30.499988,4445.814356,14586.005106,4445.795454,14585.943091,30.230408,120.000080,7050.920235,7.705504,209.599502,687.662408,0.649333,208.870603,685.271008,0.002797,0.009178,17.464887,57.299499,209.576779,687.587859,0.474158,1.555638,3.049589,10.005212,-0.000005,0.000227,0.000074,-0.000000,0.068872,0.002249,0.083422,0.000013,0.143562,-0.000024,0.962620,0.828495,0.000000,0.000000,0.000000,4442.056179,4692.344665,8029.652579,550.205974,259.272403,466.690326,0.781546,0.001516
30.599988,4445.508146,14585.000478,4445.489245,14584.938467,30.230597,120.000081,7071.867100,7.752959,209.677643,687.918777,0.649573,208.945959,685.518239,0.002799,0.009183,17.501437,57.419412,209.654565,687.843060,0.475888,1.561313,3.074275,10.086204,-0.000005,0.000345,0.000074,-0.000000,0.068903,0.002256,0.083566,0.000013,0.147697,-0.000024,0.964331,0.835831,0.000000,0.000000,0.000000,4522.006129,4692.232194,8029.601627,550.202482,259.274391,466.693903,0.781571,0.001516
30.699988,4445.199566,14583.988077,4445.180666,14583.926070,30.230786,120.000081,7092.821931,7.800586,209.759566,688.187553,0.649824,209.025046,685.777710,0.002800,0.009187,17.538693,57.541644,209.736159,688.110758,0.477628,1.567022,3.096958,10.160622,-0.000005,0.000460,0.000074,-0.000000,0.068946,0.002264,0.083711,0.000013,0.151689,-0.000024,0.966133,0.842865,0.000000,0.000000,0.000000,4599.403275,4692.118065,8029.549920,550.198939,259.276394,466.697509,0.781597,0.001517
30.799988,4444.888821,14582.968574,4444.869923,14582.906571,30.230975,120.000082,7113.785101,7.848388,209.845112,688.468216,0.650087,209.107718,686.048942,0.002802,0.009192,17.576507,57.665707,209.821405,688.390438,0.479378,1.572763,3.117561,10.228219,-0.000005,0.000571,0.000074,-0.000000,0.069001,0.002271,0.083858,0.000013,0.155538,-0.000024,0.968017,0.849606,0.000000,0.000000,0.000000,4674.251462,4692.002325,8029.497482,550.195346,259.278411,466.701139,0.781623,0.001517
30.899988,4444.576123,14581.942661,4444.557226,14581.880662,30.231164,120.000082,7134.756966,7.896365,209.934125,688.760252,0.650360,209.193831,686.331466,0.002803,0.009197,17.614709,57.791039,209.910149,688.681591,0.481137,1.578535,3.136021,10.288782,-0.000005,0.000677,0.000074,-0.000000,0.069066,0.002279,0.084005,0.000013,0.159245,-0.000024,0.969970,0.856061,0.000000,0.000000,0.000000,4746.560503,4691.885024,8029.444333,550.191704,259.280440,466.704793,0.781649,0.001517
30.999988,4444.261688,14580.911051,4444.242792,14580.849055,30.231354,120.000083,7155.737869,7.944519,210.026450,689.063156,0.650643,209.283246,686.624823,0.002805,0.009202,17.653119,57.917058,210.002237,688.983718,0.482906,1.584336,3.152284,10.342139,-0.000005,0.000777,0.000074,-0.000000,0.069142,0.002286,0.084151,0.000013,0.162812,-0.000024,0.971980,0.862239,0.000000,0.000000,0.000000,4816.345392,4691.766209,8029.390496,550.188015,259.282481,466.708467,0.781675,0.001517
31.099988,4443.945739,14579.874471,4443.926844,14579.812480,30.231543,120.000083,7176.728136,7.992849,210.121936,689.376430,0.650937,209.375825,686.928561,0.002806,0.009206,17.691573,58.043219,210.097519,689.296323,0.484683,1.590167,3.166309,10.388153,-0.000005,0.000872,0.000074,-0.000000,0.069227,0.002294,0.084296,0.000013,0.166239,-0.000024,0.974037,0.868146,0.000000,0.000000,0.000000,4883.625969,4691.645928,8029.335992,550.184281,259.284532,466.712158,0.781701,0.001517
31.199988,4443.628500,14578.833661,4443.609606,14578.771674,30.231733,120.000084,7197.728079,8.041357,210.220434,689.699587,0.651239,209.471432,687.242229,0.002807,0.009211,17.729926,58.169050,210.195847,689.618921,0.486469,1.596026,3.178065,10.426723,-0.000005,0.000962,0.000074,-0.000000,0.069322,0.002301,0.084440,0.000013,0.169528,-0.000024,0.976128,0.873792,0.000000,0.000000,0.000000,4948.426273,4691.524230,8029.280843,550.180502,259.286591,466.715864,0.781728,0.001517
31.299987,4443.310200,14577.789370,4443.291307,14577.727386,30.231922,120.000084,7218.737995,8.090045,210.321798,690.032147,0.651551,209.569928,687.565380,0.002809,0.009215,17.768069,58.294189,210.297076,689.951037,0.488263,1.601912,3.187530,10.457777,-0.000005,0.001049,0.000074,-0.000000,0.069425,0.002308,0.084581,0.000013,0.172680,-0.000024,0.978247,0.879183,0.000000,0.000000,0.000000,5010.774338,4691.401163,8029.225072,550.176680,259.288657,466.719583,0.781754,0.001517
31.399987,4442.991069,14576.742351,4442.972177,14576.680372,30.232112,120.000085,7239.758167,8.138911,210.425886,690.373640,0.651870,209.671176,687.897561,0.002810,0.009219,17.805928,58.418398,210.401063,690.292200,0.490065,1.607824,3.194688,10.481261,-0.000005,0.001134,0.000074,-0.000000,0.069537,0.002316,0.084720,0.000013,0.175699,-0.000024,0.980389,0.884327,0.000000,0.000000,0.000000,5070.701910,4691.276773,8029.168699,550.172817,259.290729,466.723312,0.781781,0.001517
31.499987,4442.671337,14575.693364,4442.652447,14575.631389,30.232301,120.000085,7260.788863,8.187958,210.532555,690.723605,0.652198,209.775040,688.238320,0.002811,0.009223,17.843467,58.541559,210.507667,690.641951,0.491874,1.613761,3.199527,10.497135,-0.000005,0.001220,0.000074,-0.000000,0.069658,0.002323,0.084856,0.000013,0.178585,-0.000024,0.982550,0.889232,0.000000,0.000000,0.000000,5128.244244,4691.151109,8029.111746,550.168915,259.292804,466.727048,0.781807,0.001517
31.599987,4442.351239,14574.643172,4442.332350,14574.581200,30.232491,120.000086,7281.830338,8.237186,210.641668,691.081588,0.652534,209.881380,688.587203,0.002812,0.009227,17.880682,58.663654,210.616750,690.999837,0.493691,1.619722,3.202034,10.505361,-0.000005,0.001306,0.000074,-0.000000,0.069787,0.002331,0.084989,0.000013,0.181342,-0.000024,0.984731,0.893905,0.000000,0.000000,0.000000,5183.439954,4691.024218,8029.054234,550.164974,259.294882,466.730788,0.781834,0.001517
31.699987,4442.031007,14573.592541,4442.012119,14573.530574,30.232681,120.000086,7302.882834,8.286596,210.753089,691.447143,0.652876,209.990058,688.943761,0.002814,0.009231,17.917589,58.784740,210.728178,691.365413,0.495515,1.625707,3.202198,10.505898,-0.000005,0.001395,0.000074,-0.000000,0.069925,0.002338,0.085120,0.000013,0.183971,-0.000024,0.986932,0.898353,0.000000,0.000000,0.000000,5236.330636,4690.896145,8028.996185,550.160997,259.296961,466.734529,0.781861,0.001517
31.799987,4441.710876,14572.542243,4441.691989,14572.480279,30.232871,120.000087,7323.946576,8.336189,210.866685,691.819833,0.653226,210.100940,689.307546,0.002815,0.009234,17.954215,58.904906,210.841816,691.738243,0.497346,1.631714,3.200004,10.498700,-0.000005,0.001486,0.000074,-0.000000,0.070072,0.002345,0.085248,0.000013,0.186478,-0.000024,0.989155,0.902585,0.000000,0.000000,0.000000,5286.960882,4690.766936,8028.937619,550.156984,259.299039,466.738269,0.781887,0.001517
31.899987,4441.391083,14571.493054,4441.372197,14571.431094,30.233061,120.000087,7345.021781,8.385965,210.982325,692.199229,0.653581,210.213892,689.678123,0.002816,0.009238,17.990587,59.024234,210.957535,692.117897,0.499184,1.637742,3.195435,10.483712,-0.000005,0.001579,0.000074,-0.000000,0.070228,0.002353,0.085374,0.000013,0.188863,-0.000024,0.991403,0.906606,0.000000,0.000000,0.000000,5335.377704,4690.636638,8028.878558,550.152937,259.301114,466.742006,0.781914,0.001517
31.999987,4441.071866,14570.445755,4441.052982,14570.383799,30.233251,120.000088,7366.108650,8.435924,211.099881,692.584912,0.653943,210.328784,690.055065,0.002817,0.009241,18.026715,59.142767,211.075206,692.503955,0.501027,1.643791,3.188474,10.460873,-0.000005,0.001673,0.000074,-0.000000,0.070394,0.002360,0.085498,0.000013,0.191130,-0.000024,0.993677,0.910424,0.000000,0.000000,0.000000,5381.630335,4690.505295,8028.819020,550.148857,259.303186,466.745735,0.781941,0.001517
32.099987,4440.753466,14569.401136,4440.734583,14569.339184,30.233442,120.000088,7387.207370,8.486068,211.219228,692.976470,0.654310,210.445492,690.437965,0.002818,0.009244,18.062594,59.260478,211.194703,692.896008,0.502877,1.649859,3.179101,10.430122,-0.000005,0.001768,0.000074,-0.000000,0.070569,0.002368,0.085620,0.000013,0.193284,-0.000024,0.995977,0.914046,0.000000,0.000000,0.000000,5425.769682,4690.372950,8028.759027,550.144746,259.305253,466.749455,0.781967,0.001517
32.199987,4440.436125,14568.359989,4440.417243,14568.298042,30.233632,120.000089,7408.318120,8.536397,211.340244,693.373504,0.654682,210.563896,690.826431,0.002819,0.009247,18.098188,59.377256,211.315906,693.293656,0.504732,1.655946,3.167298,10.391399,-0.000005,0.001861,0.000074,-0.000000,0.070753,0.002375,0.085740,0.000013,0.195326,-0.000025,0.998300,0.917479,0.000000,0.000000,0.000000,5467.847975,4690.239648,8028.698597,550.140605,259.307313,466.753163,0.781994,0.001517
32.299987,4440.120086,14567.323116,4440.101205,14567.261172,30.233823,120.000089,7429.441062,8.586912,211.462812,693.775628,0.655059,210.683884,691.220093,0.002820,0.009250,18.133437,59.492904,211.438696,693.696510,0.506593,1.662051,3.153050,10.344654,-0.000005,0.001951,0.000074,-0.000000,0.070947,0.002383,0.085858,0.000013,0.197261,-0.000025,1.000642,0.920730,0.000000,0.000000,0.000000,5507.918283,4690.105430,8028.637751,550.136436,259.309364,466.756856,0.782020,0.001517
32.399987,4439.805594,14566.291320,4439.786715,14566.229380,30.234013,120.000090,7450.576350,8.637612,211.586816,694.182467,0.655441,210.805349,691.618598,0.002820,0.009253,18.168259,59.607147,211.562959,694.104195,0.508459,1.668172,3.136348,10.289854,-0.000005,0.002037,0.000074,-0.000000,0.071149,0.002390,0.085973,0.000013,0.199091,-0.000025,1.002999,0.923805,0.000000,0.000000,0.000000,5546.034041,4689.970339,8028.576507,550.132239,259.311406,466.760530,0.782046,0.001517
32.499987,4439.492896,14565.265407,4439.474018,14565.203471,30.234204,120.000090,7471.724126,8.688500,211.712147,694.593659,0.655826,210.928188,692.021613,0.002821,0.009256,18.202551,59.719655,211.688583,694.516347,0.510330,1.674309,3.117186,10.226987,-0.000005,0.002119,0.000074,-0.000000,0.071360,0.002397,0.086084,0.000013,0.200819,-0.000025,1.005361,0.926711,0.000000,0.000000,0.000000,5582.248770,4689.834414,8028.514883,550.128017,259.313435,466.764183,0.782072,0.001517
32.599987,4439.182237,14564.246184,4439.163360,14564.184252,30.234395,120.000091,7492.884520,8.739574,211.838699,695.008856,0.656216,211.052305,692.428821,0.002822,0.009259,18.236205,59.830068,211.815461,694.932616,0.512205,1.680462,3.095568,10.156063,-0.000005,0.002195,0.000074,-0.000000,0.071579,0.002405,0.086192,0.000013,0.202449,-0.000025,1.007722,0.929453,0.000000,0.000000,0.000000,5616.615624,4689.697696,8028.452898,550.123770,259.315452,466.767813,0.782098,0.001518
32.699987,4438.873862,14563.234455,4438.854986,14563.172527,30.234586,120.000091,7514.057653,8.790836,211.966371,695.427725,0.656609,211.177607,692.839919,0.002823,0.009261,18.269111,59.938028,211.943492,695.352664,0.514085,1.686629,3.071506,10.077120,-0.000005,0.002265,0.000074,-0.000000,0.071805,0.002412,0.086296,0.000013,0.203984,-0.000025,1.010074,0.932038,0.000000,0.000000,0.000000,5649.187241,4689.560224,8028.390570,550.119499,259.317453,466.771416,0.782124,0.001518
32.799987,4438.568015,14562.231019,4438.549140,14562.169094,30.234777,120.000092,7535.243634,8.842285,212.095063,695.849946,0.657005,211.304006,693.254614,0.002824,0.009264,18.301170,60.043209,212.072576,695.776169,0.515968,1.692809,3.045019,9.990219,-0.000005,0.002331,0.000074,-0.000000,0.072038,0.002420,0.086395,0.000013,0.205427,-0.000025,1.012408,0.934471,0.000000,0.000000,0.000000,5680.015570,4689.422036,8028.327915,550.115206,259.319439,466.774989,0.782149,0.001518
32.899987,4438.264936,14561.236667,4438.246063,14561.174746,30.234968,120.000092,7556.442564,8.893923,212.224684,696.275211,0.657404,211.431416,693.672623,0.002824,0.009266,18.332299,60.145337,212.202619,696.202818,0.517856,1.699003,3.016131,9.895444,-0.000005,0.002391,0.000074,-0.000000,0.072277,0.002427,0.086489,0.000013,0.206780,-0.000025,1.014720,0.936758,0.000000,0.000000,0.000000,5709.151796,4689.283169,8028.264951,550.110891,259.321406,466.778531,0.782175,0.001518
32.999987,4437.964865,14560.252182,4437.945993,14560.190265,30.235160,120.000093,7577.654534,8.945750,212.355144,696.703227,0.657806,211.559750,694.093669,0.002825,0.009268,18.362436,60.244211,212.333529,696.632312,0.519747,1.705208,2.984875,9.792896,-0.000005,0.002448,0.000074,-0.000000,0.072522,0.002434,0.086579,0.000013,0.208046,-0.000025,1.017003,0.938905,0.000000,0.000000,0.000000,5736.646353,4689.143660,8028.201695,550.106557,259.323354,466.782037,0.782200,0.001518
33.099987,4437.668037,14559.278337,4437.649166,14559.216423,30.235351,120.000093,7598.879627,8.997766,212.486355,697.133710,0.658210,211.688928,694.517480,0.002825,0.009269,18.391542,60.339705,212.465218,697.064363,0.521642,1.711424,2.951283,9.682687,-0.000005,0.002503,0.000074,-0.000000,0.072773,0.002442,0.086662,0.000013,0.209229,-0.000025,1.019254,0.940915,0.000000,0.000000,0.000000,5762.548822,4689.003544,8028.138161,550.102203,259.325280,466.785505,0.782224,0.001518
33.199987,4437.374683,14558.315890,4437.355813,14558.253980,30.235543,120.000094,7620.117917,9.049971,212.618235,697.566389,0.658616,211.818867,694.943789,0.002826,0.009271,18.419602,60.431765,212.597602,697.498695,0.523540,1.717651,2.915393,9.564938,-0.000005,0.002555,0.000074,-0.000000,0.073029,0.002449,0.086741,0.000013,0.210331,-0.000025,1.021472,0.942795,0.000000,0.000000,0.000000,5786.908179,4688.862854,8028.074367,550.097832,259.327184,466.788932,0.782249,0.001518
33.299987,4437.085032,14557.365590,4437.066163,14557.303684,30.235734,120.000095,7641.369467,9.102366,212.750706,698.001003,0.659024,211.949487,695.372333,0.002826,0.009272,18.446617,60.520398,212.730600,697.935039,0.525441,1.723888,2.877242,9.439770,-0.000005,0.002606,0.000074,-0.000000,0.073290,0.002457,0.086814,0.000013,0.211356,-0.000025,1.023656,0.944549,0.000000,0.000000,0.000000,5809.772704,4688.721626,8028.010327,550.093444,259.329065,466.792316,0.782273,0.001518
33.399987,4436.799307,14556.428173,4436.780439,14556.366270,30.235926,120.000095,7662.634336,9.154951,212.883689,698.437299,0.659433,212.080711,695.802857,0.002826,0.009273,18.472602,60.605649,212.864133,698.373139,0.527345,1.730134,2.836867,9.307307,-0.000005,0.002657,0.000074,-0.000000,0.073556,0.002464,0.086882,0.000013,0.212305,-0.000025,1.025808,0.946182,0.000000,0.000000,0.000000,5831.190041,4688.579892,8027.946055,550.089040,259.330919,466.795655,0.782297,0.001518
33.499987,4436.517729,14555.504362,4436.498863,14555.442463,30.236118,120.000096,7683.912574,9.207727,213.017111,698.875036,0.659844,212.212463,696.235113,0.002827,0.009274,18.497575,60.687582,212.998125,698.812747,0.529251,1.736389,2.794304,9.167664,-0.000005,0.002706,0.000074,-0.000000,0.073827,0.002471,0.086946,0.000013,0.213182,-0.000025,1.027928,0.947698,0.000000,0.000000,0.000000,5851.207183,4688.437682,8027.881568,550.084621,259.332747,466.798944,0.782320,0.001518
33.599987,4436.240516,14554.594869,4436.221650,14554.532974,30.236310,120.000096,7705.204223,9.260692,213.150901,699.313979,0.660256,212.344669,696.668862,0.002827,0.009275,18.521555,60.766257,213.132504,699.253621,0.531160,1.742652,2.749587,9.020956,-0.000005,0.002756,0.000074,-0.000000,0.074104,0.002479,0.087004,0.000013,0.213990,-0.000025,1.030017,0.949102,0.000000,0.000000,0.000000,5869.870426,4688.295029,8027.816878,550.080188,259.334546,466.802183,0.782343,0.001518
33.699987,4435.967881,14553.700396,4435.949016,14553.638504,30.236502,120.000097,7726.509317,9.313849,213.284990,699.753905,0.660669,212.477261,697.103876,0.002827,0.009275,18.544552,60.841706,213.267199,699.695534,0.533071,1.748921,2.702751,8.867293,-0.000005,0.002803,0.000074,-0.000000,0.074385,0.002486,0.087057,0.000013,0.214731,-0.000025,1.032075,0.950399,0.000000,0.000000,0.000000,5887.225275,4688.151962,8027.751999,550.075743,259.336316,466.805369,0.782366,0.001518
33.799986,4435.700034,14552.821633,4435.681170,14552.759744,30.236695,120.000097,7747.827886,9.367196,213.419313,700.194598,0.661083,212.610174,697.539940,0.002827,0.009276,18.566564,60.913925,213.402142,700.138262,0.534984,1.755198,2.653829,8.706787,-0.000005,0.002849,0.000074,-0.000000,0.074671,0.002494,0.087106,0.000013,0.215409,-0.000025,1.034103,0.951591,0.000000,0.000000,0.000000,5903.316326,4688.008510,8027.686944,550.071285,259.338054,466.808498,0.782388,0.001518
33.899986,4435.437182,14551.959258,4435.418319,14551.897372,30.236887,120.000098,7769.159949,9.420735,213.553808,700.635852,0.661498,212.743345,697.976853,0.002827,0.009276,18.587576,60.982862,213.537270,700.581595,0.536899,1.761480,2.602855,8.539550,-0.000005,0.002893,0.000074,-0.000000,0.074961,0.002501,0.087150,0.000013,0.216025,-0.000025,1.036099,0.952684,0.000000,0.000000,0.000000,5918.187129,4687.864702,8027.621727,550.066816,259.339761,466.811569,0.782410,0.001518
33.999986,4435.179528,14551.113938,4435.160666,14551.052055,30.237080,120.000098,7790.505524,9.474465,213.688413,701.077472,0.661913,212.876717,698.414427,0.002827,0.009276,18.607558,61.048420,213.672520,701.025329,0.538816,1.767768,2.549866,8.365701,-0.000005,0.002933,0.000074,-0.000000,0.075256,0.002508,0.087188,0.000013,0.216582,-0.000025,1.038060,0.953680,0.000000,0.000000,0.000000,5931.880049,4687.720563,8027.556358,550.062337,259.341433,466.814580,0.782432,0.001518
34.099986,4434.927273,14550.286328,4434.908412,14550.224448,30.237272,120.000099,7811.864619,9.528386,213.823074,701.519271,0.662328,213.010238,698.852487,0.002827,0.009276,18.626470,61.110464,213.807834,701.469272,0.540734,1.774061,2.494900,8.185369,-0.000005,0.002969,0.000074,-0.000000,0.075554,0.002516,0.087222,0.000013,0.217083,-0.000025,1.039983,0.954585,0.000000,0.000000,0.000000,5944.436141,4687.576122,8027.490852,550.057848,259.343070,466.817527,0.782453,0.001518
34.199986,4434.680611,14549.477070,4434.661751,14549.415193,30.237465,120.000100,7833.237237,9.582499,213.957735,701.961072,0.662743,213.143857,699.290869,0.002827,0.009276,18.644261,61.168835,213.943156,701.913241,0.542653,1.780358,2.438002,7.998694,-0.000005,0.003000,0.000074,0.000000,0.075856,0.002523,0.087251,0.000013,0.217529,-0.000025,1.041864,0.955401,0.000000,0.000000,0.000000,5955.895053,4687.431402,8027.425218,550.053351,259.344671,466.820409,0.782473,0.001518
34.299986,4434.439734,14548.686790,4434.420875,14548.624916,30.237658,120.000100,7854.623378,9.636804,214.092345,702.402708,0.663158,213.277528,699.729422,0.002827,0.009276,18.660881,61.223364,214.078432,702.357061,0.544574,1.786659,2.379217,7.805831,-0.000005,0.003028,0.000074,0.000000,0.076160,0.002531,0.087274,0.000013,0.217924,-0.000025,1.043699,0.956131,0.000000,0.000000,0.000000,5966.294971,4687.286429,8027.359469,550.048846,259.346235,466.823223,0.782493,0.001518
34.399986,4434.204827,14547.916100,4434.185969,14547.854228,30.237851,120.000101,7876.023032,9.691301,214.226858,702.844022,0.663572,213.411207,700.168001,0.002827,0.009276,18.676282,61.273892,214.213613,702.800568,0.546495,1.792963,2.318597,7.606945,-0.000005,0.003050,0.000073,0.000000,0.076467,0.002538,0.087291,0.000013,0.218268,-0.000025,1.045484,0.956780,0.000000,0.000000,0.000000,5975.672607,4687.141227,8027.293615,550.044333,259.347760,466.825968,0.782513,0.001518
34.499986,4433.976072,14547.165591,4433.957215,14547.103723,30.238044,120.000101,7897.436190,9.745989,214.361227,703.284865,0.663987,213.544852,700.606469,0.002827,0.009275,18.690423,61.320286,214.348652,703.243608,0.548418,1.799270,2.256196,7.402217,-0.000005,0.003069,0.000073,0.000000,0.076777,0.002545,0.087302,0.000013,0.218564,-0.000025,1.047215,0.957349,0.000000,0.000000,0.000000,5984.063224,4686.995819,8027.227666,550.039815,259.349245,466.828640,0.782532,0.001518
34.599986,4433.753644,14546.435840,4433.734787,14546.373974,30.238238,120.000102,7918.862833,9.800870,214.495410,703.725098,0.664400,213.678423,701.044694,0.002827,0.009274,18.703274,61.362449,214.483502,703.686031,0.550341,1.805580,2.192071,7.191835,-0.000005,0.003083,0.000073,0.000000,0.077088,0.002553,0.087307,0.000013,0.218814,-0.000025,1.048889,0.957842,0.000000,0.000000,0.000000,5991.500707,4686.850227,8027.161633,550.035290,259.350688,466.831239,0.782551,0.001518
34.699986,4433.537712,14545.727402,4433.518856,14545.665538,30.238431,120.000102,7940.302942,9.855943,214.629366,704.164587,0.664814,213.811881,701.482548,0.002827,0.009274,18.714820,61.400328,214.618123,704.127700,0.552265,1.811892,2.126283,6.975996,-0.000005,0.003095,0.000073,0.000000,0.077400,0.002560,0.087307,0.000013,0.219020,-0.000025,1.050505,0.958262,0.000000,0.000000,0.000000,5998.017653,4686.704473,8027.095526,550.030760,259.352090,466.833762,0.782569,0.001518
34.799986,4433.328439,14545.040812,4433.309584,14544.978951,30.238625,120.000103,7961.756491,9.911208,214.763058,704.603209,0.665226,213.945188,701.919907,0.002826,0.009273,18.725057,61.433913,214.752474,704.568483,0.554189,1.818205,2.058894,6.754900,-0.000005,0.003104,0.000073,0.000000,0.077713,0.002567,0.087300,0.000013,0.219182,-0.000025,1.052061,0.958611,0.000000,0.000000,0.000000,6003.645474,4686.558577,8027.029354,550.026226,259.353448,466.836207,0.782586,0.001518
34.899986,4433.125983,14544.376586,4433.107129,14544.314727,30.238818,120.000104,7983.223452,9.966665,214.896449,705.040843,0.665637,214.078306,702.356648,0.002826,0.009271,18.733995,61.463238,214.886516,705.008254,0.556113,1.824519,1.989963,6.528750,-0.000005,0.003111,0.000073,0.000000,0.078027,0.002575,0.087288,0.000013,0.219304,-0.000025,1.053557,0.958892,0.000000,0.000000,0.000000,6008.414507,4686.412560,8026.963126,550.021688,259.354762,466.838572,0.782603,0.001519
34.999986,4432.930495,14543.735220,4432.911641,14543.673363,30.239012,120.000104,8004.703791,10.022314,215.029505,705.477380,0.666048,214.211201,702.792654,0.002826,0.009270,18.741653,61.488363,215.020213,705.446894,0.558038,1.830834,1.919552,6.297744,-0.000005,0.003117,0.000073,0.000000,0.078342,0.002582,0.087269,0.000013,0.219387,-0.000025,1.054995,0.959108,0.000000,0.000000,0.000000,6012.354101,4686.266441,8026.896851,550.017146,259.356031,466.840857,0.782619,0.001519
35.099986,4432.742119,14543.117188,4432.723266,14543.055334,30.239206,120.000105,8026.197472,10.078156,215.162194,705.912711,0.666457,214.343836,703.227810,0.002825,0.009269,18.748056,61.509369,215.153532,705.884290,0.559963,1.837150,1.847722,6.062080,-0.000006,0.003121,0.000073,0.000000,0.078657,0.002590,0.087245,0.000013,0.219432,-0.000025,1.056375,0.959260,0.000000,0.000000,0.000000,6015.492692,4686.120239,8026.830538,550.012603,259.357254,466.843057,0.782635,0.001519
35.199986,4432.560995,14542.522949,4432.542142,14542.461097,30.239400,120.000105,8047.704456,10.134189,215.294485,706.346735,0.666866,214.476180,703.662006,0.002825,0.009267,18.753229,61.526343,215.286438,706.320336,0.561888,1.843465,1.774530,5.821949,-0.000006,0.003124,0.000073,0.000000,0.078973,0.002597,0.087216,0.000013,0.219441,-0.000025,1.057698,0.959351,0.000000,0.000000,0.000000,6017.857841,4685.973973,8026.764194,550.008057,259.358430,466.845174,0.782650,0.001519
35.299986,4432.387255,14541.952938,4432.368403,14541.891088,30.239594,120.000106,8069.224701,10.190415,215.426348,706.779357,0.667273,214.608199,704.095140,0.002824,0.009265,18.757197,61.539361,215.418902,706.754928,0.563813,1.849780,1.700034,5.577540,-0.000006,0.003125,0.000073,0.000000,0.079289,0.002604,0.087181,0.000013,0.219416,-0.000025,1.058966,0.959384,0.000000,0.000000,0.000000,6019.476252,4685.827659,8026.697829,550.003509,259.359558,466.847204,0.782664,0.001519
35.399986,4432.221029,14541.407574,4432.202177,14541.345726,30.239788,120.000106,8090.758160,10.246834,215.557756,707.210485,0.667678,214.739864,704.527114,0.002824,0.009264,18.759978,61.548484,215.550894,707.187971,0.565738,1.856095,1.624290,5.329036,-0.000006,0.003124,0.000073,0.000000,0.079605,0.002612,0.087140,0.000013,0.219358,-0.000025,1.060180,0.959360,0.000000,0.000000,0.000000,6020.373760,4685.681316,8026.631450,549.998961,259.360637,466.849146,0.782678,0.001519
35.499986,4432.062436,14540.887258,4432.043585,14540.825411,30.239983,120.000107,8112.304784,10.303444,215.688683,707.640035,0.668083,214.871149,704.957839,0.002823,0.009262,18.761582,61.553748,215.682385,707.619374,0.567662,1.862408,1.547354,5.076620,-0.000006,0.003122,0.000073,0.000000,0.079921,0.002619,0.087095,0.000013,0.219268,-0.000025,1.061340,0.959281,0.000000,0.000000,0.000000,6020.575300,4685.534959,8026.565064,549.994412,259.361666,466.850999,0.782692,0.001519
35.599986,4431.911595,14540.392371,4431.892744,14540.330526,30.240177,120.000108,8133.864523,10.360247,215.819103,708.067924,0.668485,215.002028,705.387232,0.002822,0.009260,18.762013,61.555162,215.813350,708.049050,0.569586,1.868720,1.469281,4.820475,-0.000006,0.003116,0.000073,0.000000,0.080236,0.002626,0.087044,0.000013,0.219148,-0.000025,1.062445,0.959150,0.000000,0.000000,0.000000,6020.104873,4685.388604,8026.498678,549.989863,259.362645,466.852761,0.782704,0.001519
35.699986,4431.768615,14539.923278,4431.749765,14539.861435,30.240372,120.000108,8155.437322,10.417241,215.948995,708.494079,0.668886,215.132479,705.815219,0.002822,0.009258,18.761266,61.552711,215.943765,708.476918,0.571509,1.875031,1.390128,4.560787,-0.000006,0.003108,0.000073,0.000000,0.080551,0.002634,0.086988,0.000013,0.219000,-0.000025,1.063495,0.958967,0.000000,0.000000,0.000000,6018.985503,4685.242267,8026.432299,549.985315,259.363573,466.854432,0.782716,0.001519
35.799986,4431.633603,14539.480323,4431.614753,14539.418481,30.240566,120.000109,8177.023126,10.474428,216.078337,708.918429,0.669286,215.262480,706.241732,0.002821,0.009256,18.759332,61.546364,216.073605,708.902905,0.573432,1.881340,1.309952,4.297742,-0.000006,0.003097,0.000073,0.000000,0.080864,0.002641,0.086927,0.000013,0.218824,-0.000025,1.064488,0.958736,0.000000,0.000000,0.000000,6017.239217,4685.095962,8026.365935,549.980767,259.364449,466.856009,0.782727,0.001519
35.899986,4431.506656,14539.063833,4431.487807,14539.001992,30.240761,120.000109,8198.621876,10.531807,216.207109,709.340909,0.669684,215.392013,706.666708,0.002821,0.009254,18.756197,61.536078,216.202851,709.326940,0.575355,1.887646,1.228812,4.031536,-0.000006,0.003082,0.000073,0.000000,0.081177,0.002648,0.086860,0.000013,0.218621,-0.000025,1.065423,0.958457,0.000000,0.000000,0.000000,6014.887026,4684.949704,8026.299592,549.976221,259.365273,466.857492,0.782738,0.001519
35.999986,4431.387870,14538.674113,4431.369021,14538.612273,30.240956,120.000110,8220.233511,10.589378,216.335293,709.761458,0.670080,215.521059,707.090089,0.002820,0.009252,18.751849,61.521813,216.331483,709.748959,0.577276,1.893950,1.146769,3.762366,-0.000006,0.003065,0.000073,0.000000,0.081488,0.002655,0.086788,0.000013,0.218393,-0.000025,1.066298,0.958133,0.000000,0.000000,0.000000,6011.948948,4684.803506,8026.233275,549.971677,259.366044,466.858880,0.782748,0.001519
36.099986,4431.277330,14538.311450,4431.258481,14538.249611,30.241151,120.000111,8241.857969,10.647140,216.462871,710.180023,0.670474,215.649604,707.511823,0.002819,0.009249,18.746279,61.503539,216.459482,710.168903,0.579197,1.900252,1.063885,3.490436,-0.000006,0.003044,0.000073,0.000001,0.081796,0.002663,0.086711,0.000013,0.218141,-0.000025,1.067111,0.957764,0.000000,0.000000,0.000000,6008.444034,4684.657382,8026.166991,549.967135,259.366762,466.860172,0.782757,0.001519
36.199986,4431.175118,14537.976109,4431.156270,14537.914271,30.241346,120.000111,8263.495186,10.705094,216.589829,710.596552,0.670866,215.777630,707.931858,0.002818,0.009247,18.739483,61.481243,216.586831,710.586717,0.581117,1.906551,0.980222,3.215952,-0.000006,0.003020,0.000073,0.000001,0.082103,0.002670,0.086629,0.000013,0.217865,-0.000025,1.067862,0.957352,0.000000,0.000000,0.000000,6004.390427,4684.511344,8026.100746,549.962596,259.367425,466.861366,0.782765,0.001519
36.299985,4431.081309,14537.668336,4431.062461,14537.606499,30.241542,120.000112,8285.145097,10.763240,216.716152,711.010998,0.671257,215.905124,708.350146,0.002818,0.009244,18.731465,61.454938,216.713516,711.002350,0.583036,1.912846,0.895845,2.939125,-0.000006,0.002994,0.000073,0.000001,0.082407,0.002677,0.086541,0.000013,0.217566,-0.000025,1.068550,0.956899,0.000000,0.000000,0.000000,5999.805437,4684.365405,8026.034545,549.958060,259.368034,466.862462,0.782773,0.001519
36.399985,4430.995970,14537.388354,4430.977123,14537.326518,30.241737,120.000112,8306.807634,10.821578,216.841827,711.423318,0.671645,216.032071,708.766639,0.002817,0.009242,18.722236,61.424660,216.839522,711.415756,0.584953,1.919138,0.810818,2.660163,-0.000006,0.002966,0.000073,0.000001,0.082709,0.002685,0.086448,0.000013,0.217246,-0.000025,1.069175,0.956406,0.000000,0.000000,0.000000,5994.705614,4684.219578,8025.968395,549.953527,259.368588,466.863459,0.782780,0.001519
36.499985,4430.919164,14537.136366,4430.900317,14537.074531,30.241933,120.000113,8328.482728,10.880107,216.966842,711.833472,0.672032,216.158457,709.181290,0.002816,0.009239,18.711815,61.390470,216.964837,711.826892,0.586870,1.925427,0.725204,2.379277,-0.000006,0.002936,0.000073,0.000001,0.083008,0.002692,0.086350,0.000013,0.216905,-0.000025,1.069738,0.955873,0.000000,0.000000,0.000000,5989.106832,4684.073873,8025.902299,549.948998,259.369087,466.864356,0.782787,0.001519
36.599985,4430.850947,14536.912555,4430.832099,14536.850720,30.242128,120.000114,8350.170310,10.938828,217.091186,712.241425,0.672416,216.284268,709.594056,0.002815,0.009236,18.700227,61.352450,217.089447,712.235719,0.588786,1.931712,0.639065,2.096671,-0.000006,0.002904,0.000073,0.000001,0.083303,0.002699,0.086247,0.000013,0.216543,-0.000025,1.070239,0.955303,0.000000,0.000000,0.000000,5983.024363,4683.928303,8025.836264,549.944473,259.369530,466.865153,0.782793,0.001519
36.699985,4430.791367,14536.717082,4430.772519,14536.655247,30.242324,120.000114,8371.870309,10.997739,217.214849,712.647141,0.672799,216.409491,710.004892,0.002814,0.009234,18.687499,61.310693,217.213343,712.642201,0.590701,1.937994,0.552464,1.812546,-0.000006,0.002871,0.000072,0.000001,0.083595,0.002707,0.086139,0.000013,0.216163,-0.000025,1.070681,0.954696,0.000000,0.000000,0.000000,5976.472939,4683.782877,8025.770295,549.939953,259.369916,466.865849,0.782797,0.001519
36.799985,4430.740467,14536.550089,4430.721620,14536.488255,30.242520,120.000115,8393.582654,11.056842,217.337819,713.050589,0.673179,216.534113,710.413756,0.002814,0.009231,18.673663,61.265298,217.336513,713.046303,0.592614,1.944271,0.465460,1.527099,-0.000006,0.002837,0.000072,0.000001,0.083884,0.002714,0.086026,0.000013,0.215764,-0.000025,1.071064,0.954053,0.000000,0.000000,0.000000,5969.466790,4683.637607,8025.704395,549.935437,259.370247,466.866444,0.782802,0.001519
36.899985,4430.698286,14536.411700,4430.679439,14536.349865,30.242716,120.000115,8415.307270,11.116136,217.460090,713.451739,0.673558,216.658122,710.820611,0.002813,0.009228,18.658748,61.216364,217.458949,713.447994,0.594526,1.950544,0.378111,1.240522,-0.000006,0.002802,0.000072,0.000001,0.084170,0.002721,0.085909,0.000013,0.215348,-0.000025,1.071391,0.953376,0.000000,0.000000,0.000000,5962.019677,4683.492502,8025.638570,549.930927,259.370521,466.866937,0.782805,0.001519
36.999985,4430.664855,14536.302017,4430.646008,14536.240182,30.242912,120.000116,8437.044084,11.175620,217.581652,713.850565,0.673934,216.781508,711.225420,0.002812,0.009225,18.642781,61.163978,217.580641,713.847247,0.596437,1.956813,0.290474,0.953000,-0.000006,0.002766,0.000072,0.000001,0.084452,0.002728,0.085787,0.000013,0.214914,-0.000025,1.071662,0.952665,0.000000,0.000000,0.000000,5954.144897,4683.347573,8025.572825,549.926422,259.370738,466.867328,0.782808,0.001519
37.099985,4430.640199,14536.221125,4430.621352,14536.159291,30.243108,120.000117,8458.793021,11.235296,217.702499,714.247042,0.674308,216.904260,711.628150,0.002811,0.009222,18.625785,61.108217,217.701582,714.244035,0.598346,1.963078,0.202606,0.664717,-0.000006,0.002728,0.000072,0.000001,0.084730,0.002736,0.085661,0.000013,0.214465,-0.000025,1.071879,0.951922,0.000000,0.000000,0.000000,5945.855281,4683.202830,8025.507163,549.921923,259.370898,466.867616,0.782810,0.001519
37.199985,4430.624340,14536.169093,4430.605492,14536.107258,30.243304,120.000117,8480.554007,11.295162,217.822622,714.641148,0.674680,217.026370,712.028772,0.002810,0.009219,18.607778,61.049141,217.821765,714.638335,0.600254,1.969338,0.114560,0.375851,-0.000006,0.002688,0.000072,0.000001,0.085005,0.002743,0.085531,0.000013,0.214000,-0.000025,1.072042,0.951147,0.000000,0.000000,0.000000,5937.163180,4683.058281,8025.441589,549.917429,259.371001,466.867801,0.782811,0.001519
37.299985,4430.617291,14536.145969,4430.598444,14536.084134,30.243501,120.000118,8502.326964,11.355218,217.942016,715.032861,0.675050,217.147829,712.427261,0.002809,0.009216,18.588775,60.986796,217.941182,715.030126,0.602161,1.975593,0.026390,0.086582,-0.000006,0.002647,0.000072,0.000001,0.085275,0.002750,0.085396,0.000013,0.213519,-0.000025,1.072152,0.950342,0.000000,0.000000,0.000000,5928.080449,4682.913935,8025.376107,549.912942,259.371046,466.867883,0.782812,0.001519
37.399985,4430.619064,14536.151785,4430.600217,14536.089949,30.243697,120.000119,8524.111816,11.415465,218.060676,715.422164,0.675417,217.268632,712.823595,0.002808,0.009213,18.568787,60.921216,218.059830,715.419390,0.604066,1.981844,-0.061848,-0.202915,-0.000006,0.002603,0.000072,0.000001,0.085541,0.002757,0.085257,0.000013,0.213025,-0.000025,1.072209,0.949506,0.000000,0.000000,0.000000,5918.618441,4682.769801,8025.310721,549.908462,259.371035,466.867863,0.782812,0.001519
37.499985,4430.629662,14536.186555,4430.610814,14536.124719,30.243894,120.000119,8545.908486,11.475902,218.178596,715.809041,0.675783,217.388772,713.217755,0.002807,0.009210,18.547820,60.852427,218.177703,715.806111,0.605970,1.988089,-0.150102,-0.492461,-0.000006,0.002558,0.000072,0.000001,0.085803,0.002765,0.085115,0.000013,0.212516,-0.000025,1.072213,0.948641,0.000000,0.000000,0.000000,5908.787998,4682.625888,8025.245435,549.903989,259.370966,466.867739,0.782811,0.001519
37.599985,4430.649084,14536.250274,4430.630236,14536.188437,30.244091,120.000120,8567.716896,11.536529,218.295773,716.193480,0.676146,217.508244,713.609723,0.002806,0.009207,18.525883,60.780455,218.294796,716.190276,0.607872,1.994330,-0.238317,-0.781880,-0.000006,0.002511,0.000072,0.000001,0.086060,0.002772,0.084968,0.000013,0.211994,-0.000025,1.072163,0.947748,0.000000,0.000000,0.000000,5898.599461,4682.482204,8025.180252,549.899522,259.370840,466.867512,0.782809,0.001519
37.699985,4430.677323,14536.342922,4430.658474,14536.281084,30.244288,120.000120,8589.536968,11.597346,218.412203,716.575468,0.676507,217.627043,713.999485,0.002805,0.009204,18.502984,60.705328,218.411107,716.571875,0.609772,2.000565,-0.326439,-1.070993,-0.000006,0.002461,0.000072,0.000001,0.086312,0.002779,0.084818,0.000013,0.211459,-0.000025,1.072060,0.946827,0.000000,0.000000,0.000000,5888.062693,4682.338756,8025.115176,549.895063,259.370657,466.867182,0.782807,0.001519
37.799985,4430.714367,14536.464459,4430.695519,14536.402620,30.244485,120.000121,8611.368624,11.658353,218.527883,716.954996,0.676865,217.745166,714.387026,0.002804,0.009201,18.479135,60.627084,218.526634,716.950898,0.611671,2.006796,-0.414413,-1.359623,-0.000006,0.002410,0.000072,0.000001,0.086559,0.002786,0.084663,0.000013,0.210911,-0.000025,1.071904,0.945879,0.000000,0.000000,0.000000,5877.187106,4682.195552,8025.050210,549.890611,259.370416,466.866749,0.782804,0.001519
37.899985,4430.760199,14536.614827,4430.741350,14536.552987,30.244682,120.000122,8633.211785,11.719549,218.642811,717.332057,0.677222,217.862607,714.772334,0.002803,0.009197,18.454351,60.545772,218.641373,717.327340,0.613569,2.013021,-0.502186,-1.647593,-0.000006,0.002358,0.000072,0.000001,0.086801,0.002794,0.084505,0.000013,0.210352,-0.000025,1.071694,0.944905,0.000000,0.000000,0.000000,5865.981708,4682.052600,8024.985359,549.886168,259.370119,466.866214,0.782800,0.001519
37.999985,4430.814796,14536.793952,4430.795947,14536.732111,30.244879,120.000122,8655.066373,11.780935,218.756985,717.706644,0.677576,217.979364,715.155395,0.002802,0.009194,18.428652,60.461457,218.755324,717.701196,0.615465,2.019241,-0.589705,-1.934728,-0.000006,0.002304,0.000072,0.000001,0.087038,0.002801,0.084343,0.000013,0.209780,-0.000025,1.071432,0.943906,0.000000,0.000000,0.000000,5854.455143,4681.909906,8024.920624,549.881732,259.369764,466.865576,0.782796,0.001519
38.099985,4430.878131,14537.001741,4430.859281,14536.939899,30.245076,120.000123,8676.932307,11.842510,218.870404,718.078752,0.677928,218.095433,715.536197,0.002801,0.009191,18.402061,60.374215,218.868486,718.072462,0.617359,2.025456,-0.676917,-2.220857,-0.000006,0.002249,0.000072,0.000001,0.087270,0.002808,0.084177,0.000013,0.209198,-0.000025,1.071119,0.942881,0.000000,0.000000,0.000000,5842.615745,4681.767479,8024.856010,549.877304,259.369353,466.864836,0.782790,0.001519
38.199985,4430.950169,14537.238087,4430.931319,14537.176243,30.245273,120.000124,8698.809511,11.904273,218.983066,718.448379,0.678277,218.210809,715.914727,0.002801,0.009188,18.374604,60.284134,218.980858,718.441136,0.619251,2.031665,-0.763771,-2.505811,-0.000006,0.002193,0.000072,0.000001,0.087495,0.002815,0.084008,0.000013,0.208604,-0.000025,1.070756,0.941831,0.000000,0.000000,0.000000,5830.471577,4681.625324,8024.791519,549.872885,259.368886,466.863994,0.782784,0.001519
38.299985,4431.030872,14537.502862,4431.012022,14537.441016,30.245471,120.000124,8720.697904,11.966226,219.094971,718.815520,0.678625,218.325489,716.290973,0.002800,0.009185,18.346312,60.191311,219.092440,718.807219,0.621142,2.037869,-0.850217,-2.789426,-0.000006,0.002137,0.000072,0.000001,0.087716,0.002822,0.083835,0.000013,0.208000,-0.000025,1.070345,0.940758,0.000000,0.000000,0.000000,5818.030473,4681.483448,8024.727155,549.868475,259.368362,466.863051,0.782778,0.001519
38.399985,4431.120198,14537.795925,4431.101347,14537.734078,30.245668,120.000125,8742.597408,12.028368,219.206117,719.180175,0.678970,218.439469,716.664924,0.002799,0.009182,18.317213,60.095844,219.203233,719.170711,0.623032,2.044067,-0.936207,-3.071545,-0.000006,0.002079,0.000072,0.000001,0.087930,0.002830,0.083659,0.000013,0.207386,-0.000025,1.069887,0.939661,0.000000,0.000000,0.000000,5805.300062,4681.341857,8024.662919,549.864074,259.367782,466.862007,0.782770,0.001519
38.499985,4431.218098,14538.117119,4431.199246,14538.055270,30.245866,120.000126,8764.507943,12.090698,219.316506,719.542341,0.679312,218.552746,717.036569,0.002798,0.009179,18.287340,59.997834,219.313236,719.531613,0.624919,2.050260,-1.021694,-3.352014,-0.000006,0.002022,0.000072,0.000001,0.088139,0.002837,0.083480,0.000013,0.206761,-0.000025,1.069383,0.938541,0.000000,0.000000,0.000000,5792.287783,4681.200559,8024.598816,549.859681,259.367146,466.860864,0.782762,0.001519
38.599985,4431.324520,14538.466272,4431.305667,14538.404420,30.246064,120.000126,8786.429432,12.153216,219.426136,719.902020,0.679653,218.665318,717.405898,0.002797,0.009176,18.256719,59.897373,219.422450,719.889927,0.626805,2.056447,-1.106633,-3.630686,-0.000006,0.001963,0.000072,0.000001,0.088342,0.002844,0.083298,0.000013,0.206128,-0.000025,1.068836,0.937399,0.000000,0.000000,0.000000,5779.000899,4681.059558,8024.534848,549.855298,259.366456,466.859620,0.782753,0.001519
38.699985,4431.439406,14538.843195,4431.420553,14538.781342,30.246262,120.000127,8808.361794,12.215923,219.535007,720.259210,0.679991,218.777181,717.772904,0.002796,0.009173,18.225379,59.794549,219.530877,720.245658,0.628689,2.062629,-1.190981,-3.907417,-0.000006,0.001904,0.000071,0.000001,0.088539,0.002851,0.083114,0.000013,0.205485,-0.000025,1.068247,0.936235,0.000000,0.000000,0.000000,5765.446478,4680.918860,8024.471017,549.850924,259.365710,466.858278,0.782743,0.001519
38.799984,4431.562696,14539.247690,4431.543842,14539.185834,30.246459,120.000128,8830.304952,12.278818,219.643121,720.613914,0.680327,218.888334,718.137580,0.002795,0.009170,18.193341,59.689439,219.638517,720.598809,0.630572,2.068805,-1.274694,-4.182068,-0.000006,0.001844,0.000071,0.000001,0.088730,0.002858,0.082926,0.000013,0.204833,-0.000025,1.067616,0.935049,0.000000,0.000000,0.000000,5751.631432,4680.778472,8024.407326,549.846560,259.364910,466.856837,0.782733,0.001519
38.899984,4431.694324,14539.679539,4431.675469,14539.617682,30.246658,120.000128,8852.258827,12.341901,219.750477,720.966133,0.680661,218.998776,718.499921,0.002794,0.009167,18.160628,59.582112,219.745373,720.949386,0.632453,2.074976,-1.357733,-4.454503,-0.000006,0.001783,0.000071,0.000001,0.088915,0.002865,0.082736,0.000013,0.204172,-0.000025,1.066944,0.933843,0.000000,0.000000,0.000000,5737.562443,4680.638399,8024.343778,549.842205,259.364055,466.855300,0.782722,0.001519
38.999984,4431.834220,14540.138516,4431.815365,14540.076656,30.246856,120.000129,8874.223340,12.405171,219.857077,721.315869,0.680992,219.108505,718.859924,0.002793,0.009164,18.127257,59.472627,219.851446,721.297394,0.634332,2.081141,-1.440055,-4.724588,-0.000006,0.001721,0.000071,0.000001,0.089094,0.002873,0.082544,0.000013,0.203503,-0.000025,1.066233,0.932616,0.000000,0.000000,0.000000,5723.245996,4680.498645,8024.280375,549.837861,259.363147,466.853665,0.782711,0.001519
39.099984,4431.982311,14540.624379,4431.963455,14540.562516,30.247054,120.000130,8896.198414,12.468629,219.962921,721.663127,0.681321,219.217520,719.217586,0.002792,0.009161,18.093246,59.361042,219.956738,721.642842,0.636209,2.087300,-1.521621,-4.992194,-0.000006,0.001658,0.000071,0.000001,0.089267,0.002880,0.082349,0.000013,0.202826,-0.000025,1.065484,0.931368,0.000000,0.000000,0.000000,5708.688379,4680.359217,8024.217119,549.833526,259.362186,466.851935,0.782698,0.001519
39.199984,4432.138519,14541.136873,4432.119662,14541.075007,30.247252,120.000130,8918.183970,12.532274,220.068011,722.007911,0.681648,219.325822,719.572907,0.002791,0.009158,18.058610,59.247409,220.061252,721.985736,0.638085,2.093454,-1.602391,-5.257189,-0.000006,0.001595,0.000071,0.000001,0.089433,0.002887,0.082152,0.000013,0.202141,-0.000025,1.064695,0.930101,0.000000,0.000000,0.000000,5693.895627,4680.220119,8024.154012,549.829202,259.361172,466.850110,0.782685,0.001519
39.299984,4432.302763,14541.675731,4432.283905,14541.613862,30.247451,120.000131,8940.179931,12.596107,220.172349,722.350226,0.681972,219.433410,719.925886,0.002790,0.009155,18.023367,59.131782,220.164991,722.326087,0.639959,2.099602,-1.682328,-5.519448,-0.000006,0.001530,0.000071,0.000001,0.089593,0.002894,0.081952,0.000013,0.201448,-0.000025,1.063869,0.928815,0.000000,0.000000,0.000000,5678.873637,4680.081356,8024.091058,549.824889,259.360106,466.848191,0.782671,0.001519
39.399984,4432.474957,14542.240672,4432.456099,14542.178801,30.247649,120.000132,8962.186219,12.660127,220.275935,722.690077,0.682295,219.540284,720.276523,0.002790,0.009152,17.987535,59.014221,220.267958,722.663904,0.641831,2.105744,-1.761392,-5.778845,-0.000006,0.001465,0.000071,0.000001,0.089747,0.002901,0.081750,0.000013,0.200748,-0.000025,1.063006,0.927510,0.000000,0.000000,0.000000,5663.628141,4679.942932,8024.028257,549.820585,259.358988,466.846179,0.782657,0.001519
39.499984,4432.655012,14542.831406,4432.636153,14542.769532,30.247848,120.000132,8984.202758,12.724333,220.378773,723.027471,0.682615,219.646444,720.624817,0.002789,0.009150,17.951132,58.894790,220.370155,722.999198,0.643701,2.111881,-1.839547,-6.035259,-0.000006,0.001399,0.000071,0.000001,0.089893,0.002908,0.081546,0.000013,0.200041,-0.000025,1.062107,0.926186,0.000000,0.000000,0.000000,5648.164589,4679.804853,8023.965612,549.816293,259.357820,466.844075,0.782642,0.001519
39.599984,4432.842836,14543.447626,4432.823976,14543.385749,30.248046,120.000133,9006.229470,12.788726,220.480864,723.362415,0.682933,219.751891,720.970770,0.002788,0.009147,17.914181,58.773559,220.471587,723.331978,0.645570,2.118012,-1.916756,-6.288568,-0.000006,0.001333,0.000071,0.000001,0.090034,0.002916,0.081340,0.000013,0.199326,-0.000025,1.061172,0.924844,0.000000,0.000000,0.000000,5632.488366,4679.667122,8023.903125,549.812011,259.356600,466.841881,0.782626,0.001519
39.699984,4433.038333,14544.089018,4433.019471,14544.027137,30.248245,120.000134,9028.266280,12.853306,220.582210,723.694916,0.683248,219.856623,721.314381,0.002787,0.009144,17.876705,58.650608,220.572256,723.662259,0.647437,2.124138,-1.992983,-6.538658,-0.000006,0.001266,0.000071,0.000001,0.090167,0.002923,0.081132,0.000013,0.198605,-0.000025,1.060203,0.923484,0.000000,0.000000,0.000000,5616.604827,4679.529745,8023.840799,549.807740,259.355331,466.839597,0.782610,0.001519
39.799984,4433.241401,14544.755253,4433.222539,14544.693369,30.248444,120.000134,9050.313111,12.918072,220.682814,724.024980,0.683562,219.960642,721.655650,0.002786,0.009142,17.838731,58.526021,220.672167,723.990050,0.649303,2.130258,-2.068195,-6.785416,-0.000006,0.001199,0.000071,0.000001,0.090294,0.002930,0.080923,0.000013,0.197877,-0.000025,1.059201,0.922107,0.000000,0.000000,0.000000,5600.519109,4679.392724,8023.778634,549.803481,259.354013,466.837224,0.782593,0.001518
39.899984,4433.451939,14545.445993,4433.433075,14545.384105,30.248643,120.000135,9072.369888,12.983024,220.782678,724.352617,0.683873,220.063947,721.994575,0.002786,0.009139,17.800285,58.399885,220.771323,724.315364,0.651166,2.136373,-2.142359,-7.028736,-0.000006,0.001132,0.000071,0.000001,0.090415,0.002937,0.080711,0.000013,0.197142,-0.000025,1.058168,0.920712,0.000000,0.000000,0.000000,5584.236295,4679.256065,8023.716632,549.799232,259.352647,466.834764,0.782576,0.001518
39.999984,4433.669839,14546.160888,4433.650974,14546.098998,30.248842,120.000136,9094.436535,13.048162,220.881804,724.677833,0.684182,220.166537,722.331158,0.002785,0.009137,17.761394,58.272291,220.869727,724.638214,0.653028,2.142482,-2.215443,-7.268514,-0.000006,0.001065,0.000071,0.000001,0.090528,0.002944,0.080498,0.000013,0.196401,-0.000025,1.057104,0.919301,0.000000,0.000000,0.000000,5567.761469,4679.119771,8023.654796,549.794995,259.351232,466.832218,0.782558,0.001518
40.099984,4433.894992,14546.899581,4433.876127,14546.837686,30.249041,120.000136,9116.512977,13.113487,220.980194,725.000636,0.684488,220.268413,722.665397,0.002784,0.009135,17.722086,58.143328,220.967384,724.958610,0.654889,2.148585,-2.287418,-7.504653,-0.000006,0.000998,0.000071,0.000001,0.090635,0.002951,0.080284,0.000013,0.195654,-0.000025,1.056013,0.917873,0.000000,0.000000,0.000000,5551.099639,4678.983845,8023.593128,549.790770,259.349771,466.829588,0.782539,0.001518
40.199984,4434.127287,14547.661701,4434.108420,14547.599803,30.249240,120.000137,9138.599140,13.178996,221.077852,725.321035,0.684793,220.369575,722.997294,0.002784,0.009132,17.682387,58.013081,221.064298,725.276568,0.656747,2.154683,-2.358256,-7.737060,-0.000006,0.000931,0.000071,0.000001,0.090735,0.002958,0.080068,0.000013,0.194901,-0.000025,1.054894,0.916429,0.000000,0.000000,0.000000,5534.255761,4678.848293,8023.531628,549.786555,259.348263,466.826874,0.782519,0.001518
40.299984,4434.366607,14548.446872,4434.347739,14548.384970,30.249440,120.000138,9160.694950,13.244692,221.174778,725.639037,0.685095,220.470023,723.326848,0.002783,0.009130,17.642321,57.881632,221.160471,725.592097,0.658604,2.160776,-2.427929,-7.965645,-0.000006,0.000863,0.000071,0.000001,0.090829,0.002965,0.079851,0.000013,0.194142,-0.000025,1.053749,0.914969,0.000000,0.000000,0.000000,5517.234742,4678.713116,8023.470298,549.782353,259.346710,466.824077,0.782499,0.001518
40.399984,4434.612835,14549.254707,4434.593966,14549.192801,30.249639,120.000138,9182.800334,13.310572,221.270977,725.954650,0.685395,220.569758,723.654061,0.002782,0.009128,17.601912,57.749055,221.255909,725.905212,0.660460,2.166863,-2.496411,-8.190325,-0.000006,0.000796,0.000071,0.000001,0.090916,0.002973,0.079633,0.000013,0.193377,-0.000025,1.052580,0.913493,0.000000,0.000000,0.000000,5500.041433,4678.578319,8023.409141,549.778162,259.345111,466.821201,0.782479,0.001518
40.499984,4434.865851,14550.084812,4434.846980,14550.022902,30.249839,120.000139,9204.915216,13.376638,221.366451,726.267883,0.685693,220.668780,723.978936,0.002782,0.009126,17.561180,57.615420,221.350614,726.215925,0.662313,2.172945,-2.563678,-8.411018,-0.000006,0.000729,0.000071,0.000001,0.090996,0.002980,0.079414,0.000013,0.192607,-0.000025,1.051387,0.912002,0.000000,0.000000,0.000000,5482.680586,4678.443904,8023.348157,549.773984,259.343469,466.818244,0.782458,0.001518
40.599984,4435.125531,14550.936783,4435.106660,14550.874869,30.250038,120.000140,9227.039526,13.442889,221.461201,726.578743,0.685989,220.767090,724.301476,0.002781,0.009124,17.520145,57.480792,221.444591,726.524250,0.664166,2.179021,-2.629707,-8.627647,-0.000006,0.000662,0.000071,0.000001,0.091069,0.002987,0.079194,0.000013,0.191831,-0.000025,1.050172,0.910496,0.000000,0.000000,0.000000,5465.156991,4678.309876,8023.287348,549.769817,259.341784,466.815210,0.782436,0.001518
40.699984,4435.391752,14551.810211,4435.372880,14551.748292,30.250238,120.000140,9249.173189,13.509324,221.555231,726.887240,0.686282,220.864689,724.621683,0.002780,0.009122,17.478827,57.345232,221.537844,726.830198,0.666016,2.185092,-2.694473,-8.840136,-0.000006,0.000594,0.000071,0.000001,0.091136,0.002994,0.078974,0.000013,0.191050,-0.000025,1.048934,0.908976,0.000000,0.000000,0.000000,5447.475223,4678.176236,8023.226716,549.765662,259.340056,466.812100,0.782414,0.001518
40.799984,4435.664386,14552.704677,4435.645512,14552.642755,30.250438,120.000141,9271.316134,13.575945,221.648543,727.193382,0.686574,220.961578,724.939561,0.002780,0.009120,17.437241,57.208797,221.630377,727.133784,0.667865,2.191158,-2.757956,-9.048413,-0.000006,0.000526,0.000071,0.000001,0.091195,0.003001,0.078752,0.000013,0.190264,-0.000025,1.047676,0.907441,0.000000,0.000000,0.000000,5429.639921,4678.042988,8023.166261,549.761520,259.338286,466.808915,0.782391,0.001518
40.899984,4435.943302,14553.619759,4435.924427,14553.557832,30.250638,120.000142,9293.468289,13.642750,221.741140,727.497178,0.686863,221.057759,725.255115,0.002779,0.009118,17.395408,57.071548,221.722194,727.435020,0.669712,2.197219,-2.820135,-9.252410,-0.000006,0.000459,0.000071,0.000001,0.091248,0.003008,0.078530,0.000013,0.189473,-0.000025,1.046398,0.905892,0.000000,0.000000,0.000000,5411.655515,4677.910136,8023.105985,549.757390,259.336475,466.805656,0.782368,0.001518
40.999984,4436.228371,14554.555023,4436.209494,14554.493091,30.250837,120.000142,9315.629583,13.709739,221.833024,727.798637,0.687150,221.153232,725.568347,0.002779,0.009117,17.353345,56.933545,221.813299,727.733921,0.671558,2.203274,-2.880987,-9.452059,-0.000006,0.000391,0.000070,0.000001,0.091295,0.003015,0.078307,0.000013,0.188677,-0.000025,1.045100,0.904329,0.000000,0.000000,0.000000,5393.526473,4677.777681,8023.045889,549.753272,259.334625,466.802325,0.782344,0.001518
41.099984,4436.519458,14555.510032,4436.500580,14555.448096,30.251037,120.000143,9337.799945,13.776912,221.924200,728.097768,0.687435,221.247999,725.879263,0.002778,0.009115,17.311070,56.794850,221.903696,728.030499,0.673402,2.209324,-2.940496,-9.647296,-0.000006,0.000324,0.000070,0.000001,0.091334,0.003022,0.078084,0.000013,0.187876,-0.000025,1.043784,0.902753,0.000000,0.000000,0.000000,5375.257173,4677.645626,8022.985975,549.749166,259.332736,466.798924,0.782320,0.001518
41.199984,4436.816427,14556.484341,4436.797548,14556.422401,30.251237,120.000144,9359.979304,13.844270,222.014668,728.394580,0.687718,221.342061,726.187865,0.002778,0.009114,17.268605,56.655529,221.993390,728.324769,0.675245,2.215369,-2.998641,-9.838060,-0.000006,0.000257,0.000070,0.000001,0.091367,0.003029,0.077860,0.000013,0.187071,-0.000025,1.042450,0.901164,0.000000,0.000000,0.000000,5356.851945,4677.513974,8022.926243,549.745073,259.330808,466.795454,0.782295,0.001518
41.299983,4437.119142,14557.477501,4437.100261,14557.415556,30.251438,120.000145,9382.167590,13.911811,222.104432,728.689083,0.687998,221.435419,726.494157,0.002777,0.009112,17.225971,56.515653,222.082383,728.616743,0.677086,2.221409,-3.055405,-10.024296,-0.000006,0.000190,0.000070,0.000001,0.091393,0.003036,0.077636,0.000013,0.186261,-0.000025,1.041101,0.899562,0.000000,0.000000,0.000000,5338.315124,4677.382727,8022.866695,549.740993,259.328843,466.791918,0.782270,0.001518
41.399983,4437.427464,14558.489056,4437.408582,14558.427106,30.251638,120.000145,9404.364733,13.979536,222.193496,728.981285,0.688277,221.528074,726.798143,0.002777,0.009111,17.183189,56.375292,222.170681,728.906435,0.678925,2.227444,-3.110773,-10.205948,-0.000007,0.000123,0.000070,0.000001,0.091412,0.003043,0.077412,0.000012,0.185446,-0.000025,1.039736,0.897947,0.000000,0.000000,0.000000,5319.650916,4677.251888,8022.807332,549.736925,259.326842,466.788315,0.782244,0.001518
41.499983,4437.741253,14559.518545,4437.722369,14559.456590,30.251838,120.000146,9426.570664,14.047445,222.281860,729.271195,0.688553,221.620027,727.099825,0.002777,0.009110,17.140282,56.234520,222.258288,729.193858,0.680763,2.233475,-3.164729,-10.382968,-0.000007,0.000057,0.000070,0.000001,0.091425,0.003051,0.077187,0.000012,0.184628,-0.000025,1.038357,0.896319,0.000000,0.000000,0.000000,5300.863619,4677.121458,8022.748155,549.732870,259.324805,466.784649,0.782218,0.001518
41.599983,4438.060365,14560.565503,4438.041480,14560.503543,30.252039,120.000147,9448.785314,14.115537,222.369529,729.558823,0.688828,221.711278,727.399206,0.002776,0.009109,17.097272,56.093412,222.345206,729.479024,0.682600,2.239500,-3.217259,-10.555310,-0.000007,-0.000009,0.000070,0.000001,0.091431,0.003058,0.076963,0.000012,0.183805,-0.000025,1.036965,0.894680,0.000000,0.000000,0.000000,5281.957487,4676.991440,8022.689164,549.728828,259.322734,466.780921,0.782192,0.001518
41.699983,4438.384659,14561.629459,4438.365772,14561.567494,30.252239,120.000147,9471.008615,14.183813,222.456505,729.844177,0.689100,221.801829,727.696291,0.002776,0.009107,17.054182,55.952039,222.431441,729.761946,0.684434,2.245520,-3.268350,-10.722933,-0.000007,-0.000074,0.000070,0.000001,0.091431,0.003065,0.076738,0.000012,0.182978,-0.000025,1.035562,0.893029,0.000000,0.000000,0.000000,5262.936767,4676.861837,8022.630361,549.724799,259.320629,466.777132,0.782165,0.001518
41.799983,4438.713990,14562.709940,4438.695101,14562.647970,30.252440,120.000148,9493.240498,14.252271,222.542790,730.127264,0.689370,221.891681,727.991081,0.002776,0.009107,17.011032,55.810472,222.516996,730.042637,0.686268,2.251535,-3.317991,-10.885798,-0.000007,-0.000139,0.000070,0.000001,0.091424,0.003072,0.076514,0.000012,0.182147,-0.000025,1.034149,0.891366,0.000000,0.000000,0.000000,5243.805702,4676.732649,8022.571747,549.720783,259.318491,466.773284,0.782137,0.001518
41.899983,4439.048212,14563.806468,4439.029322,14563.744493,30.252640,120.000149,9515.480895,14.320913,222.628387,730.408095,0.689638,221.980835,728.283580,0.002775,0.009106,16.967843,55.668777,222.601874,730.321109,0.688100,2.257546,-3.366172,-11.043872,-0.000007,-0.000203,0.000070,0.000001,0.091411,0.003079,0.076290,0.000012,0.181312,-0.000025,1.032726,0.889692,0.000000,0.000000,0.000000,5224.568524,4676.603879,8022.513322,549.716779,259.316322,466.769379,0.782109,0.001518
41.999983,4439.387178,14564.918563,4439.368286,14564.856583,30.252841,120.000150,9537.729739,14.389737,222.713299,730.686677,0.689904,222.069292,728.573792,0.002775,0.009105,16.924635,55.527018,222.686079,730.597373,0.689931,2.263552,-3.412883,-11.197124,-0.000007,-0.000267,0.000070,0.000001,0.091391,0.003086,0.076066,0.000012,0.180473,-0.000025,1.031295,0.888007,0.000000,0.000000,0.000000,5205.229448,4676.475528,8022.455087,549.712789,259.314121,466.765419,0.782081,0.001517
42.099983,4439.730742,14566.045741,4439.711849,14565.983756,30.253042,120.000150,9559.986964,14.458744,222.797528,730.963018,0.690168,222.157052,728.861721,0.002775,0.009104,16.881425,55.385253,222.769615,730.871440,0.691760,2.269553,-3.458117,-11.345527,-0.000007,-0.000330,0.000070,0.000001,0.091365,0.003093,0.075843,0.000012,0.179631,-0.000025,1.029857,0.886312,0.000000,0.000000,0.000000,5185.792672,4676.347599,8022.397043,549.708812,259.311891,466.761405,0.782052,0.001517
42.199983,4440.078755,14567.187516,4440.059860,14567.125525,30.253243,120.000151,9582.252501,14.527934,222.881076,731.237127,0.690430,222.244118,729.147370,0.002775,0.009104,16.838231,55.243539,222.852485,731.143324,0.693588,2.275550,-3.501865,-11.489057,-0.000007,-0.000393,0.000070,0.000001,0.091333,0.003100,0.075620,0.000012,0.178785,-0.000025,1.028413,0.884606,0.000000,0.000000,0.000000,5166.262367,4676.220092,8022.339191,549.704848,259.309632,466.757338,0.782023,0.001517
42.299983,4440.431068,14568.343399,4440.412172,14568.281403,30.253443,120.000152,9604.526286,14.597306,222.963947,731.509012,0.690690,222.330491,729.430745,0.002775,0.009103,16.795067,55.101927,222.934693,731.413034,0.695414,2.281542,-3.544120,-11.627692,-0.000007,-0.000455,0.000070,0.000001,0.091294,0.003107,0.075398,0.000012,0.177936,-0.000025,1.026963,0.882890,0.000000,0.000000,0.000000,5146.642675,4676.093010,8022.281532,549.700897,259.307346,466.753222,0.781994,0.001517
42.399983,4440.787532,14569.512901,4440.768634,14569.450899,30.253644,120.000152,9626.808251,14.666861,223.046142,731.778681,0.690947,222.416172,729.711850,0.002775,0.009103,16.751951,54.960471,223.016241,731.680582,0.697239,2.287529,-3.584879,-11.761413,-0.000007,-0.000516,0.000070,0.000001,0.091249,0.003114,0.075176,0.000012,0.177084,-0.000025,1.025508,0.881164,0.000000,0.000000,0.000000,5126.937706,4675.966353,8022.224065,549.696959,259.305032,466.749057,0.781964,0.001517
42.499983,4441.147997,14570.695528,4441.129097,14570.633520,30.253846,120.000153,9649.098332,14.736597,223.127664,732.046141,0.691203,222.501162,729.990689,0.002774,0.009103,16.708898,54.819219,223.097134,731.945978,0.699062,2.293512,-3.624134,-11.890204,-0.000007,-0.000578,0.000070,0.000001,0.091198,0.003121,0.074955,0.000012,0.176228,-0.000025,1.024049,0.879428,0.000000,0.000000,0.000000,5107.151572,4675.840123,8022.166792,549.693034,259.302692,466.744846,0.781934,0.001517
42.599983,4441.512312,14571.890787,4441.493410,14571.828774,30.254047,120.000154,9671.396462,14.806516,223.208515,732.311402,0.691456,222.585463,730.267267,0.002774,0.009102,16.665923,54.678224,223.177375,732.209235,0.700885,2.299490,-3.661883,-12.014051,-0.000007,-0.000638,0.000070,0.000001,0.091141,0.003128,0.074735,0.000012,0.175369,-0.000025,1.022587,0.877684,0.000000,0.000000,0.000000,5087.288256,4675.714321,8022.109713,549.689123,259.300327,466.740589,0.781904,0.001517
42.699983,4441.880326,14573.098183,4441.861423,14573.036164,30.254248,120.000155,9693.702577,14.876616,223.288698,732.574470,0.691708,222.669076,730.541587,0.002774,0.009102,16.623042,54.537538,223.256966,732.470362,0.702706,2.305464,-3.698121,-12.132942,-0.000007,-0.000698,0.000070,0.000001,0.091078,0.003135,0.074515,0.000012,0.174507,-0.000025,1.021122,0.875930,0.000000,0.000000,0.000000,5067.351817,4675.588949,8022.052829,549.685226,259.297939,466.736290,0.781873,0.001517
42.799983,4442.251889,14574.317220,4442.232984,14574.255196,30.254449,120.000155,9716.016612,14.946898,223.368216,732.835355,0.691958,222.752002,730.813656,0.002774,0.009102,16.580270,54.397213,223.335912,732.729369,0.704525,2.311434,-3.732846,-12.246870,-0.000007,-0.000757,0.000070,0.000001,0.091009,0.003142,0.074297,0.000012,0.173642,-0.000025,1.019656,0.874168,0.000000,0.000000,0.000000,5047.346293,4675.464006,8021.996139,549.681341,259.295527,466.731948,0.781842,0.001517
42.899983,4442.626848,14575.547401,4442.607941,14575.485371,30.254651,120.000156,9738.338502,15.017362,223.447070,733.094063,0.692205,222.834244,731.083476,0.002774,0.009102,16.537626,54.257303,223.414214,732.986267,0.706343,2.317399,-3.766056,-12.355828,-0.000007,-0.000816,0.000070,0.000001,0.090934,0.003149,0.074079,0.000012,0.172774,-0.000025,1.018189,0.872397,0.000000,0.000000,0.000000,5027.275637,4675.339495,8021.939646,549.677470,259.293093,466.727567,0.781811,0.001517
42.999983,4443.005053,14576.788230,4442.986144,14576.726194,30.254852,120.000157,9760.668184,15.088008,223.525263,733.350602,0.692451,222.915801,731.351053,0.002774,0.009103,16.495125,54.117864,223.491877,733.241066,0.708160,2.323360,-3.797751,-12.459814,-0.000007,-0.000873,0.000070,0.000001,0.090854,0.003156,0.073862,0.000012,0.171904,-0.000025,1.016722,0.870618,0.000000,0.000000,0.000000,5007.143790,4675.215415,8021.883348,549.673612,259.290638,466.723149,0.781780,0.001517
43.099983,4443.386351,14578.039209,4443.367441,14577.977167,30.255053,120.000158,9783.005594,15.158834,223.602798,733.604980,0.692694,222.996675,731.616388,0.002775,0.009103,16.452784,53.978951,223.568902,733.493774,0.709976,2.329317,-3.827931,-12.558828,-0.000007,-0.000930,0.000070,0.000001,0.090767,0.003163,0.073647,0.000012,0.171031,-0.000025,1.015256,0.868831,0.000000,0.000000,0.000000,4986.954791,4675.091769,8021.827246,549.669768,259.288163,466.718694,0.781748,0.001517
43.199983,4443.770591,14579.299841,4443.751679,14579.237793,30.255255,120.000158,9805.350667,15.229842,223.679676,733.857204,0.692936,223.076868,731.879487,0.002775,0.009103,16.410620,53.840618,223.645294,733.744402,0.711790,2.335270,-3.856596,-12.652874,-0.000006,-0.000986,0.000070,0.000001,0.090675,0.003170,0.073433,0.000012,0.170155,-0.000025,1.013792,0.867037,0.000000,0.000000,0.000000,4966.712566,4674.968556,8021.771341,549.665938,259.285669,466.714204,0.781716,0.001517
43.299983,4444.157623,14580.569629,4444.138709,14580.507576,30.255457,120.000159,9827.703342,15.301031,223.755899,734.107281,0.693175,223.156380,732.140353,0.002775,0.009104,16.368650,53.702919,223.721054,733.992958,0.713603,2.341218,-3.883749,-12.741958,-0.000006,-0.001041,0.000070,0.000001,0.090577,0.003177,0.073219,0.000012,0.169277,-0.000025,1.012332,0.865235,0.000000,0.000000,0.000000,4946.421070,4674.845777,8021.715633,549.662120,259.283157,466.709682,0.781684,0.001517
43.399983,4444.547294,14581.848078,4444.528379,14581.786019,30.255658,120.000160,9850.063554,15.372401,223.831471,734.355219,0.693413,223.235212,732.398991,0.002775,0.009104,16.326888,53.565905,223.796184,734.239450,0.715415,2.347162,-3.909392,-12.826090,-0.000006,-0.001096,0.000070,0.000001,0.090474,0.003184,0.073008,0.000012,0.168397,-0.000025,1.010875,0.863427,0.000000,0.000000,0.000000,4926.084247,4674.723433,8021.660123,549.658317,259.280628,466.705130,0.781651,0.001517
43.499983,4444.939455,14583.134693,4444.920537,14583.072628,30.255860,120.000160,9872.431242,15.443951,223.906392,734.601024,0.693648,223.313367,732.655403,0.002775,0.009105,16.285349,53.429624,223.870689,734.483888,0.717226,2.353103,-3.933530,-12.905282,-0.000006,-0.001149,0.000070,0.000001,0.090366,0.003191,0.072797,0.000012,0.167514,-0.000025,1.009422,0.861611,0.000000,0.000000,0.000000,4905.706032,4674.601524,8021.604809,549.654526,259.278082,466.700548,0.781619,0.001517
43.599983,4445.333953,14584.428981,4445.315034,14584.366910,30.256062,120.000161,9894.806342,15.515683,223.980665,734.844703,0.693882,223.390844,732.909595,0.002775,0.009106,16.244049,53.294123,223.944570,734.726278,0.719035,2.359039,-3.956166,-12.979548,-0.000006,-0.001202,0.000070,0.000001,0.090252,0.003198,0.072588,0.000012,0.166629,-0.000025,1.007975,0.859790,0.000000,0.000000,0.000000,4885.290382,4674.480050,8021.549693,549.650750,259.275521,466.695939,0.781586,0.001517
43.699983,4445.730641,14585.730450,4445.711720,14585.668373,30.256264,120.000162,9917.188792,15.587595,224.054293,735.086263,0.694113,223.467646,733.161569,0.002776,0.009107,16.202999,53.159445,224.017829,734.966629,0.720843,2.364971,-3.977307,-13.048907,-0.000006,-0.001253,0.000070,0.000001,0.090133,0.003205,0.072380,0.000012,0.165742,-0.000025,1.006535,0.857962,0.000000,0.000000,0.000000,4864.841119,4674.359012,8021.494775,549.646987,259.272947,466.691304,0.781553,0.001516
43.799982,4446.129369,14587.038611,4446.110446,14586.976527,30.256466,120.000163,9939.578531,15.659687,224.127276,735.325710,0.694343,223.543774,733.411332,0.002776,0.009108,16.162212,53.025632,224.090469,735.204949,0.722650,2.370900,-3.996957,-13.113377,-0.000006,-0.001304,0.000070,0.000001,0.090009,0.003212,0.072174,0.000012,0.164853,-0.000025,1.005101,0.856128,0.000000,0.000000,0.000000,4844.362197,4674.238410,8021.440054,549.643237,259.270358,466.686645,0.781519,0.001516
43.899982,4446.529987,14588.352975,4446.511062,14588.290885,30.256668,120.000163,9961.975497,15.731960,224.199618,735.563050,0.694570,223.619228,733.658886,0.002776,0.009109,16.121701,52.892721,224.162491,735.441245,0.724456,2.376824,-4.015124,-13.172980,-0.000006,-0.001354,0.000070,0.000001,0.089880,0.003219,0.071970,0.000012,0.163963,-0.000025,1.003674,0.854289,0.000000,0.000000,0.000000,4823.857422,4674.118244,8021.385531,549.639501,259.267758,466.681964,0.781486,0.001516
43.999982,4446.932348,14589.673056,4446.913421,14589.610961,30.256870,120.000164,9984.379628,15.804413,224.271319,735.798292,0.694796,223.694011,733.904237,0.002777,0.009110,16.081477,52.760750,224.233899,735.675523,0.726261,2.382745,-4.031815,-13.227740,-0.000006,-0.001403,0.000070,0.000001,0.089745,0.003227,0.071767,0.000012,0.163071,-0.000025,1.002255,0.852444,0.000000,0.000000,0.000000,4803.330584,4673.998514,8021.331206,549.635779,259.265146,466.677263,0.781453,0.001516
44.099982,4447.336304,14590.998373,4447.317376,14590.936271,30.257072,120.000165,10006.790862,15.877046,224.342383,736.031440,0.695020,223.768124,734.147389,0.002777,0.009111,16.041550,52.629757,224.304695,735.907792,0.728064,2.388662,-4.047038,-13.277683,-0.000006,-0.001452,0.000070,0.000001,0.089606,0.003234,0.071566,0.000012,0.162177,-0.000025,1.000845,0.850595,0.000000,0.000000,0.000000,4782.785540,4673.879221,8021.277079,549.632070,259.262524,466.672544,0.781419,0.001516
44.199982,4447.741710,14592.328445,4447.722779,14592.266337,30.257274,120.000166,10029.209140,15.949859,224.412810,736.262501,0.695241,223.841568,734.388346,0.002778,0.009113,16.001932,52.499778,224.374880,736.138057,0.729866,2.394575,-4.060800,-13.322836,-0.000006,-0.001499,0.000070,0.000001,0.089463,0.003241,0.071366,0.000012,0.161281,-0.000025,0.999445,0.848741,0.000000,0.000000,0.000000,4762.226025,4673.760363,8021.223150,549.628374,259.259893,466.667807,0.781385,0.001516
44.299982,4448.148419,14593.662793,4448.129487,14593.600679,30.257477,120.000166,10051.634398,16.022852,224.482604,736.491482,0.695461,223.914344,734.627114,0.002778,0.009114,15.962635,52.370849,224.444456,736.366325,0.731668,2.400484,-4.073112,-13.363229,-0.000006,-0.001545,0.000070,0.000001,0.089314,0.003248,0.071169,0.000012,0.160384,-0.000025,0.998053,0.846882,0.000000,0.000000,0.000000,4741.655809,4673.641941,8021.169418,549.624693,259.257253,466.663055,0.781351,0.001516
44.399982,4448.556288,14595.000944,4448.537354,14594.938824,30.257679,120.000167,10074.066578,16.096025,224.551765,736.718388,0.695679,223.986454,734.863696,0.002778,0.009116,15.923669,52.243007,224.513425,736.592603,0.733468,2.406390,-4.083983,-13.398894,-0.000006,-0.001591,0.000070,0.000001,0.089161,0.003255,0.070973,0.000012,0.159486,-0.000025,0.996673,0.845020,0.000000,0.000000,0.000000,4721.078524,4673.523955,8021.115884,549.621024,259.254606,466.658290,0.781317,0.001516
44.499982,4448.965172,14596.342427,4448.946235,14596.280300,30.257881,120.000168,10096.505619,16.169378,224.620295,736.943226,0.695895,224.057900,735.098096,0.002779,0.009117,15.885045,52.116288,224.581790,736.816896,0.735266,2.412291,-4.093422,-13.429864,-0.000006,-0.001635,0.000070,0.000001,0.089003,0.003262,0.070779,0.000012,0.158586,-0.000025,0.995303,0.843153,0.000000,0.000000,0.000000,4700.497898,4673.406405,8021.062548,549.617370,259.251951,466.653513,0.781283,0.001516
44.599982,4449.374928,14597.686773,4449.355990,14597.624640,30.258084,120.000169,10118.951459,16.242910,224.688197,737.166002,0.696109,224.128681,735.330319,0.002779,0.009119,15.846774,51.990729,224.649551,737.039211,0.737064,2.418190,-4.101442,-13.456175,-0.000006,-0.001679,0.000070,0.000001,0.088841,0.003269,0.070586,0.000012,0.157685,-0.000025,0.993945,0.841283,0.000000,0.000000,0.000000,4679.917636,4673.289289,8021.009408,549.613729,259.249292,466.648725,0.781249,0.001516
44.699982,4449.785417,14599.033519,4449.766477,14598.971380,30.258286,120.000170,10141.404039,16.316621,224.755473,737.386722,0.696321,224.198801,735.560370,0.002780,0.009121,15.808869,51.866367,224.716712,737.259553,0.738861,2.424084,-4.108053,-13.477865,-0.000006,-0.001721,0.000070,0.000001,0.088675,0.003276,0.070396,0.000012,0.156784,-0.000025,0.992599,0.839410,0.000000,0.000000,0.000000,4659.341302,4673.172608,8020.956466,549.610101,259.246627,466.643929,0.781215,0.001516
44.799982,4450.196496,14600.382205,4450.177554,14600.320059,30.258489,120.000170,10163.863299,16.390512,224.822123,737.605391,0.696531,224.268259,735.788251,0.002781,0.009123,15.771338,51.743234,224.783272,737.477928,0.740657,2.429975,-4.113268,-13.494974,-0.000006,-0.001762,0.000070,0.000001,0.088505,0.003283,0.070208,0.000012,0.155881,-0.000025,0.991266,0.837534,0.000000,0.000000,0.000000,4638.772572,4673.056360,8020.903721,549.606487,259.243959,466.639126,0.781181,0.001516
44.899982,4450.608028,14601.732374,4450.589084,14601.670222,30.258692,120.000171,10186.329180,16.464582,224.888150,737.822016,0.696739,224.337057,736.013968,0.002781,0.009125,15.734193,51.621367,224.849235,737.694340,0.742451,2.435863,-4.117099,-13.507543,-0.000006,-0.001803,0.000070,0.000001,0.088330,0.003290,0.070022,0.000012,0.154977,-0.000025,0.989947,0.835655,0.000000,0.000000,0.000000,4618.215029,4672.940546,8020.851172,549.602886,259.241288,466.634318,0.781147,0.001516
44.999982,4451.019874,14603.083575,4451.000928,14603.021417,30.258894,120.000172,10208.801617,16.538831,224.953454,738.036265,0.696945,224.405095,736.237189,0.002782,0.009127,15.697438,51.500781,224.914498,737.908460,0.744244,2.441746,-4.119558,-13.515611,-0.000006,-0.001842,0.000070,0.000001,0.088152,0.003297,0.069838,0.000012,0.153859,-0.000025,0.988656,0.833780,0.000000,0.000000,0.000000,4597.720561,4672.825165,8020.798820,549.599299,259.238615,466.629506,0.781112,0.001516
45.099982,4451.431897,14604.435358,4451.412950,14604.373194,30.259097,120.000173,10231.280532,16.613259,225.017881,738.247640,0.697148,224.472219,736.457410,0.002782,0.009129,15.661089,51.381527,224.978911,738.119786,0.746035,2.447623,-4.120655,-13.519209,-0.000006,-0.001879,0.000070,0.000001,0.087969,0.003304,0.069656,0.000012,0.152698,-0.000025,0.987381,0.831919,0.000000,0.000000,0.000000,4577.424195,4672.710212,8020.746662,549.595725,259.235940,466.624692,0.781078,0.001516
45.199982,4451.843963,14605.787280,4451.825014,14605.725110,30.259300,120.000173,10253.765841,16.687866,225.081446,738.456187,0.697349,224.538440,736.674674,0.002783,0.009131,15.625171,51.263684,225.042485,738.328364,0.747825,2.453493,-4.120405,-13.518388,-0.000006,-0.001914,0.000070,0.000001,0.087783,0.003311,0.069476,0.000012,0.151550,-0.000025,0.986122,0.830073,0.000000,0.000000,0.000000,4557.327990,4672.595684,8020.694697,549.592164,259.233266,466.619878,0.781044,0.001515
45.299982,4452.255937,14607.138902,4452.236986,14607.076725,30.259503,120.000174,10276.257460,16.762651,225.144163,738.661951,0.697547,224.603775,736.889024,0.002784,0.009133,15.589692,51.147285,225.105236,738.534240,0.749612,2.459358,-4.118823,-13.513198,-0.000006,-0.001949,0.000070,0.000001,0.087594,0.003318,0.069299,0.000012,0.150414,-0.000025,0.984877,0.828242,0.000000,0.000000,0.000000,4537.426879,4672.481576,8020.642922,549.588616,259.230591,466.615065,0.781009,0.001515
45.399982,4452.667687,14608.489788,4452.648734,14608.427605,30.259706,120.000175,10298.755308,16.837614,225.206046,738.864980,0.697742,224.668235,737.100509,0.002785,0.009136,15.554653,51.032326,225.167177,738.737458,0.751398,2.465216,-4.115926,-13.503694,-0.000006,-0.001983,0.000070,0.000001,0.087401,0.003325,0.069124,0.000012,0.149290,-0.000025,0.983648,0.826424,0.000000,0.000000,0.000000,4517.716067,4672.367883,8020.591337,549.585081,259.227919,466.610254,0.780975,0.001515
45.499982,4453.079083,14609.839510,4453.060127,14609.777321,30.259909,120.000176,10321.259303,16.912756,225.267109,739.065317,0.697935,224.731837,737.309176,0.002785,0.009138,15.520043,50.918775,225.228321,738.938061,0.753182,2.471069,-4.111729,-13.489926,-0.000006,-0.002018,0.000070,0.000001,0.087204,0.003332,0.068951,0.000012,0.148178,-0.000025,0.982433,0.824619,0.000000,0.000000,0.000000,4498.190913,4672.254602,8020.539938,549.581560,259.225248,466.605447,0.780941,0.001515
45.599982,4453.489994,14611.187644,4453.471037,14611.125449,30.260112,120.000177,10343.769369,16.988076,225.327364,739.263005,0.698125,224.794594,737.515072,0.002786,0.009141,15.485847,50.806584,225.288681,739.136092,0.754964,2.476917,-4.106248,-13.471942,-0.000006,-0.002052,0.000070,0.000000,0.087005,0.003339,0.068780,0.000012,0.147078,-0.000025,0.981231,0.822828,0.000000,0.000000,0.000000,4478.847028,4672.141728,8020.488723,549.578050,259.222581,466.600646,0.780907,0.001515
45.699982,4453.900293,14612.533770,4453.881334,14612.471569,30.260315,120.000177,10366.285426,17.063574,225.386825,739.458088,0.698313,224.856521,737.718245,0.002787,0.009143,15.452051,50.695704,225.348269,739.331592,0.756745,2.482759,-4.099494,-13.449784,-0.000006,-0.002087,0.000070,0.000000,0.086801,0.003346,0.068612,0.000012,0.145988,-0.000025,0.980041,0.821050,0.000000,0.000000,0.000000,4459.680182,4672.029256,8020.437692,549.574554,259.219918,466.595853,0.780873,0.001515
45.799982,4454.309854,14613.877474,4454.290893,14613.815267,30.260518,120.000178,10388.807398,17.139249,225.445504,739.650605,0.698498,224.917631,737.918738,0.002788,0.009146,15.418643,50.586098,225.407098,739.524600,0.758524,2.488596,-4.091480,-13.423492,-0.000006,-0.002121,0.000070,0.000000,0.086595,0.003353,0.068445,0.000012,0.144909,-0.000025,0.978862,0.819285,0.000000,0.000000,0.000000,4440.686314,4671.917184,8020.386842,549.571069,259.217260,466.591067,0.780839,0.001515
45.899982,4454.718551,14615.218343,4454.699588,14615.156130,30.260721,120.000179,10411.335210,17.215102,225.503414,739.840598,0.698681,224.977938,738.116594,0.002789,0.009149,15.385619,50.477753,225.465180,739.715157,0.760301,2.494427,-4.082218,-13.393103,-0.000006,-0.002155,0.000070,0.000000,0.086385,0.003360,0.068281,0.000012,0.143839,-0.000025,0.977693,0.817532,0.000000,0.000000,0.000000,4421.861537,4671.805508,8020.336172,549.567597,259.214607,466.586292,0.780805,0.001515
45.999982,4455.126260,14616.555971,4455.107295,14616.493751,30.260925,120.000180,10433.868787,17.291133,225.560566,740.028105,0.698862,225.037452,738.311851,0.002789,0.009152,15.352984,50.370683,225.522525,739.903298,0.762077,2.500254,-4.071717,-13.358651,-0.000006,-0.002188,0.000070,0.000000,0.086171,0.003367,0.068119,0.000012,0.142780,-0.000025,0.976534,0.815790,0.000000,0.000000,0.000000,4403.202141,4671.694223,8020.285679,549.564137,259.211960,466.581529,0.780771,0.001515
46.099982,4455.532857,14617.889951,4455.513891,14617.827725,30.261128,120.000180,10456.408058,17.367340,225.616972,740.213164,0.699040,225.096186,738.504546,0.002790,0.009155,15.320751,50.264930,225.579146,740.089062,0.763852,2.506075,-4.059990,-13.320176,-0.000006,-0.002220,0.000070,0.000000,0.085954,0.003374,0.067958,0.000012,0.141729,-0.000025,0.975387,0.814061,0.000000,0.000000,0.000000,4384.704614,4671.583326,8020.235362,549.560690,259.209321,466.576778,0.780737,0.001515
46.199982,4455.938221,14619.219884,4455.919252,14619.157652,30.261331,120.000181,10478.952949,17.443725,225.672643,740.395811,0.699216,225.154148,738.694710,0.002791,0.009157,15.288940,50.160564,225.635053,740.272483,0.765625,2.511892,-4.047048,-13.277717,-0.000006,-0.002250,0.000070,0.000000,0.085734,0.003381,0.067800,0.000012,0.140689,-0.000025,0.974252,0.812343,0.000000,0.000000,0.000000,4366.365642,4671.472813,8020.185220,549.557254,259.206690,466.572042,0.780703,0.001515
46.299981,4456.342230,14620.545374,4456.323260,14620.483136,30.261535,120.000182,10501.503391,17.520286,225.727590,740.576083,0.699390,225.211348,738.882375,0.002792,0.009160,15.257577,50.057667,225.690256,740.453596,0.767396,2.517704,-4.032907,-13.231323,-0.000006,-0.002279,0.000070,0.000000,0.085512,0.003388,0.067644,0.000012,0.139657,-0.000025,0.973131,0.810637,0.000000,0.000000,0.000000,4348.182124,4671.362681,8020.135251,549.553830,259.204068,466.567322,0.780669,0.001515
46.399981,4456.744766,14621.866030,4456.725794,14621.803786,30.261738,120.000183,10524.059313,17.597024,225.781823,740.754012,0.699561,225.267795,739.067569,0.002793,0.009164,15.226690,49.956332,225.744765,740.632431,0.769166,2.523512,-4.017583,-13.181046,-0.000006,-0.002305,0.000070,0.000000,0.085286,0.003395,0.067491,0.000012,0.138634,-0.000025,0.972027,0.808941,0.000000,0.000000,0.000000,4330.151168,4671.252927,8020.085453,549.550417,259.201455,466.562619,0.780636,0.001515
46.499981,4457.145711,14623.181467,4457.126737,14623.119217,30.261942,120.000184,10546.620646,17.673939,225.835352,740.929633,0.699731,225.323497,739.250320,0.002794,0.009167,15.196306,49.856646,225.798590,740.809021,0.770935,2.529315,-4.001093,-13.126947,-0.000006,-0.002330,0.000070,0.000000,0.085058,0.003402,0.067340,0.000012,0.137621,-0.000025,0.970942,0.807256,0.000000,0.000000,0.000000,4312.270093,4671.143547,8020.035825,549.547017,259.198852,466.557934,0.780603,0.001515
46.599981,4457.544950,14624.491306,4457.525974,14624.429049,30.262145,120.000184,10569.187322,17.751031,225.888187,741.102976,0.699898,225.378464,739.430655,0.002795,0.009170,15.166447,49.758683,225.851739,740.983396,0.772703,2.535113,-3.983460,-13.069093,-0.000006,-0.002353,0.000070,0.000000,0.084828,0.003409,0.067192,0.000012,0.136617,-0.000025,0.969877,0.805582,0.000000,0.000000,0.000000,4294.536411,4671.034537,8019.986365,549.543628,259.196261,466.553270,0.780569,0.001515
46.699981,4457.942369,14625.795174,4457.923391,14625.732911,30.262349,120.000185,10591.759275,17.828299,225.940337,741.274073,0.700063,225.432702,739.608604,0.002796,0.009173,15.137129,49.662496,225.904222,741.155583,0.774469,2.540908,-3.964703,-13.007554,-0.000006,-0.002374,0.000070,0.000000,0.084595,0.003416,0.067046,0.000012,0.135621,-0.000025,0.968834,0.803919,0.000000,0.000000,0.000000,4276.947816,4670.925895,8019.937072,549.540250,259.193681,466.548626,0.780536,0.001514
46.799981,4458.337857,14627.092707,4458.318878,14627.030439,30.262553,120.000186,10614.336438,17.905743,225.991812,741.442952,0.700226,225.486222,739.784194,0.002797,0.009176,15.108362,49.568116,225.956046,741.325610,0.776234,2.546698,-3.944845,-12.942406,-0.000006,-0.002394,0.000070,0.000000,0.084360,0.003423,0.066903,0.000012,0.134635,-0.000025,0.967813,0.802266,0.000000,0.000000,0.000000,4259.502163,4670.817618,8019.887944,549.536884,259.191114,466.544006,0.780503,0.001514
46.899981,4458.731306,14628.383549,4458.712324,14628.321274,30.262756,120.000187,10636.918746,17.983363,226.042620,741.609644,0.700387,225.539032,739.957454,0.002798,0.009180,15.080147,49.475549,226.007220,741.493504,0.777997,2.552484,-3.923911,-12.873724,-0.000006,-0.002413,0.000070,0.000000,0.084123,0.003430,0.066763,0.000012,0.133657,-0.000025,0.966815,0.800623,0.000000,0.000000,0.000000,4242.197443,4670.709701,8019.838981,549.533529,259.188560,466.539409,0.780471,0.001514
46.999981,4459.122608,14629.667348,4459.103624,14629.605067,30.262960,120.000188,10659.506135,18.061159,226.092769,741.774176,0.700546,225.591141,740.128416,0.002799,0.009183,15.052481,49.384782,226.057752,741.659290,0.779760,2.558266,-3.901923,-12.801584,-0.000006,-0.002431,0.000070,0.000000,0.083885,0.003437,0.066626,0.000012,0.132688,-0.000025,0.965840,0.798991,0.000000,0.000000,0.000000,4225.031771,4670.602143,8019.790180,549.530185,259.186021,466.534837,0.780438,0.001514
47.099981,4459.511659,14630.943763,4459.492674,14630.881477,30.263164,120.000188,10682.098540,18.139132,226.142268,741.936575,0.700703,225.642558,740.297107,0.002800,0.009187,15.025356,49.295786,226.107649,741.822994,0.781521,2.564045,-3.878903,-12.726059,-0.000006,-0.002449,0.000070,0.000000,0.083644,0.003444,0.066491,0.000012,0.131726,-0.000025,0.964886,0.797368,0.000000,0.000000,0.000000,4208.003363,4670.494940,8019.741540,549.526852,259.183495,466.530292,0.780406,0.001514
47.199981,4459.898358,14632.212460,4459.879371,14632.150168,30.263368,120.000189,10704.695898,18.217279,226.191126,742.096868,0.700857,225.693293,740.463559,0.002801,0.009191,14.998760,49.208529,226.156918,741.984640,0.783281,2.569819,-3.854873,-12.647220,-0.000006,-0.002467,0.000070,0.000000,0.083402,0.003451,0.066359,0.000012,0.130773,-0.000026,0.963953,0.795755,0.000000,0.000000,0.000000,4191.110527,4670.388090,8019.693060,549.523530,259.180985,466.525773,0.780374,0.001514
47.299981,4460.282604,14633.473110,4460.263615,14633.410812,30.263572,120.000190,10727.298147,18.295603,226.239349,742.255082,0.701010,225.743354,740.627801,0.002802,0.009194,14.972684,49.122978,226.205568,742.144252,0.785040,2.575590,-3.829854,-12.565138,-0.000006,-0.002484,0.000070,0.000000,0.083158,0.003458,0.066229,0.000012,0.129828,-0.000026,0.963041,0.794152,0.000000,0.000000,0.000000,4174.351655,4670.281588,8019.644738,549.520219,259.178491,466.521284,0.780342,0.001514
47.399981,4460.664300,14634.725392,4460.645309,14634.663088,30.263776,120.000191,10749.905226,18.374102,226.286946,742.411241,0.701161,225.792749,740.789859,0.002804,0.009198,14.947121,49.039112,226.253605,742.301852,0.786797,2.581357,-3.803867,-12.479877,-0.000006,-0.002500,0.000070,0.000000,0.082913,0.003465,0.066102,0.000012,0.128891,-0.000026,0.962148,0.792559,0.000000,0.000000,0.000000,4157.725223,4670.175433,8019.596574,549.516919,259.176014,466.516825,0.780310,0.001514
47.499981,4461.043349,14635.968992,4461.024357,14635.906682,30.263979,120.000192,10772.517073,18.452776,226.333925,742.565370,0.701310,225.841487,740.949761,0.002805,0.009202,14.922069,48.956919,226.301035,742.457464,0.788554,2.587120,-3.776930,-12.391504,-0.000006,-0.002516,0.000070,0.000000,0.082665,0.003472,0.065977,0.000012,0.127961,-0.000026,0.961274,0.790975,0.000000,0.000000,0.000000,4141.229791,4670.069621,8019.548566,549.513629,259.173553,466.512396,0.780278,0.001514
47.599981,4461.419658,14637.203602,4461.400664,14637.141286,30.264183,120.000193,10795.133629,18.531626,226.380292,742.717494,0.701457,225.889576,741.107532,0.002806,0.009206,14.897528,48.876405,226.347866,742.611110,0.790310,2.592880,-3.749065,-12.300083,-0.000006,-0.002530,0.000070,0.000000,0.082417,0.003479,0.065855,0.000012,0.127038,-0.000026,0.960420,0.789401,0.000000,0.000000,0.000000,4124.864007,4669.964150,8019.500712,549.510350,259.171111,466.507999,0.780247,0.001514
47.699981,4461.793135,14638.428920,4461.774139,14638.366599,30.264388,120.000193,10817.754833,18.610651,226.426056,742.867637,0.701602,225.937021,741.263193,0.002807,0.009209,14.873505,48.797589,226.394105,742.762811,0.792064,2.598636,-3.720291,-12.205680,-0.000006,-0.002544,0.000070,0.000000,0.082167,0.003486,0.065735,0.000012,0.126123,-0.000026,0.959585,0.787837,0.000000,0.000000,0.000000,4108.626618,4669.859017,8019.453012,549.507081,259.168686,466.503636,0.780216,0.001514
47.799981,4462.163690,14639.644651,4462.144692,14639.582324,30.264592,120.000194,10840.380628,18.689851,226.471222,743.015820,0.701745,225.983830,741.416766,0.002808,0.009213,14.850010,48.720505,226.439757,742.912588,0.793818,2.604389,-3.690629,-12.108363,-0.000006,-0.002556,0.000070,0.000000,0.081915,0.003493,0.065618,0.000012,0.125214,-0.000026,0.958772,0.786281,0.000000,0.000000,0.000000,4092.516467,4669.754219,8019.405464,549.503823,259.166281,466.499306,0.780185,0.001514
47.899981,4462.531235,14640.850508,4462.512236,14640.788175,30.264796,120.000195,10863.010954,18.769227,226.515798,743.162066,0.701886,226.030009,741.568272,0.002809,0.009217,14.827054,48.645191,226.484828,743.060460,0.795570,2.610139,-3.660100,-12.008203,-0.000006,-0.002566,0.000070,0.000000,0.081663,0.003500,0.065504,0.000012,0.124313,-0.000026,0.957980,0.784735,0.000000,0.000000,0.000000,4076.532501,4669.649754,8019.358067,549.500576,259.163896,466.495012,0.780155,0.001514
47.999981,4462.895685,14642.046210,4462.876684,14641.983872,30.265000,120.000196,10885.645754,18.848777,226.559790,743.306397,0.702026,226.075564,741.717730,0.002811,0.009221,14.804650,48.571686,226.529325,743.206447,0.797322,2.615885,-3.628728,-11.905275,-0.000006,-0.002575,0.000070,0.000000,0.081409,0.003507,0.065392,0.000012,0.123420,-0.000026,0.957210,0.783199,0.000000,0.000000,0.000000,4060.673772,4669.545618,8019.310819,549.497338,259.161530,466.490754,0.780124,0.001514
48.099981,4463.256956,14643.231484,4463.237954,14643.169140,30.265204,120.000197,10908.284971,18.928501,226.603205,743.448834,0.702164,226.120501,741.865160,0.002812,0.009225,14.782808,48.500027,226.573253,743.350566,0.799072,2.621628,-3.596535,-11.799655,-0.000006,-0.002583,0.000070,-0.000000,0.081155,0.003514,0.065283,0.000012,0.122533,-0.000026,0.956465,0.781671,0.000000,0.000000,0.000000,4044.939426,4669.441809,8019.263720,549.494111,259.159185,466.486533,0.780094,0.001514
48.199981,4463.614968,14644.406064,4463.595964,14644.343715,30.265408,120.000198,10930.928548,19.008401,226.646048,743.589396,0.702300,226.164825,742.010581,0.002813,0.009229,14.761537,48.430240,226.616617,743.492837,0.800822,2.627368,-3.563546,-11.691425,-0.000006,-0.002589,0.000070,-0.000000,0.080900,0.003521,0.065176,0.000012,0.121654,-0.000026,0.955743,0.780153,0.000000,0.000000,0.000000,4029.328703,4669.338324,8019.216768,549.490894,259.156861,466.482350,0.780065,0.001514
48.299981,4463.969643,14645.569694,4463.950637,14645.507339,30.265613,120.000198,10953.576429,19.088475,226.688326,743.728104,0.702434,226.208543,742.154011,0.002814,0.009233,14.740841,48.362340,226.659422,743.633275,0.802570,2.633105,-3.529787,-11.580664,-0.000006,-0.002594,0.000070,-0.000000,0.080645,0.003528,0.065073,0.000012,0.120782,-0.000026,0.955047,0.778644,0.000000,0.000000,0.000000,4013.840926,4669.235161,8019.169962,549.487686,259.154559,466.478206,0.780035,0.001514
48.399981,4464.320904,14646.722125,4464.301896,14646.659765,30.265817,120.000199,10976.228559,19.168724,226.730045,743.864976,0.702566,226.251660,742.295471,0.002816,0.009238,14.720721,48.296329,226.701674,743.771898,0.804318,2.638839,-3.495281,-11.467458,-0.000006,-0.002598,0.000070,-0.000000,0.080389,0.003535,0.064972,0.000012,0.119917,-0.000026,0.954375,0.777144,0.000000,0.000000,0.000000,3998.475485,4669.132318,8019.123300,549.484489,259.152279,466.474102,0.780006,0.001513
48.499981,4464.668678,14647.863117,4464.649669,14647.800751,30.266021,120.000200,10998.884882,19.249147,226.771209,744.000030,0.702697,226.294182,742.434981,0.002817,0.009242,14.701173,48.232194,226.743378,743.908722,0.806065,2.644569,-3.460055,-11.351888,-0.000006,-0.002601,0.000070,-0.000000,0.080132,0.003543,0.064874,0.000012,0.119058,-0.000026,0.953729,0.775654,0.000000,0.000000,0.000000,3983.231832,4669.029790,8019.076783,549.481302,259.150022,466.470039,0.779977,0.001513
48.599981,4465.012895,14648.992437,4464.993884,14648.930066,30.266226,120.000201,11021.545344,19.329744,226.811826,744.133286,0.702826,226.336116,742.572560,0.002818,0.009246,14.682190,48.169916,226.784539,744.043762,0.807811,2.650297,-3.424134,-11.234036,-0.000006,-0.002603,0.000070,-0.000000,0.079876,0.003550,0.064778,0.000012,0.118207,-0.000026,0.953106,0.774172,0.000000,0.000000,0.000000,3968.109468,4668.927577,8019.030408,549.478124,259.147787,466.466017,0.779948,0.001513
48.699981,4465.353485,14650.109860,4465.334473,14650.047484,30.266430,120.000202,11044.209892,19.410516,226.851899,744.264761,0.702953,226.377468,742.708229,0.002820,0.009250,14.663765,48.109465,226.825160,744.177035,0.809556,2.656022,-3.387542,-11.113983,-0.000006,-0.002605,0.000070,-0.000000,0.079619,0.003557,0.064685,0.000012,0.117363,-0.000026,0.952508,0.772700,0.000000,0.000000,0.000000,3953.107937,4668.825675,8018.984174,549.474956,259.145577,466.462038,0.779920,0.001513
48.799980,4465.690384,14651.215172,4465.671371,14651.152791,30.266635,120.000203,11066.878470,19.491462,226.891435,744.394473,0.703078,226.418244,742.842009,0.002821,0.009255,14.645888,48.050814,226.865248,744.308556,0.811300,2.661744,-3.350302,-10.991806,-0.000006,-0.002606,0.000070,-0.000000,0.079362,0.003564,0.064595,0.000012,0.116526,-0.000026,0.951933,0.771237,0.000000,0.000000,0.000000,3938.226815,4668.724082,8018.938081,549.471797,259.143390,466.458102,0.779892,0.001513
48.899980,4466.023528,14652.308163,4466.004513,14652.245776,30.266839,120.000203,11089.551027,19.572581,226.930439,744.522438,0.703202,226.458450,742.973918,0.002822,0.009259,14.628552,47.993936,226.904806,744.438339,0.813043,2.667464,-3.312439,-10.867582,-0.000006,-0.002607,0.000070,-0.000000,0.079105,0.003571,0.064507,0.000012,0.115695,-0.000026,0.951380,0.769783,0.000000,0.000000,0.000000,3923.465716,4668.622795,8018.892126,549.468649,259.141227,466.454209,0.779864,0.001513
48.999980,4466.352855,14653.388632,4466.333838,14653.326240,30.267044,120.000204,11112.227510,19.653875,226.968916,744.648673,0.703324,226.498092,743.103975,0.002823,0.009263,14.611749,47.938808,226.943839,744.566400,0.814785,2.673180,-3.273975,-10.741387,-0.000006,-0.002607,0.000070,-0.000000,0.078848,0.003578,0.064422,0.000012,0.114871,-0.000026,0.950850,0.768338,0.000000,0.000000,0.000000,3908.824282,4668.521812,8018.846309,549.465509,259.139090,466.450362,0.779837,0.001513
49.099980,4466.678307,14654.456386,4466.659288,14654.393989,30.267248,120.000205,11134.907865,19.735343,227.006870,744.773196,0.703445,226.537174,743.232198,0.002825,0.009268,14.595475,47.885416,226.982351,744.692752,0.816527,2.678894,-3.234932,-10.613293,-0.000006,-0.002606,0.000070,-0.000000,0.078591,0.003585,0.064340,0.000012,0.114053,-0.000026,0.950342,0.766903,0.000000,0.000000,0.000000,3894.302192,4668.421129,8018.800629,549.462379,259.136977,466.446559,0.779810,0.001513
49.199980,4466.999826,14655.511239,4466.980806,14655.448837,30.267453,120.000206,11157.592043,19.816984,227.044307,744.896021,0.703564,226.575703,743.358604,0.002826,0.009272,14.579729,47.833756,227.020347,744.817410,0.818268,2.684605,-3.195333,-10.483375,-0.000006,-0.002604,0.000070,-0.000000,0.078334,0.003592,0.064260,0.000012,0.113242,-0.000026,0.949856,0.765476,0.000000,0.000000,0.000000,3879.899162,4668.320746,8018.755085,549.459258,259.134890,466.442803,0.779783,0.001513
49.299980,4467.317358,14656.553012,4467.298336,14656.490605,30.267658,120.000207,11180.279990,19.898800,227.081232,745.017166,0.703681,226.613682,743.483210,0.002828,0.009277,14.564511,47.783829,227.057830,744.940388,0.820008,2.690313,-3.155200,-10.351705,-0.000006,-0.002601,0.000070,-0.000000,0.078077,0.003599,0.064182,0.000012,0.112437,-0.000026,0.949393,0.764059,0.000000,0.000000,0.000000,3865.614945,4668.220659,8018.709675,549.456147,259.132829,466.439093,0.779757,0.001513
49.399980,4467.630851,14657.581533,4467.611828,14657.519122,30.267862,120.000208,11202.971657,19.980789,227.117649,745.136645,0.703796,226.651118,743.606030,0.002829,0.009281,14.549823,47.735641,227.094806,745.061700,0.821747,2.696019,-3.114556,-10.218359,-0.000006,-0.002597,0.000070,-0.000000,0.077821,0.003606,0.064107,0.000012,0.111639,-0.000026,0.948951,0.762651,0.000000,0.000000,0.000000,3851.449339,4668.120866,8018.664399,549.453044,259.130795,466.435430,0.779731,0.001513
49.499980,4467.940256,14658.596639,4467.921231,14658.534223,30.268067,120.000208,11225.666992,20.062951,227.153563,745.254473,0.703910,226.688014,743.727080,0.002830,0.009286,14.535669,47.689201,227.131278,745.181357,0.823485,2.701722,-3.073424,-10.083412,-0.000006,-0.002591,0.000070,-0.000000,0.077565,0.003613,0.064034,0.000012,0.110848,-0.000026,0.948533,0.761253,0.000000,0.000000,0.000000,3837.402182,4668.021363,8018.619254,549.449951,259.128786,466.431815,0.779705,0.001513
49.599980,4468.245523,14659.598174,4468.226497,14659.535752,30.268272,120.000209,11248.365946,20.145287,227.188979,745.370666,0.704023,226.724375,743.846374,0.002832,0.009290,14.522049,47.644519,227.167249,745.299374,0.825222,2.707423,-3.031827,-9.946940,-0.000006,-0.002585,0.000070,-0.000000,0.077310,0.003620,0.063964,0.000012,0.110063,-0.000026,0.948138,0.759864,0.000000,0.000000,0.000000,3823.473353,4667.922150,8018.574241,549.446867,259.126805,466.428249,0.779680,0.001513
49.699980,4468.546609,14660.585988,4468.527582,14660.523562,30.268477,120.000210,11271.068468,20.227796,227.223900,745.485236,0.704134,226.760205,743.963927,0.002833,0.009295,14.508968,47.601600,227.202725,745.415763,0.826959,2.713121,-2.989790,-9.809022,-0.000006,-0.002578,0.000070,-0.000000,0.077055,0.003627,0.063897,0.000012,0.109284,-0.000026,0.947766,0.758484,0.000000,0.000000,0.000000,3809.662771,4667.823223,8018.529358,549.443791,259.124850,466.424731,0.779655,0.001513
49.799980,4468.843470,14661.559941,4468.824441,14661.497510,30.268682,120.000211,11293.774510,20.310479,227.258331,745.598200,0.704243,226.795509,744.079754,0.002834,0.009299,14.496423,47.560442,227.237707,745.530536,0.828695,2.718817,-2.947335,-9.669735,-0.000006,-0.002569,0.000070,-0.000000,0.076801,0.003634,0.063832,0.000012,0.108513,-0.000026,0.947418,0.757114,0.000000,0.000000,0.000000,3795.970386,4667.724580,8018.484603,549.440724,259.122924,466.421263,0.779630,0.001513
49.899980,4469.136066,14662.519900,4469.117035,14662.457465,30.268886,120.000212,11316.484022,20.393335,227.292277,745.709569,0.704351,226.830291,744.193868,0.002836,0.009304,14.484412,47.521037,227.272201,745.643705,0.830431,2.724510,-2.904487,-9.529158,-0.000006,-0.002560,0.000070,-0.000000,0.076548,0.003641,0.063769,0.000012,0.107747,-0.000026,0.947093,0.755753,0.000000,0.000000,0.000000,3782.396180,4667.626218,8018.439976,549.437666,259.121024,466.417844,0.779606,0.001513
49.999980,4469.424358,14663.465741,4469.405326,14663.403301,30.269091,120.000213,11339.196956,20.476364,227.325741,745.819359,0.704457,226.864556,744.306285,0.002837,0.009308,14.472932,47.483371,227.306210,745.755281,0.832165,2.730200,-2.861270,-9.387370,-0.000006,-0.002550,0.000071,-0.000000,0.076296,0.003648,0.063709,0.000012,0.106988,-0.000026,0.946792,0.754402,0.000000,0.000000,0.000000,3768.940155,4667.528135,8018.395476,549.434617,259.119153,466.414476,0.779582,0.001513
50.099980,4469.708311,14664.397345,4469.689278,14664.334901,30.269296,120.000214,11361.913263,20.559567,227.358727,745.927581,0.704562,226.898307,744.417019,0.002839,0.009313,14.461974,47.447422,227.339736,745.865277,0.833899,2.735889,-2.817708,-9.244448,-0.000006,-0.002540,0.000071,-0.000000,0.076045,0.003656,0.063652,0.000012,0.106236,-0.000026,0.946514,0.753060,0.000000,0.000000,0.000000,3755.602329,4667.430328,8018.351101,549.431577,259.117310,466.411158,0.779558,0.001513
50.199980,4469.987891,14665.314603,4469.968857,14665.252154,30.269501,120.000215,11384.632896,20.642942,227.391239,746.034250,0.704665,226.931551,744.526087,0.002840,0.009317,14.451533,47.413164,227.372785,745.973704,0.835632,2.741574,-2.773822,-9.100467,-0.000006,-0.002529,0.000071,-0.000000,0.075795,0.003663,0.063596,0.000012,0.105490,-0.000026,0.946259,0.751728,0.000000,0.000000,0.000000,3742.382732,4667.332796,8018.306851,549.428545,259.115495,466.407892,0.779535,0.001513
50.299980,4470.263068,14666.217413,4470.244032,14666.154960,30.269706,120.000215,11407.355806,20.726490,227.423282,746.139378,0.704767,226.964291,744.633502,0.002841,0.009322,14.441597,47.380569,227.405359,746.080574,0.837364,2.747258,-2.729637,-8.955503,-0.000006,-0.002517,0.000071,-0.000000,0.075546,0.003670,0.063544,0.000012,0.104751,-0.000026,0.946026,0.750405,0.000000,0.000000,0.000000,3729.281404,4667.235535,8018.262724,549.425521,259.113709,466.404677,0.779512,0.001513
50.399980,4470.533812,14667.105681,4470.514775,14667.043224,30.269911,120.000216,11430.081947,20.810211,227.454860,746.242978,0.704867,226.996533,744.739281,0.002843,0.009326,14.432160,47.349607,227.437462,746.185897,0.839096,2.752939,-2.685175,-8.809629,-0.000005,-0.002505,0.000071,-0.000000,0.075299,0.003677,0.063493,0.000012,0.104018,-0.000026,0.945815,0.749092,0.000000,0.000000,0.000000,3716.298387,4667.138543,8018.218719,549.422506,259.111952,466.401513,0.779489,0.001512
50.499980,4470.800096,14667.979319,4470.781058,14667.916858,30.270116,120.000217,11452.811271,20.894105,227.485975,746.345062,0.704966,227.028279,744.843437,0.002844,0.009331,14.423213,47.320251,227.469096,746.289686,0.840827,2.758617,-2.640456,-8.662915,-0.000005,-0.002492,0.000071,-0.000000,0.075053,0.003684,0.063445,0.000013,0.103292,-0.000026,0.945625,0.747789,0.000000,0.000000,0.000000,3703.433728,4667.041817,8018.174835,549.419499,259.110223,466.398402,0.779467,0.001512
50.599980,4471.061897,14668.838246,4471.042858,14668.775781,30.270321,120.000218,11475.543733,20.978172,227.516632,746.445643,0.705063,227.059536,744.945984,0.002845,0.009336,14.414748,47.292479,227.500267,746.391951,0.842557,2.764294,-2.595503,-8.515431,-0.000005,-0.002478,0.000071,-0.000000,0.074808,0.003691,0.063399,0.000013,0.102572,-0.000026,0.945456,0.746496,0.000000,0.000000,0.000000,3690.687480,4666.945357,8018.131071,549.416500,259.108524,466.395343,0.779446,0.001512
50.699980,4471.319192,14669.682389,4471.300152,14669.619920,30.270526,120.000219,11498.279285,21.062411,227.546835,746.544734,0.705159,227.090306,745.046937,0.002847,0.009340,14.406759,47.266271,227.530976,746.492703,0.844286,2.769968,-2.550337,-8.367247,-0.000005,-0.002464,0.000071,-0.000000,0.074564,0.003698,0.063356,0.000013,0.101858,-0.000026,0.945307,0.745213,0.000000,0.000000,0.000000,3678.059701,4666.849157,8018.087426,549.413509,259.106854,466.392337,0.779424,0.001512
50.799980,4471.571961,14670.511682,4471.552919,14670.449208,30.270731,120.000220,11521.017882,21.146823,227.576587,746.642345,0.705253,227.120595,745.146309,0.002848,0.009345,14.399244,47.241613,227.561228,746.591954,0.846015,2.775640,-2.504977,-8.218430,-0.000005,-0.002449,0.000071,-0.000000,0.074322,0.003705,0.063314,0.000013,0.101151,-0.000026,0.945178,0.743939,0.000000,0.000000,0.000000,3665.550455,4666.753217,8018.043899,549.410527,259.105213,466.389384,0.779403,0.001512
50.899980,4471.820184,14671.326064,4471.801141,14671.263586,30.270937,120.000221,11543.759479,21.231408,227.605892,746.738491,0.705346,227.150406,745.244113,0.002850,0.009349,14.392197,47.218493,227.591025,746.689714,0.847743,2.781309,-2.459446,-8.069047,-0.000005,-0.002434,0.000071,-0.000001,0.074081,0.003712,0.063275,0.000013,0.100450,-0.000026,0.945070,0.742676,0.000000,0.000000,0.000000,3653.159815,4666.657535,8018.000488,549.407552,259.103602,466.386484,0.779382,0.001512
50.999980,4472.063847,14672.125482,4472.044803,14672.063000,30.271142,120.000222,11566.504030,21.316165,227.634754,746.833181,0.705438,227.179742,745.340361,0.002851,0.009354,14.385616,47.196902,227.620371,746.785994,0.849470,2.786977,-2.413762,-7.919167,-0.000005,-0.002418,0.000071,-0.000001,0.073842,0.003719,0.063238,0.000013,0.099756,-0.000026,0.944982,0.741423,0.000000,0.000000,0.000000,3640.887863,4666.562106,8017.957193,549.404585,259.102021,466.383637,0.779362,0.001512
51.099980,4472.302935,14672.909890,4472.283889,14672.847405,30.271347,120.000222,11589.251490,21.401094,227.663175,746.926429,0.705528,227.208608,745.435065,0.002852,0.009359,14.379498,47.176831,227.649269,746.880804,0.851197,2.792642,-2.367948,-7.768857,-0.000005,-0.002401,0.000071,-0.000001,0.073605,0.003726,0.063203,0.000013,0.099068,-0.000026,0.944914,0.740179,0.000000,0.000000,0.000000,3628.734690,4666.466930,8017.914012,549.401626,259.100469,466.380844,0.779342,0.001512
51.199980,4472.537435,14673.679248,4472.518388,14673.616759,30.271552,120.000223,11612.001815,21.486196,227.691161,747.018244,0.705617,227.237007,745.528239,0.002854,0.009363,14.373841,47.158271,227.677723,746.974156,0.852923,2.798304,-2.322022,-7.618184,-0.000005,-0.002383,0.000071,-0.000001,0.073369,0.003734,0.063171,0.000013,0.098387,-0.000026,0.944867,0.738946,0.000000,0.000000,0.000000,3616.700410,4666.372003,8017.870945,549.398675,259.098947,466.378104,0.779323,0.001512
51.299979,4472.767338,14674.433524,4472.748290,14674.371031,30.271757,120.000224,11634.754961,21.571470,227.718713,747.108639,0.705704,227.264943,745.619893,0.002855,0.009368,14.368641,47.141211,227.705735,747.066060,0.854649,2.803965,-2.276007,-7.467215,-0.000005,-0.002364,0.000071,-0.000001,0.073135,0.003741,0.063140,0.000013,0.097712,-0.000026,0.944839,0.737723,0.000000,0.000000,0.000000,3604.785098,4666.277323,8017.827989,549.395732,259.097454,466.375418,0.779304,0.001512
51.399979,4472.992636,14675.172691,4472.973587,14675.110194,30.271963,120.000225,11657.510883,21.656916,227.745836,747.197625,0.705790,227.292421,745.710041,0.002857,0.009372,14.363893,47.125633,227.733309,747.156525,0.856373,2.809623,-2.229922,-7.316018,-0.000005,-0.002345,0.000071,-0.000001,0.072903,0.003748,0.063112,0.000013,0.097043,-0.000026,0.944832,0.736510,0.000000,0.000000,0.000000,3592.988878,4666.182888,8017.785145,549.392796,259.095992,466.372785,0.779285,0.001512
51.499979,4473.213323,14675.896729,4473.194273,14675.834229,30.272168,120.000226,11680.269537,21.742534,227.772533,747.285213,0.705875,227.319442,745.798695,0.002858,0.009377,14.359591,47.111518,227.760448,747.245563,0.858097,2.815280,-2.183788,-7.164658,-0.000005,-0.002325,0.000071,-0.000001,0.072673,0.003755,0.063085,0.000013,0.096381,-0.000026,0.944844,0.735308,0.000000,0.000000,0.000000,3581.311859,4666.088695,8017.742411,549.389868,259.094559,466.370207,0.779267,0.001512
51.599979,4473.429395,14676.605625,4473.410344,14676.543122,30.272373,120.000227,11703.030882,21.828325,227.798807,747.371414,0.705958,227.346013,745.885868,0.002859,0.009381,14.355728,47.098845,227.787154,747.333184,0.859821,2.820934,-2.137624,-7.013201,-0.000005,-0.002305,0.000071,-0.000001,0.072445,0.003762,0.063061,0.000013,0.095726,-0.000026,0.944876,0.734116,0.000000,0.000000,0.000000,3569.754148,4665.994742,8017.699785,549.386947,259.093157,466.367683,0.779249,0.001512
51.699979,4473.640849,14677.299374,4473.621797,14677.236867,30.272579,120.000228,11725.794872,21.914287,227.824661,747.456238,0.706040,227.372135,745.971572,0.002861,0.009386,14.352296,47.087584,227.813432,747.419397,0.861543,2.826585,-2.091449,-6.861710,-0.000005,-0.002285,0.000071,-0.000001,0.072219,0.003769,0.063039,0.000013,0.095077,-0.000026,0.944926,0.732934,0.000000,0.000000,0.000000,3558.315846,4665.901026,8017.657268,549.384034,259.091784,466.365212,0.779231,0.001512
51.799979,4473.847687,14677.977975,4473.828633,14677.915464,30.272784,120.000229,11748.561467,22.000421,227.850100,747.539697,0.706121,227.397814,746.055820,0.002862,0.009390,14.349286,47.077710,227.839284,747.504214,0.863265,2.832235,-2.045284,-6.710248,-0.000005,-0.002264,0.000071,-0.000001,0.071995,0.003776,0.063019,0.000013,0.094434,-0.000026,0.944996,0.731763,0.000000,0.000000,0.000000,3546.997046,4665.807545,8017.614857,549.381128,259.090442,466.362795,0.779214,0.001512
51.899979,4474.049909,14678.641433,4474.030855,14678.578919,30.272989,120.000230,11771.330624,22.086728,227.875125,747.621801,0.706200,227.423053,746.138625,0.002864,0.009395,14.346690,47.069192,227.864714,747.587643,0.864987,2.837883,-1.999145,-6.558876,-0.000005,-0.002242,0.000071,-0.000001,0.071773,0.003783,0.063000,0.000013,0.093798,-0.000026,0.945083,0.730603,0.000000,0.000000,0.000000,3535.797832,4665.714297,8017.572551,549.378229,259.089129,466.360433,0.779197,0.001512
51.999979,4474.247519,14679.289761,4474.228464,14679.227244,30.273195,120.000230,11794.102299,22.173206,227.899741,747.702561,0.706278,227.447856,746.219999,0.002865,0.009399,14.344498,47.062002,227.889724,747.669697,0.866707,2.843528,-1.953053,-6.407654,-0.000005,-0.002221,0.000071,-0.000001,0.071554,0.003791,0.062984,0.000013,0.093169,-0.000026,0.945187,0.729453,0.000000,0.000000,0.000000,3524.718279,4665.621279,8017.530350,549.375337,259.087847,466.358124,0.779181,0.001512
52.099979,4474.440523,14679.922977,4474.421467,14679.860456,30.273400,120.000231,11816.876453,22.259855,227.923950,747.781988,0.706355,227.472226,746.299955,0.002866,0.009404,14.342703,47.056113,227.914317,747.750385,0.868427,2.849171,-1.907023,-6.256639,-0.000005,-0.002198,0.000071,-0.000001,0.071336,0.003798,0.062969,0.000013,0.092546,-0.000026,0.945309,0.728314,0.000000,0.000000,0.000000,3513.758449,4665.528488,8017.488252,549.372453,259.086594,466.355869,0.779165,0.001512
52.199979,4474.628928,14680.541103,4474.609871,14680.478580,30.273606,120.000232,11839.653042,22.346677,227.947756,747.860092,0.706431,227.496168,746.378505,0.002868,0.009408,14.341297,47.051500,227.938498,747.829717,0.870147,2.854812,-1.861074,-6.105887,-0.000005,-0.002176,0.000071,-0.000001,0.071121,0.003805,0.062956,0.000013,0.091930,-0.000026,0.945448,0.727185,0.000000,0.000000,0.000000,3502.918396,4665.435923,8017.446257,549.369575,259.085371,466.353668,0.779149,0.001512
52.299979,4474.812743,14681.144170,4474.793685,14681.081644,30.273811,120.000233,11862.432027,22.433670,227.971162,747.936884,0.706505,227.519686,746.455661,0.002869,0.009413,14.340273,47.048141,227.962268,747.907703,0.871866,2.860451,-1.815223,-5.955455,-0.000005,-0.002153,0.000071,-0.000001,0.070908,0.003812,0.062945,0.000013,0.091320,-0.000026,0.945603,0.726068,0.000000,0.000000,0.000000,3492.198164,4665.343580,8017.404363,549.366704,259.084178,466.351520,0.779134,0.001512
52.399979,4474.991978,14681.732212,4474.972919,14681.669683,30.274017,120.000234,11885.213367,22.520834,227.994172,748.012374,0.706578,227.542781,746.531435,0.002870,0.009417,14.339625,47.046015,227.985631,747.984354,0.873584,2.866088,-1.769485,-5.805397,-0.000005,-0.002129,0.000071,-0.000001,0.070697,0.003819,0.062936,0.000013,0.090716,-0.000026,0.945774,0.724961,0.000000,0.000000,0.000000,3481.597787,4665.251457,8017.362568,549.363841,259.083014,466.349426,0.779119,0.001512
52.499979,4475.166646,14682.305270,4475.147586,14682.242737,30.274222,120.000235,11907.997020,22.608170,228.016787,748.086573,0.706649,227.565460,746.605839,0.002872,0.009421,14.339348,47.045104,228.008591,748.059681,0.875301,2.871723,-1.723877,-5.655766,-0.000005,-0.002106,0.000071,-0.000001,0.070489,0.003826,0.062929,0.000013,0.090119,-0.000026,0.945961,0.723865,0.000000,0.000000,0.000000,3471.117295,4665.159552,8017.320873,549.360984,259.081881,466.347385,0.779104,0.001512
52.599979,4475.336760,14682.863387,4475.317700,14682.800852,30.274428,120.000236,11930.782946,22.695677,228.039013,748.159491,0.706720,227.587724,746.678883,0.002873,0.009426,14.339435,47.045389,228.031150,748.133693,0.877018,2.877356,-1.678416,-5.506615,-0.000005,-0.002081,0.000071,-0.000001,0.070283,0.003833,0.062923,0.000013,0.089529,-0.000026,0.946163,0.722779,0.000000,0.000000,0.000000,3460.756707,4665.067862,8017.279275,549.358133,259.080777,466.345398,0.779090,0.001512
52.699979,4475.502336,14683.406616,4475.483275,14683.344077,30.274633,120.000237,11953.571107,22.783356,228.060851,748.231138,0.706789,227.609577,746.750581,0.002874,0.009430,14.339881,47.046854,228.053311,748.206400,0.878734,2.882987,-1.633118,-5.357998,-0.000005,-0.002057,0.000071,-0.000001,0.070080,0.003841,0.062919,0.000013,0.088945,-0.000026,0.946382,0.721705,0.000000,0.000000,0.000000,3450.516035,4664.976386,8017.237774,549.355289,259.079702,466.343463,0.779077,0.001512
52.799979,4475.663391,14683.935011,4475.644329,14683.872470,30.274839,120.000238,11976.361462,22.871206,228.082305,748.301526,0.706857,227.631023,746.820942,0.002876,0.009434,14.340681,47.049480,228.075077,748.277813,0.880450,2.888615,-1.587997,-5.209964,-0.000005,-0.002031,0.000071,-0.000001,0.069879,0.003848,0.062917,0.000013,0.088368,-0.000026,0.946615,0.720642,0.000000,0.000000,0.000000,3440.395285,4664.885119,8017.196368,549.352452,259.078656,466.341582,0.779063,0.001512
52.899979,4475.819944,14684.448635,4475.800881,14684.386091,30.275045,120.000239,11999.153971,22.959227,228.103378,748.370663,0.706923,227.652066,746.889979,0.002877,0.009439,14.341829,47.053246,228.096453,748.347942,0.882165,2.894241,-1.543070,-5.062566,-0.000005,-0.002006,0.000071,-0.000001,0.069681,0.003855,0.062916,0.000013,0.087797,-0.000026,0.946864,0.719590,0.000000,0.000000,0.000000,3430.394450,4664.794061,8017.155057,549.349622,259.077640,466.339752,0.779050,0.001512
52.999979,4475.972014,14684.947552,4475.952950,14684.885006,30.275250,120.000240,12021.948597,23.047420,228.124073,748.438560,0.706989,227.672708,746.957703,0.002878,0.009443,14.343318,47.058130,228.117440,748.416798,0.883879,2.899866,-1.498352,-4.915853,-0.000005,-0.001980,0.000071,-0.000001,0.069485,0.003862,0.062917,0.000013,0.087233,-0.000026,0.947127,0.718549,0.000000,0.000000,0.000000,3420.513516,4664.703208,8017.113839,549.346797,259.076653,466.337976,0.779038,0.001512
53.099979,4476.119623,14685.431834,4476.100558,14685.369286,30.275456,120.000240,12044.745300,23.135783,228.144393,748.505227,0.707053,227.692954,747.024126,0.002879,0.009447,14.345140,47.064108,228.138042,748.484390,0.885593,2.905488,-1.453857,-4.769874,-0.000005,-0.001954,0.000071,-0.000001,0.069292,0.003869,0.062919,0.000013,0.086675,-0.000026,0.947404,0.717519,0.000000,0.000000,0.000000,3410.752453,4664.612558,8017.072713,549.343979,259.075695,466.336251,0.779025,0.001512
53.199979,4476.262795,14685.901558,4476.243729,14685.839006,30.275661,120.000241,12067.544043,23.224317,228.164342,748.570675,0.707116,227.712806,747.089260,0.002881,0.009451,14.347288,47.071155,228.158262,748.550729,0.887306,2.911108,-1.409601,-4.624676,-0.000005,-0.001928,0.000071,-0.000001,0.069101,0.003876,0.062923,0.000013,0.086124,-0.000026,0.947696,0.716501,0.000000,0.000000,0.000000,3401.111222,4664.522109,8017.031679,549.341167,259.074766,466.334578,0.779013,0.001512
53.299979,4476.401553,14686.356802,4476.382487,14686.294248,30.275867,120.000242,12090.344786,23.313023,228.183922,748.634914,0.707178,227.732270,747.153116,0.002882,0.009455,14.349753,47.079242,228.178104,748.615825,0.889018,2.916727,-1.365598,-4.480307,-0.000005,-0.001901,0.000071,-0.000001,0.068913,0.003883,0.062928,0.000013,0.085580,-0.000026,0.948001,0.715493,0.000000,0.000000,0.000000,3391.589764,4664.431858,8016.990734,549.338362,259.073865,466.332957,0.779002,0.001512
53.399979,4476.535925,14686.797653,4476.516857,14686.735096,30.276073,120.000243,12113.147493,23.401899,228.203136,748.697953,0.707239,227.751347,747.215707,0.002883,0.009459,14.352527,47.088343,228.197569,748.679689,0.890730,2.922343,-1.321860,-4.336811,-0.000005,-0.001874,0.000071,-0.000001,0.068728,0.003891,0.062935,0.000013,0.085042,-0.000026,0.948319,0.714497,0.000000,0.000000,0.000000,3382.188007,4664.341803,8016.949878,549.335562,259.072993,466.331387,0.778991,0.001511
53.499979,4476.665936,14687.224199,4476.646868,14687.161640,30.276279,120.000244,12135.952126,23.490946,228.221988,748.759802,0.707299,227.770043,747.277043,0.002884,0.009463,14.355601,47.098430,228.216662,748.742330,0.892441,2.927957,-1.278401,-4.194231,-0.000005,-0.001847,0.000071,-0.000001,0.068545,0.003898,0.062943,0.000013,0.084511,-0.000026,0.948650,0.713513,0.000000,0.000000,0.000000,3372.905863,4664.251941,8016.909110,549.332769,259.072149,466.329868,0.778980,0.001511
53.599979,4476.791616,14687.636535,4476.772547,14687.573974,30.276484,120.000245,12158.758648,23.580164,228.240480,748.820473,0.707357,227.788360,747.337138,0.002886,0.009467,14.358968,47.109475,228.235386,748.803760,0.894152,2.933569,-1.235235,-4.052609,-0.000005,-0.001820,0.000071,-0.000001,0.068365,0.003905,0.062953,0.000013,0.083986,-0.000027,0.948993,0.712539,0.000000,0.000000,0.000000,3363.743225,4664.162270,8016.868429,549.329981,259.071333,466.328400,0.778969,0.001511
53.699979,4476.912994,14688.034758,4476.893925,14687.972195,30.276690,120.000246,12181.567023,23.669553,228.258616,748.879975,0.707414,227.806302,747.396003,0.002887,0.009471,14.362619,47.121452,228.253744,748.863989,0.895862,2.939179,-1.192373,-3.911987,-0.000005,-0.001793,0.000071,-0.000001,0.068188,0.003912,0.062964,0.000013,0.083468,-0.000027,0.949348,0.711577,0.000000,0.000000,0.000000,3354.699971,4664.072787,8016.827833,549.327200,259.070545,466.326982,0.778959,0.001511
53.799978,4477.030102,14688.418971,4477.011032,14688.356406,30.276896,120.000247,12204.377213,23.759112,228.276399,748.938318,0.707470,227.823872,747.453649,0.002888,0.009475,14.366546,47.134337,228.271739,748.923027,0.897571,2.944787,-1.149828,-3.772403,-0.000005,-0.001766,0.000072,-0.000001,0.068014,0.003919,0.062976,0.000013,0.082957,-0.000027,0.949715,0.710627,0.000000,0.000000,0.000000,3345.775963,4663.983491,8016.787322,549.324424,259.069785,466.325614,0.778950,0.001511
53.899978,4477.142972,14688.789279,4477.123902,14688.726711,30.277102,120.000248,12227.189183,23.848842,228.293832,748.995512,0.707525,227.841075,747.510089,0.002889,0.009479,14.370743,47.148107,228.289374,748.980885,0.899280,2.950392,-1.107611,-3.633895,-0.000005,-0.001738,0.000072,-0.000001,0.067842,0.003926,0.062990,0.000013,0.082451,-0.000027,0.950093,0.709687,0.000000,0.000000,0.000000,3336.971048,4663.894378,8016.746894,549.321654,259.069053,466.324295,0.778940,0.001511
53.999978,4477.251637,14689.145791,4477.232566,14689.083222,30.277307,120.000249,12250.002897,23.938742,228.310918,749.051567,0.707579,227.857913,747.565332,0.002890,0.009483,14.375203,47.162739,228.306652,749.037574,0.900988,2.955996,-1.065734,-3.496502,-0.000005,-0.001710,0.000072,-0.000001,0.067673,0.003934,0.063005,0.000013,0.081953,-0.000027,0.950481,0.708760,0.000000,0.000000,0.000000,3328.285058,4663.805445,8016.706548,549.318889,259.068347,466.323025,0.778931,0.001511
54.099978,4477.356132,14689.488621,4477.337060,14689.426050,30.277513,120.000250,12272.818320,24.028813,228.327659,749.106494,0.707632,227.874391,747.619392,0.002892,0.009487,14.379919,47.178213,228.323578,749.093103,0.902695,2.961598,-1.024207,-3.360259,-0.000005,-0.001682,0.000072,-0.000001,0.067507,0.003941,0.063021,0.000013,0.081461,-0.000027,0.950880,0.707843,0.000000,0.000000,0.000000,3319.717780,4663.716692,8016.666284,549.316130,259.067669,466.321804,0.778923,0.001511
54.199978,4477.456492,14689.817886,4477.437419,14689.755313,30.277719,120.000251,12295.635416,24.119055,228.344060,749.160302,0.707684,227.890511,747.672279,0.002893,0.009491,14.384886,47.194508,228.340153,749.147484,0.904402,2.967198,-0.983042,-3.225202,-0.000005,-0.001654,0.000072,-0.000001,0.067343,0.003948,0.063038,0.000013,0.080976,-0.000027,0.951289,0.706939,0.000000,0.000000,0.000000,3311.269097,4663.628115,8016.626099,549.313376,259.067018,466.320632,0.778914,0.001511
54.299978,4477.552754,14690.133706,4477.533681,14690.071131,30.277925,120.000252,12318.454151,24.209466,228.360123,749.213003,0.707734,227.906277,747.724005,0.002894,0.009495,14.390096,47.211602,228.356382,749.200727,0.906108,2.972796,-0.942248,-3.091365,-0.000005,-0.001626,0.000072,-0.000001,0.067183,0.003955,0.063057,0.000013,0.080497,-0.000027,0.951709,0.706045,0.000000,0.000000,0.000000,3302.938712,4663.539712,8016.585994,549.310628,259.066393,466.319507,0.778906,0.001511
54.399978,4477.644955,14690.436204,4477.625882,14690.373627,30.278131,120.000253,12341.274490,24.300048,228.375851,749.264605,0.707784,227.921692,747.774581,0.002895,0.009498,14.395544,47.229475,228.372266,749.252843,0.907814,2.978391,-0.901837,-2.958782,-0.000005,-0.001597,0.000072,-0.000001,0.067025,0.003962,0.063076,0.000013,0.080025,-0.000027,0.952138,0.705164,0.000000,0.000000,0.000000,3294.726467,4663.451480,8016.545966,549.307886,259.065794,466.318430,0.778899,0.001511
54.499978,4477.733135,14690.725508,4477.714061,14690.662930,30.278337,120.000254,12364.096399,24.390800,228.391248,749.315118,0.707833,227.936761,747.824019,0.002896,0.009502,14.401222,47.248104,228.387811,749.303842,0.909519,2.983985,-0.861817,-2.827484,-0.000005,-0.001569,0.000072,-0.000001,0.066870,0.003970,0.063097,0.000013,0.079559,-0.000027,0.952576,0.704294,0.000000,0.000000,0.000000,3286.632056,4663.363417,8016.506015,549.305148,259.065222,466.317400,0.778891,0.001511
54.599978,4477.817333,14691.001748,4477.798258,14690.939168,30.278542,120.000254,12386.919844,24.481722,228.406316,749.364554,0.707880,227.951486,747.872330,0.002897,0.009506,14.407123,47.267465,228.403019,749.353735,0.911223,2.989577,-0.822199,-2.697504,-0.000005,-0.001540,0.000072,-0.000001,0.066718,0.003977,0.063119,0.000013,0.079100,-0.000027,0.953023,0.703435,0.000000,0.000000,0.000000,3278.655255,4663.275520,8016.466140,549.302416,259.064676,466.316416,0.778884,0.001511
54.699978,4477.897589,14691.265057,4477.878514,14691.202475,30.278748,120.000255,12409.744792,24.572815,228.421059,749.412922,0.707926,227.965871,747.919525,0.002898,0.009509,14.413241,47.287536,228.417892,749.402534,0.912927,2.995166,-0.782992,-2.568872,-0.000005,-0.001512,0.000072,-0.000001,0.066569,0.003984,0.063141,0.000013,0.078647,-0.000027,0.953479,0.702588,0.000000,0.000000,0.000000,3270.795820,4663.187788,8016.426339,549.299688,259.064155,466.315478,0.778878,0.001511
54.799978,4477.973946,14691.515572,4477.954871,14691.452988,30.278954,120.000256,12432.571209,24.664077,228.435479,749.460232,0.707972,227.979920,747.965618,0.002900,0.009513,14.419567,47.308291,228.432435,749.450248,0.914630,3.000754,-0.744205,-2.441617,-0.000005,-0.001483,0.000072,-0.000001,0.066423,0.003991,0.063165,0.000013,0.078201,-0.000027,0.953944,0.701753,0.000000,0.000000,0.000000,3263.053412,4663.100218,8016.386611,549.296966,259.063659,466.314586,0.778871,0.001511
54.899978,4478.046446,14691.753430,4478.027370,14691.690845,30.279160,120.000257,12455.399063,24.755509,228.449580,749.506495,0.708016,227.993636,748.010618,0.002901,0.009516,14.426094,47.329705,228.446651,749.496888,0.916332,3.006340,-0.705846,-2.315767,-0.000005,-0.001454,0.000072,-0.000001,0.066280,0.003998,0.063190,0.000013,0.077762,-0.000027,0.954416,0.700929,0.000000,0.000000,0.000000,3255.427744,4663.012807,8016.346956,549.294249,259.063188,466.313739,0.778865,0.001511
54.999978,4478.115131,14691.978776,4478.096054,14691.916189,30.279366,120.000258,12478.228321,24.847111,228.463364,749.551720,0.708059,228.007023,748.054538,0.002902,0.009520,14.432814,47.351753,228.460543,749.542465,0.918034,3.011923,-0.667923,-2.191349,-0.000005,-0.001426,0.000072,-0.000001,0.066139,0.004006,0.063216,0.000013,0.077329,-0.000027,0.954896,0.700117,0.000000,0.000000,0.000000,3247.918489,4662.925553,8016.307373,549.291537,259.062743,466.312937,0.778860,0.001511
55.099978,4478.180046,14692.191751,4478.160969,14692.129163,30.279572,120.000259,12501.058951,24.938883,228.476836,749.595917,0.708102,228.020084,748.097390,0.002903,0.009523,14.439720,47.374411,228.474115,749.586990,0.919735,3.017505,-0.630444,-2.068387,-0.000005,-0.001397,0.000072,-0.000001,0.066001,0.004013,0.063242,0.000013,0.076902,-0.000027,0.955383,0.699317,0.000000,0.000000,0.000000,3240.525304,4662.838453,8016.267859,549.288829,259.062321,466.312178,0.778854,0.001511
55.199978,4478.241235,14692.392505,4478.222158,14692.329916,30.279778,120.000260,12523.890921,25.030825,228.489997,749.639098,0.708143,228.032824,748.139185,0.002904,0.009527,14.446805,47.397654,228.487369,749.630474,0.921436,3.023084,-0.593417,-1.946905,-0.000005,-0.001368,0.000072,-0.000001,0.065867,0.004020,0.063270,0.000013,0.076482,-0.000027,0.955876,0.698528,0.000000,0.000000,0.000000,3233.247831,4662.751506,8016.228415,549.286126,259.061924,466.311463,0.778849,0.001511
55.299978,4478.298745,14692.581185,4478.279668,14692.518595,30.279984,120.000261,12546.724200,25.122937,228.502852,749.681272,0.708183,228.045244,748.179935,0.002905,0.009530,14.454061,47.421459,228.500308,749.672928,0.923136,3.028662,-0.556848,-1.826928,-0.000005,-0.001340,0.000072,-0.000001,0.065735,0.004027,0.063298,0.000013,0.076068,-0.000027,0.956377,0.697751,0.000000,0.000000,0.000000,3226.085668,4662.664709,8016.189039,549.283428,259.061551,466.310791,0.778844,0.001511
55.399978,4478.352621,14692.757944,4478.333543,14692.695352,30.280190,120.000262,12569.558756,25.215218,228.515403,749.722449,0.708223,228.057350,748.219651,0.002906,0.009533,14.461481,47.445803,228.512938,749.714363,0.924836,3.034238,-0.520744,-1.708476,-0.000005,-0.001311,0.000072,-0.000001,0.065606,0.004034,0.063327,0.000013,0.075661,-0.000027,0.956883,0.696985,0.000000,0.000000,0.000000,3219.038477,4662.578059,8016.149729,549.280735,259.061201,466.310162,0.778840,0.001511
55.499978,4478.402910,14692.922934,4478.383832,14692.860341,30.280396,120.000263,12592.394558,25.307669,228.527653,749.762640,0.708261,228.069144,748.258346,0.002907,0.009536,14.469059,47.470666,228.525260,749.754789,0.926535,3.039811,-0.485111,-1.591570,-0.000005,-0.001283,0.000072,-0.000001,0.065479,0.004042,0.063357,0.000013,0.075260,-0.000027,0.957395,0.696231,0.000000,0.000000,0.000000,3212.105814,4662.491554,8016.110486,549.278046,259.060875,466.309574,0.778836,0.001511
55.599978,4478.449660,14693.076312,4478.430581,14693.013718,30.280602,120.000264,12615.231577,25.400289,228.539605,749.801855,0.708299,228.080630,748.296030,0.002908,0.009540,14.476789,47.496027,228.537277,749.794217,0.928233,3.045383,-0.449955,-1.476231,-0.000005,-0.001254,0.000072,-0.000001,0.065356,0.004049,0.063387,0.000013,0.074866,-0.000027,0.957912,0.695489,0.000000,0.000000,0.000000,3205.287226,4662.405192,8016.071308,549.275361,259.060571,466.309028,0.778832,0.001511
55.699978,4478.492918,14693.218235,4478.473839,14693.155640,30.280808,120.000265,12638.069781,25.493079,228.551264,749.840104,0.708335,228.091812,748.332716,0.002909,0.009543,14.484664,47.521865,228.548995,749.832660,0.929930,3.050953,-0.415283,-1.362476,-0.000005,-0.001226,0.000072,-0.000001,0.065236,0.004056,0.063419,0.000013,0.074478,-0.000027,0.958435,0.694758,0.000000,0.000000,0.000000,3198.582336,4662.318970,8016.032193,549.272681,259.060290,466.308523,0.778828,0.001511
55.799978,4478.532733,14693.348863,4478.513654,14693.286267,30.281014,120.000266,12660.909141,25.586038,228.562631,749.877398,0.708371,228.102693,748.368415,0.002910,0.009546,14.492679,47.548161,228.560414,749.870126,0.931627,3.056520,-0.381099,-1.250324,-0.000005,-0.001197,0.000072,-0.000001,0.065118,0.004063,0.063450,0.000013,0.074096,-0.000027,0.958963,0.694039,0.000000,0.000000,0.000000,3191.990621,4662.232887,8015.993141,549.270005,259.060032,466.308058,0.778825,0.001511
55.899978,4478.569155,14693.468356,4478.550075,14693.405759,30.281220,120.000267,12683.749627,25.679167,228.573710,749.913746,0.708405,228.113276,748.403137,0.002911,0.009549,14.500828,47.574894,228.571540,749.906628,0.933324,3.062086,-0.347409,-1.139792,-0.000005,-0.001169,0.000072,-0.000001,0.065003,0.004070,0.063483,0.000013,0.073720,-0.000027,0.959495,0.693331,0.000000,0.000000,0.000000,3185.511671,4662.146939,8015.954151,549.267333,259.059796,466.307632,0.778822,0.001511
55.999978,4478.602232,14693.576878,4478.583152,14693.514279,30.281426,120.000268,12706.591210,25.772465,228.584504,749.949160,0.708439,228.123566,748.436896,0.002911,0.009552,14.509103,47.602044,228.582376,749.942177,0.935020,3.067650,-0.314217,-1.030896,-0.000005,-0.001141,0.000072,-0.000001,0.064891,0.004078,0.063516,0.000013,0.073351,-0.000027,0.960032,0.692635,0.000000,0.000000,0.000000,3179.144940,4662.061125,8015.915221,549.264666,259.059581,466.307246,0.778819,0.001511
56.099978,4478.632016,14693.674592,4478.612935,14693.611993,30.281632,120.000269,12729.433862,25.865932,228.595016,749.983648,0.708472,228.133565,748.469702,0.002912,0.009555,14.517499,47.629591,228.592923,749.976783,0.936715,3.073212,-0.281529,-0.923650,-0.000005,-0.001113,0.000072,-0.000001,0.064782,0.004085,0.063550,0.000013,0.072989,-0.000027,0.960573,0.691950,0.000000,0.000000,0.000000,3172.889953,4661.975442,8015.876351,549.262002,259.059388,466.306898,0.778817,0.001511
56.199978,4478.658556,14693.761665,4478.639475,14693.699065,30.281838,120.000270,12752.277553,25.959568,228.605250,750.017223,0.708504,228.143278,748.501567,0.002913,0.009558,14.526010,47.657514,228.603188,750.010458,0.938410,3.078772,-0.249348,-0.818070,-0.000005,-0.001084,0.000072,-0.000001,0.064675,0.004092,0.063585,0.000013,0.072632,-0.000027,0.961117,0.691277,0.000000,0.000000,0.000000,3166.746226,4661.889888,8015.837539,549.259343,259.059215,466.306587,0.778814,0.001511
56.299977,4478.681903,14693.838264,4478.662822,14693.775663,30.282044,120.000271,12775.122256,26.053374,228.615208,750.049894,0.708535,228.152707,748.532503,0.002914,0.009561,14.534629,47.685792,228.613171,750.043212,0.940104,3.084330,-0.217678,-0.714167,-0.000005,-0.001057,0.000072,-0.000001,0.064572,0.004099,0.063620,0.000013,0.072282,-0.000027,0.961665,0.690616,0.000000,0.000000,0.000000,3160.713160,4661.804461,8015.798785,549.256687,259.059064,466.306315,0.778812,0.001511
56.399977,4478.702109,14693.904556,4478.683028,14693.841955,30.282250,120.000272,12797.967943,26.147348,228.624893,750.081671,0.708565,228.161857,748.562522,0.002915,0.009563,14.543350,47.714404,228.622877,750.075057,0.941797,3.089886,-0.186524,-0.611955,-0.000005,-0.001029,0.000072,-0.000001,0.064471,0.004107,0.063655,0.000013,0.071938,-0.000027,0.962216,0.689966,0.000000,0.000000,0.000000,3154.790240,4661.719158,8015.760088,549.254036,259.058933,466.306079,0.778811,0.001511
56.499977,4478.719225,14693.960713,4478.700144,14693.898110,30.282456,120.000273,12820.814586,26.241492,228.634310,750.112565,0.708595,228.170730,748.591634,0.002916,0.009566,14.552167,47.743329,228.632310,750.106004,0.943490,3.095440,-0.155888,-0.511444,-0.000005,-0.001001,0.000072,-0.000001,0.064373,0.004114,0.063691,0.000013,0.071601,-0.000027,0.962770,0.689327,0.000000,0.000000,0.000000,3148.976898,4661.633976,8015.721446,549.251388,259.058821,466.305879,0.778809,0.001511
56.599977,4478.733304,14694.006904,4478.714223,14693.944300,30.282663,120.000274,12843.662158,26.335804,228.643460,750.142587,0.708623,228.179331,748.619853,0.002917,0.009569,14.561072,47.772545,228.641472,750.136064,0.945182,3.100992,-0.125774,-0.412644,-0.000005,-0.000974,0.000072,-0.000001,0.064278,0.004121,0.063728,0.000013,0.071269,-0.000027,0.963326,0.688699,0.000000,0.000000,0.000000,3143.272555,4661.548915,8015.682858,549.248744,259.058730,466.305714,0.778808,0.001511
56.699977,4478.744398,14694.043300,4478.725316,14693.980696,30.282869,120.000275,12866.510631,26.430285,228.652348,750.171746,0.708651,228.187663,748.647189,0.002917,0.009572,14.570060,47.802033,228.650367,750.165247,0.946874,3.106542,-0.096184,-0.315564,-0.000005,-0.000946,0.000072,-0.000001,0.064185,0.004128,0.063765,0.000013,0.070944,-0.000027,0.963885,0.688083,0.000000,0.000000,0.000000,3137.676613,4661.463971,8015.644324,549.246103,259.058658,466.305585,0.778807,0.001511
56.799977,4478.752559,14694.070075,4478.733477,14694.007471,30.283075,120.000276,12889.359981,26.524936,228.660976,750.200053,0.708678,228.195730,748.673654,0.002918,0.009574,14.579124,47.831773,228.658999,750.193565,0.948565,3.112090,-0.067121,-0.220212,-0.000005,-0.000919,0.000072,-0.000001,0.064096,0.004136,0.063802,0.000013,0.070624,-0.000027,0.964445,0.687479,0.000000,0.000000,0.000000,3132.188460,4661.379143,8015.605842,549.243467,259.058605,466.305489,0.778807,0.001511
56.899977,4478.757840,14694.087402,4478.738758,14694.024797,30.283281,120.000277,12912.210180,26.619755,228.669348,750.227518,0.708704,228.203535,748.699260,0.002919,0.009577,14.588260,47.861746,228.667370,750.221030,0.950256,3.117637,-0.038586,-0.126595,-0.000005,-0.000892,0.000072,-0.000001,0.064008,0.004143,0.063840,0.000013,0.070311,-0.000027,0.965007,0.686885,0.000000,0.000000,0.000000,3126.807470,4661.294427,8015.567412,549.240833,259.058571,466.305427,0.778806,0.001511
56.999977,4478.760294,14694.095454,4478.741212,14694.032848,30.283487,120.000278,12935.061203,26.714742,228.677466,750.254153,0.708729,228.211081,748.724019,0.002920,0.009579,14.597461,47.891932,228.675484,750.247652,0.951946,3.123181,-0.010582,-0.034719,-0.000005,-0.000866,0.000072,-0.000001,0.063924,0.004150,0.063878,0.000013,0.070004,-0.000027,0.965570,0.686303,0.000000,0.000000,0.000000,3121.532974,4661.209823,8015.529031,549.238203,259.058555,466.305399,0.778806,0.001511
57.099977,4478.759975,14694.094405,4478.740892,14694.031799,30.283693,120.000279,12957.913024,26.809898,228.685334,750.279967,0.708753,228.218373,748.747942,0.002921,0.009582,14.606722,47.922316,228.683345,750.273441,0.953635,3.128724,0.016889,0.055410,-0.000005,-0.000839,0.000072,-0.000001,0.063842,0.004157,0.063916,0.000013,0.069703,-0.000027,0.966135,0.685732,0.000000,0.000000,0.000000,3116.364374,4661.125327,8015.490701,549.235577,259.058557,466.305403,0.778806,0.001511
57.199977,4478.756935,14694.084431,4478.737852,14694.021824,30.283899,120.000280,12980.765618,26.905223,228.692955,750.304971,0.708777,228.225413,748.771040,0.002921,0.009584,14.616037,47.952878,228.690956,750.298410,0.955324,3.134265,0.043827,0.143789,-0.000005,-0.000813,0.000072,-0.000001,0.063763,0.004165,0.063955,0.000013,0.069408,-0.000027,0.966700,0.685172,0.000000,0.000000,0.000000,3111.300971,4661.040938,8015.452418,549.232954,259.058577,466.305438,0.778806,0.001511
57.299977,4478.751227,14694.065706,4478.732145,14694.003099,30.284105,120.000281,13003.618960,27.000717,228.700332,750.329175,0.708800,228.232206,748.793325,0.002922,0.009587,14.625402,47.983602,228.698319,750.322570,0.957012,3.139803,0.070230,0.230414,-0.000005,-0.000787,0.000072,-0.000001,0.063687,0.004172,0.063994,0.000013,0.069118,-0.000027,0.967266,0.684623,0.000000,0.000000,0.000000,3106.342058,4660.956653,8015.414184,549.230334,259.058614,466.305505,0.778807,0.001511
57.399977,4478.742907,14694.038407,4478.723824,14693.975800,30.284312,120.000282,13026.473026,27.096378,228.707469,750.352590,0.708822,228.238754,748.814810,0.002923,0.009589,14.634811,48.014471,228.705440,750.345931,0.958700,3.145340,0.096098,0.315281,-0.000005,-0.000761,0.000072,-0.000001,0.063613,0.004179,0.064033,0.000013,0.068835,-0.000027,0.967832,0.684085,0.000000,0.000000,0.000000,3101.486996,4660.872470,8015.375995,549.227717,259.058668,466.305602,0.778807,0.001511
57.499977,4478.732026,14694.002710,4478.712943,14693.940102,30.284518,120.000283,13049.327791,27.192209,228.714369,750.375226,0.708843,228.245062,748.835504,0.002923,0.009591,14.644259,48.045469,228.712320,750.368505,0.960387,3.150875,0.121429,0.398389,-0.000005,-0.000735,0.000072,-0.000001,0.063542,0.004186,0.064072,0.000013,0.068558,-0.000027,0.968398,0.683558,0.000000,0.000000,0.000000,3096.735047,4660.788388,8015.337852,549.225103,259.058738,466.305729,0.778808,0.001511
57.599977,4478.718639,14693.958789,4478.699556,14693.896181,30.284724,120.000284,13072.183232,27.288207,228.721034,750.397094,0.708863,228.251132,748.855420,0.002924,0.009593,14.653741,48.076579,228.718964,750.390302,0.962073,3.156408,0.146224,0.479737,-0.000005,-0.000709,0.000072,-0.000001,0.063473,0.004193,0.064112,0.000013,0.068286,-0.000027,0.968964,0.683042,0.000000,0.000000,0.000000,3092.085464,4660.704403,8015.299754,549.222493,259.058825,466.305885,0.778809,0.001511
57.699977,4478.702799,14693.906822,4478.683716,14693.844213,30.284930,120.000285,13095.039325,27.384374,228.727468,750.418204,0.708883,228.256969,748.874570,0.002925,0.009596,14.663253,48.107785,228.725375,750.411334,0.963759,3.161940,0.170482,0.559324,-0.000005,-0.000684,0.000072,-0.000001,0.063407,0.004201,0.064152,0.000013,0.068021,-0.000027,0.969530,0.682537,0.000000,0.000000,0.000000,3087.537569,4660.620514,8015.261699,549.219885,259.058928,466.306071,0.778811,0.001511
57.799977,4478.684561,14693.846984,4478.665477,14693.784375,30.285136,120.000286,13117.896048,27.480709,228.733675,750.438566,0.708902,228.262576,748.892964,0.002925,0.009598,14.672788,48.139069,228.731555,750.431611,0.965445,3.167469,0.194203,0.637149,-0.000005,-0.000659,0.000072,-0.000001,0.063343,0.004208,0.064192,0.000013,0.067761,-0.000027,0.970095,0.682043,0.000000,0.000000,0.000000,3083.090560,4660.536719,8015.223686,549.217281,259.059046,466.306284,0.778812,0.001511
57.899977,4478.663977,14693.779451,4478.644893,14693.716842,30.285342,120.000287,13140.753377,27.577213,228.739657,750.458192,0.708921,228.267955,748.910615,0.002926,0.009600,14.682343,48.170416,228.737509,750.451145,0.967129,3.172997,0.217388,0.713216,-0.000005,-0.000634,0.000072,-0.000001,0.063282,0.004215,0.064232,0.000013,0.067506,-0.000027,0.970659,0.681560,0.000000,0.000000,0.000000,3078.743736,4660.453015,8015.185716,549.214679,259.059180,466.306524,0.778814,0.001511
57.999977,4478.641101,14693.704399,4478.622018,14693.641790,30.285549,120.000288,13163.611289,27.673884,228.745417,750.477091,0.708938,228.273112,748.927533,0.002927,0.009602,14.691911,48.201808,228.743240,750.469947,0.968814,3.178523,0.240037,0.787524,-0.000005,-0.000610,0.000072,-0.000001,0.063223,0.004223,0.064272,0.000013,0.067258,-0.000027,0.971222,0.681087,0.000000,0.000000,0.000000,3074.496269,4660.369401,8015.147785,549.212080,259.059329,466.306791,0.778816,0.001511
58.099977,4478.615987,14693.622005,4478.596904,14693.559396,30.285755,120.000289,13186.469764,27.770724,228.750960,750.495275,0.708955,228.278049,748.943731,0.002927,0.009604,14.701489,48.233231,228.748751,750.488027,0.970497,3.184047,0.262152,0.860078,-0.000005,-0.000585,0.000072,-0.000001,0.063167,0.004230,0.064313,0.000013,0.067015,-0.000027,0.971784,0.680625,0.000000,0.000000,0.000000,3070.347405,4660.285875,8015.109895,549.209483,259.059492,466.307085,0.778818,0.001511
58.199977,4478.588689,14693.532443,4478.569605,14693.469833,30.285961,120.000290,13209.328778,27.867731,228.756287,750.512752,0.708971,228.282770,748.959220,0.002928,0.009606,14.711070,48.264667,228.754045,750.505397,0.972181,3.189569,0.283732,0.930880,-0.000005,-0.000561,0.000072,-0.000001,0.063113,0.004237,0.064353,0.000013,0.066778,-0.000027,0.972344,0.680174,0.000000,0.000000,0.000000,3066.296375,4660.202433,8015.072044,549.206890,259.059669,466.307404,0.778820,0.001511
58.299977,4478.559259,14693.435888,4478.540175,14693.373278,30.286167,120.000291,13232.188311,27.964907,228.761402,750.529535,0.708987,228.287278,748.974011,0.002928,0.009607,14.720652,48.296102,228.759126,750.522068,0.973863,3.195089,0.304780,0.999934,-0.000005,-0.000538,0.000072,-0.000001,0.063062,0.004244,0.064394,0.000013,0.066546,-0.000027,0.972903,0.679732,0.000000,0.000000,0.000000,3062.342319,4660.119076,8015.034230,549.204299,259.059860,466.307748,0.778823,0.001511
58.399977,4478.527750,14693.332514,4478.508667,14693.269905,30.286373,120.000292,13255.048341,28.062250,228.766309,750.545632,0.709002,228.291578,748.988115,0.002929,0.009609,14.730228,48.327521,228.763997,750.538049,0.975545,3.200608,0.325297,1.067246,-0.000005,-0.000514,0.000072,-0.000001,0.063012,0.004252,0.064434,0.000013,0.066320,-0.000027,0.973459,0.679302,0.000000,0.000000,0.000000,3058.484446,4660.035800,8014.996454,549.201710,259.060064,466.308116,0.778825,0.001511
58.499977,4478.494217,14693.222497,4478.475134,14693.159887,30.286580,120.000293,13277.908848,28.159762,228.771010,750.561056,0.709016,228.295671,749.001545,0.002929,0.009611,14.739796,48.358910,228.768662,750.553353,0.977227,3.206125,0.345284,1.132821,-0.000005,-0.000491,0.000072,-0.000001,0.062966,0.004259,0.064475,0.000013,0.066099,-0.000027,0.974013,0.678882,0.000000,0.000000,0.000000,3054.721955,4659.952603,8014.958713,549.199124,259.060282,466.308508,0.778828,0.001511
58.599977,4478.458711,14693.106008,4478.439628,14693.043398,30.286786,120.000294,13300.769811,28.257441,228.775508,750.575815,0.709030,228.299562,749.014311,0.002930,0.009613,14.749350,48.390255,228.773123,750.567990,0.978908,3.211640,0.364744,1.196666,-0.000005,-0.000468,0.000072,-0.000001,0.062921,0.004266,0.064516,0.000013,0.065884,-0.000027,0.974565,0.678472,0.000000,0.000000,0.000000,3051.053951,4659.869483,8014.921008,549.196541,259.060512,466.308922,0.778831,0.001511
58.699977,4478.421286,14692.983221,4478.402202,14692.920611,30.286992,120.000295,13323.631210,28.355288,228.779808,750.589921,0.709043,228.303254,749.026424,0.002930,0.009615,14.758886,48.421542,228.777385,750.581971,0.980588,3.217153,0.383678,1.258786,-0.000004,-0.000446,0.000072,-0.000001,0.062879,0.004273,0.064556,0.000013,0.065674,-0.000027,0.975114,0.678072,0.000000,0.000000,0.000000,3047.479614,4659.786440,8014.883337,549.193959,259.060755,466.309360,0.778834,0.001511
58.799976,4478.381993,14692.854308,4478.362910,14692.791698,30.287198,120.000296,13346.493025,28.453302,228.783912,750.603384,0.709055,228.306751,749.037897,0.002931,0.009616,14.768401,48.452759,228.781450,750.595307,0.982268,3.222665,0.402089,1.319191,-0.000004,-0.000423,0.000072,-0.000001,0.062839,0.004281,0.064597,0.000013,0.065470,-0.000027,0.975661,0.677682,0.000000,0.000000,0.000000,3043.998083,4659.703469,8014.845700,549.191380,259.061010,466.309819,0.778837,0.001511
58.899976,4478.340885,14692.719440,4478.321802,14692.656830,30.287405,120.000297,13369.355236,28.551485,228.787822,750.616214,0.709067,228.310056,749.048739,0.002931,0.009618,14.777890,48.483893,228.785321,750.608008,0.983948,3.228175,0.419980,1.377887,-0.000004,-0.000401,0.000072,-0.000001,0.062801,0.004288,0.064637,0.000013,0.065271,-0.000027,0.976204,0.677303,0.000000,0.000000,0.000000,3040.608490,4659.620571,8014.808095,549.188804,259.061277,466.310299,0.778841,0.001511
58.999976,4478.298014,14692.578787,4478.278931,14692.516177,30.287611,120.000298,13392.217825,28.649834,228.791543,750.628422,0.709078,228.313172,749.058962,0.002932,0.009619,14.787351,48.514931,228.789002,750.620085,0.985627,3.233683,0.437353,1.434884,-0.000004,-0.000379,0.000072,-0.000001,0.062766,0.004295,0.064678,0.000013,0.065077,-0.000027,0.976745,0.676933,0.000000,0.000000,0.000000,3037.309985,4659.537742,8014.770522,549.186229,259.061555,466.310800,0.778844,0.001511
59.099976,4478.253432,14692.432519,4478.234348,14692.369910,30.287817,120.000299,13415.080773,28.748352,228.795077,750.640018,0.709089,228.316103,749.068578,0.002932,0.009621,14.796779,48.545862,228.792496,750.631549,0.987305,3.239189,0.454210,1.490191,-0.000004,-0.000358,0.000072,-0.000001,0.062733,0.004302,0.064718,0.000013,0.064888,-0.000027,0.977282,0.676573,0.000000,0.000000,0.000000,3034.101625,4659.454981,8014.732980,549.183657,259.061845,466.311321,0.778848,0.001511
59.199976,4478.207189,14692.280805,4478.188106,14692.218195,30.288023,120.000300,13437.944061,28.847037,228.798428,750.651011,0.709099,228.318852,749.077598,0.002933,0.009622,14.806170,48.576674,228.795807,750.642411,0.988983,3.244694,0.470555,1.543817,-0.000004,-0.000337,0.000072,-0.000001,0.062701,0.004310,0.064758,0.000013,0.064704,-0.000027,0.977816,0.676223,0.000000,0.000000,0.000000,3030.982544,4659.372286,8014.695467,549.181086,259.062145,466.311861,0.778852,0.001511
59.299976,4478.159338,14692.123811,4478.140254,14692.061202,30.288230,120.000301,13460.807671,28.945889,228.801599,750.661413,0.709108,228.321422,749.086032,0.002933,0.009624,14.815522,48.607354,228.798937,750.652681,0.990660,3.250197,0.486392,1.595773,-0.000004,-0.000316,0.000072,-0.000001,0.062672,0.004317,0.064798,0.000013,0.064526,-0.000027,0.978346,0.675883,0.000000,0.000000,0.000000,3027.951836,4659.289655,8014.657984,549.178518,259.062456,466.312420,0.778856,0.001511
59.399976,4478.109928,14691.961705,4478.090845,14691.899096,30.288436,120.000302,13483.671585,29.044909,228.804592,750.671234,0.709117,228.323818,749.093891,0.002934,0.009625,14.824829,48.637891,228.801890,750.662369,0.992337,3.255699,0.501722,1.646070,-0.000004,-0.000295,0.000072,-0.000001,0.062645,0.004324,0.064838,0.000013,0.064352,-0.000027,0.978872,0.675552,0.000000,0.000000,0.000000,3025.008589,4659.207087,8014.620529,549.175951,259.062776,466.312997,0.778860,0.001511
59.499976,4478.059010,14691.794652,4478.039927,14691.732043,30.288642,120.000303,13506.535785,29.144096,228.807411,750.680484,0.709125,228.326042,749.101187,0.002934,0.009626,14.834090,48.668274,228.804669,750.671487,0.994013,3.261198,0.516550,1.694718,-0.000004,-0.000275,0.000072,-0.000001,0.062620,0.004331,0.064878,0.000013,0.064184,-0.000027,0.979394,0.675231,0.000000,0.000000,0.000000,3022.151883,4659.124579,8014.583102,549.173387,259.063107,466.313592,0.778864,0.001511
59.599976,4478.006634,14691.622816,4477.987551,14691.560207,30.288848,120.000304,13529.400255,29.243450,228.810060,750.689172,0.709133,228.328097,749.107930,0.002934,0.009628,14.843300,48.698491,228.807278,750.680044,0.995689,3.266696,0.530880,1.741731,-0.000004,-0.000255,0.000073,-0.000001,0.062597,0.004339,0.064917,0.000013,0.064020,-0.000027,0.979912,0.674919,0.000000,0.000000,0.000000,3019.380789,4659.042129,8014.545702,549.170824,259.063447,466.314204,0.778869,0.001511
59.699976,4477.952850,14691.446360,4477.933767,14691.383751,30.289055,120.000305,13552.264977,29.342971,228.812540,750.697310,0.709140,228.329987,749.114131,0.002935,0.009629,14.852456,48.728530,228.809718,750.688052,0.997364,3.272193,0.544714,1.787120,-0.000004,-0.000236,0.000073,-0.000001,0.062576,0.004346,0.064957,0.000013,0.063862,-0.000027,0.980426,0.674617,0.000000,0.000000,0.000000,3016.694370,4658.959737,8014.508327,549.168263,259.063796,466.314833,0.778873,0.001511
59.799976,4477.897708,14691.265445,4477.878625,14691.202837,30.289261,120.000306,13575.129935,29.442660,228.814856,750.704907,0.709147,228.331716,749.119802,0.002935,0.009630,14.861555,48.758383,228.811994,750.695519,0.999039,3.277688,0.558058,1.830898,-0.000004,-0.000217,0.000073,-0.000001,0.062557,0.004353,0.064996,0.000013,0.063708,-0.000027,0.980936,0.674324,0.000000,0.000000,0.000000,3014.091684,4658.877400,8014.470977,549.165704,259.064154,466.315477,0.778878,0.001511
59.899976,4477.841255,14691.080233,4477.822172,14691.017625,30.289467,120.000307,13597.995113,29.542516,228.817010,750.711974,0.709153,228.333286,749.124953,0.002936,0.009631,14.870594,48.788038,228.814109,750.702458,1.000714,3.283181,0.570915,1.873079,-0.000004,-0.000198,0.000073,-0.000001,0.062540,0.004361,0.065035,0.000013,0.063559,-0.000027,0.981441,0.674040,0.000000,0.000000,0.000000,3011.571806,4658.795116,8014.433652,549.163146,259.064520,466.316136,0.778882,0.001511
59.999976,4477.783541,14690.890882,4477.764458,14690.828274,30.289673,120.000308,13620.860494,29.642539,228.819005,750.718520,0.709159,228.334700,749.129594,0.002936,0.009632,14.879570,48.817486,228.816066,750.708877,1.002387,3.288672,0.583289,1.913677,-0.000004,-0.000179,0.000073,-0.000001,0.062524,0.004368,0.065074,0.000013,0.063415,-0.000027,0.981941,0.673765,0.000000,0.000000,0.000000,3009.133726,4658.712884,8014.396350,549.160590,259.064895,466.316811,0.778887,0.001511
60.099976,4477.724613,14690.697549,4477.705530,14690.634942,30.289880,120.000309,13643.726063,29.742729,228.820844,750.724555,0.709164,228.335963,749.133737,0.002936,0.009633,14.888479,48.846717,228.817867,750.714788,1.004061,3.294163,0.595185,1.952706,-0.000004,-0.000161,0.000073,-0.000001,0.062511,0.004375,0.065112,0.000013,0.063275,-0.000027,0.982437,0.673499,0.000000,0.000000,0.000000,3006.776507,4658.630701,8014.359071,549.158036,259.065277,466.317499,0.778892,0.001511
60.199976,4477.664519,14690.500392,4477.645437,14690.437785,30.290086,120.000310,13666.591805,29.843085,228.822531,750.730090,0.709169,228.337077,749.137391,0.002937,0.009634,14.897320,48.875723,228.819517,750.720200,1.005734,3.299651,0.606607,1.990181,-0.000004,-0.000143,0.000073,-0.000001,0.062499,0.004382,0.065150,0.000013,0.063140,-0.000027,0.982927,0.673242,0.000000,0.000000,0.000000,3004.499181,4658.548568,8014.321814,549.155483,259.065667,466.318201,0.778897,0.001511
60.299976,4477.603307,14690.299564,4477.584225,14690.236957,30.290292,120.000311,13689.457705,29.943609,228.824069,750.735134,0.709173,228.338045,749.140568,0.002937,0.009635,14.906090,48.904494,228.821018,750.725124,1.007406,3.305138,0.617560,2.026117,-0.000004,-0.000125,0.000073,-0.000001,0.062489,0.004390,0.065188,0.000013,0.063010,-0.000027,0.983413,0.672994,0.000000,0.000000,0.000000,3002.300772,4658.466480,8014.284578,549.152931,259.066065,466.318916,0.778902,0.001511
60.399976,4477.541023,14690.095219,4477.521940,14690.032613,30.290498,120.000312,13712.323747,30.044300,228.825460,750.739697,0.709177,228.338871,749.143278,0.002937,0.009636,14.914785,48.933023,228.822373,750.729569,1.009078,3.310623,0.628049,2.060528,-0.000004,-0.000108,0.000073,-0.000001,0.062481,0.004397,0.065226,0.000013,0.062884,-0.000027,0.983893,0.672755,0.000000,0.000000,0.000000,3000.180300,4658.384438,8014.247363,549.150381,259.066469,466.319644,0.778907,0.001511
60.499976,4477.477712,14689.887508,4477.458630,14689.824902,30.290705,120.000313,13735.189918,30.145158,228.826707,750.743789,0.709180,228.339558,749.145531,0.002937,0.009637,14.923405,48.961302,228.823585,750.733546,1.010749,3.316107,0.638078,2.093432,-0.000004,-0.000091,0.000073,-0.000001,0.062475,0.004404,0.065263,0.000013,0.062763,-0.000027,0.984368,0.672524,0.000000,0.000000,0.000000,2998.136781,4658.302440,8014.210167,549.147833,259.066880,466.320384,0.778912,0.001511
60.599976,4477.413422,14689.676581,4477.394340,14689.613976,30.290911,120.000314,13758.056203,30.246182,228.827813,750.747419,0.709183,228.340109,749.147338,0.002938,0.009638,14.931945,48.989322,228.824657,750.737064,1.012421,3.321590,0.647653,2.124845,-0.000004,-0.000074,0.000073,-0.000001,0.062470,0.004412,0.065300,0.000013,0.062646,-0.000027,0.984838,0.672301,0.000000,0.000000,0.000000,2996.169225,4658.220483,8014.172991,549.145285,259.067297,466.321135,0.778918,0.001511
60.699976,4477.348197,14689.462587,4477.329115,14689.399982,30.291117,120.000315,13780.922589,30.347373,228.828783,750.750599,0.709185,228.340526,749.148709,0.002938,0.009639,14.940405,49.017077,228.825593,750.740134,1.014091,3.327071,0.656778,2.154782,-0.000004,-0.000058,0.000073,-0.000001,0.062467,0.004419,0.065337,0.000013,0.062533,-0.000027,0.985302,0.672087,0.000000,0.000000,0.000000,2994.276638,4658.138566,8014.135832,549.142739,259.067721,466.321897,0.778923,0.001511
60.799976,4477.282081,14689.245673,4477.262999,14689.183068,30.291323,120.000317,13803.789061,30.448731,228.829617,750.753336,0.709187,228.340814,749.149653,0.002938,0.009640,14.948781,49.044558,228.826395,750.742765,1.015761,3.332550,0.665458,2.183261,-0.000004,-0.000042,0.000073,-0.000001,0.062466,0.004426,0.065374,0.000013,0.062425,-0.000027,0.985761,0.671881,0.000000,0.000000,0.000000,2992.458022,4658.056688,8014.098692,549.140194,259.068150,466.322670,0.778929,0.001511
60.899976,4477.215119,14689.025983,4477.196038,14688.963379,30.291530,120.000318,13826.655608,30.550256,228.830320,750.755642,0.709189,228.340976,749.150182,0.002938,0.009640,14.957072,49.071759,228.827066,750.744967,1.017431,3.338028,0.673699,2.210298,-0.000004,-0.000027,0.000073,-0.000001,0.062466,0.004433,0.065410,0.000013,0.062321,-0.000027,0.986214,0.671683,0.000000,0.000000,0.000000,2990.712374,4657.974847,8014.061568,549.137650,259.068584,466.323452,0.778934,0.001511
60.999976,4477.147356,14688.803660,4477.128274,14688.741056,30.291736,120.000319,13849.522215,30.651947,228.830893,750.757524,0.709190,228.341013,749.150305,0.002939,0.009641,14.965276,49.098673,228.827609,750.746749,1.019100,3.343505,0.681506,2.235912,-0.000004,-0.000011,0.000073,-0.000001,0.062467,0.004441,0.065446,0.000013,0.062221,-0.000027,0.986661,0.671494,0.000000,0.000000,0.000000,2989.038690,4657.893042,8014.024461,549.135108,259.069024,466.324244,0.778940,0.001511
61.099976,4477.078832,14688.578846,4477.059751,14688.516243,30.291942,120.000320,13872.388871,30.753804,228.831341,750.758994,0.709191,228.340930,749.150033,0.002939,0.009642,14.973389,49.125293,228.828028,750.748122,1.020769,3.348980,0.688884,2.260119,-0.000004,0.000004,0.000073,-0.000001,0.062471,0.004448,0.065481,0.000013,0.062125,-0.000027,0.987103,0.671312,0.000000,0.000000,0.000000,2987.435961,4657.811271,8013.987369,549.132566,259.069469,466.325044,0.778946,0.001511
61.199976,4477.009593,14688.351682,4476.990511,14688.289079,30.292149,120.000321,13895.255563,30.855829,228.831666,750.760059,0.709191,228.340729,749.149375,0.002939,0.009642,14.981412,49.151613,228.828324,750.749094,1.022437,3.354453,0.695840,2.282939,-0.000004,0.000018,0.000073,-0.000001,0.062475,0.004455,0.065516,0.000013,0.062033,-0.000027,0.987539,0.671138,0.000000,0.000000,0.000000,2985.903174,4657.729533,8013.950291,549.130025,259.069918,466.325853,0.778951,0.001511
61.299975,4476.939678,14688.122304,4476.920597,14688.059701,30.292355,120.000322,13918.122278,30.958019,228.831871,750.760731,0.709191,228.340414,749.148340,0.002939,0.009643,14.989341,49.177627,228.828501,750.749676,1.024105,3.359926,0.702378,2.304389,-0.000004,0.000033,0.000073,-0.000001,0.062481,0.004463,0.065551,0.000013,0.061946,-0.000027,0.987968,0.670972,0.000000,0.000000,0.000000,2984.439314,4657.647825,8013.913228,549.127486,259.070372,466.326670,0.778957,0.001511
61.399975,4476.869131,14687.890848,4476.850050,14687.828246,30.292561,120.000323,13940.989006,31.060376,228.831958,750.761017,0.709191,228.339987,749.146940,0.002939,0.009643,14.997174,49.203328,228.828562,750.749876,1.025773,3.365397,0.708504,2.324487,-0.000004,0.000047,0.000073,-0.000001,0.062489,0.004470,0.065585,0.000013,0.061862,-0.000027,0.988392,0.670813,0.000000,0.000000,0.000000,2983.043366,4657.566148,8013.876179,549.124947,259.070830,466.327494,0.778963,0.001511
61.499975,4476.797991,14687.657450,4476.778910,14687.594848,30.292767,120.000324,13963.855734,31.162900,228.831931,750.760928,0.709190,228.339452,749.145183,0.002939,0.009644,15.004911,49.228711,228.828510,750.749704,1.027440,3.370866,0.714224,2.343253,-0.000004,0.000060,0.000073,-0.000001,0.062498,0.004477,0.065619,0.000013,0.061782,-0.000027,0.988809,0.670662,0.000000,0.000000,0.000000,2981.714308,4657.484499,8013.839143,549.122409,259.071292,466.328325,0.778969,0.001511
61.599975,4476.726299,14687.422241,4476.707218,14687.359640,30.292974,120.000325,13986.722452,31.265590,228.831792,750.760472,0.709189,228.338810,749.143079,0.002940,0.009644,15.012550,49.253772,228.828347,750.749169,1.029107,3.376335,0.719543,2.360706,-0.000004,0.000074,0.000073,-0.000001,0.062508,0.004484,0.065652,0.000013,0.061706,-0.000027,0.989221,0.670519,0.000000,0.000000,0.000000,2980.451121,4657.402877,8013.802118,549.119872,259.071757,466.329163,0.778975,0.001511
61.699975,4476.654095,14687.185351,4476.635014,14687.122751,30.293180,120.000326,14009.589148,31.368446,228.831544,750.759659,0.709188,228.338066,749.140637,0.002940,0.009645,15.020088,49.278504,228.828076,750.748280,1.030773,3.381801,0.724468,2.376864,-0.000004,0.000087,0.000073,-0.000001,0.062519,0.004492,0.065685,0.000013,0.061634,-0.000027,0.989626,0.670382,0.000000,0.000000,0.000000,2979.252782,4657.321280,8013.765106,549.117336,259.072226,466.330007,0.778981,0.001511
61.799975,4476.581418,14686.946909,4476.562338,14686.884310,30.293386,120.000327,14032.455812,31.471469,228.831190,750.758498,0.709186,228.337222,749.137868,0.002940,0.009645,15.027525,49.302905,228.827700,750.747047,1.032439,3.387267,0.729005,2.391747,-0.000004,0.000099,0.000073,-0.000001,0.062532,0.004499,0.065718,0.000013,0.061565,-0.000027,0.990025,0.670253,0.000000,0.000000,0.000000,2978.118266,4657.239708,8013.728104,549.114801,259.072698,466.330856,0.778987,0.001511
61.899975,4476.508307,14686.707043,4476.489226,14686.644443,30.293592,120.000328,14055.322434,31.574657,228.830733,750.756997,0.709184,228.336281,749.134780,0.002940,0.009646,15.034860,49.326969,228.827222,750.745478,1.034105,3.392731,0.733158,2.405375,-0.000004,0.000112,0.000073,-0.000001,0.062546,0.004506,0.065750,0.000013,0.061500,-0.000027,0.990417,0.670131,0.000000,0.000000,0.000000,2977.046551,4657.158158,8013.691113,549.112266,259.073172,466.331710,0.778993,0.001511
61.999975,4476.434799,14686.465875,4476.415719,14686.403276,30.293799,120.000329,14078.189004,31.678012,228.830175,750.755166,0.709181,228.335245,749.131383,0.002940,0.009646,15.042091,49.350692,228.826644,750.743582,1.035770,3.398195,0.736935,2.417767,-0.000004,0.000124,0.000073,-0.000000,0.062562,0.004514,0.065782,0.000013,0.061439,-0.000027,0.990803,0.670016,0.000000,0.000000,0.000000,2976.036609,4657.076631,8013.654132,549.109732,259.073649,466.332569,0.778999,0.001512
62.099975,4476.360932,14686.223529,4476.341852,14686.160931,30.294005,120.000330,14101.055511,31.781534,228.829519,750.753014,0.709179,228.334118,749.127685,0.002940,0.009646,15.049217,49.374070,228.825969,750.741369,1.037434,3.403656,0.740342,2.428944,-0.000004,0.000135,0.000073,-0.000000,0.062578,0.004521,0.065814,0.000013,0.061381,-0.000027,0.991183,0.669908,0.000000,0.000000,0.000000,2975.087417,4656.995123,8013.617160,549.107199,259.074129,466.333432,0.779005,0.001512
62.199975,4476.286742,14685.980125,4476.267662,14685.917527,30.294211,120.000331,14123.921946,31.885221,228.828767,750.750548,0.709176,228.332903,749.123696,0.002940,0.009647,15.056236,49.397101,228.825200,750.738846,1.039099,3.409117,0.743384,2.438924,-0.000004,0.000147,0.000073,-0.000000,0.062596,0.004528,0.065845,0.000013,0.061327,-0.000027,0.991556,0.669806,0.000000,0.000000,0.000000,2974.197948,4656.913635,8013.580197,549.104666,259.074610,466.334299,0.779011,0.001512
62.299975,4476.212266,14685.735782,4476.193187,14685.673185,30.294417,120.000333,14146.788300,31.989074,228.827923,750.747779,0.709172,228.331601,749.119425,0.002940,0.009647,15.063149,49.419780,228.824340,750.736024,1.040763,3.414576,0.746068,2.447728,-0.000004,0.000158,0.000073,-0.000000,0.062615,0.004535,0.065875,0.000013,0.061276,-0.000027,0.991923,0.669711,0.000000,0.000000,0.000000,2973.367177,4656.832164,8013.543242,549.102134,259.075094,466.335169,0.779018,0.001512
62.399975,4476.137540,14685.490617,4476.118461,14685.428020,30.294624,120.000334,14169.654563,32.093094,228.826989,750.744714,0.709169,228.330216,749.114880,0.002940,0.009647,15.069954,49.442105,228.823391,750.732909,1.042427,3.420035,0.748399,2.455377,-0.000004,0.000168,0.000073,-0.000000,0.062635,0.004543,0.065905,0.000013,0.061229,-0.000027,0.992283,0.669623,0.000000,0.000000,0.000000,2972.594081,4656.750711,8013.506295,549.099602,259.075579,466.336042,0.779024,0.001512
62.499975,4476.062598,14685.244744,4476.043519,14685.182148,30.294830,120.000335,14192.520728,32.197279,228.825967,750.741363,0.709165,228.328750,749.110071,0.002940,0.009647,15.076649,49.464072,228.822355,750.729511,1.044090,3.425492,0.750384,2.461891,-0.000004,0.000179,0.000073,-0.000000,0.062655,0.004550,0.065935,0.000013,0.061185,-0.000027,0.992637,0.669541,0.000000,0.000000,0.000000,2971.877636,4656.669272,8013.469354,549.097071,259.076065,466.336917,0.779030,0.001512
62.599975,4475.987474,14684.998275,4475.968395,14684.935680,30.295036,120.000336,14215.386785,32.301630,228.824861,750.737733,0.709161,228.327206,749.105007,0.002941,0.009647,15.083235,49.485679,228.821236,750.725839,1.045753,3.430947,0.752030,2.467289,-0.000004,0.000189,0.000073,-0.000000,0.062677,0.004557,0.065964,0.000013,0.061144,-0.000027,0.992984,0.669465,0.000000,0.000000,0.000000,2971.216818,4656.587848,8013.432420,549.094540,259.076553,466.337795,0.779036,0.001512
62.699975,4475.912203,14684.751322,4475.893124,14684.688727,30.295243,120.000337,14238.252727,32.406148,228.823672,750.733833,0.709157,228.325587,749.099695,0.002941,0.009648,15.089710,49.506923,228.820035,750.721900,1.047415,3.436402,0.753342,2.471593,-0.000004,0.000199,0.000073,-0.000000,0.062700,0.004565,0.065993,0.000013,0.061106,-0.000027,0.993325,0.669395,0.000000,0.000000,0.000000,2970.610606,4656.506437,8013.395492,549.092010,259.077041,466.338675,0.779043,0.001512
62.799975,4475.836817,14684.503991,4475.817738,14684.441397,30.295449,120.000338,14261.118545,32.510831,228.822404,750.729671,0.709152,228.323895,749.094144,0.002941,0.009648,15.096074,49.527801,228.818756,750.717702,1.049078,3.441856,0.754326,2.474823,-0.000004,0.000208,0.000073,-0.000000,0.062724,0.004572,0.066021,0.000013,0.061071,-0.000027,0.993659,0.669332,0.000000,0.000000,0.000000,2970.057981,4656.425037,8013.358570,549.089480,259.077531,466.339555,0.779049,0.001512
62.899975,4475.761348,14684.256391,4475.742269,14684.193797,30.295655,120.000339,14283.984232,32.615680,228.821058,750.725256,0.709147,228.322133,749.088363,0.002941,0.009648,15.102326,49.548312,228.817400,750.713255,1.050740,3.447308,0.754990,2.477000,-0.000004,0.000217,0.000073,-0.000000,0.062749,0.004579,0.066049,0.000013,0.061040,-0.000027,0.993986,0.669274,0.000000,0.000000,0.000000,2969.557925,4656.343649,8013.321652,549.086950,259.078021,466.340437,0.779055,0.001512
62.999975,4475.685829,14684.008625,4475.666750,14683.946032,30.295861,120.000340,14306.849780,32.720695,228.819638,750.720596,0.709142,228.320303,749.082360,0.002941,0.009648,15.108465,49.568454,228.815971,750.708566,1.052401,3.452760,0.755338,2.478145,-0.000004,0.000226,0.000073,-0.000000,0.062775,0.004586,0.066076,0.000013,0.061011,-0.000027,0.994307,0.669222,0.000000,0.000000,0.000000,2969.109422,4656.262270,8013.284739,549.084421,259.078511,466.341319,0.779061,0.001512
63.099975,4475.610290,14683.760795,4475.591212,14683.698202,30.296068,120.000341,14329.715181,32.825876,228.818145,750.715699,0.709137,228.318408,749.076143,0.002941,0.009648,15.114491,49.588225,228.814470,750.703643,1.054062,3.458210,0.755379,2.478277,-0.000004,0.000235,0.000073,-0.000000,0.062802,0.004594,0.066103,0.000013,0.060986,-0.000027,0.994621,0.669176,0.000000,0.000000,0.000000,2968.711459,4656.180901,8013.247830,549.081891,259.079001,466.342202,0.779068,0.001512
63.199975,4475.534763,14683.513002,4475.515685,14683.450409,30.296274,120.000342,14352.580430,32.931222,228.816582,750.710572,0.709131,228.316451,749.069721,0.002941,0.009648,15.120403,49.607623,228.812901,750.698494,1.055723,3.463659,0.755117,2.477418,-0.000004,0.000243,0.000073,-0.000000,0.062829,0.004601,0.066129,0.000013,0.060963,-0.000027,0.994929,0.669136,0.000000,0.000000,0.000000,2968.363026,4656.099538,8013.210925,549.079363,259.079491,466.343084,0.779074,0.001512
63.299975,4475.459277,14683.265343,4475.440199,14683.202751,30.296480,120.000343,14375.445518,33.036734,228.814952,750.705224,0.709126,228.314433,749.063100,0.002941,0.009648,15.126202,49.626648,228.811265,750.693126,1.057384,3.469108,0.754559,2.475589,-0.000004,0.000251,0.000073,-0.000000,0.062857,0.004608,0.066155,0.000013,0.060943,-0.000027,0.995230,0.669101,0.000000,0.000000,0.000000,2968.063113,4656.018182,8013.174022,549.076834,259.079981,466.343966,0.779080,0.001512
63.399975,4475.383860,14683.017915,4475.364783,14682.955324,30.296686,120.000345,14398.310441,33.142412,228.813257,750.699662,0.709120,228.312357,749.056291,0.002941,0.009648,15.131887,49.645298,228.809565,750.687548,1.059044,3.474555,0.753712,2.472810,-0.000004,0.000259,0.000073,-0.000000,0.062886,0.004616,0.066180,0.000013,0.060926,-0.000027,0.995524,0.669071,0.000000,0.000000,0.000000,2967.810719,4655.936832,8013.137122,549.074306,259.080471,466.344847,0.779086,0.001512
63.499975,4475.308543,14682.770811,4475.289466,14682.708220,30.296893,120.000346,14421.175190,33.248256,228.811499,750.693894,0.709113,228.310226,749.049299,0.002941,0.009648,15.137457,49.663574,228.807803,750.681767,1.060704,3.480001,0.752582,2.469102,-0.000004,0.000266,0.000073,-0.000000,0.062916,0.004623,0.066205,0.000013,0.060912,-0.000027,0.995811,0.669047,0.000000,0.000000,0.000000,2967.604866,4655.855487,8013.100224,549.071777,259.080960,466.345727,0.779093,0.001512
63.599975,4475.233353,14682.524124,4475.214275,14682.461534,30.297099,120.000347,14444.039761,33.354265,228.809680,750.687928,0.709107,228.308042,749.042132,0.002941,0.009648,15.142913,49.681474,228.805981,750.675791,1.062364,3.485446,0.751175,2.464486,-0.000005,0.000273,0.000073,-0.000000,0.062947,0.004630,0.066230,0.000013,0.060900,-0.000027,0.996092,0.669028,0.000000,0.000000,0.000000,2967.444507,4655.774145,8013.063328,549.069249,259.081448,466.346606,0.779099,0.001512
63.699975,4475.158317,14682.277943,4475.139240,14682.215353,30.297305,120.000348,14466.904147,33.460440,228.807804,750.681771,0.709101,228.305807,749.034800,0.002941,0.009647,15.148254,49.698997,228.804102,750.669627,1.064023,3.490891,0.749498,2.458982,-0.000005,0.000280,0.000073,-0.000000,0.062978,0.004637,0.066254,0.000013,0.060891,-0.000027,0.996367,0.669014,0.000000,0.000000,0.000000,2967.328674,4655.692806,8013.026433,549.066721,259.081935,466.347483,0.779105,0.001512
63.799974,4475.083462,14682.032355,4475.064385,14681.969766,30.297511,120.000349,14489.768342,33.566781,228.805871,750.675431,0.709094,228.303523,749.027308,0.002940,0.009647,15.153481,49.716145,228.802168,750.663282,1.065683,3.496334,0.747556,2.452611,-0.000005,0.000287,0.000073,-0.000000,0.063010,0.004645,0.066277,0.000013,0.060885,-0.000027,0.996635,0.669004,0.000000,0.000000,0.000000,2967.256379,4655.611468,8012.989539,549.064193,259.082421,466.348357,0.779111,0.001512
63.899974,4475.008814,14681.787448,4474.989737,14681.724859,30.297718,120.000350,14512.632342,33.673287,228.803885,750.668915,0.709087,228.301194,749.019664,0.002940,0.009647,15.158593,49.732916,228.800182,750.656764,1.067341,3.501777,0.745356,2.445395,-0.000005,0.000293,0.000073,-0.000000,0.063042,0.004652,0.066300,0.000013,0.060881,-0.000027,0.996896,0.669000,0.000000,0.000000,0.000000,2967.226637,4655.530132,8012.952645,549.061665,259.082905,466.349229,0.779118,0.001512
63.999974,4474.934399,14681.543303,4474.915322,14681.480715,30.297924,120.000351,14535.496142,33.779959,228.801848,750.662230,0.709080,228.298820,749.011876,0.002940,0.009647,15.163590,49.749310,228.798144,750.650080,1.069000,3.507218,0.742905,2.437352,-0.000005,0.000299,0.000073,-0.000000,0.063076,0.004659,0.066323,0.000013,0.060879,-0.000027,0.997150,0.669000,0.000000,0.000000,0.000000,2967.238470,4655.448795,8012.915752,549.059137,259.083388,466.350099,0.779124,0.001512
64.099974,4474.860241,14681.300003,4474.841164,14681.237416,30.298130,120.000352,14558.359735,33.886796,228.799761,750.655384,0.709073,228.296404,749.003950,0.002940,0.009647,15.168472,49.765329,228.796059,750.643237,1.070658,3.512659,0.740208,2.428504,-0.000005,0.000305,0.000073,-0.000000,0.063109,0.004667,0.066344,0.000013,0.060880,-0.000027,0.997399,0.669005,0.000000,0.000000,0.000000,2967.290901,4655.367458,8012.878858,549.056609,259.083870,466.350965,0.779130,0.001512
64.199974,4474.786365,14681.057628,4474.767288,14680.995041,30.298336,120.000353,14581.223118,33.993798,228.797627,750.648383,0.709066,228.293949,748.995894,0.002940,0.009646,15.173240,49.780973,228.793926,750.636242,1.072317,3.518099,0.737272,2.418872,-0.000005,0.000310,0.000073,-0.000000,0.063144,0.004674,0.066366,0.000013,0.060883,-0.000027,0.997640,0.669015,0.000000,0.000000,0.000000,2967.382963,4655.286119,8012.841963,549.054081,259.084349,466.351828,0.779136,0.001512
64.299974,4474.712794,14680.816254,4474.693718,14680.753667,30.298543,120.000354,14604.086286,34.100966,228.795448,750.641234,0.709058,228.291456,748.987715,0.002940,0.009646,15.177894,49.796241,228.791750,750.629101,1.073974,3.523538,0.734103,2.408475,-0.000005,0.000315,0.000073,-0.000000,0.063178,0.004681,0.066387,0.000013,0.060888,-0.000027,0.997875,0.669028,0.000000,0.000000,0.000000,2967.513690,4655.204777,8012.805067,549.051553,259.084827,466.352688,0.779142,0.001512
64.399974,4474.639552,14680.575957,4474.620475,14680.513371,30.298749,120.000356,14626.949235,34.208300,228.793226,750.633945,0.709051,228.288927,748.979419,0.002940,0.009646,15.182434,49.811135,228.789531,750.621822,1.075632,3.528976,0.730707,2.397334,-0.000005,0.000320,0.000073,-0.000000,0.063214,0.004688,0.066408,0.000013,0.060896,-0.000027,0.998104,0.669046,0.000000,0.000000,0.000000,2967.682125,4655.123432,8012.768170,549.049024,259.085302,466.353544,0.779148,0.001512
64.499974,4474.566660,14680.336810,4474.547584,14680.274225,30.298955,120.000357,14649.811960,34.315799,228.790964,750.626522,0.709043,228.286365,748.971014,0.002940,0.009646,15.186860,49.825656,228.787272,750.614410,1.077289,3.534413,0.727091,2.385469,-0.000005,0.000325,0.000073,-0.000000,0.063250,0.004696,0.066428,0.000013,0.060906,-0.000027,0.998327,0.669069,0.000000,0.000000,0.000000,2967.887341,4655.042083,8012.731271,549.046496,259.085775,466.354395,0.779154,0.001512
64.599974,4474.494140,14680.098885,4474.475064,14680.036300,30.299161,120.000358,14672.674458,34.423463,228.788662,750.618971,0.709035,228.283771,748.962505,0.002940,0.009645,15.191173,49.839805,228.784975,750.606874,1.078946,3.539850,0.723260,2.372901,-0.000005,0.000329,0.000073,-0.000000,0.063286,0.004703,0.066447,0.000013,0.060918,-0.000027,0.998543,0.669095,0.000000,0.000000,0.000000,2968.128338,4654.960729,8012.694369,549.043967,259.086246,466.355243,0.779160,0.001512
64.699974,4474.422014,14679.862252,4474.402939,14679.799668,30.299368,120.000359,14695.536724,34.531293,228.786324,750.611300,0.709028,228.281149,748.953900,0.002940,0.009645,15.195372,49.853583,228.782642,750.599218,1.080603,3.545286,0.719221,2.359648,-0.000005,0.000333,0.000073,-0.000000,0.063323,0.004710,0.066466,0.000013,0.060932,-0.000027,0.998752,0.669125,0.000000,0.000000,0.000000,2968.404203,4654.879370,8012.657465,549.041439,259.086714,466.356085,0.779166,0.001512
64.799974,4474.350303,14679.626977,4474.331227,14679.564393,30.299574,120.000360,14718.398756,34.639288,228.783951,750.603514,0.709020,228.278498,748.945204,0.002940,0.009645,15.199459,49.866991,228.780274,750.591451,1.082260,3.550721,0.714979,2.345732,-0.000005,0.000337,0.000073,-0.000000,0.063360,0.004718,0.066485,0.000013,0.060947,-0.000027,0.998955,0.669159,0.000000,0.000000,0.000000,2968.714002,4654.798004,8012.620559,549.038910,259.087180,466.356923,0.779172,0.001512
64.899974,4474.279025,14679.393126,4474.259949,14679.330543,30.299780,120.000361,14741.260550,34.747448,228.781545,750.595621,0.709011,228.275822,748.936425,0.002940,0.009644,15.203434,49.880032,228.777874,750.583577,1.083916,3.556155,0.710541,2.331172,-0.000005,0.000341,0.000073,-0.000000,0.063397,0.004725,0.066503,0.000013,0.060965,-0.000027,0.999152,0.669197,0.000000,0.000000,0.000000,2969.056808,4654.716631,8012.583649,549.036381,259.087642,466.357756,0.779178,0.001512
64.999974,4474.208201,14679.160763,4474.189125,14679.098180,30.299986,120.000362,14764.122103,34.855774,228.779108,750.587626,0.709003,228.273123,748.927568,0.002939,0.009644,15.207297,49.892706,228.775444,750.575603,1.085572,3.561589,0.705913,2.315987,-0.000005,0.000344,0.000073,-0.000000,0.063435,0.004732,0.066521,0.000013,0.060985,-0.000027,0.999343,0.669238,0.000000,0.000000,0.000000,2969.431701,4654.635250,8012.546736,549.033851,259.088102,466.358583,0.779184,0.001512
65.099974,4474.137848,14678.929948,4474.118773,14678.867366,30.300192,120.000363,14786.983412,34.964265,228.776642,750.579535,0.708995,228.270401,748.918639,0.002939,0.009644,15.211049,49.905017,228.772985,750.567535,1.087228,3.567022,0.701100,2.300197,-0.000005,0.000347,0.000073,-0.000000,0.063473,0.004740,0.066538,0.000013,0.061006,-0.000027,0.999528,0.669283,0.000000,0.000000,0.000000,2969.837767,4654.553861,8012.509819,549.031322,259.088559,466.359405,0.779190,0.001512
65.199974,4474.067986,14678.700742,4474.048911,14678.638160,30.300399,120.000365,14809.844474,35.072921,228.774149,750.571355,0.708987,228.267660,748.909644,0.002939,0.009643,15.214691,49.916964,228.770499,750.559379,1.088884,3.572455,0.696109,2.283822,-0.000005,0.000350,0.000073,-0.000000,0.063512,0.004747,0.066554,0.000013,0.061030,-0.000027,0.999706,0.669332,0.000000,0.000000,0.000000,2970.274101,4654.472463,8012.472897,549.028792,259.089012,466.360222,0.779196,0.001512
65.299974,4473.998632,14678.473202,4473.979557,14678.410621,30.300605,120.000366,14832.705287,35.181742,228.771630,750.563091,0.708978,228.264900,748.900590,0.002939,0.009643,15.218223,49.928552,228.767988,750.551140,1.090540,3.577886,0.690945,2.266880,-0.000005,0.000353,0.000073,-0.000000,0.063550,0.004754,0.066571,0.000013,0.061055,-0.000027,0.999879,0.669383,0.000000,0.000000,0.000000,2970.739831,4654.391055,8012.435972,549.026262,259.089462,466.361032,0.779201,0.001512
65.399974,4473.929803,14678.247384,4473.910728,14678.184803,30.300811,120.000367,14855.565847,35.290728,228.769088,750.554750,0.708970,228.262124,748.891482,0.002939,0.009642,15.221645,49.939782,228.765453,750.542826,1.092195,3.583317,0.685614,2.249391,-0.000005,0.000355,0.000073,-0.000000,0.063589,0.004761,0.066586,0.000013,0.061081,-0.000027,1.000045,0.669438,0.000000,0.000000,0.000000,2971.234013,4654.309638,8012.399042,549.023731,259.089909,466.361836,0.779207,0.001512
65.499974,4473.861514,14678.023341,4473.842440,14677.960760,30.301017,120.000368,14878.426154,35.399880,228.766524,750.546337,0.708961,228.259333,748.882325,0.002939,0.009642,15.224960,49.950656,228.762897,750.534440,1.093850,3.588748,0.680123,2.231373,-0.000005,0.000358,0.000073,-0.000000,0.063629,0.004769,0.066602,0.000013,0.061110,-0.000027,1.000206,0.669496,0.000000,0.000000,0.000000,2971.755790,4654.228209,8012.362107,549.021200,259.090352,466.362634,0.779213,0.001512
65.599974,4473.793783,14677.801125,4473.774709,14677.738545,30.301224,120.000369,14901.286204,35.509197,228.763939,750.537858,0.708953,228.256528,748.873125,0.002939,0.009641,15.228167,49.961177,228.760322,750.525990,1.095505,3.594178,0.674475,2.212846,-0.000005,0.000360,0.000073,-0.000000,0.063668,0.004776,0.066616,0.000013,0.061140,-0.000027,1.000360,0.669557,0.000000,0.000000,0.000000,2972.304289,4654.146769,8012.325167,549.018669,259.090792,466.363425,0.779219,0.001512
65.699974,4473.726624,14677.580787,4473.707550,14677.518208,30.301430,120.000370,14924.145997,35.618679,228.761336,750.529318,0.708944,228.253713,748.863888,0.002939,0.009641,15.231266,49.971347,228.757728,750.517480,1.097160,3.599607,0.668679,2.193828,-0.000005,0.000361,0.000073,-0.000000,0.063708,0.004783,0.066631,0.000013,0.061171,-0.000027,1.000509,0.669621,0.000000,0.000000,0.000000,2972.878642,4654.065317,8012.288221,549.016137,259.091228,466.364210,0.779224,0.001512
65.799974,4473.660052,14677.362375,4473.640978,14677.299796,30.301636,120.000371,14947.005529,35.728326,228.758717,750.520724,0.708935,228.250888,748.854618,0.002938,0.009640,15.234260,49.981169,228.755118,750.508916,1.098815,3.605036,0.662738,2.174337,-0.000005,0.000363,0.000073,-0.000000,0.063748,0.004791,0.066645,0.000013,0.061204,-0.000027,1.000652,0.669688,0.000000,0.000000,0.000000,2973.477990,4653.983852,8012.251270,549.013605,259.091660,466.364988,0.779230,0.001512
65.899974,4473.594081,14677.145935,4473.575007,14677.083356,30.301842,120.000373,14969.864801,35.838139,228.756082,750.512079,0.708926,228.248054,748.845322,0.002938,0.009640,15.237149,49.990646,228.752492,750.500302,1.100469,3.610464,0.656658,2.154391,-0.000005,0.000364,0.000073,-0.000000,0.063788,0.004798,0.066658,0.000013,0.061238,-0.000027,1.000789,0.669758,0.000000,0.000000,0.000000,2974.101484,4653.902375,8012.214313,549.011073,259.092088,466.365758,0.779235,0.001512
65.999974,4473.528724,14676.931511,4473.509650,14676.868932,30.302048,120.000374,14992.723809,35.948116,228.753433,750.503389,0.708918,228.245214,748.836003,0.002938,0.009639,15.239933,49.999780,228.749853,750.491645,1.102124,3.615892,0.650446,2.134010,-0.000005,0.000366,0.000073,-0.000000,0.063828,0.004805,0.066671,0.000013,0.061274,-0.000027,1.000920,0.669830,0.000000,0.000000,0.000000,2974.748283,4653.820884,8012.177349,549.008540,259.092512,466.366522,0.779241,0.001512
66.099974,4473.463996,14676.719146,4473.444922,14676.656568,30.302255,120.000375,15015.582553,36.058258,228.750773,750.494661,0.708909,228.242368,748.826668,0.002938,0.009639,15.242614,50.008575,228.747203,750.482949,1.103778,3.621319,0.644106,2.113209,-0.000005,0.000367,0.000073,-0.000000,0.063868,0.004812,0.066684,0.000013,0.061311,-0.000027,1.001046,0.669904,0.000000,0.000000,0.000000,2975.417580,4653.739379,8012.140380,549.006007,259.092932,466.367278,0.779246,0.001512
66.199974,4473.399907,14676.508882,4473.380833,14676.446304,30.302461,120.000376,15038.441032,36.168566,228.748102,750.485898,0.708900,228.239519,748.817320,0.002938,0.009638,15.245192,50.017034,228.744542,750.474219,1.105432,3.626746,0.637644,2.092008,-0.000005,0.000367,0.000073,-0.000000,0.063908,0.004820,0.066696,0.000013,0.061349,-0.000027,1.001167,0.669982,0.000000,0.000000,0.000000,2976.108498,4653.657859,8012.103404,549.003473,259.093348,466.368027,0.779251,0.001512
66.299973,4473.336471,14676.300757,4473.317397,14676.238179,30.302667,120.000377,15061.299246,36.279039,228.745422,750.477105,0.708891,228.236668,748.807965,0.002938,0.009638,15.247669,50.025159,228.741872,750.465460,1.107086,3.632172,0.631065,2.070424,-0.000005,0.000368,0.000073,-0.000000,0.063948,0.004827,0.066707,0.000013,0.061389,-0.000027,1.001281,0.670061,0.000000,0.000000,0.000000,2976.820249,4653.576325,8012.066421,549.000939,259.093760,466.368768,0.779257,0.001512
66.399973,4473.273698,14676.094808,4473.254624,14676.032231,30.302873,120.000378,15084.157192,36.389676,228.742734,750.468288,0.708882,228.233816,748.798608,0.002937,0.009637,15.250045,50.032955,228.739195,750.456677,1.108740,3.637598,0.624375,2.048473,-0.000005,0.000368,0.000073,-0.000000,0.063989,0.004834,0.066718,0.000013,0.061430,-0.000027,1.001391,0.670143,0.000000,0.000000,0.000000,2977.552028,4653.494775,8012.029432,548.998405,259.094168,466.369502,0.779262,0.001512
66.499973,4473.211599,14675.891073,4473.192526,14675.828496,30.303079,120.000379,15107.014870,36.500479,228.740041,750.459451,0.708873,228.230964,748.789252,0.002937,0.009637,15.252321,50.040423,228.736512,750.447874,1.110393,3.643023,0.617578,2.026174,-0.000005,0.000369,0.000073,-0.000000,0.064029,0.004842,0.066729,0.000013,0.061472,-0.000027,1.001495,0.670227,0.000000,0.000000,0.000000,2978.303040,4653.413210,8011.992435,548.995870,259.094571,466.370227,0.779267,0.001512
66.599973,4473.150185,14675.689584,4473.131112,14675.627008,30.303285,120.000381,15129.872281,36.611446,228.737343,750.450599,0.708864,228.228114,748.779903,0.002937,0.009636,15.254499,50.047569,228.733824,750.439056,1.112047,3.648448,0.610680,2.003542,-0.000005,0.000369,0.000073,-0.000000,0.064070,0.004849,0.066740,0.000013,0.061515,-0.000027,1.001593,0.670313,0.000000,0.000000,0.000000,2979.072496,4653.331629,8011.955431,548.993334,259.094969,466.370945,0.779272,0.001512
66.699973,4473.089466,14675.490374,4473.070393,14675.427798,30.303492,120.000382,15152.729422,36.722579,228.734641,750.441737,0.708856,228.225268,748.770564,0.002937,0.009636,15.256580,50.054395,228.731133,750.430228,1.113700,3.653872,0.603686,1.980596,-0.000005,0.000368,0.000073,-0.000000,0.064110,0.004856,0.066749,0.000013,0.061559,-0.000027,1.001687,0.670401,0.000000,0.000000,0.000000,2979.859647,4653.250031,8011.918419,548.990798,259.095363,466.371654,0.779277,0.001512
66.799973,4473.029451,14675.293474,4473.010378,14675.230899,30.303698,120.000383,15175.586295,36.833877,228.731938,750.432868,0.708847,228.222426,748.761240,0.002937,0.009635,15.258564,50.060905,228.728441,750.421393,1.115354,3.659297,0.596600,1.957350,-0.000005,0.000368,0.000073,-0.000000,0.064151,0.004863,0.066759,0.000013,0.061604,-0.000027,1.001775,0.670491,0.000000,0.000000,0.000000,2980.663672,4653.168416,8011.881400,548.988261,259.095753,466.372355,0.779282,0.001512
66.899973,4472.970149,14675.098913,4472.951076,14675.036338,30.303904,120.000384,15198.442900,36.945339,228.729234,750.423997,0.708838,228.219590,748.751935,0.002937,0.009635,15.260453,50.067102,228.725747,750.412557,1.117007,3.664720,0.589429,1.933821,-0.000005,0.000368,0.000073,-0.000000,0.064191,0.004871,0.066768,0.000013,0.061650,-0.000027,1.001858,0.670582,0.000000,0.000000,0.000000,2981.483839,4653.086785,8011.844373,548.985724,259.096138,466.373048,0.779287,0.001512
66.999973,4472.911568,14674.906719,4472.892495,14674.844144,30.304110,120.000385,15221.299235,37.056967,228.726531,750.415129,0.708829,228.216761,748.742654,0.002936,0.009634,15.262248,50.072991,228.723055,750.403723,1.118660,3.670144,0.582176,1.910026,-0.000005,0.000367,0.000073,-0.000000,0.064231,0.004878,0.066777,0.000013,0.061696,-0.000027,1.001936,0.670676,0.000000,0.000000,0.000000,2982.319401,4653.005135,8011.807338,548.983186,259.096518,466.373733,0.779292,0.001512
67.099973,4472.853716,14674.716916,4472.834643,14674.654341,30.304316,120.000386,15244.155301,37.168760,228.723830,750.406267,0.708820,228.213940,748.733399,0.002936,0.009633,15.263950,50.078575,228.720364,750.394896,1.120313,3.675567,0.574847,1.885980,-0.000005,0.000366,0.000073,-0.000000,0.064272,0.004885,0.066785,0.000013,0.061744,-0.000027,1.002009,0.670771,0.000000,0.000000,0.000000,2983.169621,4652.923468,8011.770295,548.980648,259.096894,466.374409,0.779297,0.001512
67.199973,4472.796601,14674.529530,4472.777528,14674.466956,30.304523,120.000388,15267.011099,37.280717,228.721132,750.397416,0.708811,228.211128,748.724174,0.002936,0.009633,15.265560,50.083857,228.717677,750.386078,1.121966,3.680990,0.567446,1.861698,-0.000005,0.000365,0.000073,-0.000000,0.064312,0.004893,0.066793,0.000013,0.061793,-0.000027,1.002078,0.670868,0.000000,0.000000,0.000000,2984.033771,4652.841783,8011.733244,548.978109,259.097264,466.375076,0.779301,0.001512
67.299973,4472.740229,14674.344583,4472.721156,14674.282009,30.304729,120.000389,15289.866629,37.392839,228.718439,750.388579,0.708802,228.208327,748.714984,0.002936,0.009632,15.267079,50.088843,228.714993,750.377275,1.123619,3.686412,0.559978,1.837197,-0.000005,0.000364,0.000073,-0.000000,0.064352,0.004900,0.066800,0.000013,0.061842,-0.000027,1.002141,0.670966,0.000000,0.000000,0.000000,2984.911132,4652.760079,8011.696185,548.975570,259.097630,466.375734,0.779306,0.001512
67.399973,4472.684607,14674.162097,4472.665535,14674.099523,30.304935,120.000390,15312.721891,37.505127,228.715751,750.379761,0.708793,228.205538,748.705832,0.002936,0.009632,15.268509,50.093535,228.712316,750.368490,1.125271,3.691835,0.552447,1.812491,-0.000005,0.000363,0.000073,-0.000000,0.064392,0.004907,0.066807,0.000013,0.061892,-0.000027,1.002200,0.671065,0.000000,0.000000,0.000000,2985.801025,4652.678357,8011.659117,548.973030,259.097991,466.376384,0.779311,0.001512
67.499973,4472.629741,14673.982091,4472.610669,14673.919518,30.305141,120.000391,15335.576886,37.617579,228.713070,750.370965,0.708785,228.202761,748.696722,0.002935,0.009631,15.269851,50.097937,228.709645,750.359727,1.126924,3.697257,0.544859,1.787594,-0.000005,0.000361,0.000073,-0.000000,0.064432,0.004914,0.066814,0.000013,0.061943,-0.000027,1.002254,0.671166,0.000000,0.000000,0.000000,2986.702698,4652.596616,8011.622040,548.970489,259.098347,466.377025,0.779315,0.001512
67.599973,4472.575637,14673.804584,4472.556565,14673.742010,30.305347,120.000392,15358.431615,37.730196,228.710397,750.362194,0.708776,228.199998,748.687656,0.002935,0.009630,15.271106,50.102055,228.706981,750.350989,1.128576,3.702678,0.537217,1.762523,-0.000005,0.000360,0.000073,-0.000000,0.064471,0.004922,0.066820,0.000013,0.061995,-0.000027,1.002303,0.671268,0.000000,0.000000,0.000000,2987.615492,4652.514855,8011.584955,548.967948,259.098699,466.377658,0.779320,0.001512
67.699973,4472.522300,14673.629592,4472.503227,14673.567018,30.305553,120.000393,15381.286078,37.842978,228.707732,750.353453,0.708767,228.197249,748.678639,0.002935,0.009630,15.272275,50.105891,228.704327,750.342279,1.130229,3.708100,0.529526,1.737291,-0.000005,0.000358,0.000073,-0.000000,0.064511,0.004929,0.066826,0.000013,0.062047,-0.000027,1.002348,0.671372,0.000000,0.000000,0.000000,2988.538731,4652.433076,8011.547861,548.965407,259.099045,466.378281,0.779324,0.001512
67.799973,4472.469733,14673.457130,4472.450661,14673.394557,30.305760,120.000395,15404.140277,37.955925,228.705078,750.344745,0.708758,228.194516,748.669673,0.002935,0.009629,15.273360,50.109449,228.701682,750.333602,1.131881,3.713521,0.521791,1.711912,-0.000005,0.000356,0.000073,-0.000000,0.064550,0.004936,0.066832,0.000013,0.062099,-0.000027,1.002389,0.671476,0.000000,0.000000,0.000000,2989.471749,4652.351276,8011.510759,548.962864,259.099386,466.378895,0.779329,0.001512
67.899973,4472.417943,14673.287213,4472.398870,14673.224641,30.305966,120.000396,15426.994212,38.069037,228.702435,750.336072,0.708750,228.191800,748.660761,0.002935,0.009628,15.274362,50.112735,228.699048,750.324961,1.133534,3.718942,0.514015,1.686400,-0.000005,0.000354,0.000073,-0.000000,0.064589,0.004944,0.066837,0.000013,0.062153,-0.000027,1.002425,0.671582,0.000000,0.000000,0.000000,2990.413891,4652.269457,8011.473647,548.960321,259.099722,466.379500,0.779333,0.001512
67.999973,4472.366931,14673.119854,4472.347859,14673.057281,30.306172,120.000397,15449.847884,38.182314,228.699804,750.327439,0.708741,228.189101,748.651907,0.002935,0.009628,15.275281,50.115753,228.696426,750.316358,1.135186,3.724363,0.506203,1.660770,-0.000005,0.000352,0.000073,-0.000000,0.064628,0.004951,0.066842,0.000013,0.062207,-0.000027,1.002457,0.671688,0.000000,0.000000,0.000000,2991.364512,4652.187618,8011.436526,548.957778,259.100053,466.380096,0.779337,0.001512
68.099973,4472.316703,14672.955063,4472.297631,14672.892490,30.306378,120.000398,15472.701296,38.295755,228.697185,750.318849,0.708733,228.186421,748.643113,0.002934,0.009627,15.276120,50.118505,228.693817,750.307797,1.136838,3.729784,0.498358,1.635034,-0.000005,0.000350,0.000073,-0.000000,0.064667,0.004958,0.066846,0.000013,0.062261,-0.000027,1.002485,0.671795,0.000000,0.000000,0.000000,2992.322980,4652.105759,8011.399396,548.955233,259.100379,466.380683,0.779341,0.001512
68.199973,4472.267261,14672.792850,4472.248189,14672.730278,30.306584,120.000399,15495.554447,38.409362,228.694581,750.310304,0.708724,228.183760,748.634382,0.002934,0.009627,15.276880,50.120998,228.691221,750.299281,1.138490,3.735204,0.490486,1.609205,-0.000005,0.000348,0.000073,-0.000000,0.064705,0.004965,0.066850,0.000013,0.062316,-0.000027,1.002509,0.671903,0.000000,0.000000,0.000000,2993.288696,4652.023880,8011.362257,548.952689,259.100700,466.381260,0.779345,0.001512
68.299973,4472.218607,14672.633224,4472.199535,14672.570652,30.306790,120.000400,15518.407340,38.523133,228.691991,750.301808,0.708716,228.181119,748.625717,0.002934,0.009626,15.277562,50.123235,228.688640,750.290813,1.140142,3.740625,0.482589,1.583298,-0.000005,0.000345,0.000073,-0.000000,0.064744,0.004973,0.066854,0.000013,0.062371,-0.000027,1.002528,0.672012,0.000000,0.000000,0.000000,2994.260996,4651.941980,8011.325109,548.950143,259.101016,466.381829,0.779349,0.001512
68.399973,4472.170743,14672.476192,4472.151672,14672.413621,30.306996,120.000402,15541.259976,38.637069,228.689417,750.293364,0.708707,228.178498,748.617121,0.002934,0.009625,15.278167,50.125220,228.686074,750.282396,1.141795,3.746045,0.474672,1.557324,-0.000005,0.000343,0.000073,-0.000000,0.064782,0.004980,0.066857,0.000013,0.062426,-0.000027,1.002544,0.672121,0.000000,0.000000,0.000000,2995.239304,4651.860059,8011.287951,548.947597,259.101327,466.382388,0.779353,0.001512
68.499973,4472.123673,14672.321761,4472.104601,14672.259189,30.307203,120.000403,15564.112357,38.751171,228.686860,750.284973,0.708699,228.175900,748.608595,0.002934,0.009625,15.278697,50.126958,228.683525,750.274032,1.143447,3.751465,0.466739,1.531296,-0.000005,0.000340,0.000073,-0.000000,0.064819,0.004987,0.066860,0.000013,0.062482,-0.000027,1.002555,0.672232,0.000000,0.000000,0.000000,2996.223031,4651.778118,8011.250784,548.945050,259.101632,466.382938,0.779357,0.001512
68.599973,4472.077396,14672.169935,4472.058324,14672.107363,30.307409,120.000404,15586.964484,38.865436,228.684320,750.276640,0.708691,228.173324,748.600144,0.002933,0.009624,15.279152,50.128453,228.680993,750.265724,1.145099,3.756885,0.458793,1.505226,-0.000005,0.000337,0.000073,-0.000000,0.064857,0.004995,0.066863,0.000013,0.062538,-0.000027,1.002563,0.672342,0.000000,0.000000,0.000000,2997.211597,4651.696156,8011.213607,548.942503,259.101933,466.383479,0.779361,0.001512
68.699973,4472.031914,14672.020717,4472.012843,14671.958145,30.307615,120.000405,15609.816359,38.979867,228.681798,750.268367,0.708682,228.170771,748.591767,0.002933,0.009623,15.279535,50.129709,228.678478,750.257475,1.146751,3.762305,0.450838,1.479127,-0.000005,0.000334,0.000073,-0.000000,0.064894,0.005002,0.066866,0.000013,0.062594,-0.000027,1.002568,0.672453,0.000000,0.000000,0.000000,2998.204431,4651.614174,8011.176421,548.939955,259.102228,466.384010,0.779365,0.001512
68.799972,4471.987229,14671.874110,4471.968157,14671.811538,30.307821,120.000406,15632.667983,39.094463,228.679295,750.260155,0.708674,228.168241,748.583469,0.002933,0.009623,15.279847,50.130732,228.675983,750.249288,1.148403,3.767725,0.442877,1.453009,-0.000005,0.000331,0.000073,-0.000000,0.064931,0.005009,0.066868,0.000013,0.062651,-0.000027,1.002568,0.672565,0.000000,0.000000,0.000000,2999.200978,4651.532170,8011.139226,548.937406,259.102518,466.384532,0.779369,0.001512
68.899972,4471.943339,14671.730115,4471.924267,14671.667544,30.308027,120.000408,15655.519360,39.209223,228.676812,750.252008,0.708666,228.165736,748.575251,0.002933,0.009622,15.280089,50.131525,228.673507,750.241164,1.150055,3.773145,0.434915,1.426886,-0.000005,0.000328,0.000073,-0.000000,0.064968,0.005016,0.066869,0.000013,0.062708,-0.000027,1.002565,0.672677,0.000000,0.000000,0.000000,3000.200688,4651.450145,8011.102021,548.934857,259.102803,466.385045,0.779372,0.001512
68.999972,4471.900246,14671.588732,4471.881174,14671.526161,30.308233,120.000409,15678.370490,39.324148,228.674349,750.243929,0.708658,228.163257,748.567115,0.002933,0.009621,15.280262,50.132093,228.671051,750.233106,1.151707,3.778565,0.426954,1.400767,-0.000005,0.000325,0.000073,-0.000000,0.065004,0.005024,0.066871,0.000013,0.062765,-0.000027,1.002558,0.672789,0.000000,0.000000,0.000000,3001.203052,4651.368100,8011.064806,548.932307,259.103082,466.385548,0.779376,0.001512
69.099972,4471.857948,14671.449961,4471.838876,14671.387390,30.308439,120.000410,15701.221376,39.439239,228.671908,750.235918,0.708650,228.160803,748.559063,0.002932,0.009621,15.280368,50.132439,228.668615,750.225116,1.153358,3.783985,0.418998,1.374664,-0.000005,0.000322,0.000073,-0.000000,0.065040,0.005031,0.066872,0.000013,0.062822,-0.000027,1.002548,0.672901,0.000000,0.000000,0.000000,3002.207492,4651.286033,8011.027582,548.929756,259.103357,466.386043,0.779379,0.001512
69.199972,4471.816446,14671.313799,4471.797374,14671.251228,30.308646,120.000411,15724.072020,39.554494,228.669488,750.227979,0.708642,228.158375,748.551098,0.002932,0.009620,15.280407,50.132570,228.666202,750.217197,1.155010,3.789404,0.411050,1.348588,-0.000005,0.000318,0.000073,-0.000000,0.065075,0.005038,0.066873,0.000013,0.062879,-0.000027,1.002535,0.673014,0.000000,0.000000,0.000000,3003.213520,4651.203945,8010.990349,548.927205,259.103626,466.386528,0.779383,0.001512
69.299972,4471.775738,14671.180242,4471.756666,14671.117671,30.308852,120.000412,15746.922424,39.669913,228.667091,750.220114,0.708635,228.155974,748.543220,0.002932,0.009619,15.280383,50.132489,228.663810,750.209350,1.156662,3.794824,0.403113,1.322550,-0.000005,0.000315,0.000073,-0.000000,0.065111,0.005045,0.066874,0.000013,0.062937,-0.000027,1.002518,0.673126,0.000000,0.000000,0.000000,3004.220631,4651.121835,8010.953105,548.924653,259.103891,466.387003,0.779386,0.001512
69.399972,4471.735823,14671.049287,4471.716751,14670.986716,30.309058,120.000414,15769.772590,39.785498,228.664716,750.212324,0.708627,228.153600,748.535432,0.002932,0.009619,15.280295,50.132200,228.661441,750.201578,1.158314,3.800244,0.395191,1.296559,-0.000005,0.000311,0.000073,-0.000000,0.065146,0.005053,0.066874,0.000013,0.062994,-0.000027,1.002499,0.673239,0.000000,0.000000,0.000000,3005.228335,4651.039705,8010.915852,548.922100,259.104150,466.387470,0.779390,0.001512
69.499972,4471.696699,14670.920928,4471.677627,14670.858358,30.309264,120.000415,15792.622521,39.901247,228.662366,750.204612,0.708619,228.151254,748.527736,0.002932,0.009618,15.280145,50.131708,228.659096,750.193883,1.159966,3.805663,0.387287,1.270626,-0.000005,0.000308,0.000073,-0.000000,0.065180,0.005060,0.066874,0.000013,0.063052,-0.000027,1.002476,0.673352,0.000000,0.000000,0.000000,3006.236147,4650.957553,8010.878590,548.919547,259.104404,466.387927,0.779393,0.001512
69.599972,4471.658365,14670.795160,4471.639293,14670.732589,30.309470,120.000416,15815.472218,40.017162,228.660039,750.196979,0.708612,228.148936,748.520132,0.002931,0.009618,15.279934,50.131018,228.656774,750.186266,1.161618,3.811083,0.379403,1.244760,-0.000005,0.000304,0.000073,-0.000000,0.065214,0.005067,0.066874,0.000013,0.063109,-0.000027,1.002450,0.673464,0.000000,0.000000,0.000000,3007.243598,4650.875381,8010.841318,548.916993,259.104653,466.388375,0.779396,0.001512
69.699972,4471.620818,14670.671974,4471.601746,14670.609403,30.309676,120.000417,15838.321685,40.133241,228.657737,750.189427,0.708604,228.146647,748.512622,0.002931,0.009617,15.279665,50.130134,228.654476,750.178729,1.163270,3.816503,0.371543,1.218972,-0.000005,0.000301,0.000073,-0.000000,0.065248,0.005075,0.066873,0.000013,0.063167,-0.000027,1.002421,0.673577,0.000000,0.000000,0.000000,3008.250227,4650.793187,8010.804036,548.914438,259.104896,466.388813,0.779399,0.001512
69.799972,4471.584055,14670.551363,4471.564984,14670.488792,30.309882,120.000418,15861.170924,40.249485,228.655461,750.181958,0.708597,228.144388,748.505209,0.002931,0.009616,15.279337,50.129060,228.652204,750.171273,1.164922,3.821923,0.363709,1.193270,-0.000005,0.000297,0.000072,0.000000,0.065282,0.005082,0.066872,0.000013,0.063224,-0.000027,1.002389,0.673689,0.000000,0.000000,0.000000,3009.255585,4650.710972,8010.766745,548.911883,259.105135,466.389243,0.779402,0.001512
69.899972,4471.548075,14670.433317,4471.529003,14670.370746,30.310088,120.000420,15884.019937,40.365894,228.653210,750.174573,0.708590,228.142157,748.497892,0.002931,0.009616,15.278954,50.127801,228.649957,750.163901,1.166574,3.827343,0.355904,1.167664,-0.000005,0.000293,0.000072,0.000000,0.065315,0.005089,0.066871,0.000013,0.063281,-0.000027,1.002354,0.673801,0.000000,0.000000,0.000000,3010.259259,4650.628735,8010.729444,548.909327,259.105368,466.389663,0.779405,0.001512
69.999972,4471.512874,14670.317826,4471.493802,14670.255256,30.310294,120.000421,15906.868727,40.482467,228.650985,750.167275,0.708582,228.139957,748.490673,0.002931,0.009615,15.278515,50.126361,228.647736,750.156614,1.168226,3.832762,0.348131,1.142162,-0.000005,0.000289,0.000072,0.000000,0.065348,0.005096,0.066870,0.000013,0.063338,-0.000027,1.002317,0.673913,0.000000,0.000000,0.000000,3011.260767,4650.546478,8010.692133,548.906771,259.105597,466.390074,0.779408,0.001512
70.099972,4471.478448,14670.204881,4471.459376,14670.142310,30.310501,120.000422,15929.717297,40.599206,228.648787,750.160064,0.708575,228.137787,748.483554,0.002930,0.009614,15.278022,50.124744,228.645541,750.149413,1.169878,3.838182,0.340393,1.116774,-0.000005,0.000285,0.000072,0.000000,0.065380,0.005104,0.066869,0.000013,0.063395,-0.000027,1.002277,0.674025,0.000000,0.000000,0.000000,3012.259719,4650.464200,8010.654813,548.904213,259.105820,466.390477,0.779411,0.001512
70.199972,4471.444794,14670.094468,4471.425722,14670.031897,30.310707,120.000423,15952.565648,40.716109,228.646617,750.152941,0.708568,228.135648,748.476536,0.002930,0.009614,15.277477,50.122956,228.643373,750.142300,1.171530,3.843603,0.332691,1.091507,-0.000005,0.000281,0.000072,0.000000,0.065412,0.005111,0.066867,0.000013,0.063452,-0.000027,1.002235,0.674136,0.000000,0.000000,0.000000,3013.255709,4650.381901,8010.617484,548.901655,259.106039,466.390870,0.779414,0.001512
70.299972,4471.411908,14669.986575,4471.392837,14669.924004,30.310913,120.000425,15975.413785,40.833177,228.644473,750.145909,0.708561,228.133540,748.469619,0.002930,0.009613,15.276881,50.121000,228.641232,750.135277,1.173182,3.849023,0.325030,1.066370,-0.000005,0.000277,0.000072,0.000000,0.065443,0.005118,0.066865,0.000013,0.063509,-0.000027,1.002189,0.674247,0.000000,0.000000,0.000000,3014.248340,4650.299580,8010.580145,548.899097,259.106252,466.391254,0.779416,0.001512
70.399972,4471.379787,14669.881189,4471.360715,14669.818619,30.311119,120.000426,15998.261709,40.950410,228.642358,750.138969,0.708554,228.131463,748.462805,0.002930,0.009613,15.276235,50.118881,228.639119,750.128343,1.174834,3.854443,0.317410,1.041371,-0.000005,0.000273,0.000072,0.000000,0.065474,0.005126,0.066863,0.000013,0.063566,-0.000027,1.002142,0.674357,0.000000,0.000000,0.000000,3015.237226,4650.217239,8010.542796,548.896538,259.106461,466.391629,0.779419,0.001512
70.499972,4471.348425,14669.778296,4471.329353,14669.715725,30.311325,120.000427,16021.109423,41.067808,228.640270,750.132121,0.708548,228.129417,748.456094,0.002930,0.009612,15.275541,50.116603,228.637034,750.121501,1.176486,3.859864,0.309834,1.016517,-0.000005,0.000269,0.000072,0.000000,0.065505,0.005133,0.066860,0.000013,0.063622,-0.000027,1.002092,0.674467,0.000000,0.000000,0.000000,3016.221993,4650.134878,8010.505438,548.893978,259.106664,466.391996,0.779422,0.001512
70.599972,4471.317818,14669.677881,4471.298747,14669.615310,30.311531,120.000428,16043.956930,41.185371,228.638212,750.125366,0.708541,228.127404,748.449487,0.002930,0.009611,15.274799,50.114170,228.634976,750.114752,1.178139,3.865284,0.302305,0.991816,-0.000005,0.000264,0.000072,0.000000,0.065535,0.005140,0.066858,0.000013,0.063678,-0.000027,1.002040,0.674577,0.000000,0.000000,0.000000,3017.202275,4650.052495,8010.468071,548.891417,259.106863,466.392353,0.779424,0.001512
70.699972,4471.287962,14669.579928,4471.268890,14669.517357,30.311737,120.000429,16066.804234,41.303099,228.636182,750.118707,0.708534,228.125422,748.442986,0.002929,0.009611,15.274012,50.111587,228.632948,750.108097,1.179791,3.870705,0.294825,0.967275,-0.000005,0.000260,0.000072,0.000000,0.065565,0.005147,0.066855,0.000013,0.063734,-0.000027,1.001985,0.674686,0.000000,0.000000,0.000000,3018.177718,4649.970092,8010.430695,548.888856,259.107057,466.392702,0.779427,0.001512
70.799972,4471.258852,14669.484421,4471.239780,14669.421850,30.311943,120.000431,16089.651336,41.420991,228.634181,750.112143,0.708528,228.123473,748.436590,0.002929,0.009610,15.273180,50.108858,228.630948,750.101536,1.181443,3.876126,0.287396,0.942901,-0.000005,0.000256,0.000072,0.000000,0.065595,0.005155,0.066852,0.000013,0.063790,-0.000027,1.001929,0.674794,0.000000,0.000000,0.000000,3019.147978,4649.887669,8010.393309,548.886295,259.107246,466.393042,0.779429,0.001512
70.899972,4471.230481,14669.391343,4471.211409,14669.328771,30.312149,120.000432,16112.498240,41.539048,228.632210,750.105675,0.708522,228.121556,748.430300,0.002929,0.009610,15.272305,50.105987,228.628977,750.095070,1.183095,3.881547,0.280020,0.918701,-0.000005,0.000252,0.000072,0.000000,0.065624,0.005162,0.066848,0.000013,0.063845,-0.000027,1.001870,0.674902,0.000000,0.000000,0.000000,3020.112720,4649.805225,8010.355914,548.883732,259.107430,466.393374,0.779431,0.001512
70.999972,4471.202846,14669.300675,4471.183774,14669.238104,30.312355,120.000433,16135.344948,41.657271,228.630268,750.099305,0.708515,228.119671,748.424117,0.002929,0.009609,15.271388,50.102979,228.627036,750.088701,1.184748,3.886968,0.272699,0.894682,-0.000005,0.000247,0.000072,0.000000,0.065652,0.005169,0.066845,0.000013,0.063900,-0.000027,1.001810,0.675009,0.000000,0.000000,0.000000,3021.071621,4649.722762,8010.318510,548.881169,259.107609,466.393697,0.779434,0.001512
71.099972,4471.175940,14669.212400,4471.156868,14669.149829,30.312562,120.000434,16158.191465,41.775658,228.628357,750.093034,0.708509,228.117819,748.418042,0.002929,0.009609,15.270430,50.099837,228.625124,750.082429,1.186400,3.892389,0.265435,0.870849,-0.000005,0.000243,0.000072,0.000000,0.065680,0.005176,0.066841,0.000013,0.063954,-0.000027,1.001747,0.675115,0.000000,0.000000,0.000000,3022.024394,4649.640278,8010.281096,548.878606,259.107784,466.394011,0.779436,0.001512
71.199972,4471.149757,14669.126499,4471.130685,14669.063927,30.312768,120.000436,16181.037791,41.894210,228.626475,750.086861,0.708503,228.116000,748.412074,0.002929,0.009608,15.269433,50.096566,228.623242,750.076255,1.188053,3.897810,0.258230,0.847210,-0.000005,0.000239,0.000072,0.000000,0.065708,0.005184,0.066837,0.000013,0.064009,-0.000027,1.001683,0.675221,0.000000,0.000000,0.000000,3022.970681,4649.557774,8010.243674,548.876041,259.107954,466.394317,0.779438,0.001512
71.299971,4471.124292,14669.042952,4471.105220,14668.980380,30.312974,120.000437,16203.883932,42.012926,228.624624,750.080787,0.708497,228.114214,748.406214,0.002928,0.009607,15.268398,50.093170,228.621391,750.070179,1.189705,3.903232,0.251085,0.823769,-0.000005,0.000234,0.000072,0.000000,0.065735,0.005191,0.066833,0.000013,0.064062,-0.000027,1.001617,0.675326,0.000000,0.000000,0.000000,3023.910215,4649.475250,8010.206243,548.873477,259.108119,466.394614,0.779440,0.001512
71.399971,4471.099538,14668.961739,4471.080466,14668.899167,30.313180,120.000438,16226.729888,42.131808,228.622803,750.074814,0.708491,228.112461,748.400463,0.002928,0.009607,15.267326,50.089654,228.619569,750.064202,1.191358,3.908654,0.244002,0.800533,-0.000005,0.000230,0.000072,0.000000,0.065762,0.005198,0.066829,0.000013,0.064116,-0.000027,1.001549,0.675430,0.000000,0.000000,0.000000,3024.842711,4649.392707,8010.168802,548.870911,259.108280,466.394904,0.779442,0.001512
71.499971,4471.075489,14668.882839,4471.056417,14668.820267,30.313386,120.000439,16249.575665,42.250855,228.621013,750.068941,0.708486,228.110741,748.394820,0.002928,0.009606,15.266219,50.086020,228.617778,750.058325,1.193010,3.914076,0.236984,0.777507,-0.000005,0.000225,0.000072,0.000000,0.065788,0.005206,0.066825,0.000013,0.064169,-0.000027,1.001479,0.675533,0.000000,0.000000,0.000000,3025.767897,4649.310144,8010.131353,548.868345,259.108436,466.395185,0.779444,0.001512
71.599971,4471.052139,14668.806231,4471.033067,14668.743658,30.313592,120.000441,16272.421264,42.370066,228.619254,750.063169,0.708480,228.109054,748.389286,0.002928,0.009606,15.265077,50.082273,228.616017,750.052548,1.194663,3.919498,0.230032,0.754697,-0.000005,0.000221,0.000072,0.000000,0.065814,0.005213,0.066820,0.000013,0.064222,-0.000027,1.001408,0.675636,0.000000,0.000000,0.000000,3026.685507,4649.227562,8010.093895,548.865778,259.108587,466.395457,0.779446,0.001512
71.699971,4471.029481,14668.731893,4471.010409,14668.669320,30.313798,120.000442,16295.266688,42.489443,228.617526,750.057499,0.708474,228.107401,748.383861,0.002928,0.009605,15.263902,50.078418,228.614287,750.046872,1.196316,3.924921,0.223146,0.732106,-0.000005,0.000216,0.000072,0.000000,0.065840,0.005220,0.066816,0.000013,0.064274,-0.000027,1.001335,0.675737,0.000000,0.000000,0.000000,3027.595285,4649.144961,8010.056429,548.863211,259.108735,466.395722,0.779448,0.001512
71.799971,4471.007508,14668.659802,4470.988436,14668.597230,30.314004,120.000443,16318.111942,42.608984,228.615828,750.051930,0.708469,228.105780,748.378545,0.002928,0.009605,15.262695,50.074457,228.612587,750.041296,1.197969,3.930343,0.216329,0.709741,-0.000005,0.000212,0.000072,0.000000,0.065865,0.005227,0.066811,0.000013,0.064326,-0.000027,1.001261,0.675838,0.000000,0.000000,0.000000,3028.496986,4649.062341,8010.018954,548.860643,259.108877,466.395979,0.779450,0.001512
71.899971,4470.986213,14668.589937,4470.967141,14668.527364,30.314210,120.000444,16340.957027,42.728690,228.614162,750.046463,0.708464,228.104193,748.373338,0.002927,0.009604,15.261457,50.070396,228.610919,750.035822,1.199622,3.935766,0.209582,0.687606,-0.000005,0.000207,0.000072,0.000000,0.065889,0.005235,0.066806,0.000013,0.064377,-0.000027,1.001186,0.675937,0.000000,0.000000,0.000000,3029.390374,4648.979702,8009.981470,548.858075,259.109015,466.396228,0.779452,0.001512
71.999971,4470.965589,14668.522274,4470.946517,14668.459701,30.314416,120.000446,16363.801947,42.848562,228.612527,750.041099,0.708458,228.102639,748.368240,0.002927,0.009604,15.260189,50.066238,228.609281,750.030449,1.201275,3.941189,0.202907,0.665706,-0.000005,0.000203,0.000072,0.000000,0.065913,0.005242,0.066801,0.000013,0.064428,-0.000027,1.001109,0.676036,0.000000,0.000000,0.000000,3030.275222,4648.897044,8009.943978,548.855506,259.109149,466.396469,0.779454,0.001512
72.099971,4470.945629,14668.456789,4470.926557,14668.394215,30.314622,120.000447,16386.646705,42.968598,228.610923,750.035837,0.708453,228.101119,748.363250,0.002927,0.009603,15.258893,50.061986,228.607674,750.025177,1.202928,3.946613,0.196304,0.644044,-0.000005,0.000198,0.000072,0.000000,0.065937,0.005249,0.066796,0.000013,0.064478,-0.000027,1.001031,0.676134,0.000000,0.000000,0.000000,3031.151311,4648.814368,8009.906477,548.852936,259.109279,466.396702,0.779455,0.001512
72.199971,4470.926326,14668.393458,4470.907253,14668.330884,30.314828,120.000448,16409.491304,43.088799,228.609351,750.030678,0.708448,228.099631,748.358370,0.002927,0.009603,15.257570,50.057645,228.606098,750.020008,1.204581,3.952036,0.189776,0.622624,-0.000005,0.000194,0.000072,0.000000,0.065960,0.005256,0.066790,0.000013,0.064528,-0.000027,1.000951,0.676231,0.000000,0.000000,0.000000,3032.018433,4648.731674,8009.868968,548.850366,259.109404,466.396927,0.779457,0.001512
72.299971,4470.907672,14668.332256,4470.888599,14668.269682,30.315034,120.000449,16432.335747,43.209165,228.607809,750.025621,0.708443,228.098177,748.353598,0.002927,0.009602,15.256221,50.053218,228.604554,750.014940,1.206234,3.957460,0.183322,0.601451,-0.000005,0.000189,0.000072,0.000000,0.065983,0.005264,0.066785,0.000013,0.064578,-0.000027,1.000871,0.676326,0.000000,0.000000,0.000000,3032.876387,4648.648961,8009.831451,548.847795,259.109525,466.397145,0.779458,0.001512
72.399971,4470.889659,14668.273160,4470.870586,14668.210585,30.315241,120.000451,16455.180037,43.329696,228.606299,750.020667,0.708438,228.096755,748.348935,0.002927,0.009602,15.254847,50.048710,228.603040,750.009973,1.207887,3.962884,0.176945,0.580528,-0.000005,0.000185,0.000072,0.000000,0.066005,0.005271,0.066779,0.000013,0.064626,-0.000027,1.000789,0.676421,0.000000,0.000000,0.000000,3033.724984,4648.566231,8009.793926,548.845224,259.109642,466.397356,0.779460,0.001512
72.499971,4470.872280,14668.216143,4470.853208,14668.153568,30.315447,120.000452,16478.024178,43.450392,228.604821,750.015816,0.708434,228.095367,748.344379,0.002926,0.009601,15.253449,50.044123,228.601557,750.005109,1.209541,3.968309,0.170645,0.559859,-0.000005,0.000180,0.000072,0.000000,0.066027,0.005278,0.066774,0.000013,0.064675,-0.000027,1.000707,0.676514,0.000000,0.000000,0.000000,3034.564039,4648.483483,8009.756393,548.842652,259.109755,466.397559,0.779461,0.001512
72.599971,4470.855528,14668.161180,4470.836455,14668.098605,30.315653,120.000453,16500.868172,43.571253,228.603373,750.011067,0.708429,228.094011,748.339932,0.002926,0.009601,15.252028,50.039461,228.600106,750.000346,1.211194,3.973733,0.164423,0.539447,-0.000005,0.000176,0.000072,0.000000,0.066049,0.005285,0.066768,0.000013,0.064722,-0.000027,1.000623,0.676607,0.000000,0.000000,0.000000,3035.393380,4648.400717,8009.718852,548.840080,259.109864,466.397754,0.779463,0.001512
72.699971,4470.839393,14668.108245,4470.820320,14668.045670,30.315859,120.000454,16523.712023,43.692279,228.601957,750.006421,0.708424,228.092688,748.335591,0.002926,0.009600,15.250585,50.034729,228.598685,749.995685,1.212847,3.979158,0.158281,0.519295,-0.000005,0.000171,0.000072,0.000000,0.066070,0.005293,0.066762,0.000013,0.064770,-0.000027,1.000539,0.676698,0.000000,0.000000,0.000000,3036.212842,4648.317934,8009.681303,548.837507,259.109968,466.397943,0.779464,0.001512
72.799971,4470.823869,14668.057313,4470.804796,14667.994737,30.316065,120.000456,16546.555733,43.813470,228.600572,750.001877,0.708420,228.091398,748.331358,0.002926,0.009600,15.249122,50.029929,228.597295,749.991126,1.214501,3.984584,0.152219,0.499405,-0.000005,0.000167,0.000072,0.000000,0.066090,0.005300,0.066756,0.000013,0.064816,-0.000027,1.000453,0.676788,0.000000,0.000000,0.000000,3037.022267,4648.235134,8009.643746,548.834933,259.110069,466.398124,0.779465,0.001512
72.899971,4470.808947,14668.008356,4470.789874,14667.945780,30.316271,120.000457,16569.399307,43.934825,228.599218,749.997435,0.708416,228.090140,748.327231,0.002926,0.009599,15.247640,50.025065,228.595936,749.986668,1.216155,3.990009,0.146237,0.479782,-0.000005,0.000162,0.000072,0.000000,0.066110,0.005307,0.066750,0.000013,0.064862,-0.000027,1.000367,0.676878,0.000000,0.000000,0.000000,3037.821507,4648.152318,8009.606181,548.832359,259.110166,466.398299,0.779467,0.001512
72.999971,4470.794619,14667.961348,4470.775546,14667.898772,30.316477,120.000458,16592.242745,44.056346,228.597895,749.993095,0.708411,228.088915,748.323211,0.002926,0.009599,15.246139,50.020141,228.594608,749.982311,1.217809,3.995435,0.140338,0.460426,-0.000005,0.000158,0.000072,0.000000,0.066130,0.005315,0.066744,0.000013,0.064908,-0.000027,1.000281,0.676965,0.000000,0.000000,0.000000,3038.610421,4648.069484,8009.568609,548.829785,259.110259,466.398466,0.779468,0.001512
73.099971,4470.780877,14667.916262,4470.761803,14667.853686,30.316683,120.000459,16615.086053,44.178032,228.596603,749.988856,0.708407,228.087721,748.319295,0.002926,0.009598,15.244620,50.015159,228.593311,749.978055,1.219462,4.000861,0.134521,0.441341,-0.000005,0.000153,0.000072,0.000000,0.066149,0.005322,0.066737,0.000013,0.064953,-0.000027,1.000193,0.677052,0.000000,0.000000,0.000000,3039.388878,4647.986634,8009.531030,548.827210,259.110348,466.398627,0.779469,0.001512
73.199971,4470.767712,14667.873071,4470.748639,14667.810495,30.316889,120.000461,16637.929233,44.299883,228.595342,749.984718,0.708403,228.086560,748.315485,0.002925,0.009598,15.243086,50.010124,228.592044,749.973899,1.221116,4.006287,0.128787,0.422529,-0.000005,0.000149,0.000072,0.000000,0.066168,0.005329,0.066731,0.000013,0.064997,-0.000027,1.000105,0.677138,0.000000,0.000000,0.000000,3040.156753,4647.903768,8009.493443,548.824634,259.110434,466.398780,0.779470,0.001512
73.299971,4470.755117,14667.831748,4470.736043,14667.769171,30.317095,120.000462,16660.772288,44.421899,228.594112,749.980681,0.708399,228.085430,748.311779,0.002925,0.009598,15.241536,50.005038,228.590808,749.969843,1.222770,4.011714,0.123137,0.403992,-0.000005,0.000144,0.000072,0.000000,0.066186,0.005336,0.066725,0.000013,0.065041,-0.000027,1.000016,0.677222,0.000000,0.000000,0.000000,3040.913956,4647.820886,8009.455849,548.822058,259.110515,466.398928,0.779471,0.001512
73.399971,4470.743082,14667.792264,4470.724009,14667.729687,30.317301,120.000463,16683.615221,44.544080,228.592912,749.976745,0.708396,228.084332,748.308177,0.002925,0.009597,15.239971,49.999905,228.589602,749.965887,1.224424,4.017141,0.117571,0.385732,-0.000005,0.000140,0.000072,0.000000,0.066204,0.005344,0.066718,0.000013,0.065084,-0.000027,0.999927,0.677305,0.000000,0.000000,0.000000,3041.660324,4647.737989,8009.418248,548.819482,259.110593,466.399068,0.779472,0.001512
73.499971,4470.731600,14667.754593,4470.712526,14667.692015,30.317507,120.000464,16706.458034,44.666426,228.591742,749.972908,0.708392,228.083266,748.304678,0.002925,0.009597,15.238393,49.994728,228.588427,749.962030,1.226079,4.022568,0.112090,0.367750,-0.000005,0.000136,0.000072,0.000000,0.066221,0.005351,0.066712,0.000013,0.065126,-0.000027,0.999837,0.677387,0.000000,0.000000,0.000000,3042.395784,4647.655076,8009.380640,548.816905,259.110668,466.399202,0.779473,0.001512
73.599971,4470.720662,14667.718706,4470.701588,14667.656128,30.317713,120.000466,16729.300732,44.788937,228.590603,749.969171,0.708388,228.082230,748.301281,0.002925,0.009596,15.236803,49.989511,228.587281,749.958273,1.227733,4.027995,0.106694,0.350048,-0.000005,0.000131,0.000072,0.000000,0.066238,0.005358,0.066705,0.000013,0.065168,-0.000027,0.999747,0.677468,0.000000,0.000000,0.000000,3043.120241,4647.572147,8009.343025,548.814327,259.110739,466.399330,0.779474,0.001512
73.699971,4470.710258,14667.684575,4470.691185,14667.621996,30.317919,120.000467,16752.143317,44.911613,228.589494,749.965533,0.708385,228.081226,748.297985,0.002925,0.009596,15.235201,49.984255,228.586166,749.954613,1.229387,4.033423,0.101385,0.332627,-0.000005,0.000127,0.000072,0.000000,0.066255,0.005365,0.066698,0.000013,0.065209,-0.000027,0.999656,0.677547,0.000000,0.000000,0.000000,3043.833608,4647.489203,8009.305403,548.811749,259.110807,466.399452,0.779475,0.001512
73.799970,4470.700382,14667.652172,4470.681308,14667.589593,30.318125,120.000468,16774.985792,45.034454,228.588416,749.961993,0.708381,228.080252,748.294791,0.002925,0.009596,15.233589,49.978965,228.585080,749.951051,1.231042,4.038851,0.096161,0.315489,-0.000005,0.000123,0.000072,0.000000,0.066271,0.005373,0.066691,0.000013,0.065250,-0.000027,0.999566,0.677626,0.000000,0.000000,0.000000,3044.535808,4647.406245,8009.267774,548.809171,259.110871,466.399567,0.779476,0.001512
73.899970,4470.691024,14667.621468,4470.671949,14667.558889,30.318331,120.000470,16797.828160,45.157461,228.587366,749.958551,0.708378,228.079309,748.291696,0.002925,0.009595,15.231967,49.973644,228.584024,749.947587,1.232696,4.044280,0.091024,0.298634,-0.000005,0.000118,0.000072,0.000000,0.066286,0.005380,0.066685,0.000013,0.065290,-0.000027,0.999474,0.677703,0.000000,0.000000,0.000000,3045.226767,4647.323272,8009.230139,548.806592,259.110931,466.399676,0.779476,0.001512
73.999970,4470.682175,14667.592436,4470.663100,14667.529857,30.318537,120.000471,16820.670425,45.280632,228.586347,749.955206,0.708375,228.078396,748.288701,0.002925,0.009595,15.230336,49.968294,228.582998,749.944219,1.234351,4.049708,0.085973,0.282065,-0.000005,0.000114,0.000072,0.000000,0.066302,0.005387,0.066678,0.000013,0.065329,-0.000027,0.999383,0.677778,0.000000,0.000000,0.000000,3045.906420,4647.240285,8009.192497,548.804013,259.110989,466.399780,0.779477,0.001512
74.099970,4470.673826,14667.565047,4470.654752,14667.502467,30.318744,120.000472,16843.512588,45.403969,228.585357,749.951957,0.708371,228.077513,748.285804,0.002924,0.009595,15.228697,49.962918,228.582001,749.940947,1.236006,4.055137,0.081010,0.265781,-0.000005,0.000110,0.000072,0.000000,0.066316,0.005394,0.066671,0.000013,0.065368,-0.000027,0.999292,0.677853,0.000000,0.000000,0.000000,3046.574708,4647.157283,8009.154848,548.801433,259.111043,466.399877,0.779478,0.001512
74.199970,4470.665970,14667.539271,4470.646895,14667.476691,30.318950,120.000473,16866.354652,45.527470,228.584396,749.948804,0.708368,228.076660,748.283005,0.002924,0.009594,15.227052,49.957519,228.581032,749.937770,1.237661,4.060567,0.076134,0.249782,-0.000005,0.000106,0.000072,0.000000,0.066331,0.005402,0.066664,0.000013,0.065406,-0.000027,0.999200,0.677926,0.000000,0.000000,0.000000,3047.231580,4647.074268,8009.117194,548.798853,259.111094,466.399969,0.779478,0.001512
74.299970,4470.658597,14667.515081,4470.639522,14667.452501,30.319156,120.000475,16889.196622,45.651137,228.583463,749.945746,0.708365,228.075836,748.280302,0.002924,0.009594,15.225400,49.952100,228.580093,749.934687,1.239316,4.065997,0.071345,0.234071,-0.000005,0.000102,0.000072,0.000000,0.066345,0.005409,0.066657,0.000013,0.065443,-0.000027,0.999108,0.677998,0.000000,0.000000,0.000000,3047.876991,4646.991239,8009.079533,548.796272,259.111142,466.400055,0.779479,0.001512
74.399970,4470.651698,14667.492448,4470.632624,14667.429867,30.319362,120.000476,16912.038499,45.774969,228.582560,749.942783,0.708363,228.075041,748.277694,0.002924,0.009593,15.223743,49.946664,228.579182,749.931699,1.240971,4.071427,0.066643,0.218646,-0.000005,0.000097,0.000072,0.000000,0.066358,0.005416,0.066650,0.000013,0.065480,-0.000027,0.999016,0.678068,0.000000,0.000000,0.000000,3048.510902,4646.908197,8009.041866,548.793691,259.111187,466.400136,0.779480,0.001512
74.499970,4470.645266,14667.471344,4470.626191,14667.408762,30.319568,120.000477,16934.880286,45.898966,228.581685,749.939913,0.708360,228.074275,748.275182,0.002924,0.009593,15.222082,49.941213,228.578299,749.928803,1.242626,4.076857,0.062029,0.203509,-0.000005,0.000093,0.000072,0.000000,0.066372,0.005423,0.066643,0.000013,0.065516,-0.000027,0.998924,0.678138,0.000000,0.000000,0.000000,3049.133280,4646.825142,8009.004193,548.791110,259.111228,466.400211,0.779480,0.001512
74.599970,4470.639290,14667.451738,4470.620215,14667.389156,30.319774,120.000479,16957.721987,46.023128,228.580839,749.937135,0.708357,228.073538,748.272763,0.002924,0.009593,15.220417,49.935750,228.577445,749.926000,1.244281,4.082287,0.057503,0.188659,-0.000005,0.000089,0.000072,0.000000,0.066384,0.005431,0.066636,0.000013,0.065551,-0.000027,0.998833,0.678206,0.000000,0.000000,0.000000,3049.744099,4646.742073,8008.966515,548.788528,259.111267,466.400281,0.779481,0.001512
74.699970,4470.633762,14667.433603,4470.614687,14667.371021,30.319980,120.000480,16980.563604,46.147455,228.580020,749.934450,0.708355,228.072829,748.270436,0.002924,0.009592,15.218749,49.930278,228.576618,749.923289,1.245937,4.087718,0.053064,0.174096,-0.000005,0.000085,0.000072,0.000000,0.066397,0.005438,0.066629,0.000013,0.065586,-0.000027,0.998741,0.678272,0.000000,0.000000,0.000000,3050.343339,4646.658992,8008.928830,548.785946,259.111303,466.400346,0.779481,0.001512
74.799970,4470.628674,14667.416910,4470.609599,14667.354327,30.320186,120.000481,17003.405140,46.271948,228.579229,749.931855,0.708352,228.072148,748.268202,0.002924,0.009592,15.217079,49.924800,228.575820,749.920668,1.247592,4.093150,0.048713,0.159820,-0.000005,0.000081,0.000072,0.000000,0.066409,0.005445,0.066622,0.000013,0.065620,-0.000027,0.998649,0.678338,0.000000,0.000000,0.000000,3050.930985,4646.575899,8008.891140,548.783363,259.111336,466.400405,0.779482,0.001512
74.899970,4470.624017,14667.401630,4470.604942,14667.339047,30.320392,120.000482,17026.246597,46.396605,228.578466,749.929351,0.708350,228.071494,748.266057,0.002924,0.009592,15.215408,49.919317,228.575048,749.918136,1.249248,4.098581,0.044449,0.145831,-0.000005,0.000077,0.000072,0.000000,0.066420,0.005453,0.066615,0.000013,0.065653,-0.000027,0.998558,0.678402,0.000000,0.000000,0.000000,3051.507030,4646.492793,8008.853445,548.780780,259.111366,466.400459,0.779482,0.001512
74.999970,4470.619782,14667.387735,4470.600706,14667.325152,30.320598,120.000484,17049.087978,46.521428,228.577730,749.926935,0.708347,228.070868,748.264003,0.002924,0.009592,15.213736,49.913832,228.574304,749.915694,1.250903,4.104013,0.040273,0.132128,-0.000005,0.000073,0.000072,0.000000,0.066431,0.005460,0.066608,0.000013,0.065686,-0.000027,0.998466,0.678465,0.000000,0.000000,0.000000,3052.071470,4646.409676,8008.815744,548.778197,259.111394,466.400509,0.779482,0.001512
75.099970,4470.615960,14667.375196,4470.596884,14667.312612,30.320804,120.000485,17071.929286,46.646416,228.577021,749.924609,0.708345,228.070269,748.262037,0.002923,0.009591,15.212064,49.908347,228.573586,749.913340,1.252559,4.109445,0.036183,0.118712,-0.000005,0.000070,0.000072,0.000000,0.066442,0.005467,0.066600,0.000013,0.065718,-0.000027,0.998375,0.678526,0.000000,0.000000,0.000000,3052.624308,4646.326547,8008.778037,548.775613,259.111419,466.400554,0.779483,0.001512
75.199970,4470.612542,14667.363984,4470.593467,14667.301400,30.321010,120.000486,17094.770525,46.771569,228.576338,749.922369,0.708343,228.069696,748.260158,0.002923,0.009591,15.210393,49.902866,228.572895,749.911072,1.254215,4.114878,0.032181,0.105580,-0.000005,0.000066,0.000072,0.000000,0.066452,0.005474,0.066593,0.000013,0.065750,-0.000027,0.998284,0.678586,0.000000,0.000000,0.000000,3053.165552,4646.243406,8008.740326,548.773029,259.111441,466.400593,0.779483,0.001512
75.299970,4470.609521,14667.354072,4470.590445,14667.291486,30.321216,120.000488,17117.611695,46.896887,228.575682,749.920216,0.708341,228.069150,748.258365,0.002923,0.009591,15.208724,49.897389,228.572230,749.908891,1.255871,4.120311,0.028265,0.092734,-0.000005,0.000062,0.000072,0.000000,0.066462,0.005482,0.066586,0.000013,0.065780,-0.000027,0.998194,0.678645,0.000000,0.000000,0.000000,3053.695215,4646.160255,8008.702609,548.770445,259.111460,466.400629,0.779483,0.001512
75.399970,4470.606887,14667.345429,4470.587811,14667.282844,30.321422,120.000489,17140.452800,47.022371,228.575052,749.918149,0.708339,228.068629,748.256658,0.002923,0.009590,15.207057,49.891921,228.571591,749.906795,1.257527,4.125744,0.024436,0.080170,-0.000005,0.000058,0.000072,0.000000,0.066472,0.005489,0.066579,0.000013,0.065810,-0.000027,0.998104,0.678703,0.000000,0.000000,0.000000,3054.213316,4646.077092,8008.664888,548.767860,259.111478,466.400660,0.779483,0.001512
75.499970,4470.604631,14667.338029,4470.585555,14667.275443,30.321628,120.000490,17163.293843,47.148020,228.574447,749.916166,0.708337,228.068134,748.255034,0.002923,0.009590,15.205393,49.886461,228.570978,749.904784,1.259183,4.131178,0.020693,0.067890,-0.000005,0.000055,0.000072,0.000000,0.066481,0.005496,0.066572,0.000013,0.065840,-0.000027,0.998014,0.678759,0.000000,0.000000,0.000000,3054.719880,4645.993918,8008.627161,548.765275,259.111492,466.400686,0.779484,0.001512
75.599970,4470.602746,14667.331843,4470.583669,14667.269256,30.321834,120.000492,17186.134825,47.273834,228.573868,749.914266,0.708335,228.067665,748.253494,0.002923,0.009590,15.203733,49.881014,228.570390,749.902855,1.260839,4.136612,0.017036,0.055891,-0.000005,0.000051,0.000072,0.000000,0.066490,0.005503,0.066565,0.000013,0.065869,-0.000027,0.997924,0.678814,0.000000,0.000000,0.000000,3055.214933,4645.910734,8008.589430,548.762690,259.111504,466.400708,0.779484,0.001512
75.699970,4470.601222,14667.326842,4470.582145,14667.264255,30.322040,120.000493,17208.975750,47.399813,228.573314,749.912449,0.708334,228.067220,748.252035,0.002923,0.009590,15.202077,49.875580,228.569827,749.901009,1.262496,4.142046,0.013464,0.044172,-0.000005,0.000047,0.000072,0.000000,0.066499,0.005511,0.066558,0.000013,0.065897,-0.000027,0.997835,0.678868,0.000000,0.000000,0.000000,3055.698511,4645.827540,8008.551694,548.760104,259.111514,466.400726,0.779484,0.001512
75.799970,4470.600050,14667.323000,4470.580974,14667.260412,30.322246,120.000494,17231.816620,47.525958,228.572785,749.910713,0.708332,228.066800,748.250656,0.002923,0.009589,15.200425,49.870162,228.569289,749.899243,1.264152,4.147480,0.009977,0.032733,-0.000005,0.000044,0.000072,0.000000,0.066507,0.005518,0.066551,0.000013,0.065924,-0.000027,0.997746,0.678921,0.000000,0.000000,0.000000,3056.170649,4645.744336,8008.513954,548.757518,259.111522,466.400739,0.779484,0.001512
75.899970,4470.599224,14667.320288,4470.580147,14667.257699,30.322452,120.000495,17254.657438,47.652268,228.572281,749.909058,0.708330,228.066404,748.249357,0.002923,0.009589,15.198779,49.864762,228.568776,749.897558,1.265809,4.152915,0.006575,0.021572,-0.000005,0.000040,0.000072,0.000000,0.066515,0.005525,0.066544,0.000013,0.065951,-0.000027,0.997658,0.678972,0.000000,0.000000,0.000000,3056.631392,4645.661122,8008.476209,548.754932,259.111527,466.400749,0.779484,0.001512
75.999970,4470.598733,14667.318677,4470.579656,14667.256089,30.322658,120.000497,17277.498206,47.778743,228.571800,749.907482,0.708329,228.066032,748.248136,0.002923,0.009589,15.197140,49.859382,228.568286,749.895952,1.267465,4.158350,0.003257,0.010687,-0.000005,0.000037,0.000072,0.000000,0.066522,0.005532,0.066536,0.000013,0.065977,-0.000027,0.997571,0.679022,0.000000,0.000000,0.000000,3057.080786,4645.577899,8008.438460,548.752345,259.111530,466.400755,0.779484,0.001512
76.099970,4470.598570,14667.318142,4470.579493,14667.255553,30.322864,120.000498,17300.338925,47.905383,228.571344,749.905984,0.708327,228.065683,748.246992,0.002923,0.009589,15.195506,49.854023,228.567820,749.894424,1.269122,4.163786,0.000023,0.000076,-0.000005,0.000033,0.000072,0.000000,0.066529,0.005540,0.066529,0.000013,0.066003,-0.000027,0.997484,0.679071,0.000000,0.000000,0.000000,3057.518882,4645.494666,8008.400707,548.749758,259.111531,466.400757,0.779484,0.001512
76.199970,4470.598726,14667.318654,4470.579648,14667.256064,30.323070,120.000499,17323.179600,48.032189,228.570911,749.904563,0.708326,228.065357,748.245923,0.002923,0.009589,15.193880,49.848688,228.567378,749.892973,1.270779,4.169222,-0.003127,-0.010261,-0.000005,0.000030,0.000072,0.000000,0.066536,0.005547,0.066522,0.000013,0.066028,-0.000027,0.997397,0.679118,0.000000,0.000000,0.000000,3057.945736,4645.411425,8008.362949,548.747171,259.111530,466.400755,0.779484,0.001512
76.299969,4470.599193,14667.320186,4470.580115,14667.257596,30.323276,120.000501,17346.020231,48.159160,228.570501,749.903218,0.708325,228.065054,748.244929,0.002923,0.009588,15.192261,49.843378,228.566959,749.891597,1.272436,4.174658,-0.006195,-0.020326,-0.000005,0.000027,0.000072,0.000000,0.066543,0.005554,0.066515,0.000013,0.066052,-0.000027,0.997311,0.679165,0.000000,0.000000,0.000000,3058.361407,4645.328174,8008.325188,548.744583,259.111527,466.400749,0.779484,0.001512
76.399969,4470.599962,14667.322711,4470.580885,14667.260121,30.323482,120.000502,17368.860822,48.286296,228.570114,749.901948,0.708324,228.064774,748.244008,0.002922,0.009588,15.190651,49.838095,228.566562,749.890297,1.274093,4.180094,-0.009181,-0.030122,-0.000005,0.000023,0.000072,0.000000,0.066549,0.005561,0.066509,0.000013,0.066076,-0.000027,0.997226,0.679210,0.000000,0.000000,0.000000,3058.765958,4645.244915,8008.287423,548.741996,259.111522,466.400740,0.779484,0.001512
76.499969,4470.601027,14667.326203,4470.581949,14667.263612,30.323688,120.000503,17391.701374,48.413598,228.569749,749.900751,0.708322,228.064515,748.243159,0.002922,0.009588,15.189050,49.832840,228.566188,749.889070,1.275750,4.185531,-0.012086,-0.039651,-0.000005,0.000020,0.000072,0.000000,0.066554,0.005569,0.066502,0.000013,0.066099,-0.000027,0.997141,0.679253,0.000000,0.000000,0.000000,3059.159457,4645.161648,8008.249653,548.739408,259.111516,466.400728,0.779484,0.001512
76.599969,4470.602377,14667.330634,4470.583299,14667.268042,30.323895,120.000505,17414.541890,48.541065,228.569406,749.899628,0.708321,228.064278,748.242380,0.002922,0.009588,15.187457,49.827616,228.565836,749.887915,1.277407,4.190968,-0.014909,-0.048913,-0.000005,0.000017,0.000072,0.000000,0.066560,0.005576,0.066495,0.000013,0.066121,-0.000027,0.997057,0.679296,0.000000,0.000000,0.000000,3059.541974,4645.078373,8008.211881,548.736819,259.111507,466.400712,0.779484,0.001512
76.699969,4470.604006,14667.335978,4470.584928,14667.273385,30.324101,120.000506,17437.382371,48.668697,228.569086,749.898575,0.708320,228.064062,748.241672,0.002922,0.009588,15.185875,49.822424,228.565506,749.886832,1.279064,4.196405,-0.017652,-0.057912,-0.000005,0.000014,0.000072,0.000000,0.066565,0.005583,0.066488,0.000013,0.066143,-0.000027,0.996974,0.679337,0.000000,0.000000,0.000000,3059.913584,4644.995089,8008.174104,548.734231,259.111496,466.400693,0.779484,0.001512
76.799969,4470.605905,14667.342208,4470.586827,14667.279616,30.324307,120.000507,17460.222821,48.796495,228.568786,749.897593,0.708320,228.063866,748.241031,0.002922,0.009588,15.184302,49.817265,228.565197,749.885818,1.280722,4.201843,-0.020315,-0.066649,-0.000005,0.000011,0.000072,0.000000,0.066570,0.005590,0.066481,0.000013,0.066164,-0.000027,0.996891,0.679377,0.000000,0.000000,0.000000,3060.274364,4644.911798,8008.136324,548.731642,259.111484,466.400671,0.779483,0.001512
76.899969,4470.608067,14667.349300,4470.588988,14667.286707,30.324513,120.000509,17483.063241,48.924458,228.568508,749.896680,0.708319,228.063691,748.240457,0.002922,0.009587,15.182740,49.812141,228.564910,749.884874,1.282379,4.207281,-0.022899,-0.075127,-0.000005,0.000008,0.000072,0.000000,0.066574,0.005598,0.066474,0.000013,0.066184,-0.000027,0.996809,0.679416,0.000000,0.000000,0.000000,3060.624396,4644.828500,8008.098541,548.729053,259.111470,466.400646,0.779483,0.001512
76.999969,4470.610483,14667.357226,4470.591404,14667.294632,30.324719,120.000510,17505.903633,49.052587,228.568251,749.895836,0.708318,228.063537,748.239949,0.002922,0.009587,15.181190,49.807053,228.564643,749.883998,1.284037,4.212719,-0.025404,-0.083347,-0.000005,0.000005,0.000072,0.000000,0.066579,0.005605,0.066468,0.000013,0.066204,-0.000027,0.996728,0.679454,0.000000,0.000000,0.000000,3060.963764,4644.745194,8008.060755,548.726464,259.111454,466.400617,0.779483,0.001512
77.099969,4470.613145,14667.365962,4470.594066,14667.303368,30.324925,120.000511,17528.744000,49.180880,228.568014,749.895058,0.708317,228.063401,748.239506,0.002922,0.009587,15.179650,49.802003,228.564396,749.883189,1.285695,4.218158,-0.027832,-0.091313,-0.000005,0.000002,0.000072,0.000000,0.066583,0.005612,0.066461,0.000013,0.066223,-0.000027,0.996648,0.679491,0.000000,0.000000,0.000000,3061.292556,4644.661882,8008.022965,548.723874,259.111437,466.400586,0.779483,0.001512
77.199969,4470.616047,14667.375482,4470.596968,14667.312887,30.325131,120.000513,17551.584343,49.309340,228.567796,749.894345,0.708317,228.063285,748.239125,0.002922,0.009587,15.178123,49.796991,228.564169,749.882445,1.287352,4.223597,-0.030183,-0.099026,-0.000005,-0.000001,0.000072,0.000000,0.066586,0.005620,0.066454,0.000013,0.066242,-0.000027,0.996568,0.679526,0.000000,0.000000,0.000000,3061.610861,4644.578563,8007.985172,548.721285,259.111418,466.400552,0.779483,0.001512
77.299969,4470.619180,14667.385760,4470.600101,14667.323164,30.325337,120.000514,17574.424664,49.437964,228.567599,749.893698,0.708316,228.063188,748.238807,0.002922,0.009587,15.176608,49.792021,228.563962,749.881765,1.289010,4.229036,-0.032458,-0.106489,-0.000005,-0.000004,0.000072,0.000000,0.066590,0.005627,0.066448,0.000013,0.066260,-0.000027,0.996489,0.679560,0.000000,0.000000,0.000000,3061.918775,4644.495237,8007.947377,548.718695,259.111398,466.400516,0.779482,0.001512
77.399969,4470.622536,14667.396772,4470.603457,14667.334176,30.325543,120.000515,17597.264965,49.566754,228.567421,749.893113,0.708315,228.063110,748.238549,0.002922,0.009587,15.175105,49.787091,228.563774,749.881149,1.290668,4.234476,-0.034657,-0.113704,-0.000005,-0.000007,0.000072,0.000000,0.066593,0.005634,0.066441,0.000013,0.066278,-0.000027,0.996411,0.679593,0.000000,0.000000,0.000000,3062.216391,4644.411905,8007.909578,548.716105,259.111376,466.400477,0.779482,0.001512
77.499969,4470.626109,14667.408494,4470.607029,14667.345897,30.325749,120.000517,17620.105249,49.695710,228.567262,749.892591,0.708315,228.063049,748.238351,0.002922,0.009587,15.173616,49.782205,228.563605,749.880595,1.292326,4.239915,-0.036782,-0.120675,-0.000005,-0.000009,0.000072,0.000000,0.066596,0.005641,0.066435,0.000013,0.066295,-0.000027,0.996334,0.679625,0.000000,0.000000,0.000000,3062.503810,4644.328567,8007.871777,548.713515,259.111353,466.400435,0.779482,0.001512
77.599969,4470.629890,14667.420900,4470.610811,14667.358303,30.325955,120.000518,17642.945517,49.824830,228.567121,749.892129,0.708315,228.063007,748.238210,0.002922,0.009586,15.172140,49.777362,228.563455,749.880101,1.293984,4.245355,-0.038832,-0.127403,-0.000005,-0.000012,0.000072,0.000000,0.066598,0.005649,0.066428,0.000013,0.066311,-0.000027,0.996258,0.679656,0.000000,0.000000,0.000000,3062.781133,4644.245222,8007.833973,548.710924,259.111328,466.400391,0.779481,0.001512
77.699969,4470.633873,14667.433967,4470.614793,14667.371370,30.326161,120.000519,17665.785770,49.954117,228.566999,749.891727,0.708314,228.062981,748.238127,0.002922,0.009586,15.170678,49.772565,228.563323,749.879668,1.295643,4.250796,-0.040810,-0.133891,-0.000005,-0.000015,0.000072,0.000000,0.066600,0.005656,0.066422,0.000013,0.066327,-0.000027,0.996183,0.679686,0.000000,0.000000,0.000000,3063.048463,4644.161873,8007.796166,548.708334,259.111302,466.400344,0.779481,0.001512
77.799969,4470.638050,14667.447672,4470.618970,14667.385073,30.326367,120.000521,17688.626012,50.083568,228.566894,749.891384,0.708314,228.062973,748.238099,0.002922,0.009586,15.169229,49.767813,228.563208,749.879292,1.297301,4.256237,-0.042715,-0.140142,-0.000005,-0.000017,0.000072,0.000000,0.066602,0.005663,0.066416,0.000013,0.066342,-0.000027,0.996108,0.679715,0.000000,0.000000,0.000000,3063.305907,4644.078517,8007.758357,548.705743,259.111275,466.400295,0.779481,0.001512
77.899969,4470.642414,14667.461989,4470.623334,14667.399390,30.326573,120.000522,17711.466242,50.213185,228.566807,749.891099,0.708314,228.062981,748.238126,0.002922,0.009586,15.167795,49.763109,228.563111,749.878975,1.298959,4.261677,-0.044549,-0.146159,-0.000005,-0.000020,0.000072,0.000000,0.066604,0.005670,0.066409,0.000013,0.066356,-0.000027,0.996034,0.679742,0.000000,0.000000,0.000000,3063.553572,4643.995157,8007.720545,548.703152,259.111247,466.400244,0.779480,0.001512
77.999969,4470.646958,14667.476897,4470.627878,14667.414297,30.326779,120.000523,17734.306464,50.342968,228.566737,749.890869,0.708314,228.063005,748.238205,0.002922,0.009586,15.166376,49.758452,228.563032,749.878713,1.300618,4.267119,-0.046313,-0.151944,-0.000005,-0.000022,0.000072,0.000000,0.066606,0.005678,0.066403,0.000013,0.066370,-0.000027,0.995962,0.679769,0.000000,0.000000,0.000000,3063.791570,4643.911791,8007.682732,548.700561,259.111217,466.400191,0.779480,0.001512
78.099969,4470.651675,14667.492371,4470.632594,14667.429772,30.326985,120.000525,17757.146679,50.472916,228.566684,749.890694,0.708313,228.063045,748.238337,0.002922,0.009586,15.164972,49.753845,228.562969,749.878506,1.302276,4.272560,-0.048006,-0.157501,-0.000005,-0.000025,0.000072,0.000000,0.066607,0.005685,0.066397,0.000013,0.066384,-0.000027,0.995890,0.679794,0.000000,0.000000,0.000000,3064.020013,4643.828421,8007.644916,548.697970,259.111187,466.400136,0.779480,0.001512
78.199969,4470.656557,14667.508391,4470.637477,14667.445790,30.327191,120.000526,17779.986888,50.603030,228.566647,749.890574,0.708313,228.063100,748.238519,0.002922,0.009586,15.163583,49.749287,228.562922,749.878353,1.303935,4.278002,-0.049631,-0.162831,-0.000005,-0.000027,0.000072,0.000000,0.066608,0.005692,0.066391,0.000013,0.066397,-0.000027,0.995819,0.679819,0.000000,0.000000,0.000000,3064.239014,4643.745046,8007.607097,548.695379,259.111155,466.400079,0.779479,0.001512
78.299969,4470.661599,14667.524931,4470.642518,14667.462330,30.327397,120.000528,17802.827093,50.733309,228.566626,749.890506,0.708313,228.063171,748.238750,0.002922,0.009586,15.162209,49.744781,228.562892,749.878253,1.305594,4.283444,-0.051188,-0.167939,-0.000005,-0.000029,0.000072,0.000000,0.066609,0.005699,0.066385,0.000013,0.066409,-0.000027,0.995749,0.679842,0.000000,0.000000,0.000000,3064.448692,4643.661666,8007.569277,548.692787,259.111122,466.400020,0.779479,0.001512
78.399969,4470.666793,14667.541972,4470.647712,14667.479371,30.327603,120.000529,17825.667296,50.863753,228.566621,749.890489,0.708313,228.063256,748.239030,0.002922,0.009586,15.160851,49.740325,228.562877,749.878204,1.307253,4.288887,-0.052678,-0.172827,-0.000005,-0.000032,0.000072,0.000000,0.066609,0.005707,0.066379,0.000013,0.066421,-0.000027,0.995680,0.679864,0.000000,0.000000,0.000000,3064.649163,4643.578283,8007.531455,548.690195,259.111089,466.399960,0.779478,0.001512
78.499969,4470.672133,14667.559491,4470.653052,14667.496889,30.327809,120.000530,17848.507499,50.994363,228.566631,749.890523,0.708313,228.063356,748.239356,0.002922,0.009586,15.159509,49.735923,228.562877,749.878206,1.308912,4.294329,-0.054101,-0.177498,-0.000005,-0.000034,0.000072,0.000000,0.066610,0.005714,0.066373,0.000013,0.066433,-0.000027,0.995612,0.679886,0.000000,0.000000,0.000000,3064.840547,4643.494895,8007.493631,548.687604,259.111054,466.399897,0.779478,0.001512
78.599969,4470.677612,14667.577466,4470.658530,14667.514863,30.328015,120.000532,17871.347702,51.125139,228.566657,749.890606,0.708314,228.063469,748.239728,0.002922,0.009586,15.158183,49.731573,228.562893,749.878256,1.310571,4.299772,-0.055460,-0.181955,-0.000005,-0.000036,0.000072,0.000000,0.066610,0.005721,0.066367,0.000013,0.066443,-0.000027,0.995545,0.679906,0.000000,0.000000,0.000000,3065.022965,4643.411503,8007.455806,548.685012,259.111018,466.399833,0.779477,0.001512
78.699969,4470.683223,14667.595876,4470.664141,14667.533272,30.328221,120.000533,17894.187907,51.256080,228.566696,749.890736,0.708314,228.063596,748.240145,0.002922,0.009586,15.156874,49.727277,228.562923,749.878355,1.312230,4.305215,-0.056754,-0.186201,-0.000005,-0.000038,0.000072,0.000000,0.066610,0.005728,0.066361,0.000013,0.066454,-0.000027,0.995479,0.679925,0.000000,0.000000,0.000000,3065.196540,4643.328107,8007.417978,548.682420,259.110982,466.399768,0.779477,0.001512
78.799968,4470.688961,14667.614700,4470.669879,14667.552096,30.328427,120.000534,17917.028116,51.387186,228.566751,749.890914,0.708314,228.063736,748.240605,0.002922,0.009586,15.155581,49.723035,228.562967,749.878500,1.313889,4.310659,-0.057985,-0.190239,-0.000005,-0.000040,0.000072,0.000000,0.066609,0.005736,0.066356,0.000013,0.066463,-0.000027,0.995414,0.679944,0.000000,0.000000,0.000000,3065.361396,4643.244708,8007.380149,548.679828,259.110945,466.399701,0.779476,0.001512
78.899968,4470.694818,14667.633918,4470.675736,14667.571313,30.328633,120.000536,17939.868330,51.518458,228.566819,749.891137,0.708314,228.063889,748.241107,0.002922,0.009586,15.154305,49.718848,228.563025,749.878691,1.315548,4.316102,-0.059153,-0.194072,-0.000005,-0.000042,0.000072,0.000000,0.066609,0.005743,0.066350,0.000013,0.066473,-0.000027,0.995350,0.679961,0.000000,0.000000,0.000000,3065.517658,4643.161306,8007.342319,548.677235,259.110907,466.399632,0.779476,0.001512
78.999968,4470.700790,14667.653509,4470.681707,14667.590904,30.328839,120.000537,17962.708551,51.649896,228.566900,749.891405,0.708315,228.064055,748.241650,0.002922,0.009586,15.153046,49.714717,228.563097,749.878927,1.317207,4.321546,-0.060260,-0.197703,-0.000005,-0.000044,0.000072,0.000000,0.066608,0.005750,0.066345,0.000013,0.066482,-0.000027,0.995287,0.679977,0.000000,0.000000,0.000000,3065.665452,4643.077901,8007.304487,548.674643,259.110868,466.399562,0.779476,0.001512
79.099968,4470.706869,14667.673453,4470.687786,14667.610847,30.329045,120.000538,17985.548779,51.781499,228.566995,749.891716,0.708315,228.064232,748.242232,0.002922,0.009585,15.151804,49.710642,228.563182,749.879205,1.318867,4.326991,-0.061306,-0.201136,-0.000005,-0.000046,0.000072,0.000000,0.066607,0.005757,0.066339,0.000013,0.066490,-0.000027,0.995225,0.679993,0.000000,0.000000,0.000000,3065.804907,4642.994492,8007.266653,548.672051,259.110829,466.399491,0.779475,0.001512
79.199968,4470.713049,14667.693731,4470.693967,14667.631125,30.329251,120.000540,18008.389017,51.913268,228.567103,749.892069,0.708315,228.064422,748.242853,0.002922,0.009585,15.150579,49.706624,228.563280,749.879526,1.320526,4.332435,-0.062293,-0.204374,-0.000005,-0.000048,0.000072,0.000000,0.066606,0.005765,0.066334,0.000013,0.066498,-0.000027,0.995164,0.680008,0.000000,0.000000,0.000000,3065.936150,4642.911081,8007.228819,548.669458,259.110788,466.399419,0.779474,0.001512
79.299968,4470.719326,14667.714323,4470.700243,14667.651716,30.329457,120.000541,18031.229265,52.045202,228.567223,749.892464,0.708316,228.064622,748.243511,0.002922,0.009585,15.149372,49.702662,228.563390,749.879888,1.322186,4.337880,-0.063221,-0.207419,-0.000005,-0.000050,0.000072,0.000000,0.066605,0.005772,0.066328,0.000013,0.066505,-0.000027,0.995104,0.680021,0.000000,0.000000,0.000000,3066.059310,4642.827667,8007.190983,548.666866,259.110748,466.399346,0.779474,0.001512
79.399968,4470.725692,14667.735210,4470.706609,14667.672602,30.329663,120.000543,18054.069524,52.177302,228.567355,749.892898,0.708316,228.064834,748.244206,0.002922,0.009585,15.148182,49.698759,228.563513,749.880290,1.323845,4.343325,-0.064092,-0.210275,-0.000005,-0.000051,0.000072,0.000000,0.066603,0.005779,0.066323,0.000013,0.066512,-0.000027,0.995045,0.680034,0.000000,0.000000,0.000000,3066.174520,4642.744251,8007.153146,548.664273,259.110706,466.399271,0.779473,0.001512
79.499968,4470.732142,14667.756373,4470.713059,14667.693765,30.329869,120.000544,18076.909797,52.309567,228.567500,749.893371,0.708317,228.065056,748.244936,0.002922,0.009585,15.147009,49.694912,228.563647,749.880731,1.325505,4.348770,-0.064906,-0.212946,-0.000005,-0.000053,0.000072,0.000000,0.066602,0.005786,0.066318,0.000013,0.066519,-0.000027,0.994987,0.680046,0.000000,0.000000,0.000000,3066.281908,4642.660832,8007.115308,548.661680,259.110664,466.399196,0.779473,0.001512
79.599968,4470.738672,14667.777794,4470.719588,14667.715185,30.330075,120.000545,18099.750083,52.441998,228.567655,749.893882,0.708317,228.065289,748.245699,0.002922,0.009585,15.145855,49.691125,228.563793,749.881210,1.327165,4.354215,-0.065664,-0.215433,-0.000005,-0.000055,0.000072,0.000000,0.066600,0.005794,0.066313,0.000013,0.066525,-0.000027,0.994931,0.680057,0.000000,0.000000,0.000000,3066.381607,4642.577411,8007.077469,548.659087,259.110622,466.399120,0.779472,0.001512
79.699968,4470.745274,14667.799455,4470.726190,14667.736845,30.330281,120.000547,18122.590384,52.574595,228.567822,749.894429,0.708318,228.065532,748.246495,0.002922,0.009585,15.144718,49.687395,228.563950,749.881725,1.328825,4.359661,-0.066368,-0.217742,-0.000005,-0.000056,0.000072,0.000000,0.066598,0.005801,0.066308,0.000013,0.066530,-0.000027,0.994875,0.680068,0.000000,0.000000,0.000000,3066.473749,4642.493988,8007.039629,548.656495,259.110579,466.399043,0.779472,0.001512
79.799968,4470.751944,14667.821338,4470.732860,14667.758727,30.330488,120.000548,18145.430702,52.707357,228.568000,749.895012,0.708318,228.065784,748.247323,0.002922,0.009585,15.143599,49.683725,228.564118,749.882275,1.330485,4.365107,-0.067018,-0.219874,-0.000005,-0.000058,0.000072,0.000000,0.066596,0.005808,0.066303,0.000013,0.066536,-0.000027,0.994820,0.680077,0.000000,0.000000,0.000000,3066.558468,4642.410564,8007.001788,548.653902,259.110536,466.398965,0.779471,0.001512
79.899968,4470.758676,14667.843425,4470.739592,14667.780814,30.330694,120.000549,18168.271037,52.840285,228.568188,749.895629,0.708319,228.066046,748.248182,0.002922,0.009585,15.142499,49.680113,228.564296,749.882860,1.332144,4.370553,-0.067615,-0.221833,-0.000005,-0.000059,0.000072,0.000000,0.066594,0.005815,0.066298,0.000013,0.066540,-0.000027,0.994766,0.680086,0.000000,0.000000,0.000000,3066.635896,4642.327137,8006.963947,548.651309,259.110492,466.398886,0.779471,0.001512
79.999968,4470.765465,14667.865700,4470.746381,14667.803088,30.330900,120.000551,18191.111390,52.973378,228.568386,749.896280,0.708320,228.066316,748.249069,0.002922,0.009585,15.141416,49.676561,228.564484,749.883479,1.333805,4.375999,-0.068160,-0.223622,-0.000005,-0.000061,0.000072,0.000000,0.066591,0.005823,0.066293,0.000013,0.066545,-0.000027,0.994713,0.680093,0.000000,0.000000,0.000000,3066.706166,4642.243709,8006.926105,548.648716,259.110448,466.398807,0.779470,0.001512
80.099968,4470.772307,14667.888145,4470.753222,14667.825533,30.331106,120.000552,18213.951763,53.106637,228.568594,749.896963,0.708320,228.066596,748.249986,0.002922,0.009585,15.140351,49.673069,228.564683,749.884129,1.335465,4.381446,-0.068655,-0.225245,-0.000005,-0.000062,0.000072,0.000000,0.066589,0.005830,0.066288,0.000013,0.066549,-0.000027,0.994662,0.680101,0.000000,0.000000,0.000000,3066.769414,4642.160280,8006.888262,548.646123,259.110404,466.398727,0.779470,0.001512
80.199968,4470.779195,14667.910744,4470.760111,14667.848132,30.331312,120.000554,18236.792156,53.240062,228.568812,749.897677,0.708321,228.066883,748.250929,0.002922,0.009585,15.139305,49.669636,228.564890,749.884811,1.337125,4.386892,-0.069100,-0.226705,-0.000005,-0.000064,0.000072,0.000000,0.066586,0.005837,0.066284,0.000013,0.066552,-0.000027,0.994611,0.680107,0.000000,0.000000,0.000000,3066.825772,4642.076850,8006.850418,548.643530,259.110359,466.398646,0.779469,0.001512
80.299968,4470.786125,14667.933482,4470.767041,14667.870869,30.331518,120.000555,18259.632570,53.373652,228.569039,749.898421,0.708322,228.067179,748.251899,0.002922,0.009586,15.138277,49.666262,228.565107,749.885523,1.338785,4.392339,-0.069496,-0.228005,-0.000005,-0.000065,0.000072,0.000000,0.066583,0.005845,0.066279,0.000013,0.066555,-0.000027,0.994561,0.680112,0.000000,0.000000,0.000000,3066.875376,4641.993418,8006.812575,548.640936,259.110314,466.398565,0.779468,0.001512
80.399968,4470.793093,14667.956341,4470.774008,14667.893728,30.331724,120.000556,18282.473006,53.507408,228.569274,749.899194,0.708323,228.067482,748.252894,0.002922,0.009586,15.137267,49.662949,228.565333,749.886264,1.340445,4.397786,-0.069844,-0.229148,-0.000005,-0.000066,0.000072,0.000000,0.066580,0.005852,0.066275,0.000013,0.066558,-0.000027,0.994513,0.680117,0.000000,0.000000,0.000000,3066.918360,4641.909986,8006.774730,548.638343,259.110269,466.398484,0.779468,0.001512
80.499968,4470.800093,14667.979307,4470.781008,14667.916693,30.331930,120.000558,18305.313465,53.641329,228.569519,749.899996,0.708324,228.067793,748.253913,0.002922,0.009586,15.136275,49.659696,228.565568,749.887033,1.342106,4.403234,-0.070146,-0.230137,-0.000005,-0.000068,0.000072,0.000000,0.066577,0.005859,0.066270,0.000013,0.066560,-0.000027,0.994465,0.680121,0.000000,0.000000,0.000000,3066.954858,4641.826552,8006.736886,548.635750,259.110223,466.398402,0.779467,0.001512
80.599968,4470.807121,14668.002365,4470.788036,14667.939750,30.332136,120.000559,18328.153948,53.775416,228.569771,749.900824,0.708324,228.068110,748.254955,0.002922,0.009586,15.135302,49.656502,228.565810,749.887829,1.343766,4.408681,-0.070402,-0.230976,-0.000005,-0.000069,0.000072,0.000000,0.066574,0.005866,0.066266,0.000013,0.066562,-0.000027,0.994419,0.680125,0.000000,0.000000,0.000000,3066.985004,4641.743118,8006.699041,548.633157,259.110178,466.398320,0.779467,0.001512
80.699968,4470.814172,14668.025499,4470.795087,14667.962884,30.332342,120.000561,18350.994455,53.909669,228.570032,749.901679,0.708325,228.068435,748.256019,0.002922,0.009586,15.134347,49.653369,228.566061,749.888652,1.345427,4.414129,-0.070613,-0.231669,-0.000005,-0.000070,0.000072,0.000000,0.066571,0.005874,0.066262,0.000013,0.066564,-0.000027,0.994373,0.680127,0.000000,0.000000,0.000000,3067.008934,4641.659684,8006.661195,548.630564,259.110132,466.398238,0.779466,0.001512
80.799968,4470.821242,14668.048695,4470.802157,14667.986079,30.332548,120.000562,18373.834988,54.044087,228.570300,749.902558,0.708326,228.068766,748.257105,0.002922,0.009586,15.133410,49.650295,228.566319,749.889499,1.347087,4.419577,-0.070780,-0.232217,-0.000005,-0.000071,0.000072,0.000000,0.066567,0.005881,0.066257,0.000013,0.066565,-0.000027,0.994329,0.680129,0.000000,0.000000,0.000000,3067.026780,4641.576249,8006.623350,548.627970,259.110086,466.398155,0.779466,0.001512
80.899968,4470.828327,14668.071939,4470.809241,14668.009322,30.332754,120.000563,18396.675547,54.178671,228.570575,749.903462,0.708327,228.069103,748.258210,0.002922,0.009586,15.132491,49.647282,228.566585,749.890370,1.348748,4.425025,-0.070904,-0.232625,-0.000005,-0.000072,0.000072,0.000000,0.066564,0.005888,0.066253,0.000013,0.066566,-0.000027,0.994285,0.680131,0.000000,0.000000,0.000000,3067.038678,4641.492814,8006.585504,548.625377,259.110040,466.398072,0.779465,0.001512
80.999968,4470.835422,14668.095217,4470.816336,14668.032599,30.332960,120.000565,18419.516133,54.313421,228.570858,749.904389,0.708328,228.069445,748.259335,0.002922,0.009586,15.131591,49.644328,228.566857,749.891265,1.350408,4.430474,-0.070987,-0.232895,-0.000005,-0.000073,0.000072,0.000000,0.066560,0.005895,0.066249,0.000013,0.066567,-0.000027,0.994243,0.680132,0.000000,0.000000,0.000000,3067.044761,4641.409378,8006.547659,548.622784,259.109994,466.397989,0.779464,0.001512
81.099968,4470.842523,14668.118515,4470.823437,14668.055897,30.333166,120.000566,18442.356747,54.448337,228.571147,749.905337,0.708329,228.069794,748.260478,0.002922,0.009586,15.130709,49.641434,228.567137,749.892181,1.352069,4.435922,-0.071028,-0.233032,-0.000005,-0.000074,0.000072,0.000000,0.066556,0.005903,0.066245,0.000013,0.066567,-0.000027,0.994202,0.680132,0.000000,0.000000,0.000000,3067.045161,4641.325943,8006.509813,548.620191,259.109948,466.397906,0.779464,0.001512
81.199968,4470.849627,14668.141820,4470.830541,14668.079201,30.333372,120.000568,18465.197388,54.583418,228.571442,749.906307,0.708330,228.070147,748.261638,0.002922,0.009586,15.129845,49.638599,228.567423,749.893119,1.353730,4.441371,-0.071030,-0.233037,-0.000005,-0.000075,0.000072,0.000000,0.066552,0.005910,0.066242,0.000013,0.066567,-0.000027,0.994161,0.680131,0.000000,0.000000,0.000000,3067.040013,4641.242507,8006.471967,548.617597,259.109902,466.397823,0.779463,0.001512
81.299967,4470.856728,14668.165119,4470.837642,14668.102500,30.333578,120.000569,18488.038059,54.718664,228.571744,749.907298,0.708331,228.070506,748.262815,0.002922,0.009586,15.128999,49.635825,228.567715,749.894077,1.355391,4.446820,-0.070993,-0.232915,-0.000005,-0.000076,0.000072,0.000000,0.066548,0.005917,0.066238,0.000013,0.066567,-0.000027,0.994122,0.680130,0.000000,0.000000,0.000000,3067.029448,4641.159072,8006.434122,548.615004,259.109856,466.397740,0.779463,0.001512
81.399967,4470.863824,14668.188400,4470.844738,14668.125780,30.333784,120.000570,18510.878759,54.854077,228.572052,749.908307,0.708332,228.070869,748.264006,0.002922,0.009586,15.128172,49.633109,228.568013,749.895054,1.357052,4.452269,-0.070917,-0.232668,-0.000005,-0.000077,0.000072,0.000000,0.066544,0.005924,0.066234,0.000013,0.066566,-0.000027,0.994083,0.680128,0.000000,0.000000,0.000000,3067.013598,4641.075637,8006.396276,548.612411,259.109810,466.397658,0.779462,0.001512
81.499967,4470.870911,14668.211650,4470.851824,14668.149030,30.333990,120.000572,18533.719489,54.989655,228.572365,749.909335,0.708333,228.071237,748.265213,0.002922,0.009586,15.127362,49.630453,228.568316,749.896050,1.358712,4.457718,-0.070805,-0.232300,-0.000005,-0.000078,0.000072,0.000000,0.066540,0.005932,0.066230,0.000013,0.066565,-0.000027,0.994046,0.680126,0.000000,0.000000,0.000000,3066.992596,4640.992203,8006.358431,548.609818,259.109764,466.397575,0.779461,0.001512
81.599967,4470.877984,14668.234857,4470.858898,14668.172236,30.334196,120.000573,18556.560250,55.125399,228.572684,749.910380,0.708334,228.071609,748.266433,0.002922,0.009586,15.126570,49.627855,228.568625,749.897063,1.360373,4.463167,-0.070657,-0.231813,-0.000005,-0.000079,0.000072,0.000000,0.066536,0.005939,0.066227,0.000013,0.066564,-0.000027,0.994010,0.680123,0.000000,0.000000,0.000000,3066.966571,4640.908769,8006.320586,548.607224,259.109718,466.397492,0.779461,0.001512
81.699967,4470.885041,14668.258010,4470.865954,14668.195388,30.334402,120.000575,18579.401041,55.261308,228.573008,749.911442,0.708335,228.071984,748.267665,0.002922,0.009586,15.125796,49.625316,228.568939,749.898093,1.362034,4.468617,-0.070473,-0.231211,-0.000005,-0.000079,0.000072,0.000000,0.066532,0.005946,0.066223,0.000013,0.066562,-0.000027,0.993974,0.680120,0.000000,0.000000,0.000000,3066.935654,4640.825335,8006.282741,548.604631,259.109672,466.397410,0.779460,0.001512
81.799967,4470.892078,14668.281097,4470.872991,14668.218475,30.334608,120.000576,18602.241865,55.397383,228.573336,749.912520,0.708336,228.072364,748.268910,0.002922,0.009586,15.125040,49.622836,228.569257,749.899138,1.363695,4.474067,-0.070256,-0.230497,-0.000005,-0.000080,0.000072,0.000000,0.066527,0.005953,0.066220,0.000013,0.066560,-0.000027,0.993940,0.680116,0.000000,0.000000,0.000000,3066.899974,4640.741902,8006.244897,548.602038,259.109626,466.397327,0.779460,0.001512
81.899967,4470.899092,14668.304107,4470.880004,14668.241484,30.334814,120.000578,18625.082720,55.533624,228.573669,749.913612,0.708337,228.072746,748.270165,0.002922,0.009586,15.124302,49.620414,228.569580,749.900198,1.365357,4.479516,-0.070005,-0.229674,-0.000005,-0.000081,0.000072,0.000000,0.066523,0.005961,0.066217,0.000013,0.066558,-0.000027,0.993906,0.680111,0.000000,0.000000,0.000000,3066.859661,4640.658471,8006.207053,548.599445,259.109581,466.397246,0.779459,0.001512
81.999967,4470.906079,14668.327029,4470.886991,14668.264406,30.335020,120.000579,18647.923608,55.670031,228.574006,749.914719,0.708338,228.073132,748.271431,0.002922,0.009587,15.123581,49.618049,228.569908,749.901273,1.367018,4.484966,-0.069721,-0.228745,-0.000005,-0.000081,0.000072,0.000000,0.066518,0.005968,0.066213,0.000013,0.066556,-0.000027,0.993874,0.680106,0.000000,0.000000,0.000000,3066.814842,4640.575040,8006.169209,548.596852,259.109535,466.397164,0.779458,0.001512
82.099967,4470.913035,14668.349854,4470.893948,14668.287230,30.335226,120.000580,18670.764529,55.806603,228.574348,749.915839,0.708340,228.073521,748.272706,0.002922,0.009587,15.122878,49.615743,228.570239,749.902360,1.368679,4.490417,-0.069407,-0.227713,-0.000005,-0.000082,0.000072,0.000000,0.066514,0.005975,0.066210,0.000013,0.066553,-0.000027,0.993842,0.680101,0.000000,0.000000,0.000000,3066.765645,4640.491610,8006.131366,548.594259,259.109490,466.397083,0.779458,0.001512
82.199967,4470.919959,14668.372570,4470.900871,14668.309945,30.335432,120.000582,18693.605483,55.943341,228.574693,749.916971,0.708341,228.073912,748.273990,0.002922,0.009587,15.122193,49.613493,228.570574,749.903460,1.370340,4.495867,-0.069062,-0.226581,-0.000005,-0.000082,0.000072,0.000000,0.066509,0.005982,0.066207,0.000013,0.066550,-0.000027,0.993812,0.680095,0.000000,0.000000,0.000000,3066.712195,4640.408181,8006.093523,548.591666,259.109445,466.397002,0.779457,0.001512
82.299967,4470.926847,14668.395168,4470.907759,14668.332543,30.335638,120.000583,18716.446470,56.080245,228.575041,749.918114,0.708342,228.074306,748.275281,0.002922,0.009587,15.121524,49.611300,228.570913,749.904571,1.372002,4.501317,-0.068687,-0.225352,-0.000005,-0.000083,0.000072,0.000000,0.066504,0.005990,0.066204,0.000013,0.066547,-0.000027,0.993782,0.680089,0.000000,0.000000,0.000000,3066.654618,4640.324753,8006.055681,548.589073,259.109401,466.396921,0.779457,0.001512
82.399967,4470.933696,14668.417638,4470.914608,14668.355012,30.335844,120.000585,18739.287492,56.217315,228.575393,749.919268,0.708343,228.074701,748.276580,0.002922,0.009587,15.120873,49.609164,228.571255,749.905693,1.373663,4.506768,-0.068284,-0.224030,-0.000005,-0.000083,0.000072,0.000000,0.066500,0.005997,0.066201,0.000013,0.066544,-0.000027,0.993754,0.680082,0.000000,0.000000,0.000000,3066.593038,4640.241327,8006.017839,548.586480,259.109356,466.396841,0.779456,0.001512
82.499967,4470.940503,14668.439972,4470.921415,14668.377345,30.336050,120.000586,18762.128548,56.354550,228.575748,749.920432,0.708344,228.075099,748.277884,0.002922,0.009587,15.120239,49.607084,228.571600,749.906824,1.375324,4.512219,-0.067853,-0.222616,-0.000005,-0.000084,0.000072,0.000000,0.066495,0.006004,0.066198,0.000013,0.066540,-0.000027,0.993726,0.680075,0.000000,0.000000,0.000000,3066.527580,4640.157901,8005.979998,548.583887,259.109312,466.396762,0.779456,0.001512
82.599967,4470.947266,14668.462160,4470.928178,14668.399533,30.336257,120.000587,18784.969638,56.491951,228.576105,749.921606,0.708345,228.075498,748.279194,0.002922,0.009587,15.119622,49.605059,228.571948,749.907965,1.376986,4.517670,-0.067396,-0.221114,-0.000005,-0.000084,0.000072,0.000000,0.066490,0.006011,0.066195,0.000013,0.066536,-0.000027,0.993699,0.680067,0.000000,0.000000,0.000000,3066.458365,4640.074478,8005.942158,548.581294,259.109268,466.396683,0.779455,0.001512
82.699967,4470.953982,14668.484193,4470.934893,14668.421565,30.336463,120.000589,18807.810764,56.629518,228.576466,749.922787,0.708346,228.075899,748.280509,0.002922,0.009587,15.119022,49.603090,228.572298,749.909115,1.378647,4.523121,-0.066912,-0.219527,-0.000005,-0.000085,0.000072,0.000000,0.066485,0.006019,0.066193,0.000013,0.066532,-0.000027,0.993673,0.680059,0.000000,0.000000,0.000000,3066.385515,4639.991056,8005.904318,548.578701,259.109225,466.396604,0.779454,0.001512
82.799967,4470.960648,14668.506063,4470.941559,14668.443435,30.336669,120.000590,18830.651924,56.767250,228.576828,749.923977,0.708348,228.076301,748.281828,0.002922,0.009587,15.118438,49.601175,228.572651,749.910271,1.380309,4.528572,-0.066403,-0.217858,-0.000005,-0.000085,0.000072,0.000000,0.066480,0.006026,0.066190,0.000013,0.066528,-0.000027,0.993648,0.680051,0.000000,0.000000,0.000000,3066.309149,4639.907635,8005.866479,548.576108,259.109181,466.396526,0.779454,0.001512
82.899967,4470.967262,14668.527763,4470.948173,14668.465134,30.336875,120.000592,18853.493120,56.905148,228.577193,749.925173,0.708349,228.076704,748.283150,0.002922,0.009587,15.117871,49.599315,228.573005,749.911435,1.381970,4.534023,-0.065870,-0.216109,-0.000005,-0.000085,0.000072,0.000000,0.066476,0.006033,0.066187,0.000013,0.066523,-0.000027,0.993624,0.680042,0.000000,0.000000,0.000000,3066.229415,4639.824216,8005.828641,548.573515,259.109138,466.396449,0.779453,0.001512
82.999967,4470.973822,14668.549284,4470.954732,14668.486654,30.337081,120.000593,18876.334351,57.043212,228.577559,749.926375,0.708350,228.077108,748.284475,0.002922,0.009588,15.117321,49.597508,228.573362,749.912605,1.383632,4.539474,-0.065313,-0.214283,-0.000005,-0.000086,0.000072,0.000000,0.066471,0.006040,0.066185,0.000013,0.066519,-0.000027,0.993601,0.680032,0.000000,0.000000,0.000000,3066.146376,4639.740799,8005.790803,548.570923,259.109096,466.396372,0.779453,0.001512
83.099967,4470.980324,14668.570618,4470.961235,14668.507988,30.337287,120.000595,18899.175618,57.181442,228.577927,749.927583,0.708351,228.077512,748.285802,0.002922,0.009588,15.116786,49.595755,228.573720,749.913781,1.385293,4.544926,-0.064735,-0.212384,-0.000005,-0.000086,0.000072,0.000000,0.066466,0.006048,0.066182,0.000013,0.066514,-0.000027,0.993578,0.680023,0.000000,0.000000,0.000000,3066.060176,4639.657383,8005.752966,548.568330,259.109054,466.396296,0.779452,0.001512
83.199967,4470.986768,14668.591759,4470.967678,14668.529129,30.337493,120.000596,18922.016921,57.319837,228.578297,749.928796,0.708352,228.077917,748.287130,0.002922,0.009588,15.116268,49.594055,228.574080,749.914961,1.386955,4.550377,-0.064134,-0.210413,-0.000005,-0.000086,0.000072,0.000000,0.066461,0.006055,0.066180,0.000013,0.066509,-0.000027,0.993557,0.680013,0.000000,0.000000,0.000000,3065.970932,4639.573970,8005.715131,548.565738,259.109012,466.396221,0.779452,0.001512
83.299967,4470.993151,14668.612700,4470.974061,14668.550069,30.337699,120.000598,18944.858260,57.458399,228.578668,749.930013,0.708354,228.078322,748.288459,0.002922,0.009588,15.115766,49.592407,228.574441,749.916145,1.388617,4.555829,-0.063512,-0.208374,-0.000005,-0.000086,0.000072,0.000000,0.066456,0.006062,0.066178,0.000013,0.066504,-0.000027,0.993536,0.680003,0.000000,0.000000,0.000000,3065.878756,4639.490558,8005.677296,548.563145,259.108970,466.396147,0.779451,0.001512
83.399967,4470.999470,14668.633433,4470.980380,14668.570801,30.337905,120.000599,18967.699635,57.597126,228.579040,749.931233,0.708355,228.078727,748.289787,0.002922,0.009588,15.115279,49.590811,228.574803,749.917333,1.390278,4.561281,-0.062871,-0.206269,-0.000005,-0.000087,0.000072,0.000000,0.066450,0.006070,0.066175,0.000013,0.066498,-0.000027,0.993517,0.679992,0.000000,0.000000,0.000000,3065.783763,4639.407148,8005.639461,548.560553,259.108929,466.396073,0.779451,0.001512
83.499967,4471.005725,14668.653953,4470.986634,14668.591320,30.338111,120.000600,18990.541046,57.736018,228.579413,749.932456,0.708356,228.079132,748.291116,0.002922,0.009588,15.114809,49.589267,228.575166,749.918524,1.391940,4.566733,-0.062210,-0.204101,-0.000005,-0.000087,0.000072,0.000000,0.066445,0.006077,0.066173,0.000013,0.066493,-0.000027,0.993498,0.679981,0.000000,0.000000,0.000000,3065.686064,4639.323741,8005.601628,548.557960,259.108889,466.396000,0.779450,0.001512
83.599967,4471.011912,14668.674253,4470.992822,14668.611620,30.338317,120.000602,19013.382494,57.875077,228.579786,749.933682,0.708357,228.079537,748.292443,0.002922,0.009588,15.114353,49.587773,228.575530,749.919717,1.393602,4.572185,-0.061531,-0.201873,-0.000005,-0.000087,0.000072,0.000000,0.066440,0.006084,0.066171,0.000013,0.066487,-0.000027,0.993480,0.679970,0.000000,0.000000,0.000000,3065.585770,4639.240335,8005.563796,548.555368,259.108849,466.395927,0.779450,0.001512
83.699967,4471.018031,14668.694327,4470.998940,14668.631693,30.338523,120.000603,19036.223977,58.014301,228.580160,749.934909,0.708358,228.079940,748.293768,0.002923,0.009588,15.113913,49.586329,228.575894,749.920911,1.395264,4.577637,-0.060834,-0.199587,-0.000005,-0.000087,0.000072,0.000000,0.066435,0.006091,0.066169,0.000013,0.066481,-0.000027,0.993462,0.679959,0.000000,0.000000,0.000000,3065.482991,4639.156931,8005.525965,548.552776,259.108809,466.395856,0.779449,0.001512
83.799966,4471.024079,14668.714169,4471.004988,14668.651535,30.338729,120.000605,19059.065498,58.153691,228.580534,749.936136,0.708360,228.080344,748.295091,0.002923,0.009588,15.113488,49.584935,228.576258,749.922106,1.396925,4.583089,-0.060120,-0.197246,-0.000005,-0.000087,0.000072,0.000000,0.066430,0.006099,0.066167,0.000013,0.066475,-0.000027,0.993446,0.679947,0.000000,0.000000,0.000000,3065.377834,4639.073530,8005.488134,548.550183,259.108770,466.395785,0.779449,0.001512
83.899966,4471.030055,14668.733775,4471.010964,14668.671140,30.338935,120.000606,19081.907054,58.293247,228.580909,749.937365,0.708361,228.080746,748.296411,0.002923,0.009589,15.113078,49.583590,228.576622,749.923302,1.398587,4.588541,-0.059391,-0.194851,-0.000005,-0.000087,0.000072,0.000000,0.066425,0.006106,0.066165,0.000013,0.066469,-0.000027,0.993430,0.679935,0.000000,0.000000,0.000000,3065.270405,4638.990131,8005.450305,548.547591,259.108731,466.395715,0.779448,0.001512
83.999966,4471.035957,14668.753139,4471.016866,14668.690504,30.339141,120.000608,19104.748647,58.432969,228.581283,749.938593,0.708362,228.081147,748.297727,0.002923,0.009589,15.112683,49.582294,228.576987,749.924497,1.400249,4.593994,-0.058646,-0.192407,-0.000005,-0.000087,0.000072,0.000000,0.066420,0.006113,0.066163,0.000013,0.066463,-0.000027,0.993415,0.679923,0.000000,0.000000,0.000000,3065.160811,4638.906734,8005.412477,548.544999,259.108692,466.395646,0.779448,0.001512
84.099966,4471.041784,14668.772256,4471.022692,14668.709620,30.339347,120.000609,19127.590276,58.572856,228.581657,749.939820,0.708363,228.081547,748.299040,0.002923,0.009589,15.112303,49.581045,228.577351,749.925691,1.401911,4.599446,-0.057886,-0.189915,-0.000005,-0.000087,0.000072,0.000000,0.066415,0.006120,0.066162,0.000013,0.066457,-0.000027,0.993401,0.679911,0.000000,0.000000,0.000000,3065.049154,4638.823340,8005.374650,548.542407,259.108655,466.395578,0.779447,0.001512
84.199966,4471.047534,14668.791122,4471.028442,14668.728485,30.339553,120.000611,19150.431942,58.712909,228.582031,749.941045,0.708365,228.081946,748.300348,0.002923,0.009589,15.111936,49.579844,228.577714,749.926884,1.403573,4.604898,-0.057113,-0.187377,-0.000005,-0.000087,0.000072,0.000000,0.066410,0.006128,0.066160,0.000013,0.066450,-0.000027,0.993388,0.679898,0.000000,0.000000,0.000000,3064.935537,4638.739948,8005.336824,548.539815,259.108617,466.395511,0.779447,0.001512
84.299966,4471.053206,14668.809731,4471.034114,14668.747094,30.339759,120.000612,19173.273644,58.853128,228.582404,749.942269,0.708366,228.082343,748.301651,0.002923,0.009589,15.111584,49.578689,228.578077,749.928075,1.405235,4.610351,-0.056326,-0.184797,-0.000005,-0.000087,0.000072,0.000000,0.066405,0.006135,0.066158,0.000013,0.066444,-0.000027,0.993375,0.679885,0.000000,0.000000,0.000000,3064.820060,4638.656558,8005.298999,548.537223,259.108581,466.395445,0.779446,0.001512
84.399966,4471.058799,14668.828081,4471.039707,14668.765443,30.339965,120.000614,19196.115382,58.993513,228.582776,749.943491,0.708367,228.082739,748.302948,0.002923,0.009589,15.111247,49.577580,228.578440,749.929264,1.406897,4.615804,-0.055527,-0.182175,-0.000005,-0.000087,0.000072,0.000000,0.066400,0.006142,0.066157,0.000013,0.066437,-0.000027,0.993363,0.679872,0.000000,0.000000,0.000000,3064.702825,4638.573171,8005.261175,548.534632,259.108544,466.395380,0.779446,0.001512
84.499966,4471.064311,14668.846166,4471.045219,14668.783528,30.340171,120.000615,19218.957156,59.134063,228.583147,749.944709,0.708368,228.083132,748.304240,0.002923,0.009589,15.110922,49.576517,228.578801,749.930449,1.408559,4.621257,-0.054716,-0.179516,-0.000005,-0.000087,0.000072,0.000000,0.066395,0.006149,0.066155,0.000013,0.066430,-0.000027,0.993352,0.679859,0.000000,0.000000,0.000000,3064.583927,4638.489786,8005.223352,548.532040,259.108508,466.395315,0.779445,0.001512
84.599966,4471.069742,14668.863984,4471.050650,14668.801345,30.340377,120.000616,19241.798967,59.274780,228.583518,749.945924,0.708369,228.083524,748.305525,0.002923,0.009589,15.110612,49.575499,228.579161,749.931631,1.410221,4.626709,-0.053895,-0.176820,-0.000005,-0.000087,0.000072,0.000000,0.066389,0.006157,0.066154,0.000013,0.066423,-0.000027,0.993341,0.679846,0.000000,0.000000,0.000000,3064.463464,4638.406404,8005.185530,548.529448,259.108473,466.395252,0.779445,0.001512
84.699966,4471.075090,14668.881530,4471.055998,14668.818891,30.340583,120.000618,19264.640813,59.415662,228.583887,749.947135,0.708371,228.083914,748.306803,0.002923,0.009590,15.110315,49.574524,228.579520,749.932809,1.411883,4.632162,-0.053063,-0.174091,-0.000005,-0.000086,0.000072,0.000000,0.066384,0.006164,0.066152,0.000013,0.066416,-0.000027,0.993332,0.679832,0.000000,0.000000,0.000000,3064.341531,4638.323024,8005.147710,548.526857,259.108438,466.395189,0.779444,0.001512
84.799966,4471.080355,14668.898802,4471.061262,14668.836162,30.340789,120.000619,19287.482695,59.556710,228.584255,749.948342,0.708372,228.084301,748.308074,0.002923,0.009590,15.110031,49.573593,228.579878,749.933983,1.413545,4.637615,-0.052221,-0.171330,-0.000005,-0.000086,0.000072,0.000000,0.066379,0.006171,0.066151,0.000013,0.066409,-0.000027,0.993322,0.679819,0.000000,0.000000,0.000000,3064.218222,4638.239647,8005.109890,548.524265,259.108404,466.395128,0.779444,0.001512
84.899966,4471.085535,14668.915797,4471.066442,14668.853156,30.340995,120.000621,19310.324613,59.697923,228.584621,749.949543,0.708373,228.084686,748.309338,0.002923,0.009590,15.109760,49.572705,228.580234,749.935151,1.415207,4.643068,-0.051371,-0.168540,-0.000005,-0.000086,0.000072,0.000000,0.066374,0.006178,0.066150,0.000013,0.066402,-0.000027,0.993314,0.679805,0.000000,0.000000,0.000000,3064.093627,4638.156272,8005.072072,548.521674,259.108371,466.395067,0.779444,0.001512
84.999966,4471.090629,14668.932510,4471.071536,14668.869869,30.341202,120.000622,19333.166566,59.839303,228.584986,749.950740,0.708374,228.085069,748.310593,0.002923,0.009590,15.109503,49.571859,228.580589,749.936315,1.416869,4.648521,-0.050512,-0.165723,-0.000005,-0.000086,0.000072,0.000000,0.066369,0.006186,0.066148,0.000013,0.066395,-0.000027,0.993306,0.679791,0.000000,0.000000,0.000000,3063.967839,4638.072900,8005.034255,548.519083,259.108338,466.395008,0.779443,0.001512
85.099966,4471.095637,14668.948941,4471.076544,14668.886300,30.341408,120.000624,19356.008554,59.980848,228.585348,749.951931,0.708375,228.085449,748.311839,0.002923,0.009590,15.109257,49.571054,228.580942,749.937472,1.418531,4.653975,-0.049646,-0.162880,-0.000005,-0.000086,0.000072,0.000000,0.066364,0.006193,0.066147,0.000013,0.066388,-0.000027,0.993299,0.679777,0.000000,0.000000,0.000000,3063.840945,4637.989531,8004.996440,548.516492,259.108305,466.394949,0.779443,0.001512
85.199966,4471.100558,14668.965087,4471.081465,14668.902445,30.341614,120.000625,19378.850578,60.122559,228.585709,749.953115,0.708376,228.085826,748.313077,0.002923,0.009590,15.109025,49.570290,228.581292,749.938623,1.420194,4.659428,-0.048772,-0.160015,-0.000005,-0.000085,0.000072,0.000000,0.066359,0.006200,0.066146,0.000013,0.066380,-0.000027,0.993293,0.679763,0.000000,0.000000,0.000000,3063.713033,4637.906164,8004.958625,548.513900,259.108273,466.394892,0.779442,0.001512
85.299966,4471.105392,14668.980945,4471.086298,14668.918302,30.341820,120.000627,19401.692637,60.264436,228.586068,749.954293,0.708378,228.086200,748.314305,0.002923,0.009590,15.108804,49.569567,228.581641,749.939768,1.421856,4.664881,-0.047893,-0.157128,-0.000005,-0.000085,0.000072,0.000000,0.066355,0.006207,0.066145,0.000013,0.066373,-0.000027,0.993287,0.679748,0.000000,0.000000,0.000000,3063.584190,4637.822801,8004.920812,548.511309,259.108242,466.394835,0.779442,0.001512
85.399966,4471.110137,14668.996513,4471.091043,14668.933869,30.342026,120.000628,19424.534730,60.406479,228.586425,749.955464,0.708379,228.086572,748.315524,0.002923,0.009590,15.108595,49.568883,228.581988,749.940906,1.423518,4.670334,-0.047007,-0.154222,-0.000005,-0.000085,0.000072,0.000000,0.066350,0.006215,0.066144,0.000013,0.066365,-0.000027,0.993282,0.679734,0.000000,0.000000,0.000000,3063.454499,4637.739439,8004.883000,548.508719,259.108211,466.394780,0.779441,0.001512
85.499966,4471.114794,14669.011790,4471.095700,14668.949146,30.342232,120.000630,19447.376858,60.548687,228.586780,749.956627,0.708380,228.086940,748.316733,0.002923,0.009591,15.108399,49.568237,228.582332,749.942036,1.425180,4.675788,-0.046116,-0.151300,-0.000005,-0.000084,0.000072,0.000000,0.066345,0.006222,0.066143,0.000013,0.066358,-0.000027,0.993277,0.679719,0.000000,0.000000,0.000000,3063.324043,4637.656081,8004.845189,548.506128,259.108181,466.394725,0.779441,0.001512
85.599966,4471.119361,14669.026774,4471.100266,14668.964129,30.342438,120.000631,19470.219020,60.691062,228.587132,749.957783,0.708381,228.087305,748.317931,0.002923,0.009591,15.108214,49.567630,228.582675,749.943158,1.426842,4.681241,-0.045221,-0.148362,-0.000005,-0.000084,0.000072,0.000000,0.066340,0.006229,0.066142,0.000013,0.066350,-0.000027,0.993273,0.679705,0.000000,0.000000,0.000000,3063.192903,4637.572725,8004.807379,548.503537,259.108151,466.394672,0.779441,0.001512
85.699966,4471.123838,14669.041463,4471.104744,14668.978818,30.342644,120.000633,19493.061216,60.833602,228.587482,749.958930,0.708382,228.087667,748.319119,0.002923,0.009591,15.108040,49.567060,228.583014,749.944272,1.428505,4.686695,-0.044321,-0.145411,-0.000005,-0.000084,0.000072,0.000000,0.066335,0.006237,0.066141,0.000013,0.066343,-0.000027,0.993270,0.679690,0.000000,0.000000,0.000000,3063.061160,4637.489372,8004.769571,548.500946,259.108122,466.394620,0.779440,0.001512
85.799966,4471.128225,14669.055857,4471.109131,14668.993211,30.342850,120.000634,19515.903446,60.976308,228.587829,749.960069,0.708383,228.088026,748.320296,0.002923,0.009591,15.107877,49.566527,228.583351,749.945378,1.430167,4.692148,-0.043418,-0.142448,-0.000005,-0.000083,0.000072,0.000000,0.066330,0.006244,0.066140,0.000013,0.066335,-0.000027,0.993267,0.679675,0.000000,0.000000,0.000000,3062.928891,4637.406022,8004.731764,548.498356,259.108094,466.394568,0.779440,0.001512
85.899966,4471.132522,14669.069953,4471.113427,14669.007307,30.343056,120.000636,19538.745710,61.119179,228.588174,749.961200,0.708384,228.088381,748.321461,0.002923,0.009591,15.107726,49.566030,228.583685,749.946474,1.431829,4.697602,-0.042512,-0.139476,-0.000005,-0.000083,0.000072,0.000000,0.066326,0.006251,0.066140,0.000013,0.066327,-0.000027,0.993265,0.679661,0.000000,0.000000,0.000000,3062.796173,4637.322675,8004.693958,548.495765,259.108066,466.394518,0.779440,0.001512
85.999966,4471.136728,14669.083753,4471.117633,14669.021106,30.343262,120.000637,19561.588006,61.262217,228.588515,749.962321,0.708385,228.088733,748.322616,0.002923,0.009591,15.107585,49.565568,228.584017,749.947562,1.433491,4.703055,-0.041604,-0.136496,-0.000005,-0.000083,0.000072,0.000000,0.066321,0.006258,0.066139,0.000013,0.066320,-0.000027,0.993263,0.679646,0.000000,0.000000,0.000000,3062.663080,4637.239330,8004.656153,548.493175,259.108038,466.394469,0.779439,0.001512
86.099966,4471.140843,14669.097254,4471.121748,14669.034606,30.343468,120.000639,19584.430336,61.405420,228.588854,749.963432,0.708386,228.089081,748.323758,0.002923,0.009591,15.107455,49.565141,228.584345,749.948640,1.435153,4.708509,-0.040694,-0.133510,-0.000005,-0.000082,0.000072,0.000000,0.066316,0.006266,0.066138,0.000013,0.066312,-0.000027,0.993262,0.679631,0.000000,0.000000,0.000000,3062.529687,4637.155988,8004.618350,548.490584,259.108012,466.394421,0.779439,0.001512
86.199966,4471.144867,14669.110456,4471.125772,14669.047808,30.343674,120.000640,19607.272699,61.548789,228.589190,749.964534,0.708388,228.089426,748.324888,0.002923,0.009592,15.107335,49.564748,228.584671,749.949708,1.436816,4.713962,-0.039782,-0.130520,-0.000005,-0.000082,0.000072,0.000000,0.066312,0.006273,0.066138,0.000013,0.066304,-0.000027,0.993261,0.679616,0.000000,0.000000,0.000000,3062.396065,4637.072649,8004.580548,548.487994,259.107986,466.394374,0.779439,0.001512
86.299965,4471.148800,14669.123359,4471.129704,14669.060710,30.343880,120.000642,19630.115093,61.692324,228.589523,749.965626,0.708389,228.089767,748.326006,0.002924,0.009592,15.107226,49.564388,228.584993,749.950766,1.438478,4.719416,-0.038870,-0.127527,-0.000005,-0.000081,0.000072,0.000000,0.066307,0.006280,0.066137,0.000013,0.066296,-0.000027,0.993261,0.679601,0.000000,0.000000,0.000000,3062.262285,4636.989313,8004.542747,548.485404,259.107960,466.394328,0.779438,0.001512
86.399965,4471.152641,14669.135962,4471.133546,14669.073313,30.344086,120.000643,19652.957520,61.836025,228.589852,749.966708,0.708390,228.090104,748.327112,0.002924,0.009592,15.107126,49.564061,228.585313,749.951814,1.440140,4.724870,-0.037957,-0.124532,-0.000005,-0.000081,0.000072,0.000000,0.066303,0.006287,0.066137,0.000013,0.066289,-0.000027,0.993262,0.679586,0.000000,0.000000,0.000000,3062.128415,4636.905979,8004.504947,548.482814,259.107935,466.394283,0.779438,0.001512
86.499965,4471.156392,14669.148266,4471.137296,14669.085616,30.344292,120.000645,19675.799979,61.979891,228.590179,749.967778,0.708391,228.090437,748.328205,0.002924,0.009592,15.107036,49.563766,228.585629,749.952851,1.441803,4.730324,-0.037045,-0.121539,-0.000005,-0.000081,0.000072,0.000000,0.066298,0.006295,0.066136,0.000013,0.066281,-0.000027,0.993262,0.679572,0.000000,0.000000,0.000000,3061.994522,4636.822649,8004.467149,548.480224,259.107911,466.394239,0.779438,0.001512
86.599965,4471.160051,14669.160271,4471.140955,14669.097621,30.344498,120.000646,19698.642469,62.123924,228.590502,749.968838,0.708392,228.090766,748.329284,0.002924,0.009592,15.106955,49.563502,228.585942,749.953877,1.443465,4.735777,-0.036133,-0.118547,-0.000005,-0.000080,0.000072,0.000000,0.066294,0.006302,0.066136,0.000013,0.066273,-0.000027,0.993264,0.679557,0.000000,0.000000,0.000000,3061.860673,4636.739321,8004.429352,548.477634,259.107887,466.394197,0.779437,0.001512
86.699965,4471.163619,14669.171977,4471.144523,14669.109326,30.344704,120.000648,19721.484990,62.268122,228.590822,749.969887,0.708393,228.091091,748.330351,0.002924,0.009592,15.106884,49.563268,228.586251,749.954892,1.445127,4.741231,-0.035222,-0.115558,-0.000005,-0.000080,0.000072,0.000000,0.066289,0.006309,0.066135,0.000013,0.066265,-0.000027,0.993266,0.679542,0.000000,0.000000,0.000000,3061.726931,4636.655996,8004.391556,548.475044,259.107864,466.394155,0.779437,0.001512
86.799965,4471.167095,14669.183384,4471.147999,14669.120733,30.344910,120.000649,19744.327541,62.412486,228.591138,749.970925,0.708394,228.091412,748.331404,0.002924,0.009592,15.106822,49.563065,228.586557,749.955895,1.446790,4.746685,-0.034313,-0.112575,-0.000005,-0.000079,0.000072,0.000000,0.066285,0.006316,0.066135,0.000013,0.066258,-0.000027,0.993268,0.679527,0.000000,0.000000,0.000000,3061.593359,4636.572674,8004.353762,548.472454,259.107841,466.394114,0.779437,0.001512
86.899965,4471.170482,14669.194493,4471.151385,14669.131841,30.345116,120.000651,19767.170124,62.557016,228.591451,749.971951,0.708395,228.091729,748.332444,0.002924,0.009592,15.106769,49.562890,228.586859,749.956887,1.448452,4.752139,-0.033406,-0.109598,-0.000005,-0.000079,0.000072,0.000000,0.066281,0.006324,0.066135,0.000013,0.066250,-0.000027,0.993270,0.679512,0.000000,0.000000,0.000000,3061.460019,4636.489354,8004.315969,548.469865,259.107819,466.394075,0.779436,0.001512
86.999965,4471.173777,14669.205305,4471.154680,14669.142652,30.345323,120.000652,19790.012736,62.701711,228.591760,749.972965,0.708396,228.092042,748.333470,0.002924,0.009593,15.106724,49.562744,228.587158,749.957867,1.450114,4.757593,-0.032501,-0.106629,-0.000005,-0.000078,0.000072,-0.000000,0.066276,0.006331,0.066134,0.000013,0.066242,-0.000027,0.993274,0.679497,0.000000,0.000000,0.000000,3061.326969,4636.406037,8004.278177,548.467275,259.107798,466.394036,0.779436,0.001512
87.099965,4471.176982,14669.215820,4471.157885,14669.153167,30.345529,120.000654,19812.855378,62.846573,228.592065,749.973967,0.708397,228.092350,748.334483,0.002924,0.009593,15.106688,49.562626,228.587453,749.958835,1.451777,4.763047,-0.031598,-0.103669,-0.000005,-0.000078,0.000072,-0.000000,0.066272,0.006338,0.066134,0.000013,0.066235,-0.000027,0.993277,0.679483,0.000000,0.000000,0.000000,3061.194268,4636.322724,8004.240386,548.464686,259.107777,466.393999,0.779436,0.001512
87.199965,4471.180097,14669.226040,4471.161000,14669.163387,30.345735,120.000655,19835.698049,62.991600,228.592367,749.974958,0.708398,228.092655,748.335481,0.002924,0.009593,15.106661,49.562535,228.587744,749.959791,1.453439,4.768500,-0.030699,-0.100720,-0.000005,-0.000077,0.000072,-0.000000,0.066268,0.006345,0.066134,0.000013,0.066227,-0.000027,0.993281,0.679468,0.000000,0.000000,0.000000,3061.061972,4636.239412,8004.202597,548.462096,259.107757,466.393962,0.779436,0.001512
87.299965,4471.183122,14669.235966,4471.164025,14669.173312,30.345941,120.000657,19858.540749,63.136793,228.592665,749.975935,0.708399,228.092955,748.336465,0.002924,0.009593,15.106641,49.562470,228.588032,749.960735,1.455101,4.773954,-0.029804,-0.097782,-0.000005,-0.000077,0.000072,-0.000000,0.066264,0.006353,0.066134,0.000013,0.066219,-0.000027,0.993285,0.679453,0.000000,0.000000,0.000000,3060.930136,4636.156104,8004.164809,548.459507,259.107737,466.393927,0.779435,0.001512
87.399965,4471.186058,14669.245598,4471.166961,14669.182944,30.346147,120.000658,19881.383477,63.282152,228.592959,749.976900,0.708400,228.093250,748.337435,0.002924,0.009593,15.106629,49.562431,228.588316,749.961665,1.456764,4.779408,-0.028913,-0.094858,-0.000005,-0.000076,0.000072,-0.000000,0.066260,0.006360,0.066133,0.000013,0.066211,-0.000027,0.993290,0.679439,0.000000,0.000000,0.000000,3060.798814,4636.072799,8004.127022,548.456918,259.107718,466.393893,0.779435,0.001512
87.499965,4471.188905,14669.254939,4471.169808,14669.192284,30.346353,120.000660,19904.226234,63.427677,228.593250,749.977853,0.708401,228.093541,748.338390,0.002924,0.009593,15.106625,49.562417,228.588595,749.962584,1.458426,4.784862,-0.028026,-0.091948,-0.000005,-0.000076,0.000072,-0.000000,0.066256,0.006367,0.066133,0.000013,0.066204,-0.000027,0.993295,0.679424,0.000000,0.000000,0.000000,3060.668058,4635.989496,8004.089236,548.454328,259.107700,466.393859,0.779435,0.001512
87.599965,4471.191664,14669.263989,4471.172566,14669.201334,30.346559,120.000661,19927.069019,63.573367,228.593536,749.978793,0.708401,228.093828,748.339331,0.002924,0.009593,15.106628,49.562427,228.588871,749.963489,1.460088,4.790316,-0.027143,-0.089053,-0.000005,-0.000075,0.000072,-0.000000,0.066252,0.006375,0.066133,0.000013,0.066196,-0.000027,0.993301,0.679410,0.000000,0.000000,0.000000,3060.537919,4635.906196,8004.051452,548.451739,259.107682,466.393827,0.779435,0.001512
87.699965,4471.194335,14669.272751,4471.175237,14669.210095,30.346765,120.000663,19949.911830,63.719223,228.593818,749.979719,0.708402,228.094111,748.340258,0.002924,0.009593,15.106638,49.562462,228.589143,749.964381,1.461751,4.795770,-0.026266,-0.086175,-0.000005,-0.000074,0.000072,-0.000000,0.066248,0.006382,0.066133,0.000013,0.066189,-0.000027,0.993307,0.679395,0.000000,0.000000,0.000000,3060.408445,4635.822898,8004.013669,548.449150,259.107664,466.393796,0.779434,0.001512
87.799965,4471.196918,14669.281226,4471.177820,14669.218569,30.346971,120.000664,19972.754669,63.865246,228.594097,749.980633,0.708403,228.094388,748.341170,0.002924,0.009594,15.106656,49.562519,228.589411,749.965260,1.463413,4.801224,-0.025394,-0.083315,-0.000005,-0.000074,0.000072,-0.000000,0.066244,0.006389,0.066133,0.000013,0.066181,-0.000027,0.993313,0.679381,0.000000,0.000000,0.000000,3060.279684,4635.739603,8003.975887,548.446562,259.107648,466.393766,0.779434,0.001512
87.899965,4471.199414,14669.289416,4471.180316,14669.226758,30.347177,120.000666,19995.597534,64.011434,228.594371,749.981533,0.708404,228.094662,748.342067,0.002924,0.009594,15.106680,49.562599,228.589675,749.966125,1.465075,4.806678,-0.024528,-0.080473,-0.000005,-0.000073,0.000072,-0.000000,0.066241,0.006396,0.066133,0.000013,0.066174,-0.000027,0.993319,0.679367,0.000000,0.000000,0.000000,3060.151683,4635.656311,8003.938106,548.443973,259.107631,466.393737,0.779434,0.001512
87.999965,4471.201824,14669.297322,4471.182726,14669.234664,30.347383,120.000667,20018.440426,64.157787,228.594642,749.982420,0.708405,228.094931,748.342949,0.002924,0.009594,15.106711,49.562700,228.589935,749.966978,1.466738,4.812132,-0.023668,-0.077652,-0.000005,-0.000073,0.000072,-0.000000,0.066237,0.006404,0.066133,0.000013,0.066166,-0.000027,0.993326,0.679352,0.000000,0.000000,0.000000,3060.024486,4635.573022,8003.900327,548.441384,259.107616,466.393709,0.779434,0.001512
88.099965,4471.204148,14669.304948,4471.185050,14669.242289,30.347589,120.000669,20041.283343,64.304307,228.594908,749.983293,0.708406,228.095195,748.343816,0.002924,0.009594,15.106748,49.562823,228.590190,749.967816,1.468400,4.817586,-0.022815,-0.074851,-0.000005,-0.000072,0.000072,-0.000000,0.066233,0.006411,0.066133,0.000013,0.066159,-0.000027,0.993333,0.679338,0.000000,0.000000,0.000000,3059.898136,4635.489735,8003.862548,548.438795,259.107601,466.393681,0.779434,0.001512
88.199965,4471.206387,14669.312294,4471.187289,14669.249635,30.347795,120.000670,20064.126286,64.450992,228.595170,749.984153,0.708407,228.095455,748.344668,0.002924,0.009594,15.106792,49.562966,228.590442,749.968641,1.470063,4.823040,-0.021968,-0.072072,-0.000005,-0.000072,0.000072,-0.000000,0.066230,0.006418,0.066134,0.000013,0.066152,-0.000027,0.993341,0.679324,0.000000,0.000000,0.000000,3059.772676,4635.406451,8003.824771,548.436207,259.107586,466.393655,0.779433,0.001512
88.299965,4471.208542,14669.319364,4471.189444,14669.256705,30.348001,120.000672,20086.969253,64.597843,228.595428,749.984999,0.708407,228.095710,748.345505,0.002924,0.009594,15.106842,49.563129,228.590689,749.969453,1.471725,4.828494,-0.021128,-0.069316,-0.000005,-0.000071,0.000072,-0.000000,0.066226,0.006425,0.066134,0.000013,0.066144,-0.000027,0.993348,0.679311,0.000000,0.000000,0.000000,3059.648146,4635.323170,8003.786995,548.433618,259.107572,466.393630,0.779433,0.001512
88.399965,4471.210613,14669.326159,4471.191515,14669.263499,30.348207,120.000673,20109.812245,64.744860,228.595682,749.985832,0.708408,228.095961,748.346327,0.002924,0.009594,15.106897,49.563312,228.590932,749.970250,1.473387,4.833948,-0.020295,-0.066584,-0.000005,-0.000070,0.000072,-0.000000,0.066223,0.006433,0.066134,0.000013,0.066137,-0.000027,0.993356,0.679297,0.000000,0.000000,0.000000,3059.524585,4635.239891,8003.749220,548.431030,259.107559,466.393606,0.779433,0.001512
88.499965,4471.212602,14669.332683,4471.193503,14669.270022,30.348413,120.000675,20132.655261,64.892043,228.595931,749.986650,0.708409,228.096207,748.347135,0.002924,0.009594,15.106959,49.563513,228.591171,749.971034,1.475050,4.839402,-0.019469,-0.063876,-0.000005,-0.000070,0.000072,-0.000000,0.066219,0.006440,0.066134,0.000013,0.066130,-0.000027,0.993365,0.679283,0.000000,0.000000,0.000000,3059.402032,4635.156615,8003.711447,548.428442,259.107546,466.393583,0.779433,0.001512
88.599965,4471.214508,14669.338937,4471.195409,14669.276275,30.348619,120.000676,20155.498301,65.039392,228.596176,749.987455,0.708410,228.096448,748.347927,0.002924,0.009595,15.107025,49.563732,228.591406,749.971804,1.476712,4.844856,-0.018652,-0.061194,-0.000005,-0.000069,0.000072,-0.000000,0.066216,0.006447,0.066134,0.000013,0.066123,-0.000027,0.993373,0.679270,0.000000,0.000000,0.000000,3059.280522,4635.073341,8003.673674,548.425853,259.107534,466.393560,0.779433,0.001512
88.699965,4471.216333,14669.344923,4471.197233,14669.282262,30.348825,120.000678,20178.341364,65.186906,228.596417,749.988246,0.708411,228.096685,748.348703,0.002924,0.009595,15.107097,49.563968,228.591636,749.972560,1.478374,4.850310,-0.017842,-0.058538,-0.000005,-0.000069,0.000072,-0.000000,0.066213,0.006454,0.066135,0.000013,0.066116,-0.000027,0.993382,0.679256,0.000000,0.000000,0.000000,3059.160090,4634.990070,8003.635903,548.423265,259.107522,466.393539,0.779433,0.001512
88.799964,4471.218077,14669.350646,4471.198977,14669.287984,30.349032,120.000680,20201.184450,65.334586,228.596654,749.989023,0.708411,228.096917,748.349465,0.002925,0.009595,15.107175,49.564221,228.591862,749.973301,1.480037,4.855764,-0.017041,-0.055909,-0.000005,-0.000068,0.000072,-0.000000,0.066209,0.006462,0.066135,0.000013,0.066109,-0.000027,0.993391,0.679243,0.000000,0.000000,0.000000,3059.040770,4634.906801,8003.598133,548.420677,259.107510,466.393519,0.779433,0.001512
88.899964,4471.219741,14669.356107,4471.200642,14669.293444,30.349238,120.000681,20224.027558,65.482433,228.596887,749.989786,0.708412,228.097145,748.350212,0.002925,0.009595,15.107257,49.564490,228.592084,749.974029,1.481699,4.861218,-0.016248,-0.053308,-0.000005,-0.000067,0.000072,-0.000000,0.066206,0.006469,0.066135,0.000013,0.066102,-0.000027,0.993400,0.679230,0.000000,0.000000,0.000000,3058.922596,4634.823535,8003.560364,548.418089,259.107500,466.393499,0.779432,0.001512
88.999964,4471.221327,14669.361310,4471.202227,14669.298646,30.349444,120.000683,20246.870688,65.630444,228.597115,749.990534,0.708413,228.097368,748.350943,0.002925,0.009595,15.107343,49.564775,228.592302,749.974743,1.483362,4.866672,-0.015464,-0.050735,-0.000005,-0.000067,0.000072,-0.000000,0.066203,0.006476,0.066135,0.000013,0.066095,-0.000027,0.993409,0.679217,0.000000,0.000000,0.000000,3058.805597,4634.740271,8003.522596,548.415501,259.107489,466.393481,0.779432,0.001512
89.099964,4471.222835,14669.366256,4471.203735,14669.303592,30.349650,120.000684,20269.713840,65.778622,228.597339,749.991269,0.708413,228.097586,748.351660,0.002925,0.009595,15.107435,49.565075,228.592515,749.975442,1.485024,4.872126,-0.014689,-0.048192,-0.000005,-0.000066,0.000072,-0.000000,0.066200,0.006483,0.066136,0.000013,0.066088,-0.000027,0.993419,0.679204,0.000000,0.000000,0.000000,3058.689804,4634.657010,8003.484829,548.412913,259.107479,466.393463,0.779432,0.001512
89.199964,4471.224266,14669.370950,4471.205166,14669.308286,30.349856,120.000686,20292.557012,65.926966,228.597558,749.991989,0.708414,228.097800,748.352361,0.002925,0.009595,15.107531,49.565389,228.592724,749.976127,1.486686,4.877580,-0.013923,-0.045679,-0.000005,-0.000066,0.000072,-0.000000,0.066197,0.006491,0.066136,0.000013,0.066081,-0.000027,0.993429,0.679191,0.000000,0.000000,0.000000,3058.575245,4634.573751,8003.447064,548.410326,259.107470,466.393446,0.779432,0.001512
89.299964,4471.225620,14669.375394,4471.206520,14669.312729,30.350062,120.000687,20315.400206,66.075475,228.597774,749.992696,0.708415,228.098009,748.353047,0.002925,0.009595,15.107630,49.565717,228.592928,749.976798,1.488349,4.883034,-0.013166,-0.043196,-0.000005,-0.000065,0.000072,-0.000000,0.066194,0.006498,0.066136,0.000013,0.066075,-0.000027,0.993439,0.679178,0.000000,0.000000,0.000000,3058.461948,4634.490495,8003.409299,548.407738,259.107461,466.393431,0.779432,0.001512
89.399964,4471.226899,14669.379591,4471.207799,14669.316926,30.350268,120.000689,20338.243419,66.224150,228.597985,749.993388,0.708416,228.098213,748.353719,0.002925,0.009596,15.107734,49.566058,228.593128,749.977455,1.490011,4.888488,-0.012419,-0.040744,-0.000005,-0.000064,0.000072,-0.000000,0.066191,0.006505,0.066137,0.000013,0.066068,-0.000027,0.993449,0.679166,0.000000,0.000000,0.000000,3058.349938,4634.407241,8003.371536,548.405150,259.107453,466.393416,0.779432,0.001512
89.499964,4471.228105,14669.383545,4471.209004,14669.320879,30.350474,120.000690,20361.086652,66.372991,228.598191,749.994066,0.708416,228.098413,748.354375,0.002925,0.009596,15.107842,49.566412,228.593324,749.978098,1.491673,4.893942,-0.011681,-0.038324,-0.000005,-0.000064,0.000072,-0.000000,0.066188,0.006513,0.066137,0.000013,0.066061,-0.000027,0.993459,0.679154,0.000000,0.000000,0.000000,3058.239241,4634.323989,8003.333773,548.402563,259.107445,466.393401,0.779432,0.001512
89.599964,4471.229236,14669.387258,4471.210136,14669.324592,30.350680,120.000692,20383.929905,66.521998,228.598394,749.994730,0.708417,228.098609,748.355016,0.002925,0.009596,15.107954,49.566778,228.593516,749.978727,1.493336,4.899395,-0.010953,-0.035936,-0.000005,-0.000063,0.000072,-0.000000,0.066186,0.006520,0.066138,0.000013,0.066055,-0.000027,0.993470,0.679142,0.000000,0.000000,0.000000,3058.129881,4634.240739,8003.296012,548.399975,259.107438,466.393388,0.779432,0.001512
89.699964,4471.230296,14669.390735,4471.211195,14669.328067,30.350886,120.000693,20406.773177,66.671170,228.598592,749.995380,0.708417,228.098800,748.355642,0.002925,0.009596,15.108069,49.567155,228.593703,749.979341,1.494998,4.904849,-0.010236,-0.033581,-0.000005,-0.000063,0.000072,-0.000000,0.066183,0.006527,0.066138,0.000013,0.066049,-0.000027,0.993481,0.679129,0.000000,0.000000,0.000000,3058.021879,4634.157492,8003.258251,548.397388,259.107431,466.393376,0.779432,0.001512
89.799964,4471.231284,14669.393977,4471.212183,14669.331309,30.351092,120.000695,20429.616467,66.820508,228.598786,749.996016,0.708418,228.098986,748.356254,0.002925,0.009596,15.108187,49.567544,228.593886,749.979941,1.496660,4.910303,-0.009528,-0.031260,-0.000005,-0.000062,0.000072,-0.000000,0.066180,0.006534,0.066139,0.000013,0.066042,-0.000027,0.993492,0.679118,0.000000,0.000000,0.000000,3057.915257,4634.074247,8003.220492,548.394801,259.107425,466.393364,0.779431,0.001512
89.899964,4471.232202,14669.396989,4471.213101,14669.334321,30.351298,120.000697,20452.459775,66.970012,228.598975,749.996638,0.708419,228.099168,748.356851,0.002925,0.009596,15.108309,49.567942,228.594065,749.980528,1.498323,4.915757,-0.008830,-0.028971,-0.000005,-0.000061,0.000072,-0.000000,0.066178,0.006542,0.066139,0.000013,0.066036,-0.000027,0.993502,0.679106,0.000000,0.000000,0.000000,3057.810036,4633.991004,8003.182734,548.392213,259.107419,466.393354,0.779431,0.001512
89.999964,4471.233051,14669.399773,4471.213950,14669.337105,30.351504,120.000698,20475.303101,67.119682,228.599161,749.997246,0.708419,228.099346,748.357433,0.002925,0.009596,15.108434,49.568351,228.594239,749.981100,1.499985,4.921211,-0.008143,-0.026717,-0.000005,-0.000061,0.000072,-0.000000,0.066175,0.006549,0.066140,0.000013,0.066030,-0.000027,0.993514,0.679094,0.000000,0.000000,0.000000,3057.706233,4633.907764,8003.144976,548.389626,259.107413,466.393344,0.779431,0.001512
90.099964,4471.233831,14669.402334,4471.214730,14669.339665,30.351710,120.000700,20498.146444,67.269518,228.599342,749.997840,0.708420,228.099519,748.358000,0.002925,0.009596,15.108561,49.568770,228.594409,749.981658,1.501647,4.926665,-0.007467,-0.024498,-0.000005,-0.000060,0.000072,-0.000000,0.066173,0.006556,0.066140,0.000013,0.066024,-0.000027,0.993525,0.679083,0.000000,0.000000,0.000000,3057.603867,4633.824525,8003.107220,548.387039,259.107408,466.393335,0.779431,0.001512
90.199964,4471.234545,14669.404675,4471.215443,14669.342005,30.351916,120.000701,20520.989804,67.419520,228.599518,749.998420,0.708420,228.099687,748.358553,0.002925,0.009596,15.108691,49.569197,228.594575,749.982202,1.503310,4.932119,-0.006801,-0.022314,-0.000005,-0.000060,0.000072,-0.000000,0.066170,0.006563,0.066141,0.000013,0.066018,-0.000027,0.993536,0.679072,0.000000,0.000000,0.000000,3057.502956,4633.741289,8003.069464,548.384452,259.107403,466.393326,0.779431,0.001512
90.299964,4471.235192,14669.406799,4471.216091,14669.344129,30.352122,120.000703,20543.833180,67.569687,228.599691,749.998986,0.708421,228.099851,748.359092,0.002925,0.009597,15.108824,49.569632,228.594737,749.982732,1.504972,4.937573,-0.006146,-0.020164,-0.000005,-0.000059,0.000072,-0.000000,0.066168,0.006571,0.066141,0.000013,0.066012,-0.000027,0.993548,0.679061,0.000000,0.000000,0.000000,3057.403513,4633.658055,8003.031710,548.381865,259.107399,466.393319,0.779431,0.001512
90.399964,4471.235775,14669.408710,4471.216673,14669.346040,30.352328,120.000704,20566.676572,67.720020,228.599859,749.999538,0.708421,228.100011,748.359616,0.002925,0.009597,15.108959,49.570076,228.594894,749.983249,1.506634,4.943027,-0.005502,-0.018051,-0.000005,-0.000058,0.000072,-0.000000,0.066166,0.006578,0.066142,0.000013,0.066006,-0.000027,0.993559,0.679050,0.000000,0.000000,0.000000,3057.305555,4633.574822,8002.993956,548.379278,259.107395,466.393312,0.779431,0.001512
90.499964,4471.236293,14669.410412,4471.217191,14669.347740,30.352535,120.000706,20589.519979,67.870519,228.600023,750.000077,0.708422,228.100166,748.360126,0.002925,0.009597,15.109097,49.570527,228.595047,749.983751,1.508297,4.948480,-0.004869,-0.015973,-0.000005,-0.000058,0.000072,-0.000000,0.066164,0.006585,0.066142,0.000013,0.066000,-0.000027,0.993571,0.679039,0.000000,0.000000,0.000000,3057.209094,4633.491592,8002.956204,548.376691,259.107392,466.393306,0.779431,0.001512
90.599964,4471.236749,14669.411907,4471.217647,14669.349235,30.352741,120.000707,20612.363402,68.021184,228.600183,750.000602,0.708422,228.100317,748.360621,0.002925,0.009597,15.109236,49.570985,228.595196,749.984240,1.509959,4.953934,-0.004246,-0.013932,-0.000005,-0.000057,0.000072,-0.000000,0.066161,0.006592,0.066143,0.000013,0.065995,-0.000027,0.993582,0.679028,0.000000,0.000000,0.000000,3057.114143,4633.408364,8002.918452,548.374104,259.107389,466.393300,0.779431,0.001512
90.699964,4471.237143,14669.413200,4471.218041,14669.350528,30.352947,120.000709,20635.206840,68.172014,228.600339,750.001113,0.708423,228.100464,748.361103,0.002925,0.009597,15.109378,49.571449,228.595341,749.984716,1.511621,4.959388,-0.003635,-0.011927,-0.000005,-0.000057,0.000072,-0.000000,0.066159,0.006600,0.066143,0.000013,0.065989,-0.000027,0.993594,0.679018,0.000000,0.000000,0.000000,3057.020714,4633.325138,8002.880701,548.371517,259.107387,466.393296,0.779431,0.001512
90.799964,4471.237477,14669.414295,4471.218374,14669.351622,30.353153,120.000711,20658.050291,68.323011,228.600491,750.001610,0.708423,228.100607,748.361571,0.002925,0.009597,15.109521,49.571919,228.595482,749.985177,1.513284,4.964842,-0.003035,-0.009958,-0.000005,-0.000056,0.000072,-0.000000,0.066157,0.006607,0.066144,0.000013,0.065984,-0.000027,0.993606,0.679008,0.000000,0.000000,0.000000,3056.928817,4633.241914,8002.842951,548.368931,259.107384,466.393292,0.779431,0.001512
90.899964,4471.237751,14669.415194,4471.218648,14669.352521,30.353359,120.000712,20680.893757,68.474173,228.600638,750.002095,0.708424,228.100745,748.362024,0.002925,0.009597,15.109666,49.572395,228.595619,749.985625,1.514946,4.970296,-0.002447,-0.008027,-0.000005,-0.000055,0.000072,-0.000000,0.066155,0.006614,0.066145,0.000013,0.065978,-0.000027,0.993618,0.678998,0.000000,0.000000,0.000000,3056.838462,4633.158691,8002.805202,548.366344,259.107383,466.393289,0.779431,0.001512
90.999964,4471.237967,14669.415902,4471.218864,14669.353228,30.353565,120.000714,20703.737236,68.625501,228.600782,750.002565,0.708424,228.100879,748.362464,0.002925,0.009597,15.109812,49.572876,228.595751,749.986060,1.516608,4.975749,-0.001869,-0.006132,-0.000005,-0.000055,0.000072,-0.000000,0.066153,0.006622,0.066145,0.000013,0.065973,-0.000027,0.993630,0.678988,0.000000,0.000000,0.000000,3056.749656,4633.075471,8002.767454,548.363758,259.107381,466.393286,0.779431,0.001512
91.099964,4471.238126,14669.416423,4471.219023,14669.353748,30.353771,120.000715,20726.580728,68.776994,228.600921,750.003023,0.708425,228.101009,748.362891,0.002925,0.009597,15.109960,49.573361,228.595880,749.986481,1.518271,4.981203,-0.001303,-0.004275,-0.000005,-0.000054,0.000072,-0.000000,0.066151,0.006629,0.066146,0.000013,0.065968,-0.000027,0.993642,0.678978,0.000000,0.000000,0.000000,3056.662409,4632.992252,8002.729706,548.361171,259.107380,466.393284,0.779431,0.001512
91.199964,4471.238228,14669.416759,4471.219125,14669.354085,30.353977,120.000717,20749.424232,68.928654,228.601057,750.003467,0.708425,228.101135,748.363304,0.002925,0.009597,15.110110,49.573851,228.596004,749.986890,1.519933,4.986657,-0.000748,-0.002455,-0.000005,-0.000054,0.000072,-0.000000,0.066150,0.006636,0.066146,0.000013,0.065963,-0.000027,0.993654,0.678968,0.000000,0.000000,0.000000,3056.576725,4632.909035,8002.691960,548.358585,259.107380,466.393283,0.779431,0.001512
91.299963,4471.238276,14669.416916,4471.219173,14669.354241,30.354183,120.000719,20772.267749,69.080479,228.601188,750.003899,0.708426,228.101257,748.363703,0.002925,0.009598,15.110260,49.574344,228.596124,749.987285,1.521595,4.992110,-0.000205,-0.000673,-0.000005,-0.000053,0.000072,-0.000000,0.066148,0.006643,0.066147,0.000013,0.065958,-0.000027,0.993666,0.678959,0.000000,0.000000,0.000000,3056.492612,4632.825820,8002.654214,548.355998,259.107379,466.393283,0.779431,0.001512
91.399963,4471.238270,14669.416896,4471.219166,14669.354220,30.354389,120.000720,20795.111278,69.232470,228.601316,750.004317,0.708426,228.101375,748.364090,0.002925,0.009598,15.110411,49.574840,228.596241,749.987667,1.523258,4.997564,0.000327,0.001072,-0.000005,-0.000053,0.000072,-0.000000,0.066146,0.006651,0.066148,0.000013,0.065953,-0.000027,0.993678,0.678950,0.000000,0.000000,0.000000,3056.410073,4632.742607,8002.616469,548.353412,259.107379,466.393283,0.779431,0.001512
91.499963,4471.238211,14669.416704,4471.219108,14669.354028,30.354595,120.000722,20817.954818,69.384627,228.601439,750.004722,0.708426,228.101488,748.364463,0.002925,0.009598,15.110564,49.575340,228.596353,749.988036,1.524920,5.003018,0.000847,0.002779,-0.000005,-0.000052,0.000072,-0.000000,0.066145,0.006658,0.066148,0.000013,0.065948,-0.000027,0.993690,0.678941,0.000000,0.000000,0.000000,3056.329114,4632.659395,8002.578725,548.350826,259.107380,466.393283,0.779431,0.001512
91.599963,4471.238101,14669.416343,4471.218997,14669.353666,30.354801,120.000723,20840.798369,69.536950,228.601559,750.005115,0.708427,228.101598,748.364823,0.002925,0.009598,15.110717,49.575842,228.596462,749.988392,1.526582,5.008472,0.001356,0.004449,-0.000005,-0.000052,0.000072,-0.000000,0.066143,0.006665,0.066149,0.000013,0.065943,-0.000027,0.993702,0.678932,0.000000,0.000000,0.000000,3056.249763,4632.576185,8002.540981,548.348239,259.107380,466.393285,0.779431,0.001512
91.699963,4471.237941,14669.415816,4471.218837,14669.353139,30.355007,120.000725,20863.641931,69.689438,228.601675,750.005495,0.708427,228.101704,748.365170,0.002925,0.009598,15.110870,49.576346,228.596567,749.988735,1.528244,5.013925,0.001853,0.006080,-0.000005,-0.000051,0.000072,-0.000000,0.066141,0.006672,0.066150,0.000013,0.065939,-0.000027,0.993714,0.678923,0.000000,0.000000,0.000000,3056.171969,4632.492977,8002.503239,548.345653,259.107381,466.393287,0.779431,0.001512
91.799963,4471.237731,14669.415129,4471.218627,14669.352451,30.355213,120.000726,20886.485503,69.842093,228.601787,750.005862,0.708427,228.101806,748.365505,0.002925,0.009598,15.111024,49.576852,228.596667,749.989066,1.529907,5.019379,0.002339,0.007674,-0.000005,-0.000050,0.000072,-0.000000,0.066140,0.006680,0.066150,0.000013,0.065934,-0.000027,0.993726,0.678915,0.000000,0.000000,0.000000,3056.095761,4632.409771,8002.465497,548.343067,259.107383,466.393289,0.779431,0.001512
91.899963,4471.237474,14669.414284,4471.218369,14669.351606,30.355419,120.000728,20909.329085,69.994913,228.601895,750.006218,0.708428,228.101904,748.365827,0.002926,0.009598,15.111179,49.577359,228.596764,749.989385,1.531569,5.024833,0.002813,0.009230,-0.000005,-0.000050,0.000072,-0.000000,0.066139,0.006687,0.066151,0.000013,0.065930,-0.000027,0.993738,0.678906,0.000000,0.000000,0.000000,3056.021139,4632.326565,8002.427755,548.340481,259.107384,466.393292,0.779431,0.001512
91.999963,4471.237169,14669.413285,4471.218065,14669.350606,30.355625,120.000730,20932.172677,70.147898,228.602000,750.006560,0.708428,228.101999,748.366137,0.002926,0.009598,15.111334,49.577867,228.596858,749.989691,1.533231,5.030286,0.003276,0.010749,-0.000005,-0.000049,0.000072,-0.000000,0.066137,0.006694,0.066151,0.000013,0.065925,-0.000027,0.993750,0.678898,0.000000,0.000000,0.000000,3055.948103,4632.243362,8002.390015,548.337895,259.107386,466.393296,0.779431,0.001512
92.099963,4471.236819,14669.412136,4471.217714,14669.349457,30.355831,120.000731,20955.016278,70.301050,228.602100,750.006891,0.708428,228.102089,748.366435,0.002926,0.009598,15.111489,49.578376,228.596947,749.989985,1.534893,5.035740,0.003728,0.012230,-0.000005,-0.000049,0.000072,-0.000000,0.066136,0.006702,0.066152,0.000013,0.065921,-0.000027,0.993762,0.678890,0.000000,0.000000,0.000000,3055.876653,4632.160160,8002.352275,548.335309,259.107389,466.393300,0.779431,0.001512
92.199963,4471.236424,14669.410841,4471.217320,14669.348162,30.356038,120.000733,20977.859887,70.454367,228.602197,750.007209,0.708429,228.102176,748.366721,0.002926,0.009598,15.111644,49.578884,228.597033,749.990267,1.536556,5.041193,0.004167,0.013673,-0.000005,-0.000048,0.000072,-0.000000,0.066135,0.006709,0.066153,0.000013,0.065917,-0.000027,0.993774,0.678882,0.000000,0.000000,0.000000,3055.806786,4632.076959,8002.314536,548.332723,259.107391,466.393304,0.779431,0.001512
92.299963,4471.235986,14669.409404,4471.216881,14669.346724,30.356244,120.000734,21000.703505,70.607851,228.602291,750.007516,0.708429,228.102260,748.366994,0.002926,0.009599,15.111799,49.579393,228.597116,749.990537,1.538218,5.046647,0.004596,0.015078,-0.000005,-0.000048,0.000072,-0.000000,0.066133,0.006716,0.066153,0.000013,0.065912,-0.000027,0.993786,0.678875,0.000000,0.000000,0.000000,3055.738501,4631.993760,8002.276797,548.330137,259.107394,466.393309,0.779431,0.001512
92.399963,4471.235506,14669.407828,4471.216401,14669.345147,30.356450,120.000736,21023.547131,70.761500,228.602381,750.007811,0.708429,228.102340,748.367256,0.002926,0.009599,15.111954,49.579901,228.597194,749.990795,1.539880,5.052100,0.005013,0.016446,-0.000005,-0.000047,0.000072,-0.000000,0.066132,0.006723,0.066154,0.000013,0.065908,-0.000027,0.993798,0.678867,0.000000,0.000000,0.000000,3055.671794,4631.910562,8002.239059,548.327551,259.107397,466.393315,0.779431,0.001512
92.499963,4471.234984,14669.406117,4471.215879,14669.343436,30.356656,120.000738,21046.390764,70.915314,228.602467,750.008094,0.708429,228.102416,748.367506,0.002926,0.009599,15.112109,49.580409,228.597269,749.991042,1.541542,5.057554,0.005418,0.017777,-0.000005,-0.000047,0.000072,-0.000000,0.066131,0.006731,0.066155,0.000013,0.065905,-0.000027,0.993810,0.678860,0.000000,0.000000,0.000000,3055.606661,4631.827366,8002.201322,548.324965,259.107401,466.393321,0.779431,0.001512
92.599963,4471.234423,14669.404275,4471.215318,14669.341593,30.356862,120.000739,21069.234405,71.069295,228.602550,750.008366,0.708430,228.102489,748.367745,0.002926,0.009599,15.112263,49.580915,228.597341,749.991276,1.543205,5.063008,0.005813,0.019071,-0.000005,-0.000046,0.000072,-0.000000,0.066130,0.006738,0.066155,0.000013,0.065901,-0.000027,0.993822,0.678853,0.000000,0.000000,0.000000,3055.543098,4631.744171,8002.163585,548.322379,259.107404,466.393328,0.779431,0.001512
92.699963,4471.233823,14669.402305,4471.214717,14669.339623,30.357068,120.000741,21092.078053,71.223441,228.602629,750.008627,0.708430,228.102558,748.367973,0.002926,0.009599,15.112417,49.581420,228.597409,749.991500,1.544867,5.068461,0.006196,0.020327,-0.000005,-0.000046,0.000072,-0.000000,0.066129,0.006745,0.066156,0.000013,0.065897,-0.000027,0.993833,0.678846,0.000000,0.000000,0.000000,3055.481100,4631.660977,8002.125849,548.319794,259.107408,466.393335,0.779431,0.001512
92.799963,4471.233185,14669.400212,4471.214079,14669.337529,30.357274,120.000742,21114.921708,71.377753,228.602705,750.008876,0.708430,228.102624,748.368189,0.002926,0.009599,15.112570,49.581923,228.597474,749.991712,1.546529,5.073915,0.006567,0.021546,-0.000005,-0.000045,0.000072,-0.000000,0.066128,0.006752,0.066157,0.000013,0.065893,-0.000027,0.993845,0.678839,0.000000,0.000000,0.000000,3055.420661,4631.577785,8002.088114,548.317208,259.107412,466.393342,0.779431,0.001512
92.899963,4471.232510,14669.397998,4471.213404,14669.335315,30.357480,120.000744,21137.765368,71.532231,228.602778,750.009114,0.708430,228.102687,748.368395,0.002926,0.009599,15.112723,49.582424,228.597535,749.991914,1.548191,5.079368,0.006928,0.022729,-0.000005,-0.000045,0.000072,-0.000000,0.066127,0.006760,0.066157,0.000013,0.065890,-0.000027,0.993857,0.678833,0.000000,0.000000,0.000000,3055.361774,4631.494594,8002.050379,548.314622,259.107417,466.393350,0.779431,0.001512
92.999963,4471.231800,14669.395668,4471.212694,14669.332984,30.357686,120.000746,21160.609035,71.686875,228.602847,750.009341,0.708431,228.102746,748.368589,0.002926,0.009599,15.112875,49.582923,228.597593,749.992104,1.549854,5.084822,0.007277,0.023875,-0.000005,-0.000045,0.000072,-0.000000,0.066126,0.006767,0.066158,0.000013,0.065886,-0.000027,0.993868,0.678826,0.000000,0.000000,0.000000,3055.304433,4631.411404,8002.012644,548.312037,259.107421,466.393358,0.779431,0.001512
93.099963,4471.231055,14669.393225,4471.211949,14669.330541,30.357892,120.000747,21183.452708,71.841684,228.602913,750.009558,0.708431,228.102802,748.368773,0.002926,0.009599,15.113026,49.583419,228.597648,749.992283,1.551516,5.090275,0.007615,0.024985,-0.000005,-0.000044,0.000072,-0.000000,0.066125,0.006774,0.066159,0.000013,0.065883,-0.000027,0.993880,0.678820,0.000000,0.000000,0.000000,3055.248630,4631.328215,8001.974911,548.309451,259.107426,466.393367,0.779431,0.001512
93.199963,4471.230277,14669.390673,4471.211171,14669.327989,30.358098,120.000749,21206.296385,71.996660,228.602976,750.009764,0.708431,228.102855,748.368947,0.002926,0.009599,15.113176,49.583912,228.597699,749.992452,1.553178,5.095729,0.007943,0.026058,-0.000005,-0.000044,0.000072,-0.000000,0.066125,0.006781,0.066159,0.000013,0.065879,-0.000027,0.993891,0.678814,0.000000,0.000000,0.000000,3055.194356,4631.245027,8001.937177,548.306866,259.107431,466.393376,0.779432,0.001512
93.299963,4471.229467,14669.388016,4471.210361,14669.325331,30.358304,120.000751,21229.140068,72.151801,228.603035,750.009959,0.708431,228.102905,748.369110,0.002926,0.009599,15.113326,49.584402,228.597748,749.992610,1.554840,5.101182,0.008259,0.027096,-0.000005,-0.000043,0.000072,-0.000000,0.066124,0.006789,0.066160,0.000013,0.065876,-0.000027,0.993903,0.678808,0.000000,0.000000,0.000000,3055.141603,4631.161841,8001.899444,548.304280,259.107436,466.393386,0.779432,0.001512
93.399963,4471.228626,14669.385256,4471.209520,14669.322571,30.358510,120.000752,21251.983756,72.307107,228.603092,750.010144,0.708431,228.102952,748.369264,0.002926,0.009599,15.113474,49.584889,228.597793,749.992758,1.556502,5.106635,0.008564,0.028098,-0.000005,-0.000043,0.000072,-0.000000,0.066123,0.006796,0.066161,0.000013,0.065873,-0.000027,0.993914,0.678802,0.000000,0.000000,0.000000,3055.090362,4631.078655,8001.861712,548.301695,259.107442,466.393395,0.779432,0.001512
93.499963,4471.227755,14669.382399,4471.208648,14669.319712,30.358716,120.000754,21274.827447,72.462580,228.603145,750.010319,0.708432,228.102995,748.369407,0.002926,0.009599,15.113621,49.585371,228.597835,749.992896,1.558165,5.112089,0.008859,0.029064,-0.000005,-0.000042,0.000072,-0.000000,0.066122,0.006803,0.066161,0.000013,0.065870,-0.000027,0.993925,0.678797,0.000000,0.000000,0.000000,3055.040623,4630.995471,8001.823980,548.299109,259.107448,466.393406,0.779432,0.001512
93.599963,4471.226855,14669.379446,4471.207748,14669.316759,30.358922,120.000755,21297.671143,72.618218,228.603196,750.010484,0.708432,228.103036,748.369541,0.002926,0.009600,15.113767,49.585850,228.597874,749.993024,1.559827,5.117542,0.009142,0.029995,-0.000005,-0.000042,0.000072,-0.000000,0.066122,0.006811,0.066162,0.000013,0.065867,-0.000027,0.993936,0.678791,0.000000,0.000000,0.000000,3054.992375,4630.912287,8001.786249,548.296524,259.107453,466.393416,0.779432,0.001512
93.699963,4471.225927,14669.376402,4471.206820,14669.313714,30.359128,120.000757,21320.514843,72.774023,228.603243,750.010639,0.708432,228.103074,748.369665,0.002926,0.009600,15.113912,49.586325,228.597910,749.993142,1.561489,5.122996,0.009416,0.030891,-0.000005,-0.000041,0.000072,-0.000000,0.066121,0.006818,0.066162,0.000013,0.065864,-0.000027,0.993947,0.678786,0.000000,0.000000,0.000000,3054.945608,4630.829105,8001.748518,548.293938,259.107459,466.393427,0.779432,0.001512
93.799962,4471.224973,14669.373270,4471.205865,14669.310582,30.359335,120.000759,21343.358546,72.929992,228.603287,750.010785,0.708432,228.103109,748.369779,0.002926,0.009600,15.114055,49.586795,228.597943,749.993250,1.563151,5.128449,0.009678,0.031753,-0.000005,-0.000041,0.000072,-0.000000,0.066121,0.006825,0.066163,0.000013,0.065861,-0.000027,0.993958,0.678781,0.000000,0.000000,0.000000,3054.900311,4630.745923,8001.710787,548.291353,259.107466,466.393438,0.779432,0.001512
93.899962,4471.223992,14669.370053,4471.204885,14669.307365,30.359541,120.000760,21366.202252,73.086128,228.603329,750.010921,0.708432,228.103141,748.369885,0.002926,0.009600,15.114197,49.587260,228.597973,749.993349,1.564814,5.133903,0.009930,0.032580,-0.000005,-0.000041,0.000072,-0.000000,0.066120,0.006832,0.066164,0.000013,0.065859,-0.000027,0.993969,0.678776,0.000000,0.000000,0.000000,3054.856471,4630.662743,8001.673057,548.288768,259.107472,466.393450,0.779432,0.001512
93.999962,4471.222987,14669.366756,4471.203880,14669.304067,30.359747,120.000762,21389.045961,73.242430,228.603367,750.011047,0.708432,228.103170,748.369981,0.002926,0.009600,15.114337,49.587721,228.598000,749.993438,1.566476,5.139356,0.010172,0.033373,-0.000005,-0.000040,0.000072,-0.000000,0.066120,0.006840,0.066164,0.000013,0.065856,-0.000027,0.993980,0.678771,0.000000,0.000000,0.000000,3054.814076,4630.579563,8001.635328,548.286182,259.107478,466.393461,0.779432,0.001512
94.099962,4471.221958,14669.363381,4471.202851,14669.300691,30.359953,120.000763,21411.889672,73.398897,228.603403,750.011165,0.708432,228.103197,748.370069,0.002926,0.009600,15.114476,49.588177,228.598024,749.993518,1.568138,5.144809,0.010404,0.034133,-0.000005,-0.000040,0.000072,-0.000000,0.066119,0.006847,0.066165,0.000013,0.065853,-0.000027,0.993990,0.678767,0.000000,0.000000,0.000000,3054.773114,4630.496385,8001.597598,548.283597,259.107485,466.393473,0.779432,0.001512
94.199962,4471.220907,14669.359931,4471.201799,14669.297242,30.360159,120.000765,21434.733386,73.555530,228.603436,750.011273,0.708432,228.103221,748.370148,0.002926,0.009600,15.114613,49.588627,228.598046,749.993589,1.569800,5.150263,0.010625,0.034859,-0.000005,-0.000040,0.000072,-0.000000,0.066119,0.006854,0.066165,0.000013,0.065851,-0.000027,0.994001,0.678762,0.000000,0.000000,0.000000,3054.733572,4630.413207,8001.559869,548.281012,259.107492,466.393486,0.779432,0.001512
94.299962,4471.219834,14669.356411,4471.200726,14669.293721,30.360365,120.000767,21457.577102,73.712329,228.603466,750.011373,0.708432,228.103242,748.370218,0.002926,0.009600,15.114749,49.589072,228.598065,749.993651,1.571462,5.155716,0.010836,0.035552,-0.000005,-0.000039,0.000072,-0.000000,0.066119,0.006861,0.066166,0.000013,0.065849,-0.000027,0.994011,0.678758,0.000000,0.000000,0.000000,3054.695436,4630.330030,8001.522141,548.278427,259.107499,466.393498,0.779432,0.001512
94.399962,4471.218741,14669.352823,4471.199632,14669.290132,30.360571,120.000768,21480.420820,73.869293,228.603494,750.011464,0.708433,228.103261,748.370280,0.002926,0.009600,15.114883,49.589511,228.598081,749.993705,1.573124,5.161169,0.011037,0.036212,-0.000005,-0.000039,0.000072,-0.000000,0.066118,0.006869,0.066167,0.000013,0.065846,-0.000027,0.994022,0.678754,0.000000,0.000000,0.000000,3054.658693,4630.246853,8001.484413,548.275841,259.107506,466.393511,0.779432,0.001512
94.499962,4471.217627,14669.349171,4471.198519,14669.286480,30.360777,120.000770,21503.264539,74.026423,228.603519,750.011546,0.708433,228.103278,748.370334,0.002926,0.009600,15.115015,49.589944,228.598095,749.993749,1.574787,5.166623,0.011229,0.036840,-0.000005,-0.000038,0.000072,-0.000000,0.066118,0.006876,0.066167,0.000013,0.065844,-0.000027,0.994032,0.678750,0.000000,0.000000,0.000000,3054.623327,4630.163678,8001.446685,548.273256,259.107513,466.393524,0.779433,0.001512
94.599962,4471.216495,14669.345457,4471.197387,14669.282766,30.360983,120.000772,21526.108260,74.183720,228.603542,750.011620,0.708433,228.103292,748.370380,0.002926,0.009600,15.115145,49.590371,228.598106,749.993786,1.576449,5.172076,0.011410,0.037436,-0.000005,-0.000038,0.000072,-0.000000,0.066118,0.006883,0.066168,0.000013,0.065842,-0.000027,0.994042,0.678746,0.000000,0.000000,0.000000,3054.589326,4630.080503,8001.408957,548.270671,259.107521,466.393537,0.779433,0.001512
94.699962,4471.215346,14669.341686,4471.196237,14669.278993,30.361189,120.000773,21548.951981,74.341181,228.603562,750.011686,0.708433,228.103303,748.370418,0.002926,0.009600,15.115273,49.590792,228.598114,749.993814,1.578111,5.177530,0.011582,0.038000,-0.000005,-0.000038,0.000072,-0.000000,0.066118,0.006891,0.066168,0.000013,0.065840,-0.000027,0.994052,0.678743,0.000000,0.000000,0.000000,3054.556674,4629.997329,8001.371230,548.268086,259.107528,466.393551,0.779433,0.001512
94.799962,4471.214180,14669.337859,4471.195071,14669.275167,30.361395,120.000775,21571.795703,74.498809,228.603579,750.011744,0.708433,228.103313,748.370448,0.002926,0.009600,15.115400,49.591207,228.598121,749.993834,1.579773,5.182983,0.011745,0.038533,-0.000005,-0.000037,0.000072,-0.000000,0.066117,0.006898,0.066169,0.000013,0.065838,-0.000027,0.994062,0.678739,0.000000,0.000000,0.000000,3054.525355,4629.914155,8001.333503,548.265501,259.107536,466.393564,0.779433,0.001512
94.899962,4471.212997,14669.333981,4471.193889,14669.271288,30.361601,120.000777,21594.639426,74.656602,228.603595,750.011794,0.708433,228.103320,748.370471,0.002926,0.009600,15.115524,49.591615,228.598124,749.993846,1.581435,5.188436,0.011898,0.039035,-0.000005,-0.000037,0.000072,-0.000000,0.066117,0.006905,0.066169,0.000013,0.065836,-0.000027,0.994071,0.678736,0.000000,0.000000,0.000000,3054.495354,4629.830982,8001.295777,548.262916,259.107543,466.393578,0.779433,0.001512
94.999962,4471.211801,14669.330054,4471.192692,14669.267361,30.361807,120.000778,21617.483149,74.814562,228.603608,750.011836,0.708433,228.103324,748.370487,0.002926,0.009601,15.115647,49.592016,228.598126,749.993851,1.583098,5.193890,0.012042,0.039506,-0.000005,-0.000037,0.000072,-0.000000,0.066117,0.006912,0.066170,0.000013,0.065834,-0.000027,0.994081,0.678733,0.000000,0.000000,0.000000,3054.466656,4629.747810,8001.258050,548.260331,259.107551,466.393592,0.779433,0.001512
95.099962,4471.210590,14669.326082,4471.191481,14669.263388,30.362013,120.000780,21640.326872,74.972687,228.603618,750.011870,0.708433,228.103327,748.370495,0.002926,0.009601,15.115767,49.592411,228.598125,749.993847,1.584760,5.199343,0.012176,0.039948,-0.000005,-0.000036,0.000072,-0.000000,0.066117,0.006920,0.066170,0.000013,0.065832,-0.000027,0.994090,0.678729,0.000000,0.000000,0.000000,3054.439244,4629.664638,8001.220324,548.257746,259.107559,466.393606,0.779433,0.001512
95.199962,4471.209366,14669.322067,4471.190257,14669.259372,30.362219,120.000782,21663.170594,75.130977,228.603626,750.011898,0.708433,228.103328,748.370497,0.002926,0.009601,15.115885,49.592798,228.598121,749.993837,1.586422,5.204796,0.012302,0.040360,-0.000005,-0.000036,0.000072,-0.000000,0.066117,0.006927,0.066171,0.000013,0.065831,-0.000027,0.994100,0.678726,0.000000,0.000000,0.000000,3054.413103,4629.581467,8001.182599,548.255160,259.107567,466.393620,0.779433,0.001512
95.299962,4471.208130,14669.318012,4471.189021,14669.255317,30.362425,120.000783,21686.014317,75.289434,228.603633,750.011918,0.708433,228.103326,748.370492,0.002926,0.009601,15.116001,49.593179,228.598116,749.993819,1.588084,5.210250,0.012418,0.040742,-0.000005,-0.000036,0.000072,-0.000000,0.066117,0.006934,0.066171,0.000013,0.065829,-0.000027,0.994109,0.678724,0.000000,0.000000,0.000000,3054.388214,4629.498297,8001.144873,548.252575,259.107575,466.393635,0.779433,0.001512
95.399962,4471.206883,14669.313920,4471.187773,14669.251225,30.362632,120.000785,21708.858038,75.448056,228.603637,750.011931,0.708433,228.103322,748.370480,0.002926,0.009601,15.116115,49.593552,228.598108,749.993794,1.589746,5.215703,0.012526,0.041096,-0.000005,-0.000036,0.000072,-0.000000,0.066117,0.006941,0.066172,0.000013,0.065827,-0.000027,0.994118,0.678721,0.000000,0.000000,0.000000,3054.364562,4629.415127,8001.107148,548.249990,259.107583,466.393649,0.779433,0.001512
95.499962,4471.205625,14669.309795,4471.186516,14669.247098,30.362838,120.000786,21731.701759,75.606844,228.603638,750.011937,0.708433,228.103317,748.370462,0.002926,0.009601,15.116226,49.593918,228.598099,749.993762,1.591408,5.221156,0.012625,0.041421,-0.000005,-0.000035,0.000072,-0.000000,0.066117,0.006949,0.066172,0.000013,0.065826,-0.000027,0.994127,0.678719,0.000000,0.000000,0.000000,3054.342130,4629.331957,8001.069423,548.247405,259.107591,466.393664,0.779434,0.001512
95.599962,4471.204358,14669.305638,4471.185249,14669.242941,30.363044,120.000788,21754.545479,75.765798,228.603638,750.011936,0.708433,228.103310,748.370438,0.002926,0.009601,15.116336,49.594277,228.598087,749.993724,1.593071,5.226610,0.012716,0.041718,-0.000005,-0.000035,0.000072,-0.000000,0.066117,0.006956,0.066173,0.000013,0.065824,-0.000027,0.994136,0.678716,0.000000,0.000000,0.000000,3054.320900,4629.248788,8001.031698,548.244820,259.107599,466.393679,0.779434,0.001512
95.699962,4471.203083,14669.301453,4471.183973,14669.238756,30.363250,120.000790,21777.389197,75.924917,228.603636,750.011929,0.708433,228.103300,748.370408,0.002926,0.009601,15.116443,49.594628,228.598073,749.993679,1.594733,5.232063,0.012798,0.041988,-0.000005,-0.000035,0.000072,-0.000000,0.066117,0.006963,0.066173,0.000013,0.065823,-0.000027,0.994144,0.678714,0.000000,0.000000,0.000000,3054.300855,4629.165619,8000.993973,548.242236,259.107608,466.393694,0.779434,0.001512
95.799962,4471.201799,14669.297242,4471.182689,14669.234545,30.363456,120.000791,21800.232914,76.084203,228.603632,750.011916,0.708433,228.103289,748.370371,0.002926,0.009601,15.116547,49.594971,228.598058,749.993627,1.596395,5.237516,0.012872,0.042230,-0.000005,-0.000034,0.000072,-0.000000,0.066118,0.006970,0.066174,0.000013,0.065822,-0.000027,0.994153,0.678712,0.000000,0.000000,0.000000,3054.281977,4629.082451,8000.956248,548.239651,259.107616,466.393709,0.779434,0.001512
95.899962,4471.200509,14669.293009,4471.181399,14669.230311,30.363662,120.000793,21823.076630,76.243654,228.603626,750.011896,0.708433,228.103276,748.370329,0.002926,0.009601,15.116650,49.595307,228.598040,749.993569,1.598057,5.242970,0.012937,0.042445,-0.000005,-0.000034,0.000072,-0.000000,0.066118,0.006978,0.066174,0.000013,0.065821,-0.000027,0.994161,0.678710,0.000000,0.000000,0.000000,3054.264248,4628.999283,8000.918524,548.237066,259.107624,466.393724,0.779434,0.001512
95.999962,4471.199213,14669.288755,4471.180102,14669.226056,30.363868,120.000795,21845.920343,76.403271,228.603618,750.011870,0.708433,228.103262,748.370282,0.002926,0.009601,15.116749,49.595635,228.598020,749.993505,1.599719,5.248423,0.012995,0.042635,-0.000005,-0.000034,0.000072,-0.000000,0.066118,0.006985,0.066175,0.000013,0.065820,-0.000027,0.994169,0.678708,0.000000,0.000000,0.000000,3054.247651,4628.916115,8000.880800,548.234481,259.107633,466.393739,0.779434,0.001512
96.099962,4471.197911,14669.284484,4471.178800,14669.221785,30.364074,120.000796,21868.764055,76.563053,228.603608,750.011839,0.708433,228.103246,748.370229,0.002926,0.009601,15.116847,49.595955,228.597999,749.993435,1.601382,5.253877,0.013045,0.042798,-0.000005,-0.000034,0.000072,-0.000000,0.066118,0.006992,0.066175,0.000013,0.065818,-0.000027,0.994177,0.678706,0.000000,0.000000,0.000000,3054.232167,4628.832948,8000.843076,548.231896,259.107641,466.393754,0.779434,0.001512
96.199962,4471.196604,14669.280197,4471.177493,14669.217498,30.364280,120.000798,21891.607764,76.723002,228.603597,750.011801,0.708433,228.103228,748.370171,0.002926,0.009601,15.116942,49.596267,228.597976,749.993360,1.603044,5.259330,0.013087,0.042936,-0.000005,-0.000033,0.000072,-0.000000,0.066118,0.007000,0.066176,0.000013,0.065817,-0.000027,0.994185,0.678705,0.000000,0.000000,0.000000,3054.217778,4628.749781,8000.805352,548.229311,259.107650,466.393770,0.779434,0.001512
96.299961,4471.195294,14669.275898,4471.176183,14669.213198,30.364486,120.000800,21914.451471,76.883116,228.603584,750.011758,0.708433,228.103209,748.370107,0.002926,0.009601,15.117035,49.596571,228.597951,749.993278,1.604706,5.264783,0.013121,0.043049,-0.000005,-0.000033,0.000072,-0.000000,0.066119,0.007007,0.066176,0.000013,0.065816,-0.000027,0.994193,0.678703,0.000000,0.000000,0.000000,3054.204466,4628.666615,8000.767628,548.226726,259.107658,466.393785,0.779434,0.001512
96.399961,4471.193980,14669.271589,4471.174869,14669.208889,30.364692,120.000801,21937.295175,77.043396,228.603569,750.011710,0.708433,228.103188,748.370039,0.002926,0.009601,15.117125,49.596867,228.597925,749.993192,1.606368,5.270237,0.013148,0.043138,-0.000005,-0.000033,0.000072,-0.000000,0.066119,0.007014,0.066176,0.000013,0.065816,-0.000027,0.994201,0.678702,0.000000,0.000000,0.000000,3054.192211,4628.583448,8000.729905,548.224141,259.107667,466.393800,0.779435,0.001512
96.499961,4471.192665,14669.267273,4471.173553,14669.204571,30.364898,120.000803,21960.138877,77.203841,228.603553,750.011656,0.708432,228.103166,748.369966,0.002927,0.009601,15.117213,49.597154,228.597897,749.993100,1.608030,5.275690,0.013168,0.043202,-0.000005,-0.000033,0.000072,-0.000000,0.066119,0.007021,0.066177,0.000013,0.065815,-0.000027,0.994208,0.678700,0.000000,0.000000,0.000000,3054.180997,4628.500282,8000.692181,548.221556,259.107675,466.393816,0.779435,0.001512
96.599961,4471.191347,14669.262951,4471.172236,14669.200249,30.365104,120.000805,21982.982575,77.364453,228.603535,750.011597,0.708432,228.103142,748.369889,0.002927,0.009601,15.117298,49.597434,228.597867,749.993002,1.609693,5.281144,0.013180,0.043243,-0.000005,-0.000033,0.000072,-0.000000,0.066120,0.007029,0.066177,0.000013,0.065814,-0.000027,0.994215,0.678699,0.000000,0.000000,0.000000,3054.170803,4628.417116,8000.654458,548.218971,259.107684,466.393831,0.779435,0.001512
96.699961,4471.190029,14669.258626,4471.170918,14669.195924,30.365310,120.000806,22005.826271,77.525230,228.603515,750.011533,0.708432,228.103117,748.369807,0.002927,0.009601,15.117380,49.597705,228.597836,749.992900,1.611355,5.286597,0.013186,0.043261,-0.000005,-0.000032,0.000072,-0.000000,0.066120,0.007036,0.066178,0.000013,0.065813,-0.000027,0.994223,0.678698,0.000000,0.000000,0.000000,3054.161612,4628.333950,8000.616734,548.216386,259.107692,466.393846,0.779435,0.001512
96.799961,4471.188711,14669.254300,4471.169599,14669.191598,30.365516,120.000808,22028.669963,77.686173,228.603494,750.011465,0.708432,228.103091,748.369721,0.002927,0.009602,15.117461,49.597968,228.597803,749.992793,1.613017,5.292050,0.013184,0.043256,-0.000005,-0.000032,0.000072,-0.000000,0.066120,0.007043,0.066178,0.000013,0.065813,-0.000027,0.994230,0.678697,0.000000,0.000000,0.000000,3054.153404,4628.250785,8000.579011,548.213802,259.107701,466.393862,0.779435,0.001512
96.899961,4471.187393,14669.249976,4471.168281,14669.187273,30.365722,120.000810,22051.513653,77.847282,228.603472,750.011391,0.708432,228.103063,748.369630,0.002927,0.009602,15.117538,49.598222,228.597769,749.992681,1.614679,5.297504,0.013176,0.043228,-0.000005,-0.000032,0.000072,-0.000000,0.066121,0.007050,0.066178,0.000013,0.065812,-0.000027,0.994237,0.678696,0.000000,0.000000,0.000000,3054.146160,4628.167619,8000.541288,548.211217,259.107710,466.393877,0.779435,0.001512
96.999961,4471.186076,14669.245656,4471.166964,14669.182953,30.365928,120.000811,22074.357338,78.008556,228.603448,750.011314,0.708432,228.103035,748.369536,0.002927,0.009602,15.117613,49.598469,228.597734,749.992565,1.616341,5.302957,0.013161,0.043179,-0.000005,-0.000032,0.000072,-0.000000,0.066121,0.007058,0.066179,0.000013,0.065812,-0.000027,0.994243,0.678696,0.000000,0.000000,0.000000,3054.139862,4628.084454,8000.503565,548.208632,259.107718,466.393893,0.779435,0.001512
97.099961,4471.184761,14669.241342,4471.165649,14669.178638,30.366135,120.000813,22097.201020,78.169996,228.603423,750.011231,0.708432,228.103005,748.369438,0.002927,0.009602,15.117686,49.598706,228.597697,749.992444,1.618004,5.308411,0.013140,0.043109,-0.000005,-0.000032,0.000072,-0.000000,0.066121,0.007065,0.066179,0.000013,0.065811,-0.000027,0.994250,0.678695,0.000000,0.000000,0.000000,3054.134490,4628.001289,8000.465842,548.206047,259.107727,466.393908,0.779435,0.001512
97.199961,4471.183449,14669.237036,4471.164336,14669.174332,30.366341,120.000815,22120.044699,78.331602,228.603397,750.011145,0.708432,228.102974,748.369336,0.002927,0.009602,15.117756,49.598936,228.597659,749.992319,1.619666,5.313864,0.013112,0.043018,-0.000005,-0.000032,0.000072,-0.000000,0.066122,0.007072,0.066179,0.000013,0.065811,-0.000027,0.994256,0.678695,0.000000,0.000000,0.000000,3054.130026,4627.918124,8000.428119,548.203462,259.107735,466.393923,0.779435,0.001512
97.299961,4471.182139,14669.232740,4471.163027,14669.170035,30.366547,120.000817,22142.888373,78.493374,228.603369,750.011055,0.708432,228.102942,748.369231,0.002927,0.009602,15.117823,49.599157,228.597620,749.992190,1.621328,5.319318,0.013078,0.042906,-0.000005,-0.000031,0.000072,-0.000000,0.066122,0.007080,0.066180,0.000013,0.065810,-0.000027,0.994263,0.678694,0.000000,0.000000,0.000000,3054.126451,4627.834959,8000.390396,548.200877,259.107744,466.393939,0.779436,0.001512
97.399961,4471.180834,14669.228456,4471.161721,14669.165751,30.366753,120.000818,22165.732044,78.655312,228.603341,750.010960,0.708432,228.102908,748.369122,0.002927,0.009602,15.117888,49.599369,228.597579,749.992057,1.622990,5.324771,0.013038,0.042775,-0.000005,-0.000031,0.000072,-0.000000,0.066123,0.007087,0.066180,0.000013,0.065810,-0.000027,0.994269,0.678694,0.000000,0.000000,0.000000,3054.123745,4627.751794,8000.352673,548.198292,259.107752,466.393954,0.779436,0.001512
97.499961,4471.179532,14669.224187,4471.160419,14669.161481,30.366959,120.000820,22188.575710,78.817415,228.603311,750.010862,0.708432,228.102874,748.369010,0.002927,0.009602,15.117950,49.599573,228.597537,749.991920,1.624653,5.330225,0.012992,0.042624,-0.000005,-0.000031,0.000072,-0.000000,0.066123,0.007094,0.066180,0.000013,0.065810,-0.000027,0.994275,0.678694,0.000000,0.000000,0.000000,3054.121889,4627.668629,8000.314950,548.195708,259.107761,466.393969,0.779436,0.001512
97.599961,4471.178236,14669.219933,4471.159123,14669.157227,30.367165,120.000822,22211.419372,78.979684,228.603280,750.010760,0.708432,228.102839,748.368895,0.002927,0.009602,15.118009,49.599768,228.597494,749.991780,1.626315,5.335678,0.012940,0.042454,-0.000005,-0.000031,0.000072,-0.000000,0.066124,0.007101,0.066180,0.000013,0.065809,-0.000027,0.994281,0.678693,0.000000,0.000000,0.000000,3054.120865,4627.585464,8000.277227,548.193123,259.107769,466.393984,0.779436,0.001512
97.699961,4471.176945,14669.215698,4471.157832,14669.152991,30.367371,120.000823,22234.263030,79.142119,228.603248,750.010655,0.708431,228.102803,748.368778,0.002927,0.009602,15.118066,49.599955,228.597451,749.991636,1.627977,5.341132,0.012882,0.042265,-0.000005,-0.000031,0.000072,-0.000000,0.066124,0.007109,0.066181,0.000013,0.065809,-0.000027,0.994287,0.678693,0.000000,0.000000,0.000000,3054.120654,4627.502300,8000.239504,548.190538,259.107777,466.393999,0.779436,0.001512
97.799961,4471.175660,14669.211482,4471.156546,14669.148774,30.367577,120.000825,22257.106683,79.304720,228.603215,750.010547,0.708431,228.102767,748.368657,0.002927,0.009602,15.118121,49.600134,228.597406,749.991488,1.629639,5.346585,0.012819,0.042058,-0.000005,-0.000031,0.000072,-0.000000,0.066125,0.007116,0.066181,0.000013,0.065809,-0.000027,0.994292,0.678693,0.000000,0.000000,0.000000,3054.121236,4627.419135,8000.201781,548.187953,259.107786,466.394014,0.779436,0.001512
97.899961,4471.174381,14669.207288,4471.155268,14669.144580,30.367783,120.000827,22279.950332,79.467486,228.603181,750.010435,0.708431,228.102729,748.368534,0.002927,0.009602,15.118173,49.600304,228.597360,749.991337,1.631302,5.352039,0.012751,0.041834,-0.000005,-0.000031,0.000072,-0.000000,0.066125,0.007123,0.066181,0.000013,0.065809,-0.000027,0.994298,0.678694,0.000000,0.000000,0.000000,3054.122593,4627.335970,8000.164058,548.185368,259.107794,466.394029,0.779436,0.001512
97.999961,4471.173110,14669.203117,4471.153996,14669.140408,30.367989,120.000828,22302.793977,79.630418,228.603146,750.010320,0.708431,228.102691,748.368408,0.002927,0.009602,15.118222,49.600465,228.597313,749.991184,1.632964,5.357493,0.012677,0.041593,-0.000005,-0.000030,0.000072,-0.000000,0.066126,0.007130,0.066181,0.000013,0.065809,-0.000027,0.994303,0.678694,0.000000,0.000000,0.000000,3054.124706,4627.252805,8000.126335,548.182783,259.107802,466.394044,0.779436,0.001512
98.099961,4471.171846,14669.198971,4471.152733,14669.136262,30.368195,120.000830,22325.637616,79.793516,228.603110,750.010202,0.708431,228.102652,748.368280,0.002927,0.009602,15.118268,49.600618,228.597265,749.991027,1.634626,5.362946,0.012599,0.041334,-0.000005,-0.000030,0.000072,-0.000000,0.066126,0.007138,0.066182,0.000013,0.065809,-0.000027,0.994308,0.678694,0.000000,0.000000,0.000000,3054.127556,4627.169640,8000.088612,548.180199,259.107810,466.394059,0.779436,0.001512
98.199961,4471.170591,14669.194851,4471.151477,14669.132142,30.368401,120.000832,22348.481251,79.956780,228.603073,750.010081,0.708431,228.102612,748.368149,0.002927,0.009602,15.118313,49.600763,228.597216,749.990867,1.636288,5.368400,0.012515,0.041060,-0.000005,-0.000030,0.000072,-0.000000,0.066127,0.007145,0.066182,0.000013,0.065809,-0.000027,0.994313,0.678694,0.000000,0.000000,0.000000,3054.131123,4627.086475,8000.050889,548.177614,259.107819,466.394073,0.779436,0.001512
98.299961,4471.169344,14669.190760,4471.150230,14669.128050,30.368607,120.000833,22371.324881,80.120209,228.603035,750.009958,0.708431,228.102571,748.368016,0.002927,0.009602,15.118354,49.600899,228.597167,749.990705,1.637951,5.373854,0.012427,0.040769,-0.000005,-0.000030,0.000072,-0.000000,0.066128,0.007152,0.066182,0.000013,0.065809,-0.000027,0.994318,0.678695,0.000000,0.000000,0.000000,3054.135391,4627.003310,8000.013166,548.175029,259.107827,466.394088,0.779437,0.001512
98.399961,4471.168106,14669.186699,4471.148992,14669.123988,30.368813,120.000835,22394.168505,80.283805,228.602997,750.009832,0.708431,228.102530,748.367882,0.002927,0.009602,15.118393,49.601027,228.597117,749.990540,1.639613,5.379307,0.012333,0.040464,-0.000005,-0.000030,0.000072,-0.000000,0.066128,0.007160,0.066182,0.000013,0.065809,-0.000027,0.994323,0.678695,0.000000,0.000000,0.000000,3054.140339,4626.920145,7999.975443,548.172444,259.107835,466.394102,0.779437,0.001512
98.499961,4471.166877,14669.182669,4471.147763,14669.119958,30.369019,120.000837,22417.012125,80.447566,228.602958,750.009704,0.708430,228.102489,748.367745,0.002927,0.009602,15.118429,49.601147,228.597066,749.990373,1.641275,5.384761,0.012236,0.040143,-0.000005,-0.000030,0.000072,-0.000000,0.066129,0.007167,0.066182,0.000013,0.065809,-0.000027,0.994327,0.678696,0.000000,0.000000,0.000000,3054.145950,4626.836979,7999.937720,548.169859,259.107843,466.394117,0.779437,0.001512
98.599961,4471.165659,14669.178672,4471.146545,14669.115960,30.369225,120.000839,22439.855740,80.611492,228.602918,750.009573,0.708430,228.102447,748.367607,0.002927,0.009602,15.118463,49.601258,228.597014,749.990203,1.642937,5.390215,0.012133,0.039808,-0.000005,-0.000030,0.000072,-0.000000,0.066129,0.007174,0.066182,0.000013,0.065810,-0.000027,0.994332,0.678697,0.000000,0.000000,0.000000,3054.152205,4626.753814,7999.899996,548.167274,259.107851,466.394131,0.779437,0.001512
98.699961,4471.164451,14669.174709,4471.145337,14669.111997,30.369432,120.000840,22462.699349,80.775585,228.602878,750.009441,0.708430,228.102404,748.367467,0.002927,0.009602,15.118495,49.601361,228.596961,749.990031,1.644600,5.395668,0.012027,0.039459,-0.000005,-0.000030,0.000072,-0.000000,0.066130,0.007181,0.066183,0.000013,0.065810,-0.000027,0.994336,0.678697,0.000000,0.000000,0.000000,3054.159085,4626.670648,7999.862273,548.164689,259.107858,466.394145,0.779437,0.001512
98.799960,4471.163254,14669.170781,4471.144139,14669.108069,30.369638,120.000842,22485.542953,80.939843,228.602836,750.009306,0.708430,228.102361,748.367326,0.002927,0.009602,15.118524,49.601455,228.596908,749.989857,1.646262,5.401122,0.011916,0.039096,-0.000005,-0.000030,0.000072,-0.000000,0.066131,0.007189,0.066183,0.000013,0.065810,-0.000027,0.994340,0.678698,0.000000,0.000000,0.000000,3054.166573,4626.587483,7999.824550,548.162105,259.107866,466.394159,0.779437,0.001512
98.899960,4471.162068,14669.166891,4471.142953,14669.104178,30.369844,120.000844,22508.386552,81.104267,228.602795,750.009169,0.708430,228.102317,748.367183,0.002927,0.009602,15.118550,49.601542,228.596855,749.989681,1.647924,5.406576,0.011802,0.038720,-0.000005,-0.000030,0.000072,-0.000000,0.066131,0.007196,0.066183,0.000013,0.065810,-0.000027,0.994344,0.678699,0.000000,0.000000,0.000000,3054.174650,4626.504317,7999.786826,548.159520,259.107874,466.394173,0.779437,0.001512
98.999960,4471.160894,14669.163039,4471.141779,14669.100325,30.370050,120.000845,22531.230146,81.268857,228.602753,750.009031,0.708430,228.102273,748.367039,0.002927,0.009603,15.118574,49.601620,228.596800,749.989503,1.649587,5.412030,0.011683,0.038331,-0.000005,-0.000030,0.000072,-0.000000,0.066132,0.007203,0.066183,0.000013,0.065811,-0.000027,0.994348,0.678700,0.000000,0.000000,0.000000,3054.183298,4626.421151,7999.749103,548.156935,259.107882,466.394187,0.779437,0.001512
99.099960,4471.159732,14669.159226,4471.140617,14669.096512,30.370256,120.000847,22554.073734,81.433613,228.602710,750.008890,0.708430,228.102229,748.366894,0.002927,0.009603,15.118595,49.601690,228.596746,749.989323,1.651249,5.417484,0.011561,0.037930,-0.000005,-0.000030,0.000072,-0.000000,0.066133,0.007210,0.066183,0.000013,0.065811,-0.000027,0.994352,0.678701,0.000000,0.000000,0.000000,3054.192499,4626.337984,7999.711379,548.154350,259.107889,466.394200,0.779437,0.001512
99.199960,4471.158582,14669.155454,4471.139467,14669.092740,30.370462,120.000849,22576.917316,81.598534,228.602667,750.008748,0.708429,228.102185,748.366748,0.002927,0.009603,15.118614,49.601752,228.596691,749.989142,1.652911,5.422938,0.011435,0.037517,-0.000005,-0.000029,0.000072,-0.000000,0.066133,0.007218,0.066183,0.000013,0.065812,-0.000027,0.994355,0.678702,0.000000,0.000000,0.000000,3054.202236,4626.254818,7999.673656,548.151765,259.107897,466.394214,0.779437,0.001512
99.299960,4471.157445,14669.151724,4471.138330,14669.089009,30.370668,120.000851,22599.760893,81.763621,228.602623,750.008605,0.708429,228.102140,748.366600,0.002927,0.009603,15.118631,49.601806,228.596635,749.988959,1.654574,5.428392,0.011306,0.037093,-0.000005,-0.000029,0.000072,-0.000000,0.066134,0.007225,0.066183,0.000013,0.065812,-0.000027,0.994359,0.678703,0.000000,0.000000,0.000000,3054.212492,4626.171651,7999.635932,548.149180,259.107904,466.394227,0.779438,0.001512
99.399960,4471.156322,14669.148037,4471.137206,14669.085322,30.370874,120.000852,22622.604465,81.928874,228.602579,750.008461,0.708429,228.102095,748.366452,0.002927,0.009603,15.118645,49.601852,228.596579,749.988775,1.656236,5.433845,0.011173,0.036657,-0.000005,-0.000029,0.000072,-0.000000,0.066134,0.007232,0.066183,0.000013,0.065812,-0.000027,0.994362,0.678705,0.000000,0.000000,0.000000,3054.223247,4626.088484,7999.598208,548.146595,259.107911,466.394240,0.779438,0.001512
99.499960,4471.155211,14669.144394,4471.136095,14669.081678,30.371080,120.000854,22645.448030,82.094293,228.602534,750.008315,0.708429,228.102049,748.366304,0.002927,0.009603,15.118656,49.601891,228.596522,749.988590,1.657898,5.439299,0.011037,0.036211,-0.000005,-0.000029,0.000072,-0.000000,0.066135,0.007240,0.066183,0.000013,0.065813,-0.000027,0.994365,0.678706,0.000000,0.000000,0.000000,3054.234486,4626.005317,7999.560484,548.144010,259.107918,466.394253,0.779438,0.001512
99.599960,4471.154115,14669.140796,4471.134999,14669.078080,30.371286,120.000856,22668.291590,82.259877,228.602490,750.008168,0.708429,228.102004,748.366154,0.002927,0.009603,15.118666,49.601921,228.596465,749.988403,1.659561,5.444753,0.010898,0.035755,-0.000005,-0.000029,0.000072,-0.000000,0.066136,0.007247,0.066183,0.000013,0.065813,-0.000027,0.994369,0.678707,0.000000,0.000000,0.000000,3054.246191,4625.922150,7999.522760,548.141425,259.107926,466.394266,0.779438,0.001512
99.699960,4471.153032,14669.137244,4471.133916,14669.074527,30.371492,120.000857,22691.135145,82.425628,228.602444,750.008020,0.708429,228.101958,748.366004,0.002927,0.009603,15.118672,49.601944,228.596408,749.988216,1.661223,5.450207,0.010756,0.035289,-0.000005,-0.000029,0.000072,-0.000000,0.066136,0.007254,0.066184,0.000013,0.065814,-0.000027,0.994371,0.678708,0.000000,0.000000,0.000000,3054.258344,4625.838982,7999.485036,548.138840,259.107933,466.394279,0.779438,0.001512
99.799960,4471.151964,14669.133739,4471.132848,14669.071022,30.371698,120.000859,22713.978694,82.591544,228.602399,750.007871,0.708429,228.101912,748.365854,0.002927,0.009603,15.118677,49.601959,228.596351,749.988027,1.662886,5.455661,0.010611,0.034814,-0.000005,-0.000029,0.000072,-0.000000,0.066137,0.007261,0.066184,0.000013,0.065815,-0.000027,0.994374,0.678710,0.000000,0.000000,0.000000,3054.270930,4625.755814,7999.447312,548.136256,259.107939,466.394291,0.779438,0.001512
99.899960,4471.150910,14669.130283,4471.131794,14669.067565,30.371904,120.000861,22736.822236,82.757625,228.602353,750.007721,0.708428,228.101866,748.365704,0.002927,0.009603,15.118679,49.601966,228.596293,749.987838,1.664548,5.461116,0.010464,0.034329,-0.000005,-0.000029,0.000072,-0.000000,0.066138,0.007269,0.066184,0.000013,0.065815,-0.000027,0.994377,0.678711,0.000000,0.000000,0.000000,3054.283931,4625.672646,7999.409587,548.133671,259.107946,466.394303,0.779438,0.001512
99.999960,4471.149871,14669.126875,4471.130755,14669.064157,30.372110,120.000863,22759.665774,82.923873,228.602307,750.007570,0.708428,228.101820,748.365553,0.002927,0.009603,15.118679,49.601966,228.596235,749.987647,1.666210,5.466570,0.010313,0.033836,-0.000005,-0.000029,0.000072,-0.000000,0.066138,0.007276,0.066184,0.000013,0.065816,-0.000027,0.994380,0.678713,0.000000,0.000000,0.000000,3054.297331,4625.589478,7999.371863,548.131086,259.107953,466.394316,0.779438,0.001512
100.099960,4471.148848,14669.123517,4471.129731,14669.060798,30.372316,120.000864,22782.509305,83.090286,228.602261,750.007419,0.708428,228.101774,748.365402,0.002927,0.009603,15.118677,49.601958,228.596177,749.987456,1.667873,5.472024,0.010160,0.033335,-0.000005,-0.000029,0.000072,-0.000000,0.066139,0.007283,0.066184,0.000013,0.065816,-0.000027,0.994382,0.678714,0.000000,0.000000,0.000000,3054.311113,4625.506309,7999.334138,548.128501,259.107960,466.394327,0.779438,0.001512
100.199960,4471.147840,14669.120209,4471.128723,14669.057490,30.372522,120.000866,22805.352831,83.256865,228.602215,750.007268,0.708428,228.101728,748.365251,0.002927,0.009603,15.118672,49.601943,228.596118,749.987265,1.669535,5.477478,0.010005,0.032826,-0.000005,-0.000029,0.000072,-0.000000,0.066140,0.007290,0.066184,0.000013,0.065817,-0.000027,0.994384,0.678716,0.000000,0.000000,0.000000,3054.325261,4625.423140,7999.296413,548.125916,259.107966,466.394339,0.779438,0.001512
100.299960,4471.146847,14669.116953,4471.127730,14669.054233,30.372728,120.000868,22828.196350,83.423610,228.602169,750.007115,0.708428,228.101682,748.365100,0.002927,0.009603,15.118665,49.601920,228.596060,749.987073,1.671198,5.482932,0.009848,0.032309,-0.000005,-0.000029,0.000072,-0.000000,0.066140,0.007298,0.066184,0.000013,0.065818,-0.000027,0.994387,0.678717,0.000000,0.000000,0.000000,3054.339760,4625.339971,7999.258688,548.123331,259.107973,466.394351,0.779438,0.001512
100.399960,4471.145871,14669.113749,4471.126753,14669.051028,30.372935,120.000870,22851.039864,83.590521,228.602122,750.006963,0.708428,228.101636,748.364949,0.002927,0.009603,15.118656,49.601890,228.596001,749.986881,1.672860,5.488386,0.009688,0.031786,-0.000005,-0.000029,0.000072,-0.000000,0.066141,0.007305,0.066184,0.000013,0.065819,-0.000027,0.994389,0.678719,0.000000,0.000000,0.000000,3054.354593,4625.256801,7999.220963,548.120746,259.107979,466.394362,0.779439,0.001512
100.499960,4471.144910,14669.110597,4471.125793,14669.047876,30.373141,120.000871,22873.883372,83.757597,228.602076,750.006810,0.708427,228.101591,748.364798,0.002927,0.009603,15.118645,49.601853,228.595943,749.986688,1.674523,5.493841,0.009527,0.031255,-0.000005,-0.000029,0.000072,-0.000000,0.066142,0.007312,0.066184,0.000013,0.065819,-0.000027,0.994391,0.678721,0.000000,0.000000,0.000000,3054.369745,4625.173631,7999.183238,548.118161,259.107985,466.394373,0.779439,0.001512
100.599960,4471.143966,14669.107499,4471.124848,14669.044777,30.373347,120.000873,22896.726874,83.924840,228.602029,750.006657,0.708427,228.101545,748.364648,0.002927,0.009603,15.118631,49.601809,228.595884,749.986495,1.676185,5.499295,0.009363,0.030719,-0.000005,-0.000029,0.000072,-0.000000,0.066143,0.007320,0.066183,0.000013,0.065820,-0.000027,0.994393,0.678722,0.000000,0.000000,0.000000,3054.385200,4625.090461,7999.145512,548.115576,259.107991,466.394385,0.779439,0.001512
100.699960,4471.143038,14669.104454,4471.123920,14669.041733,30.373553,120.000875,22919.570370,84.092248,228.601983,750.006504,0.708427,228.101499,748.364498,0.002927,0.009603,15.118616,49.601758,228.595825,749.986302,1.677848,5.504749,0.009198,0.030176,-0.000005,-0.000029,0.000072,-0.000000,0.066143,0.007327,0.066183,0.000013,0.065821,-0.000027,0.994394,0.678724,0.000000,0.000000,0.000000,3054.400944,4625.007290,7999.107787,548.112991,259.107997,466.394395,0.779439,0.001512
100.799960,4471.142126,14669.101465,4471.123009,14669.038742,30.373759,120.000877,22942.413861,84.259822,228.601936,750.006351,0.708427,228.101453,748.364349,0.002927,0.009603,15.118598,49.601700,228.595766,749.986109,1.679510,5.510204,0.009031,0.029628,-0.000005,-0.000029,0.000072,-0.000000,0.066144,0.007334,0.066183,0.000013,0.065822,-0.000027,0.994396,0.678726,0.000000,0.000000,0.000000,3054.416960,4624.924119,7999.070061,548.110406,259.108003,466.394406,0.779439,0.001512
100.899960,4471.141232,14669.098530,4471.122114,14669.035807,30.373965,120.000878,22965.257345,84.427561,228.601889,750.006199,0.708427,228.101408,748.364200,0.002927,0.009603,15.118578,49.601635,228.595707,749.985916,1.681173,5.515658,0.008862,0.029075,-0.000005,-0.000029,0.000072,-0.000000,0.066145,0.007341,0.066183,0.000013,0.065822,-0.000027,0.994397,0.678728,0.000000,0.000000,0.000000,3054.433234,4624.840948,7999.032335,548.107821,259.108009,466.394416,0.779439,0.001512
100.999960,4471.140354,14669.095651,4471.121236,14669.032928,30.374171,120.000880,22988.100824,84.595466,228.601843,750.006046,0.708427,228.101363,748.364051,0.002927,0.009603,15.118557,49.601564,228.595649,749.985723,1.682835,5.521113,0.008692,0.028516,-0.000005,-0.000029,0.000072,-0.000000,0.066145,0.007349,0.066183,0.000013,0.065823,-0.000027,0.994399,0.678730,0.000000,0.000000,0.000000,3054.449752,4624.757776,7998.994609,548.105236,259.108015,466.394427,0.779439,0.001512
101.099960,4471.139494,14669.092828,4471.120376,14669.030104,30.374377,120.000882,23010.944297,84.763538,228.601796,750.005893,0.708427,228.101318,748.363904,0.002927,0.009603,15.118533,49.601485,228.595590,749.985531,1.684498,5.526567,0.008520,0.027953,-0.000005,-0.000029,0.000072,-0.000000,0.066146,0.007356,0.066183,0.000013,0.065824,-0.000027,0.994400,0.678731,0.000000,0.000000,0.000000,3054.466499,4624.674604,7998.956883,548.102651,259.108020,466.394437,0.779439,0.001512
101.199960,4471.138651,14669.090061,4471.119532,14669.027337,30.374583,120.000884,23033.787764,84.931774,228.601750,750.005741,0.708426,228.101273,748.363757,0.002927,0.009603,15.118507,49.601400,228.595531,749.985338,1.686160,5.532022,0.008347,0.027386,-0.000005,-0.000029,0.000072,-0.000000,0.066146,0.007363,0.066183,0.000013,0.065825,-0.000027,0.994401,0.678733,0.000000,0.000000,0.000000,3054.483461,4624.591432,7998.919157,548.100065,259.108026,466.394447,0.779439,0.001512
101.299959,4471.137825,14669.087352,4471.118706,14669.024627,30.374789,120.000885,23056.631225,85.100177,228.601704,750.005589,0.708426,228.101229,748.363611,0.002927,0.009603,15.118479,49.601309,228.595473,749.985146,1.687823,5.537476,0.008173,0.026815,-0.000005,-0.000029,0.000072,-0.000000,0.066147,0.007371,0.066183,0.000013,0.065826,-0.000027,0.994403,0.678735,0.000000,0.000000,0.000000,3054.500623,4624.508259,7998.881430,548.097480,259.108031,466.394456,0.779439,0.001512
101.399959,4471.137016,14669.084699,4471.117898,14669.021974,30.374995,120.000887,23079.474680,85.268746,228.601658,750.005438,0.708426,228.101184,748.363466,0.002927,0.009603,15.118449,49.601211,228.595414,749.984955,1.689485,5.542931,0.007998,0.026241,-0.000005,-0.000029,0.000072,-0.000000,0.066148,0.007378,0.066183,0.000013,0.065827,-0.000027,0.994404,0.678737,0.000000,0.000000,0.000000,3054.517973,4624.425086,7998.843704,548.094895,259.108037,466.394466,0.779439,0.001512
101.499959,4471.136225,14669.082105,4471.117107,14669.019379,30.375201,120.000889,23102.318129,85.437480,228.601612,750.005287,0.708426,228.101140,748.363322,0.002927,0.009603,15.118417,49.601107,228.595356,749.984764,1.691148,5.548385,0.007822,0.025663,-0.000005,-0.000030,0.000072,-0.000000,0.066148,0.007385,0.066183,0.000013,0.065828,-0.000027,0.994404,0.678739,0.000000,0.000000,0.000000,3054.535495,4624.341913,7998.805977,548.092310,259.108042,466.394475,0.779439,0.001512
101.599959,4471.135452,14669.079568,4471.116333,14669.016842,30.375407,120.000891,23125.161573,85.606380,228.601566,750.005137,0.708426,228.101097,748.363178,0.002927,0.009604,15.118384,49.600997,228.595298,749.984573,1.692810,5.553840,0.007645,0.025083,-0.000005,-0.000030,0.000072,-0.000000,0.066149,0.007392,0.066183,0.000013,0.065828,-0.000027,0.994405,0.678741,0.000000,0.000000,0.000000,3054.553178,4624.258739,7998.768250,548.089725,259.108047,466.394484,0.779439,0.001512
101.699959,4471.134697,14669.077089,4471.115578,14669.014362,30.375613,120.000892,23148.005011,85.775446,228.601520,750.004988,0.708426,228.101053,748.363036,0.002927,0.009604,15.118348,49.600881,228.595240,749.984383,1.694473,5.559295,0.007467,0.024499,-0.000005,-0.000030,0.000072,-0.000000,0.066150,0.007400,0.066182,0.000013,0.065829,-0.000027,0.994406,0.678743,0.000000,0.000000,0.000000,3054.571008,4624.175565,7998.730523,548.087140,259.108052,466.394493,0.779439,0.001512
101.799959,4471.133959,14669.074669,4471.114840,14669.011942,30.375819,120.000894,23170.848443,85.944677,228.601475,750.004839,0.708426,228.101010,748.362895,0.002927,0.009604,15.118311,49.600758,228.595182,749.984194,1.696136,5.564750,0.007289,0.023914,-0.000005,-0.000030,0.000072,-0.000000,0.066150,0.007407,0.066182,0.000013,0.065830,-0.000027,0.994407,0.678745,0.000000,0.000000,0.000000,3054.588971,4624.092390,7998.692795,548.084555,259.108056,466.394501,0.779440,0.001512
101.899959,4471.133239,14669.072307,4471.114120,14669.009580,30.376025,120.000896,23193.691869,86.114075,228.601430,750.004691,0.708425,228.100968,748.362755,0.002927,0.009604,15.118272,49.600630,228.595125,749.984006,1.697798,5.570204,0.007110,0.023326,-0.000005,-0.000030,0.000072,-0.000000,0.066151,0.007414,0.066182,0.000013,0.065831,-0.000027,0.994407,0.678747,0.000000,0.000000,0.000000,3054.607056,4624.009216,7998.655068,548.081970,259.108061,466.394510,0.779440,0.001512
101.999959,4471.132537,14669.070005,4471.113418,14669.007277,30.376231,120.000898,23216.535290,86.283638,228.601385,750.004544,0.708425,228.100926,748.362617,0.002927,0.009604,15.118231,49.600496,228.595068,749.983818,1.699461,5.575659,0.006930,0.022737,-0.000005,-0.000030,0.000072,-0.000000,0.066152,0.007421,0.066182,0.000013,0.065832,-0.000027,0.994407,0.678749,0.000000,0.000000,0.000000,3054.625249,4623.926040,7998.617340,548.079384,259.108066,466.394518,0.779440,0.001512
102.099959,4471.131854,14669.067761,4471.112734,14669.005032,30.376438,120.000899,23239.378705,86.453367,228.601340,750.004398,0.708425,228.100884,748.362480,0.002927,0.009604,15.118189,49.600356,228.595011,749.983631,1.701124,5.581114,0.006750,0.022147,-0.000005,-0.000030,0.000072,-0.000000,0.066152,0.007429,0.066182,0.000013,0.065833,-0.000027,0.994408,0.678751,0.000000,0.000000,0.000000,3054.643539,4623.842865,7998.579612,548.076799,259.108070,466.394526,0.779440,0.001512
102.199959,4471.131188,14669.065576,4471.112068,14669.002847,30.376644,120.000901,23262.222114,86.623262,228.601296,750.004252,0.708425,228.100842,748.362344,0.002927,0.009604,15.118144,49.600211,228.594954,749.983446,1.702786,5.586569,0.006570,0.021555,-0.000005,-0.000030,0.000072,-0.000000,0.066153,0.007436,0.066182,0.000013,0.065834,-0.000027,0.994408,0.678753,0.000000,0.000000,0.000000,3054.661913,4623.759689,7998.541884,548.074214,259.108074,466.394534,0.779440,0.001512
102.299959,4471.130540,14669.063451,4471.111420,14669.000721,30.376850,120.000903,23285.065517,86.793322,228.601252,750.004108,0.708425,228.100801,748.362209,0.002927,0.009604,15.118098,49.600060,228.594898,749.983261,1.704449,5.592024,0.006389,0.020962,-0.000005,-0.000030,0.000072,-0.000000,0.066153,0.007443,0.066181,0.000013,0.065835,-0.000027,0.994408,0.678755,0.000000,0.000000,0.000000,3054.680359,4623.676512,7998.504156,548.071629,259.108079,466.394541,0.779440,0.001512
102.399959,4471.129910,14669.061385,4471.110790,14668.998655,30.377056,120.000905,23307.908915,86.963549,228.601209,750.003965,0.708425,228.100761,748.362076,0.002927,0.009604,15.118051,49.599904,228.594842,749.983077,1.706112,5.597479,0.006209,0.020369,-0.000005,-0.000030,0.000072,-0.000000,0.066154,0.007451,0.066181,0.000013,0.065836,-0.000027,0.994408,0.678757,0.000000,0.000000,0.000000,3054.698866,4623.593335,7998.466428,548.069044,259.108083,466.394549,0.779440,0.001512
102.499959,4471.129298,14669.059378,4471.110178,14668.996647,30.377262,120.000907,23330.752308,87.133941,228.601165,750.003823,0.708425,228.100721,748.361945,0.002927,0.009604,15.118001,49.599742,228.594786,749.982894,1.707774,5.602934,0.006028,0.019776,-0.000005,-0.000030,0.000072,-0.000000,0.066155,0.007458,0.066181,0.000013,0.065837,-0.000027,0.994408,0.678759,0.000000,0.000000,0.000000,3054.717422,4623.510158,7998.428699,548.066458,259.108087,466.394556,0.779440,0.001512
102.599959,4471.128705,14669.057431,4471.109584,14668.994700,30.377468,120.000908,23353.595694,87.304499,228.601122,750.003682,0.708424,228.100681,748.361815,0.002927,0.009604,15.117950,49.599575,228.594731,749.982713,1.709437,5.608389,0.005847,0.019183,-0.000005,-0.000030,0.000072,-0.000000,0.066155,0.007465,0.066181,0.000013,0.065838,-0.000027,0.994408,0.678761,0.000000,0.000000,0.000000,3054.736017,4623.426980,7998.390971,548.063873,259.108090,466.394563,0.779440,0.001512
102.699959,4471.128129,14669.055543,4471.109009,14668.992811,30.377674,120.000910,23376.439076,87.475223,228.601080,750.003543,0.708424,228.100642,748.361686,0.002927,0.009604,15.117898,49.599403,228.594676,749.982532,1.711100,5.613844,0.005666,0.018589,-0.000005,-0.000030,0.000072,-0.000000,0.066156,0.007472,0.066181,0.000013,0.065839,-0.000027,0.994408,0.678763,0.000000,0.000000,0.000000,3054.754639,4623.343802,7998.353242,548.061288,259.108094,466.394570,0.779440,0.001512
102.799959,4471.127572,14669.053714,4471.108451,14668.990982,30.377880,120.000912,23399.282451,87.646112,228.601038,750.003405,0.708424,228.100603,748.361560,0.002927,0.009604,15.117844,49.599226,228.594621,749.982353,1.712763,5.619300,0.005485,0.017997,-0.000005,-0.000030,0.000072,-0.000000,0.066156,0.007480,0.066180,0.000013,0.065840,-0.000027,0.994408,0.678765,0.000000,0.000000,0.000000,3054.773278,4623.260624,7998.315513,548.058703,259.108098,466.394576,0.779440,0.001512
102.899959,4471.127033,14669.051944,4471.107912,14668.989212,30.378086,120.000914,23422.125822,87.817168,228.600996,750.003268,0.708424,228.100565,748.361434,0.002927,0.009604,15.117789,49.599044,228.594567,749.982176,1.714425,5.624755,0.005305,0.017405,-0.000005,-0.000030,0.000072,-0.000000,0.066157,0.007487,0.066180,0.000013,0.065841,-0.000027,0.994407,0.678768,0.000000,0.000000,0.000000,3054.791923,4623.177445,7998.277783,548.056117,259.108101,466.394582,0.779440,0.001512
102.999959,4471.126511,14669.050234,4471.107390,14668.987501,30.378292,120.000915,23444.969187,87.988389,228.600955,750.003132,0.708424,228.100528,748.361311,0.002927,0.009604,15.117732,49.598858,228.594513,749.981999,1.716088,5.630210,0.005125,0.016814,-0.000005,-0.000031,0.000072,-0.000000,0.066157,0.007494,0.066180,0.000013,0.065842,-0.000027,0.994407,0.678770,0.000000,0.000000,0.000000,3054.810563,4623.094266,7998.240054,548.053532,259.108105,466.394588,0.779440,0.001512
103.099959,4471.126008,14669.048582,4471.106887,14668.985849,30.378498,120.000917,23467.812547,88.159776,228.600914,750.002998,0.708424,228.100490,748.361189,0.002927,0.009604,15.117673,49.598666,228.594460,749.981824,1.717751,5.635666,0.004945,0.016224,-0.000005,-0.000031,0.000072,-0.000000,0.066158,0.007501,0.066180,0.000013,0.065842,-0.000027,0.994407,0.678772,0.000000,0.000000,0.000000,3054.829190,4623.011087,7998.202324,548.050947,259.108108,466.394594,0.779440,0.001512
103.199959,4471.125523,14669.046990,4471.106401,14668.984256,30.378704,120.000919,23490.655901,88.331329,228.600873,750.002866,0.708424,228.100454,748.361069,0.002927,0.009604,15.117614,49.598470,228.594407,749.981650,1.719414,5.641121,0.004766,0.015636,-0.000005,-0.000031,0.000072,-0.000000,0.066158,0.007509,0.066179,0.000013,0.065843,-0.000027,0.994406,0.678774,0.000000,0.000000,0.000000,3054.847793,4622.927907,7998.164595,548.048362,259.108111,466.394600,0.779440,0.001512
103.299959,4471.125055,14669.045456,4471.105934,14668.982721,30.378910,120.000921,23513.499250,88.503047,228.600833,750.002734,0.708423,228.100418,748.360951,0.002927,0.009604,15.117553,49.598270,228.594355,749.981478,1.721076,5.646576,0.004587,0.015049,-0.000005,-0.000031,0.000072,-0.000000,0.066159,0.007516,0.066179,0.000013,0.065844,-0.000027,0.994405,0.678776,0.000000,0.000000,0.000000,3054.866362,4622.844726,7998.126865,548.045776,259.108114,466.394605,0.779440,0.001512
103.399959,4471.124605,14669.043981,4471.105484,14668.981246,30.379116,120.000923,23536.342594,88.674931,228.600794,750.002605,0.708423,228.100382,748.360835,0.002927,0.009604,15.117490,49.598065,228.594303,749.981308,1.722739,5.652032,0.004409,0.014464,-0.000005,-0.000031,0.000072,-0.000000,0.066160,0.007523,0.066179,0.000013,0.065845,-0.000027,0.994405,0.678778,0.000000,0.000000,0.000000,3054.884888,4622.761546,7998.089135,548.043191,259.108117,466.394611,0.779440,0.001512
103.499959,4471.124174,14669.042564,4471.105052,14668.979829,30.379322,120.000924,23559.185933,88.846982,228.600755,750.002477,0.708423,228.100348,748.360720,0.002927,0.009604,15.117426,49.597856,228.594251,749.981138,1.724402,5.657487,0.004231,0.013882,-0.000005,-0.000031,0.000072,-0.000000,0.066160,0.007531,0.066179,0.000013,0.065846,-0.000027,0.994404,0.678780,0.000000,0.000000,0.000000,3054.903362,4622.678364,7998.051404,548.040606,259.108120,466.394616,0.779440,0.001512
103.599959,4471.123759,14669.041206,4471.104637,14668.978469,30.379528,120.000926,23582.029266,89.019198,228.600716,750.002350,0.708423,228.100313,748.360608,0.002927,0.009604,15.117361,49.597642,228.594200,749.980971,1.726065,5.662943,0.004054,0.013301,-0.000005,-0.000031,0.000072,-0.000000,0.066161,0.007538,0.066178,0.000013,0.065847,-0.000027,0.994403,0.678782,0.000000,0.000000,0.000000,3054.921776,4622.595183,7998.013674,548.038020,259.108123,466.394621,0.779440,0.001512
103.699958,4471.123363,14669.039905,4471.104241,14668.977168,30.379734,120.000928,23604.872595,89.191579,228.600678,750.002225,0.708423,228.100279,748.360497,0.002927,0.009604,15.117295,49.597425,228.594149,749.980805,1.727728,5.668399,0.003878,0.012724,-0.000005,-0.000031,0.000072,-0.000000,0.066161,0.007545,0.066178,0.000013,0.065848,-0.000027,0.994402,0.678784,0.000000,0.000000,0.000000,3054.940120,4622.512001,7997.975943,548.035435,259.108125,466.394625,0.779440,0.001512
103.799959,4471.122984,14669.038662,4471.103862,14668.975925,30.379941,120.000930,23627.715918,89.364127,228.600641,750.002102,0.708423,228.100246,748.360388,0.002927,0.009604,15.117228,49.597203,228.594099,749.980640,1.729391,5.673854,0.003703,0.012148,-0.000005,-0.000031,0.000072,-0.000000,0.066162,0.007552,0.066178,0.000013,0.065849,-0.000027,0.994401,0.678786,0.000000,0.000000,0.000000,3054.958386,4622.428819,7997.938212,548.032849,259.108128,466.394630,0.779440,0.001512
103.899958,4471.122623,14669.037476,4471.103500,14668.974738,30.380147,120.000932,23650.559237,89.536840,228.600604,750.001981,0.708423,228.100214,748.360281,0.002927,0.009604,15.117159,49.596978,228.594050,749.980478,1.731054,5.679310,0.003528,0.011576,-0.000005,-0.000031,0.000072,-0.000000,0.066162,0.007560,0.066177,0.000013,0.065850,-0.000027,0.994400,0.678788,0.000000,0.000000,0.000000,3054.976565,4622.345636,7997.900481,548.030264,259.108130,466.394634,0.779440,0.001512
103.999958,4471.122279,14669.036347,4471.103156,14668.973609,30.380353,120.000933,23673.402550,89.709720,228.600567,750.001861,0.708423,228.100182,748.360177,0.002927,0.009604,15.117089,49.596749,228.594000,749.980316,1.732717,5.684766,0.003355,0.011007,-0.000005,-0.000031,0.000072,-0.000000,0.066162,0.007567,0.066177,0.000013,0.065851,-0.000027,0.994399,0.678790,0.000000,0.000000,0.000000,3054.994651,4622.262453,7997.862750,548.027679,259.108132,466.394638,0.779440,0.001512
104.099958,4471.121952,14669.035276,4471.102829,14668.972537,30.380559,120.000935,23696.245859,89.882765,228.600531,750.001743,0.708422,228.100150,748.360074,0.002927,0.009604,15.117018,49.596516,228.593952,749.980157,1.734380,5.690222,0.003182,0.010441,-0.000005,-0.000031,0.000072,-0.000000,0.066163,0.007574,0.066177,0.000013,0.065852,-0.000027,0.994398,0.678792,0.000000,0.000000,0.000000,3055.012634,4622.179270,7997.825019,548.025093,259.108134,466.394642,0.779441,0.001512
104.199958,4471.121642,14669.034260,4471.102520,14668.971521,30.380765,120.000937,23719.089163,90.055975,228.600496,750.001627,0.708422,228.100120,748.359973,0.002927,0.009604,15.116946,49.596280,228.593904,749.979999,1.736042,5.695677,0.003011,0.009879,-0.000005,-0.000032,0.000072,-0.000000,0.066163,0.007581,0.066177,0.000013,0.065853,-0.000027,0.994397,0.678794,0.000000,0.000000,0.000000,3055.030508,4622.096086,7997.787287,548.022508,259.108136,466.394645,0.779441,0.001512
104.299958,4471.121350,14669.033301,4471.102227,14668.970561,30.380971,120.000939,23741.932462,90.229352,228.600461,750.001512,0.708422,228.100090,748.359874,0.002927,0.009605,15.116873,49.596040,228.593856,749.979844,1.737705,5.701133,0.002841,0.009320,-0.000005,-0.000032,0.000072,-0.000000,0.066164,0.007589,0.066176,0.000013,0.065854,-0.000027,0.994396,0.678796,0.000000,0.000000,0.000000,3055.048265,4622.012902,7997.749556,548.019922,259.108138,466.394649,0.779441,0.001512
104.399958,4471.121075,14669.032397,4471.101951,14668.969657,30.381177,120.000941,23764.775756,90.402895,228.600427,750.001400,0.708422,228.100060,748.359777,0.002927,0.009605,15.116799,49.595797,228.593809,749.979689,1.739368,5.706589,0.002672,0.008765,-0.000005,-0.000032,0.000072,0.000000,0.066164,0.007596,0.066176,0.000013,0.065855,-0.000027,0.994395,0.678798,0.000000,0.000000,0.000000,3055.065898,4621.929717,7997.711824,548.017337,259.108140,466.394652,0.779441,0.001512
104.499958,4471.120816,14669.031549,4471.101693,14668.968808,30.381383,120.000942,23787.619046,90.576603,228.600393,750.001289,0.708422,228.100031,748.359683,0.002927,0.009605,15.116724,49.595550,228.593763,749.979537,1.741031,5.712045,0.002504,0.008214,-0.000005,-0.000032,0.000072,0.000000,0.066165,0.007603,0.066176,0.000013,0.065856,-0.000027,0.994393,0.678800,0.000000,0.000000,0.000000,3055.083400,4621.846532,7997.674092,548.014751,259.108142,466.394655,0.779441,0.001512
104.599958,4471.120574,14669.030755,4471.101451,14668.968014,30.381589,120.000944,23810.462331,90.750477,228.600360,750.001180,0.708422,228.100003,748.359590,0.002927,0.009605,15.116648,49.595300,228.593717,749.979387,1.742694,5.717501,0.002337,0.007667,-0.000005,-0.000032,0.000072,0.000000,0.066165,0.007611,0.066175,0.000013,0.065856,-0.000027,0.994392,0.678802,0.000000,0.000000,0.000000,3055.100764,4621.763347,7997.636359,548.012166,259.108143,466.394658,0.779441,0.001512
104.699958,4471.120349,14669.030016,4471.101225,14668.967274,30.381795,120.000946,23833.305611,90.924517,228.600327,750.001073,0.708422,228.099975,748.359500,0.002928,0.009605,15.116571,49.595048,228.593672,749.979238,1.744357,5.722957,0.002171,0.007124,-0.000005,-0.000032,0.000072,0.000000,0.066165,0.007618,0.066175,0.000013,0.065857,-0.000027,0.994390,0.678804,0.000000,0.000000,0.000000,3055.117984,4621.680161,7997.598627,548.009580,259.108145,466.394660,0.779441,0.001512
104.799958,4471.120140,14669.029331,4471.101016,14668.966589,30.382001,120.000948,23856.148887,91.098723,228.600295,750.000968,0.708422,228.099949,748.359411,0.002928,0.009605,15.116493,49.594792,228.593627,749.979091,1.746020,5.728414,0.002007,0.006586,-0.000005,-0.000032,0.000072,0.000000,0.066166,0.007625,0.066175,0.000013,0.065858,-0.000027,0.994389,0.678806,0.000000,0.000000,0.000000,3055.135053,4621.596975,7997.560895,548.006995,259.108146,466.394663,0.779441,0.001512
104.899958,4471.119948,14669.028700,4471.100824,14668.965957,30.382207,120.000950,23878.992159,91.273094,228.600264,750.000865,0.708422,228.099922,748.359325,0.002928,0.009605,15.116414,49.594533,228.593583,749.978946,1.747684,5.733870,0.001845,0.006052,-0.000005,-0.000032,0.000072,0.000000,0.066166,0.007632,0.066174,0.000013,0.065859,-0.000027,0.994388,0.678808,0.000000,0.000000,0.000000,3055.151966,4621.513789,7997.523162,548.004409,259.108147,466.394665,0.779441,0.001512
104.999958,4471.119771,14669.028122,4471.100647,14668.965378,30.382413,120.000951,23901.835426,91.447632,228.600233,750.000763,0.708422,228.099897,748.359241,0.002928,0.009605,15.116334,49.594272,228.593539,749.978803,1.749347,5.739326,0.001683,0.005523,-0.000005,-0.000032,0.000072,0.000000,0.066167,0.007640,0.066174,0.000013,0.065860,-0.000027,0.994386,0.678810,0.000000,0.000000,0.000000,3055.168717,4621.430602,7997.485429,548.001824,259.108148,466.394667,0.779441,0.001512
105.099958,4471.119611,14669.027596,4471.100487,14668.964852,30.382619,120.000953,23924.678689,91.622335,228.600202,750.000664,0.708421,228.099871,748.359158,0.002928,0.009605,15.116253,49.594007,228.593496,749.978662,1.751010,5.744782,0.001524,0.004998,-0.000005,-0.000032,0.000072,0.000000,0.066167,0.007647,0.066174,0.000013,0.065861,-0.000027,0.994384,0.678811,0.000000,0.000000,0.000000,3055.185300,4621.347415,7997.447696,547.999238,259.108149,466.394669,0.779441,0.001512
105.199958,4471.119467,14669.027123,4471.100343,14668.964379,30.382825,120.000955,23947.521947,91.797204,228.600173,750.000566,0.708421,228.099847,748.359078,0.002928,0.009605,15.116172,49.593741,228.593454,749.978523,1.752673,5.750239,0.001365,0.004479,-0.000005,-0.000033,0.000072,0.000000,0.066167,0.007654,0.066173,0.000013,0.065862,-0.000027,0.994383,0.678813,0.000000,0.000000,0.000000,3055.201709,4621.264228,7997.409963,547.996653,259.108150,466.394671,0.779441,0.001512
105.299958,4471.119339,14669.026701,4471.100214,14668.963956,30.383031,120.000957,23970.365202,91.972239,228.600143,750.000471,0.708421,228.099823,748.359001,0.002928,0.009605,15.116090,49.593471,228.593412,749.978385,1.754336,5.755695,0.001208,0.003965,-0.000005,-0.000033,0.000072,0.000000,0.066168,0.007662,0.066173,0.000013,0.065863,-0.000027,0.994381,0.678815,0.000000,0.000000,0.000000,3055.217939,4621.181040,7997.372230,547.994067,259.108151,466.394672,0.779441,0.001512
105.399958,4471.119226,14669.026331,4471.100101,14668.963585,30.383237,120.000959,23993.208452,92.147439,228.600115,750.000377,0.708421,228.099800,748.358925,0.002928,0.009605,15.116007,49.593199,228.593371,749.978250,1.755999,5.761152,0.001053,0.003455,-0.000005,-0.000033,0.000072,0.000000,0.066168,0.007669,0.066173,0.000013,0.065863,-0.000027,0.994380,0.678817,0.000000,0.000000,0.000000,3055.233986,4621.097852,7997.334496,547.991482,259.108152,466.394674,0.779441,0.001512
105.499958,4471.119128,14669.026011,4471.100003,14668.963265,30.383444,120.000961,24016.051698,92.322806,228.600087,750.000286,0.708421,228.099778,748.358851,0.002928,0.009605,15.115924,49.592925,228.593330,749.978116,1.757662,5.766608,0.000900,0.002951,-0.000005,-0.000033,0.000072,0.000000,0.066168,0.007676,0.066172,0.000013,0.065864,-0.000027,0.994378,0.678819,0.000000,0.000000,0.000000,3055.249844,4621.014664,7997.296763,547.988896,259.108153,466.394675,0.779441,0.001512
105.599958,4471.119046,14669.025741,4471.099921,14668.962995,30.383650,120.000962,24038.894940,92.498338,228.600060,750.000196,0.708421,228.099756,748.358780,0.002928,0.009605,15.115839,49.592649,228.593290,749.977985,1.759325,5.772065,0.000748,0.002453,-0.000005,-0.000033,0.000072,0.000000,0.066169,0.007683,0.066172,0.000013,0.065865,-0.000027,0.994376,0.678820,0.000000,0.000000,0.000000,3055.265508,4620.931475,7997.259029,547.986311,259.108153,466.394676,0.779441,0.001512
105.699958,4471.118979,14669.025521,4471.099854,14668.962774,30.383856,120.000964,24061.738178,92.674036,228.600033,750.000108,0.708421,228.099735,748.358710,0.002928,0.009605,15.115754,49.592370,228.593250,749.977855,1.760989,5.777521,0.000597,0.001960,-0.000005,-0.000033,0.000072,0.000000,0.066169,0.007691,0.066171,0.000013,0.065866,-0.000027,0.994374,0.678822,0.000000,0.000000,0.000000,3055.280975,4620.848286,7997.221295,547.983725,259.108154,466.394676,0.779441,0.001512
105.799958,4471.118927,14669.025350,4471.099801,14668.962603,30.384062,120.000966,24084.581413,92.849900,228.600007,750.000023,0.708421,228.099714,748.358643,0.002928,0.009605,15.115669,49.592090,228.593211,749.977727,1.762652,5.782978,0.000449,0.001472,-0.000005,-0.000033,0.000072,0.000000,0.066169,0.007698,0.066171,0.000013,0.065867,-0.000027,0.994372,0.678824,0.000000,0.000000,0.000000,3055.296240,4620.765097,7997.183561,547.981139,259.108154,466.394677,0.779441,0.001512
105.899958,4471.118889,14669.025228,4471.099764,14668.962480,30.384268,120.000968,24107.424643,93.025930,228.599981,749.999939,0.708421,228.099695,748.358578,0.002928,0.009605,15.115583,49.591807,228.593173,749.977601,1.764315,5.788435,0.000302,0.000990,-0.000005,-0.000033,0.000072,0.000000,0.066169,0.007705,0.066171,0.000013,0.065867,-0.000027,0.994371,0.678825,0.000000,0.000000,0.000000,3055.311299,4620.681907,7997.145827,547.978554,259.108154,466.394677,0.779441,0.001512
105.999958,4471.118867,14669.025153,4471.099741,14668.962405,30.384474,120.000970,24130.267869,93.202126,228.599956,749.999857,0.708421,228.099675,748.358515,0.002928,0.009605,15.115496,49.591523,228.593135,749.977478,1.765978,5.793892,0.000157,0.000514,-0.000005,-0.000033,0.000072,0.000000,0.066170,0.007712,0.066170,0.000013,0.065868,-0.000027,0.994369,0.678827,0.000000,0.000000,0.000000,3055.326147,4620.598717,7997.108092,547.975968,259.108154,466.394678,0.779441,0.001512
106.099958,4471.118858,14669.025126,4471.099732,14668.962377,30.384680,120.000972,24153.111092,93.378487,228.599932,749.999777,0.708421,228.099657,748.358454,0.002928,0.009605,15.115409,49.591236,228.593098,749.977356,1.767641,5.799348,0.000013,0.000044,-0.000005,-0.000034,0.000072,0.000000,0.066170,0.007720,0.066170,0.000013,0.065869,-0.000027,0.994367,0.678829,0.000000,0.000000,0.000000,3055.340782,4620.515527,7997.070358,547.973383,259.108154,466.394678,0.779441,0.001512
106.199957,4471.118864,14669.025145,4471.099738,14668.962396,30.384886,120.000973,24175.954311,93.555015,228.599908,749.999700,0.708421,228.099639,748.358395,0.002928,0.009605,15.115321,49.590948,228.593061,749.977236,1.769305,5.804805,-0.000128,-0.000420,-0.000005,-0.000034,0.000072,0.000000,0.066170,0.007727,0.066170,0.000013,0.065870,-0.000027,0.994365,0.678830,0.000000,0.000000,0.000000,3055.355200,4620.432336,7997.032623,547.970797,259.108154,466.394678,0.779441,0.001512
106.299958,4471.118884,14669.025210,4471.099758,14668.962461,30.385092,120.000975,24198.797527,93.731708,228.599885,749.999624,0.708420,228.099622,748.358338,0.002928,0.009605,15.115233,49.590659,228.593025,749.977118,1.770968,5.810262,-0.000268,-0.000879,-0.000005,-0.000034,0.000072,0.000000,0.066170,0.007734,0.066169,0.000013,0.065870,-0.000027,0.994363,0.678832,0.000000,0.000000,0.000000,3055.369397,4620.349145,7996.994889,547.968211,259.108154,466.394678,0.779441,0.001512
106.399957,4471.118918,14669.025321,4471.099792,14668.962571,30.385298,120.000977,24221.640739,93.908567,228.599863,749.999550,0.708420,228.099605,748.358284,0.002928,0.009605,15.115144,49.590368,228.592990,749.977002,1.772631,5.815719,-0.000406,-0.001331,-0.000005,-0.000034,0.000072,0.000000,0.066171,0.007742,0.066169,0.000013,0.065871,-0.000027,0.994361,0.678833,0.000000,0.000000,0.000000,3055.383371,4620.265954,7996.957154,547.965626,259.108154,466.394677,0.779441,0.001512
106.499957,4471.118966,14669.025477,4471.099839,14668.962727,30.385504,120.000979,24244.483947,94.085592,228.599841,749.999478,0.708420,228.099589,748.358231,0.002928,0.009605,15.115055,49.590075,228.592955,749.976887,1.774295,5.821176,-0.000542,-0.001777,-0.000005,-0.000034,0.000072,0.000000,0.066171,0.007749,0.066168,0.000013,0.065872,-0.000027,0.994359,0.678835,0.000000,0.000000,0.000000,3055.397144,4620.182763,7996.919419,547.963040,259.108154,466.394677,0.779441,0.001512
106.599957,4471.119027,14669.025678,4471.099900,14668.962926,30.385710,120.000981,24267.327152,94.262783,228.599820,749.999408,0.708420,228.099573,748.358180,0.002928,0.009605,15.114965,49.589781,228.592921,749.976775,1.775958,5.826633,-0.000676,-0.002217,-0.000005,-0.000034,0.000072,0.000000,0.066171,0.007756,0.066168,0.000013,0.065872,-0.000027,0.994357,0.678837,0.000000,0.000000,0.000000,3055.410660,4620.099571,7996.881684,547.960454,259.108153,466.394676,0.779441,0.001512
106.699957,4471.119101,14669.025922,4471.099974,14668.963170,30.385916,120.000983,24290.170354,94.440139,228.599799,749.999341,0.708420,228.099559,748.358132,0.002928,0.009605,15.114875,49.589485,228.592887,749.976665,1.777621,5.832091,-0.000808,-0.002651,-0.000005,-0.000034,0.000072,0.000000,0.066171,0.007763,0.066168,0.000013,0.065873,-0.000027,0.994355,0.678838,0.000000,0.000000,0.000000,3055.423945,4620.016379,7996.843948,547.957869,259.108153,466.394675,0.779441,0.001512
106.799957,4471.119188,14669.026209,4471.100061,14668.963456,30.386122,120.000984,24313.013552,94.617661,228.599779,749.999275,0.708420,228.099545,748.358086,0.002928,0.009605,15.114785,49.589189,228.592854,749.976556,1.779285,5.837548,-0.000938,-0.003078,-0.000005,-0.000034,0.000072,0.000000,0.066171,0.007771,0.066167,0.000013,0.065874,-0.000027,0.994353,0.678839,0.000000,0.000000,0.000000,3055.436994,4619.933186,7996.806213,547.955283,259.108152,466.394674,0.779441,0.001512
106.899957,4471.119289,14669.026538,4471.100162,14668.963785,30.386328,120.000986,24335.856747,94.795350,228.599759,749.999211,0.708420,228.099531,748.358041,0.002928,0.009606,15.114694,49.588891,228.592822,749.976450,1.780948,5.843005,-0.001067,-0.003499,-0.000005,-0.000034,0.000072,0.000000,0.066172,0.007778,0.066167,0.000013,0.065874,-0.000027,0.994351,0.678841,0.000000,0.000000,0.000000,3055.449807,4619.849994,7996.768477,547.952697,259.108152,466.394673,0.779441,0.001512
106.999957,4471.119402,14669.026909,4471.100275,14668.964156,30.386534,120.000988,24358.699939,94.973204,228.599741,749.999149,0.708420,228.099518,748.357999,0.002928,0.009606,15.114603,49.588592,228.592790,749.976346,1.782611,5.848462,-0.001193,-0.003914,-0.000005,-0.000034,0.000072,0.000000,0.066172,0.007785,0.066166,0.000013,0.065875,-0.000027,0.994349,0.678842,0.000000,0.000000,0.000000,3055.462381,4619.766801,7996.730742,547.950111,259.108151,466.394672,0.779441,0.001512
107.099957,4471.119528,14669.027322,4471.100400,14668.964568,30.386740,120.000990,24381.543127,95.151224,228.599722,749.999089,0.708420,228.099506,748.357959,0.002928,0.009606,15.114512,49.588292,228.592759,749.976243,1.784275,5.853920,-0.001317,-0.004322,-0.000005,-0.000035,0.000072,0.000000,0.066172,0.007793,0.066166,0.000013,0.065876,-0.000027,0.994347,0.678844,0.000000,0.000000,0.000000,3055.474713,4619.683608,7996.693006,547.947526,259.108150,466.394670,0.779441,0.001512
107.199957,4471.119666,14669.027775,4471.100538,14668.965020,30.386946,120.000992,24404.386313,95.329410,228.599705,749.999031,0.708420,228.099494,748.357921,0.002928,0.009606,15.114420,49.587992,228.592728,749.976142,1.785938,5.859377,-0.001440,-0.004724,-0.000005,-0.000035,0.000072,0.000000,0.066172,0.007800,0.066166,0.000013,0.065876,-0.000027,0.994345,0.678845,0.000000,0.000000,0.000000,3055.486802,4619.600414,7996.655270,547.944940,259.108149,466.394668,0.779441,0.001512
107.299957,4471.119816,14669.028267,4471.100688,14668.965512,30.387153,120.000994,24427.229495,95.507761,228.599687,749.998975,0.708420,228.099483,748.357884,0.002928,0.009606,15.114328,49.587690,228.592698,749.976043,1.787602,5.864835,-0.001560,-0.005120,-0.000005,-0.000035,0.000072,0.000000,0.066172,0.007807,0.066165,0.000013,0.065877,-0.000027,0.994343,0.678846,0.000000,0.000000,0.000000,3055.498647,4619.517221,7996.617534,547.942354,259.108148,466.394667,0.779441,0.001512
107.399957,4471.119978,14669.028799,4471.100850,14668.966044,30.387359,120.000996,24450.072675,95.686279,228.599671,749.998920,0.708420,228.099473,748.357850,0.002928,0.009606,15.114236,49.587388,228.592668,749.975946,1.789265,5.870292,-0.001679,-0.005508,-0.000005,-0.000035,0.000072,0.000000,0.066172,0.007814,0.066165,0.000013,0.065877,-0.000027,0.994341,0.678848,0.000000,0.000000,0.000000,3055.510246,4619.434027,7996.579798,547.939768,259.108147,466.394665,0.779441,0.001512
107.499957,4471.120152,14669.029370,4471.101024,14668.966614,30.387565,120.000997,24472.915851,95.864962,228.599655,749.998868,0.708420,228.099463,748.357818,0.002928,0.009606,15.114143,49.587085,228.592640,749.975851,1.790929,5.875750,-0.001795,-0.005890,-0.000005,-0.000035,0.000072,0.000000,0.066172,0.007822,0.066164,0.000013,0.065878,-0.000027,0.994339,0.678849,0.000000,0.000000,0.000000,3055.521597,4619.350833,7996.542062,547.937183,259.108146,466.394663,0.779441,0.001512
107.599957,4471.120337,14669.029978,4471.101209,14668.967222,30.387771,120.000999,24495.759025,96.043811,228.599640,749.998818,0.708420,228.099454,748.357787,0.002928,0.009606,15.114051,49.586781,228.592611,749.975758,1.792592,5.881207,-0.001910,-0.006266,-0.000005,-0.000035,0.000072,0.000000,0.066172,0.007829,0.066164,0.000013,0.065878,-0.000027,0.994337,0.678850,0.000000,0.000000,0.000000,3055.532700,4619.267638,7996.504325,547.934597,259.108145,466.394661,0.779441,0.001512
107.699957,4471.120534,14669.030624,4471.101406,14668.967867,30.387977,120.001001,24518.602196,96.222826,228.599625,749.998769,0.708420,228.099445,748.357759,0.002928,0.009606,15.113958,49.586476,228.592583,749.975667,1.794256,5.886665,-0.002022,-0.006635,-0.000005,-0.000035,0.000072,0.000000,0.066173,0.007836,0.066164,0.000013,0.065879,-0.000027,0.994334,0.678851,0.000000,0.000000,0.000000,3055.543552,4619.184444,7996.466589,547.932011,259.108143,466.394658,0.779441,0.001512
107.799957,4471.120742,14669.031306,4471.101614,14668.968549,30.388183,120.001003,24541.445364,96.402007,228.599611,749.998722,0.708420,228.099437,748.357732,0.002928,0.009606,15.113865,49.586172,228.592556,749.975577,1.795919,5.892123,-0.002133,-0.006997,-0.000005,-0.000035,0.000072,0.000000,0.066173,0.007843,0.066163,0.000013,0.065880,-0.000027,0.994332,0.678853,0.000000,0.000000,0.000000,3055.554154,4619.101249,7996.428853,547.929425,259.108142,466.394656,0.779441,0.001512
107.899957,4471.120961,14669.032024,4471.101832,14668.969266,30.388389,120.001005,24564.288529,96.581354,228.599597,749.998677,0.708420,228.099429,748.357707,0.002928,0.009606,15.113772,49.585866,228.592529,749.975489,1.797583,5.897581,-0.002241,-0.007353,-0.000005,-0.000035,0.000072,0.000000,0.066173,0.007851,0.066163,0.000013,0.065880,-0.000027,0.994330,0.678854,0.000000,0.000000,0.000000,3055.564505,4619.018054,7996.391116,547.926840,259.108141,466.394653,0.779441,0.001512
107.999957,4471.121191,14669.032777,4471.102062,14668.970019,30.388595,120.001007,24587.131692,96.760867,228.599584,749.998634,0.708420,228.099422,748.357684,0.002928,0.009606,15.113679,49.585561,228.592503,749.975403,1.799246,5.903039,-0.002348,-0.007702,-0.000005,-0.000035,0.000072,0.000000,0.066173,0.007858,0.066162,0.000013,0.065881,-0.000027,0.994328,0.678855,0.000000,0.000000,0.000000,3055.574603,4618.934859,7996.353379,547.924254,259.108139,466.394651,0.779441,0.001512
108.099957,4471.121431,14669.033565,4471.102302,14668.970806,30.388801,120.001009,24609.974852,96.940545,228.599571,749.998593,0.708420,228.099416,748.357663,0.002928,0.009606,15.113586,49.585255,228.592477,749.975319,1.800910,5.908496,-0.002452,-0.008045,-0.000005,-0.000036,0.000072,0.000000,0.066173,0.007865,0.066162,0.000013,0.065881,-0.000027,0.994326,0.678856,0.000000,0.000000,0.000000,3055.584448,4618.851663,7996.315642,547.921668,259.108138,466.394648,0.779441,0.001512
108.199957,4471.121681,14669.034387,4471.102552,14668.971628,30.389007,120.001011,24632.818010,97.120389,228.599559,749.998554,0.708419,228.099410,748.357644,0.002928,0.009606,15.113492,49.584948,228.592452,749.975237,1.802573,5.913954,-0.002554,-0.008380,-0.000005,-0.000036,0.000072,0.000000,0.066173,0.007873,0.066162,0.000013,0.065881,-0.000027,0.994324,0.678857,0.000000,0.000000,0.000000,3055.594041,4618.768468,7996.277906,547.919082,259.108136,466.394645,0.779441,0.001512
108.299957,4471.121942,14669.035242,4471.102813,14668.972482,30.389213,120.001012,24655.661165,97.300400,228.599548,749.998516,0.708419,228.099405,748.357627,0.002928,0.009606,15.113399,49.584642,228.592428,749.975156,1.804237,5.919412,-0.002655,-0.008709,-0.000005,-0.000036,0.000072,0.000000,0.066173,0.007880,0.066161,0.000013,0.065882,-0.000027,0.994322,0.678858,0.000000,0.000000,0.000000,3055.603379,4618.685272,7996.240169,547.916496,259.108134,466.394642,0.779441,0.001512
108.399957,4471.122212,14669.036130,4471.103083,14668.973369,30.389419,120.001014,24678.504318,97.480576,228.599537,749.998480,0.708419,228.099400,748.357611,0.002928,0.009606,15.113305,49.584335,228.592404,749.975077,1.805901,5.924870,-0.002753,-0.009032,-0.000005,-0.000036,0.000072,0.000000,0.066173,0.007887,0.066161,0.000013,0.065882,-0.000027,0.994320,0.678859,0.000000,0.000000,0.000000,3055.612465,4618.602076,7996.202431,547.913911,259.108133,466.394639,0.779440,0.001512
108.499957,4471.122493,14669.037049,4471.103363,14668.974288,30.389625,120.001016,24701.347468,97.660918,228.599526,749.998446,0.708419,228.099396,748.357597,0.002928,0.009606,15.113212,49.584029,228.592380,749.975000,1.807564,5.930329,-0.002849,-0.009348,-0.000005,-0.000036,0.000072,0.000000,0.066173,0.007894,0.066160,0.000013,0.065883,-0.000027,0.994318,0.678860,0.000000,0.000000,0.000000,3055.621297,4618.518880,7996.164694,547.911325,259.108131,466.394635,0.779440,0.001512
108.599957,4471.122782,14669.038000,4471.103653,14668.975239,30.389831,120.001018,24724.190616,97.841425,228.599517,749.998414,0.708419,228.099392,748.357585,0.002928,0.009606,15.113119,49.583722,228.592357,749.974924,1.809228,5.935787,-0.002943,-0.009657,-0.000005,-0.000036,0.000072,0.000000,0.066173,0.007902,0.066160,0.000013,0.065883,-0.000027,0.994316,0.678861,0.000000,0.000000,0.000000,3055.629875,4618.435683,7996.126957,547.908739,259.108129,466.394632,0.779440,0.001512
108.699956,4471.123082,14669.038982,4471.103952,14668.976220,30.390037,120.001020,24747.033762,98.022099,228.599507,749.998383,0.708419,228.099389,748.357575,0.002928,0.009606,15.113025,49.583416,228.592334,749.974851,1.810891,5.941245,-0.003036,-0.009959,-0.000005,-0.000036,0.000072,0.000000,0.066173,0.007909,0.066160,0.000013,0.065884,-0.000027,0.994313,0.678862,0.000000,0.000000,0.000000,3055.638200,4618.352487,7996.089220,547.906153,259.108127,466.394629,0.779440,0.001512
108.799956,4471.123390,14669.039993,4471.104260,14668.977230,30.390243,120.001022,24769.876906,98.202939,228.599498,749.998354,0.708419,228.099386,748.357566,0.002928,0.009606,15.112932,49.583109,228.592312,749.974778,1.812555,5.946703,-0.003126,-0.010255,-0.000005,-0.000036,0.000072,0.000000,0.066173,0.007916,0.066159,0.000013,0.065884,-0.000027,0.994311,0.678863,0.000000,0.000000,0.000000,3055.646273,4618.269290,7996.051482,547.903567,259.108125,466.394625,0.779440,0.001512
108.899956,4471.123707,14669.041033,4471.104577,14668.978270,30.390449,120.001024,24792.720047,98.383944,228.599490,749.998327,0.708419,228.099384,748.357559,0.002928,0.009606,15.112838,49.582803,228.592291,749.974708,1.814219,5.952162,-0.003214,-0.010545,-0.000005,-0.000036,0.000072,0.000000,0.066173,0.007924,0.066159,0.000013,0.065884,-0.000027,0.994309,0.678864,0.000000,0.000000,0.000000,3055.654093,4618.186093,7996.013745,547.900982,259.108123,466.394621,0.779440,0.001512
108.999956,4471.124033,14669.042103,4471.104903,14668.979339,30.390655,120.001026,24815.563186,98.565115,228.599482,749.998301,0.708419,228.099382,748.357554,0.002928,0.009606,15.112745,49.582497,228.592270,749.974639,1.815883,5.957620,-0.003300,-0.010827,-0.000005,-0.000036,0.000072,0.000000,0.066173,0.007931,0.066158,0.000013,0.065885,-0.000027,0.994307,0.678865,0.000000,0.000000,0.000000,3055.661661,4618.102896,7995.976007,547.898396,259.108121,466.394617,0.779440,0.001512
109.099956,4471.124367,14669.043200,4471.105237,14668.980436,30.390862,120.001027,24838.406323,98.746453,228.599475,749.998277,0.708419,228.099381,748.357550,0.002928,0.009606,15.112652,49.582191,228.592249,749.974571,1.817546,5.963078,-0.003384,-0.011103,-0.000005,-0.000036,0.000072,0.000000,0.066173,0.007938,0.066158,0.000013,0.065885,-0.000027,0.994305,0.678865,0.000000,0.000000,0.000000,3055.668978,4618.019699,7995.938270,547.895810,259.108119,466.394613,0.779440,0.001512
109.199956,4471.124710,14669.044324,4471.105579,14668.981559,30.391068,120.001029,24861.249459,98.927956,228.599468,749.998255,0.708419,228.099381,748.357548,0.002928,0.009607,15.112559,49.581885,228.592229,749.974506,1.819210,5.968537,-0.003466,-0.011373,-0.000005,-0.000036,0.000072,0.000000,0.066173,0.007945,0.066158,0.000013,0.065885,-0.000027,0.994303,0.678866,0.000000,0.000000,0.000000,3055.676044,4617.936501,7995.900532,547.893224,259.108116,466.394609,0.779440,0.001512
109.299956,4471.125061,14669.045475,4471.105930,14668.982710,30.391274,120.001031,24884.092592,99.109625,228.599462,749.998234,0.708419,228.099380,748.357547,0.002928,0.009607,15.112466,49.581580,228.592210,749.974441,1.820874,5.973996,-0.003547,-0.011636,-0.000005,-0.000037,0.000072,0.000000,0.066173,0.007953,0.066157,0.000013,0.065886,-0.000027,0.994301,0.678867,0.000000,0.000000,0.000000,3055.682861,4617.853304,7995.862794,547.890638,259.108114,466.394605,0.779440,0.001512
109.399956,4471.125420,14669.046652,4471.106289,14668.983886,30.391480,120.001033,24906.935723,99.291459,228.599456,749.998215,0.708419,228.099381,748.357548,0.002928,0.009607,15.112373,49.581275,228.592191,749.974379,1.822538,5.979454,-0.003625,-0.011893,-0.000005,-0.000037,0.000072,0.000000,0.066173,0.007960,0.066157,0.000013,0.065886,-0.000027,0.994299,0.678868,0.000000,0.000000,0.000000,3055.689430,4617.770106,7995.825056,547.888052,259.108112,466.394601,0.779440,0.001512
109.499956,4471.125786,14669.047854,4471.106655,14668.985088,30.391686,120.001035,24929.778852,99.473460,228.599451,749.998198,0.708419,228.099381,748.357551,0.002928,0.009607,15.112280,49.580971,228.592172,749.974318,1.824201,5.984913,-0.003701,-0.012143,-0.000005,-0.000037,0.000072,0.000000,0.066173,0.007967,0.066156,0.000013,0.065886,-0.000027,0.994297,0.678869,0.000000,0.000000,0.000000,3055.695751,4617.686908,7995.787319,547.885466,259.108109,466.394597,0.779440,0.001512
109.599956,4471.126160,14669.049081,4471.107029,14668.986315,30.391892,120.001037,24952.621980,99.655627,228.599446,749.998181,0.708419,228.099383,748.357555,0.002928,0.009607,15.112187,49.580667,228.592154,749.974258,1.825865,5.990372,-0.003775,-0.012387,-0.000005,-0.000037,0.000072,0.000000,0.066172,0.007974,0.066156,0.000013,0.065886,-0.000027,0.994295,0.678869,0.000000,0.000000,0.000000,3055.701826,4617.603711,7995.749581,547.882881,259.108107,466.394593,0.779440,0.001512
109.699956,4471.126541,14669.050333,4471.107410,14668.987565,30.392098,120.001039,24975.465105,99.837959,228.599441,749.998167,0.708419,228.099384,748.357560,0.002928,0.009607,15.112095,49.580364,228.592136,749.974200,1.827529,5.995830,-0.003848,-0.012624,-0.000005,-0.000037,0.000072,0.000000,0.066172,0.007982,0.066156,0.000013,0.065887,-0.000027,0.994293,0.678870,0.000000,0.000000,0.000000,3055.707655,4617.520513,7995.711843,547.880295,259.108104,466.394588,0.779440,0.001512
109.799956,4471.126930,14669.051607,4471.107798,14668.988839,30.392304,120.001041,24998.308229,100.020457,228.599437,749.998154,0.708419,228.099386,748.357567,0.002928,0.009607,15.112003,49.580061,228.592119,749.974143,1.829193,6.001289,-0.003918,-0.012855,-0.000005,-0.000037,0.000072,0.000000,0.066172,0.007989,0.066155,0.000013,0.065887,-0.000027,0.994291,0.678870,0.000000,0.000000,0.000000,3055.713241,4617.437314,7995.674105,547.877709,259.108102,466.394584,0.779440,0.001512
109.899956,4471.127325,14669.052904,4471.108193,14668.990136,30.392510,120.001043,25021.151352,100.203122,228.599434,749.998142,0.708419,228.099389,748.357575,0.002928,0.009607,15.111910,49.579759,228.592102,749.974088,1.830857,6.006748,-0.003987,-0.013080,-0.000005,-0.000037,0.000072,0.000000,0.066172,0.007996,0.066155,0.000013,0.065887,-0.000027,0.994289,0.678871,0.000000,0.000000,0.000000,3055.718585,4617.354116,7995.636367,547.875123,259.108099,466.394579,0.779440,0.001512
109.999956,4471.127727,14669.054224,4471.108596,14668.991455,30.392716,120.001045,25043.994472,100.385952,228.599431,749.998132,0.708419,228.099392,748.357585,0.002928,0.009607,15.111819,49.579457,228.592085,749.974034,1.832521,6.012207,-0.004053,-0.013298,-0.000005,-0.000037,0.000072,0.000000,0.066172,0.008004,0.066154,0.000013,0.065887,-0.000027,0.994287,0.678872,0.000000,0.000000,0.000000,3055.723688,4617.270918,7995.598628,547.872537,259.108097,466.394574,0.779440,0.001512
110.099956,4471.128136,14669.055565,4471.109004,14668.992796,30.392922,120.001046,25066.837591,100.568948,228.599428,749.998123,0.708419,228.099395,748.357596,0.002928,0.009607,15.111727,49.579157,228.592069,749.973981,1.834185,6.017666,-0.004118,-0.013510,-0.000005,-0.000037,0.000072,0.000000,0.066172,0.008011,0.066154,0.000013,0.065888,-0.000027,0.994285,0.678872,0.000000,0.000000,0.000000,3055.728552,4617.187719,7995.560890,547.869951,259.108094,466.394569,0.779440,0.001512
110.199956,4471.128551,14669.056927,4471.109419,14668.994157,30.393128,120.001048,25089.680708,100.752110,228.599426,749.998116,0.708419,228.099399,748.357609,0.002928,0.009607,15.111635,49.578857,228.592054,749.973930,1.835848,6.023125,-0.004181,-0.013717,-0.000005,-0.000037,0.000072,0.000000,0.066172,0.008018,0.066154,0.000013,0.065888,-0.000027,0.994283,0.678873,0.000000,0.000000,0.000000,3055.733178,4617.104521,7995.523152,547.867365,259.108091,466.394565,0.779440,0.001512
110.299956,4471.128973,14669.058309,4471.109840,14668.995539,30.393334,120.001050,25112.523824,100.935437,228.599424,749.998110,0.708419,228.099403,748.357623,0.002928,0.009607,15.111544,49.578557,228.592039,749.973880,1.837512,6.028584,-0.004242,-0.013916,-0.000005,-0.000037,0.000072,0.000000,0.066172,0.008025,0.066153,0.000013,0.065888,-0.000027,0.994281,0.678873,0.000000,0.000000,0.000000,3055.737569,4617.021322,7995.485414,547.864779,259.108089,466.394560,0.779440,0.001512
110.399956,4471.129400,14669.059711,4471.110267,14668.996940,30.393540,120.001052,25135.366939,101.118931,228.599422,749.998105,0.708419,228.099408,748.357638,0.002928,0.009607,15.111453,49.578259,228.592024,749.973832,1.839176,6.034043,-0.004301,-0.014110,-0.000005,-0.000037,0.000072,0.000000,0.066172,0.008033,0.066153,0.000013,0.065888,-0.000027,0.994279,0.678874,0.000000,0.000000,0.000000,3055.741726,4616.938123,7995.447675,547.862193,259.108086,466.394555,0.779440,0.001512
110.499956,4471.129833,14669.061132,4471.110700,14668.998361,30.393746,120.001054,25158.210052,101.302591,228.599421,749.998102,0.708419,228.099413,748.357654,0.002928,0.009607,15.111363,49.577961,228.592009,749.973784,1.840840,6.039502,-0.004358,-0.014298,-0.000005,-0.000037,0.000072,0.000000,0.066171,0.008040,0.066152,0.000013,0.065888,-0.000027,0.994277,0.678874,0.000000,0.000000,0.000000,3055.745650,4616.854924,7995.409937,547.859608,259.108083,466.394550,0.779440,0.001512
110.599956,4471.130272,14669.062571,4471.111139,14668.999800,30.393952,120.001056,25181.053163,101.486416,228.599421,749.998100,0.708419,228.099418,748.357672,0.002928,0.009607,15.111272,49.577665,228.591995,749.973738,1.842504,6.044962,-0.004414,-0.014480,-0.000005,-0.000038,0.000072,0.000000,0.066171,0.008047,0.066152,0.000013,0.065888,-0.000027,0.994276,0.678875,0.000000,0.000000,0.000000,3055.749345,4616.771726,7995.372199,547.857022,259.108080,466.394545,0.779440,0.001512
110.699956,4471.130716,14669.064029,4471.111583,14669.001256,30.394158,120.001058,25203.896273,101.670407,228.599421,749.998099,0.708419,228.099424,748.357691,0.002928,0.009607,15.111182,49.577369,228.591982,749.973694,1.844168,6.050421,-0.004467,-0.014656,-0.000005,-0.000038,0.000072,0.000000,0.066171,0.008055,0.066152,0.000013,0.065888,-0.000027,0.994274,0.678875,0.000000,0.000000,0.000000,3055.752812,4616.688527,7995.334460,547.854436,259.108077,466.394539,0.779440,0.001512
110.799956,4471.131165,14669.065503,4471.112032,14669.002731,30.394364,120.001060,25226.739382,101.854565,228.599421,749.998100,0.708419,228.099430,748.357711,0.002928,0.009607,15.111092,49.577074,228.591969,749.973650,1.845832,6.055880,-0.004519,-0.014826,-0.000005,-0.000038,0.000072,0.000000,0.066171,0.008062,0.066151,0.000013,0.065889,-0.000027,0.994272,0.678875,0.000000,0.000000,0.000000,3055.756053,4616.605327,7995.296722,547.851850,259.108074,466.394534,0.779440,0.001512
110.899956,4471.131620,14669.066995,4471.112487,14669.004221,30.394571,120.001062,25249.582489,102.038888,228.599421,749.998101,0.708419,228.099437,748.357732,0.002928,0.009607,15.111003,49.576780,228.591956,749.973608,1.847496,6.061340,-0.004569,-0.014990,-0.000005,-0.000038,0.000072,0.000000,0.066171,0.008069,0.066151,0.000013,0.065889,-0.000027,0.994270,0.678876,0.000000,0.000000,0.000000,3055.759070,4616.522128,7995.258983,547.849264,259.108072,466.394529,0.779440,0.001512
110.999956,4471.132080,14669.068502,4471.112946,14669.005728,30.394777,120.001064,25272.425595,102.223377,228.599422,749.998104,0.708419,228.099443,748.357754,0.002928,0.009607,15.110913,49.576488,228.591943,749.973566,1.849160,6.066799,-0.004617,-0.015149,-0.000005,-0.000038,0.000072,0.000000,0.066171,0.008076,0.066150,0.000013,0.065889,-0.000027,0.994268,0.678876,0.000000,0.000000,0.000000,3055.761866,4616.438929,7995.221245,547.846678,259.108069,466.394523,0.779440,0.001512
111.099956,4471.132544,14669.070025,4471.113410,14669.007251,30.394983,120.001066,25295.268700,102.408032,228.599423,749.998108,0.708419,228.099451,748.357778,0.002928,0.009607,15.110825,49.576196,228.591931,749.973526,1.850824,6.072259,-0.004664,-0.015302,-0.000005,-0.000038,0.000072,0.000000,0.066170,0.008084,0.066150,0.000013,0.065889,-0.000027,0.994266,0.678876,0.000000,0.000000,0.000000,3055.764442,4616.355730,7995.183506,547.844092,259.108066,466.394518,0.779440,0.001512
111.199956,4471.133013,14669.071564,4471.113879,14669.008789,30.395189,120.001068,25318.111804,102.592852,228.599425,749.998114,0.708419,228.099458,748.357802,0.002928,0.009607,15.110736,49.575905,228.591919,749.973487,1.852488,6.077718,-0.004709,-0.015449,-0.000005,-0.000038,0.000072,0.000000,0.066170,0.008091,0.066150,0.000013,0.065889,-0.000027,0.994265,0.678877,0.000000,0.000000,0.000000,3055.766802,4616.272531,7995.145768,547.841506,259.108062,466.394512,0.779440,0.001512
111.299955,4471.133486,14669.073116,4471.114352,14669.010341,30.395395,120.001069,25340.954906,102.777839,228.599427,749.998120,0.708419,228.099466,748.357828,0.002928,0.009607,15.110648,49.575616,228.591907,749.973450,1.854153,6.083178,-0.004752,-0.015591,-0.000005,-0.000038,0.000072,0.000000,0.066170,0.008098,0.066149,0.000013,0.065889,-0.000027,0.994263,0.678877,0.000000,0.000000,0.000000,3055.768947,4616.189331,7995.108029,547.838920,259.108059,466.394507,0.779440,0.001512
111.399955,4471.133963,14669.074683,4471.114829,14669.011907,30.395601,120.001071,25363.798008,102.962992,228.599429,749.998128,0.708419,228.099474,748.357854,0.002928,0.009608,15.110560,49.575327,228.591896,749.973413,1.855817,6.088637,-0.004794,-0.015727,-0.000005,-0.000038,0.000072,0.000000,0.066170,0.008105,0.066149,0.000013,0.065889,-0.000027,0.994261,0.678877,0.000000,0.000000,0.000000,3055.770880,4616.106132,7995.070290,547.836334,259.108056,466.394501,0.779440,0.001512
111.499955,4471.134445,14669.076262,4471.115310,14669.013486,30.395807,120.001073,25386.641108,103.148310,228.599432,749.998136,0.708419,228.099482,748.357882,0.002928,0.009608,15.110472,49.575040,228.591885,749.973377,1.857481,6.094097,-0.004833,-0.015858,-0.000005,-0.000038,0.000072,0.000000,0.066170,0.008113,0.066148,0.000013,0.065889,-0.000027,0.994260,0.678877,0.000000,0.000000,0.000000,3055.772603,4616.022933,7995.032552,547.833748,259.108053,466.394496,0.779439,0.001512
111.599955,4471.134930,14669.077855,4471.115796,14669.015078,30.396013,120.001075,25409.484207,103.333795,228.599435,749.998146,0.708419,228.099491,748.357911,0.002928,0.009608,15.110385,49.574754,228.591875,749.973342,1.859145,6.099557,-0.004872,-0.015983,-0.000005,-0.000038,0.000072,0.000000,0.066169,0.008120,0.066148,0.000013,0.065889,-0.000027,0.994258,0.678877,0.000000,0.000000,0.000000,3055.774119,4615.939733,7994.994813,547.831163,259.108050,466.394490,0.779439,0.001512
111.699955,4471.135419,14669.079460,4471.116285,14669.016682,30.396219,120.001077,25432.327305,103.519445,228.599438,749.998157,0.708419,228.099500,748.357940,0.002928,0.009608,15.110298,49.574469,228.591864,749.973309,1.860809,6.105017,-0.004908,-0.016103,-0.000005,-0.000038,0.000072,0.000000,0.066169,0.008127,0.066148,0.000013,0.065889,-0.000027,0.994256,0.678878,0.000000,0.000000,0.000000,3055.775431,4615.856534,7994.957075,547.828577,259.108047,466.394484,0.779439,0.001512
111.799955,4471.135912,14669.081076,4471.116777,14669.018298,30.396425,120.001079,25455.170402,103.705261,228.599442,749.998168,0.708419,228.099510,748.357971,0.002928,0.009608,15.110212,49.574185,228.591854,749.973276,1.862473,6.110477,-0.004943,-0.016218,-0.000005,-0.000038,0.000072,0.000000,0.066169,0.008135,0.066147,0.000013,0.065889,-0.000027,0.994255,0.678878,0.000000,0.000000,0.000000,3055.776541,4615.773334,7994.919336,547.825991,259.108044,466.394479,0.779439,0.001512
111.899955,4471.136408,14669.082704,4471.117273,14669.019926,30.396631,120.001081,25478.013499,103.891243,228.599446,749.998181,0.708419,228.099519,748.358002,0.002928,0.009608,15.110125,49.573902,228.591845,749.973244,1.864137,6.115936,-0.004977,-0.016327,-0.000005,-0.000038,0.000072,0.000000,0.066169,0.008142,0.066147,0.000013,0.065889,-0.000027,0.994253,0.678878,0.000000,0.000000,0.000000,3055.777451,4615.690135,7994.881597,547.823405,259.108040,466.394473,0.779439,0.001512
111.999955,4471.136908,14669.084343,4471.117773,14669.021564,30.396837,120.001083,25500.856594,104.077392,228.599450,749.998195,0.708419,228.099529,748.358035,0.002928,0.009608,15.110040,49.573621,228.591835,749.973213,1.865802,6.121396,-0.005008,-0.016432,-0.000005,-0.000038,0.000072,0.000000,0.066168,0.008149,0.066147,0.000013,0.065889,-0.000027,0.994251,0.678878,0.000000,0.000000,0.000000,3055.778165,4615.606935,7994.843859,547.820819,259.108037,466.394467,0.779439,0.001512
112.099955,4471.137410,14669.085991,4471.118275,14669.023212,30.397043,120.001085,25523.699688,104.263705,228.599454,749.998209,0.708419,228.099539,748.358068,0.002928,0.009608,15.109954,49.573341,228.591826,749.973183,1.867466,6.126856,-0.005039,-0.016532,-0.000005,-0.000038,0.000072,0.000000,0.066168,0.008156,0.066146,0.000013,0.065889,-0.000027,0.994250,0.678878,0.000000,0.000000,0.000000,3055.778686,4615.523736,7994.806120,547.818233,259.108034,466.394461,0.779439,0.001512
112.199955,4471.137916,14669.087650,4471.118780,14669.024870,30.397249,120.001087,25546.542781,104.450185,228.599459,749.998225,0.708419,228.099549,748.358102,0.002928,0.009608,15.109869,49.573062,228.591817,749.973154,1.869130,6.132317,-0.005068,-0.016626,-0.000005,-0.000038,0.000072,0.000000,0.066168,0.008164,0.066146,0.000013,0.065889,-0.000027,0.994248,0.678878,0.000000,0.000000,0.000000,3055.779015,4615.440536,7994.768381,547.815647,259.108031,466.394455,0.779439,0.001512
112.299955,4471.138424,14669.089318,4471.119288,14669.026537,30.397455,120.001089,25569.385874,104.636831,228.599464,749.998241,0.708419,228.099560,748.358136,0.002929,0.009608,15.109785,49.572785,228.591809,749.973126,1.870794,6.137777,-0.005095,-0.016716,-0.000005,-0.000039,0.000072,0.000000,0.066168,0.008171,0.066145,0.000013,0.065889,-0.000027,0.994247,0.678878,0.000000,0.000000,0.000000,3055.779155,4615.357336,7994.730643,547.813061,259.108027,466.394449,0.779439,0.001512
112.399955,4471.138935,14669.090994,4471.119799,14669.028213,30.397661,120.001091,25592.228966,104.823643,228.599469,749.998258,0.708419,228.099571,748.358172,0.002929,0.009608,15.109701,49.572508,228.591800,749.973098,1.872459,6.143237,-0.005121,-0.016801,-0.000005,-0.000039,0.000072,0.000000,0.066167,0.008178,0.066145,0.000013,0.065888,-0.000027,0.994245,0.678878,0.000000,0.000000,0.000000,3055.779111,4615.274137,7994.692904,547.810475,259.108024,466.394443,0.779439,0.001512
112.499955,4471.139448,14669.092678,4471.120313,14669.029897,30.397867,120.001093,25615.072056,105.010621,228.599475,749.998276,0.708419,228.099582,748.358208,0.002929,0.009608,15.109617,49.572234,228.591792,749.973071,1.874123,6.148697,-0.005145,-0.016881,-0.000005,-0.000039,0.000072,0.000000,0.066167,0.008186,0.066145,0.000013,0.065888,-0.000027,0.994244,0.678878,0.000000,0.000000,0.000000,3055.778883,4615.190937,7994.655165,547.807889,259.108021,466.394437,0.779439,0.001512
112.599955,4471.139964,14669.094371,4471.120828,14669.031589,30.398073,120.001095,25637.915146,105.197764,228.599480,749.998295,0.708419,228.099593,748.358245,0.002929,0.009608,15.109533,49.571960,228.591784,749.973045,1.875787,6.154157,-0.005168,-0.016956,-0.000005,-0.000039,0.000072,-0.000000,0.066167,0.008193,0.066144,0.000013,0.065888,-0.000027,0.994242,0.678878,0.000000,0.000000,0.000000,3055.778476,4615.107738,7994.617426,547.805303,259.108017,466.394431,0.779439,0.001512
112.699955,4471.140482,14669.096071,4471.121346,14669.033288,30.398280,120.001097,25660.758236,105.385074,228.599486,749.998315,0.708419,228.099605,748.358283,0.002929,0.009608,15.109450,49.571688,228.591777,749.973020,1.877451,6.159618,-0.005190,-0.017027,-0.000005,-0.000039,0.000072,-0.000000,0.066167,0.008200,0.066144,0.000013,0.065888,-0.000027,0.994241,0.678878,0.000000,0.000000,0.000000,3055.777892,4615.024538,7994.579688,547.802717,259.108014,466.394425,0.779439,0.001512
112.799955,4471.141002,14669.097777,4471.121866,14669.034994,30.398486,120.001099,25683.601324,105.572549,228.599493,749.998335,0.708419,228.099616,748.358321,0.002929,0.009608,15.109368,49.571417,228.591769,749.972996,1.879116,6.165078,-0.005210,-0.017093,-0.000005,-0.000039,0.000072,-0.000000,0.066166,0.008207,0.066144,0.000013,0.065888,-0.000027,0.994240,0.678878,0.000000,0.000000,0.000000,3055.777134,4614.941339,7994.541949,547.800131,259.108011,466.394419,0.779439,0.001512
112.899955,4471.141525,14669.099490,4471.122388,14669.036706,30.398692,120.001101,25706.444412,105.760190,228.599499,749.998356,0.708419,228.099628,748.358361,0.002929,0.009608,15.109286,49.571148,228.591762,749.972972,1.880780,6.170538,-0.005229,-0.017155,-0.000005,-0.000039,0.000072,-0.000000,0.066166,0.008215,0.066143,0.000013,0.065888,-0.000027,0.994238,0.678878,0.000000,0.000000,0.000000,3055.776205,4614.858139,7994.504210,547.797546,259.108007,466.394413,0.779439,0.001512
112.999955,4471.142049,14669.101209,4471.122912,14669.038425,30.398898,120.001102,25729.287499,105.947998,228.599506,749.998378,0.708419,228.099640,748.358400,0.002929,0.009608,15.109204,49.570880,228.591755,749.972949,1.882444,6.175999,-0.005246,-0.017213,-0.000005,-0.000039,0.000072,-0.000000,0.066166,0.008222,0.066143,0.000013,0.065888,-0.000027,0.994237,0.678878,0.000000,0.000000,0.000000,3055.775107,4614.774940,7994.466472,547.794960,259.108004,466.394407,0.779439,0.001512
113.099955,4471.142574,14669.102934,4471.123437,14669.040149,30.399104,120.001104,25752.130585,106.135971,228.599513,749.998401,0.708420,228.099653,748.358441,0.002929,0.009608,15.109123,49.570613,228.591748,749.972927,1.884109,6.181459,-0.005263,-0.017266,-0.000005,-0.000039,0.000072,-0.000000,0.066166,0.008229,0.066143,0.000013,0.065888,-0.000027,0.994236,0.678878,0.000000,0.000000,0.000000,3055.773845,4614.691740,7994.428733,547.792374,259.108000,466.394401,0.779439,0.001512
113.199955,4471.143101,14669.104663,4471.123964,14669.041878,30.399310,120.001106,25774.973671,106.324110,228.599520,749.998424,0.708420,228.099665,748.358481,0.002929,0.009608,15.109042,49.570348,228.591741,749.972905,1.885773,6.186920,-0.005278,-0.017315,-0.000005,-0.000039,0.000072,-0.000000,0.066165,0.008237,0.066142,0.000013,0.065887,-0.000027,0.994234,0.678877,0.000000,0.000000,0.000000,3055.772420,4614.608541,7994.390995,547.789788,259.107997,466.394395,0.779439,0.001512
113.299955,4471.143630,14669.106397,4471.124493,14669.043612,30.399516,120.001108,25797.816756,106.512415,228.599527,749.998448,0.708420,228.099678,748.358523,0.002929,0.009608,15.108962,49.570084,228.591735,749.972884,1.887438,6.192381,-0.005291,-0.017360,-0.000005,-0.000039,0.000072,-0.000000,0.066165,0.008244,0.066142,0.000013,0.065887,-0.000027,0.994233,0.678877,0.000000,0.000000,0.000000,3055.770836,4614.525342,7994.353256,547.787202,259.107994,466.394388,0.779439,0.001512
113.399955,4471.144160,14669.108136,4471.125023,14669.045350,30.399722,120.001110,25820.659840,106.700886,228.599534,749.998472,0.708420,228.099691,748.358565,0.002929,0.009609,15.108882,49.569822,228.591729,749.972863,1.889102,6.197841,-0.005304,-0.017400,-0.000005,-0.000039,0.000072,-0.000000,0.066165,0.008251,0.066141,0.000013,0.065887,-0.000027,0.994232,0.678877,0.000000,0.000000,0.000000,3055.769096,4614.442142,7994.315517,547.784616,259.107990,466.394382,0.779439,0.001512
113.499955,4471.144691,14669.109878,4471.125554,14669.047092,30.399928,120.001112,25843.502924,106.889523,228.599542,749.998498,0.708420,228.099703,748.358607,0.002929,0.009609,15.108802,49.569561,228.591723,749.972843,1.890766,6.203302,-0.005315,-0.017437,-0.000005,-0.000039,0.000072,-0.000000,0.066164,0.008258,0.066141,0.000013,0.065887,-0.000027,0.994231,0.678877,0.000000,0.000000,0.000000,3055.767203,4614.358943,7994.277779,547.782030,259.107987,466.394376,0.779439,0.001512
113.599955,4471.145223,14669.111624,4471.126086,14669.048837,30.400134,120.001114,25866.346007,107.078325,228.599550,749.998523,0.708420,228.099717,748.358650,0.002929,0.009609,15.108723,49.569301,228.591717,749.972824,1.892431,6.208763,-0.005325,-0.017470,-0.000005,-0.000039,0.000072,-0.000000,0.066164,0.008266,0.066141,0.000013,0.065887,-0.000027,0.994229,0.678877,0.000000,0.000000,0.000000,3055.765159,4614.275744,7994.240040,547.779444,259.107983,466.394370,0.779439,0.001512
113.699955,4471.145756,14669.113373,4471.126618,14669.050585,30.400340,120.001116,25889.189090,107.267294,228.599558,749.998550,0.708420,228.099730,748.358694,0.002929,0.009609,15.108644,49.569043,228.591711,749.972805,1.894095,6.214224,-0.005334,-0.017499,-0.000005,-0.000039,0.000072,-0.000000,0.066164,0.008273,0.066140,0.000013,0.065886,-0.000027,0.994228,0.678876,0.000000,0.000000,0.000000,3055.762968,4614.192544,7994.202302,547.776858,259.107980,466.394364,0.779439,0.001512
113.799954,4471.146290,14669.115125,4471.127152,14669.052337,30.400546,120.001118,25912.032172,107.456429,228.599566,749.998576,0.708420,228.099743,748.358737,0.002929,0.009609,15.108566,49.568786,228.591705,749.972786,1.895760,6.219684,-0.005341,-0.017524,-0.000005,-0.000039,0.000072,-0.000000,0.066163,0.008280,0.066140,0.000013,0.065886,-0.000027,0.994227,0.678876,0.000000,0.000000,0.000000,3055.760633,4614.109345,7994.164563,547.774272,259.107976,466.394357,0.779438,0.001512
113.899954,4471.146825,14669.116879,4471.127687,14669.054090,30.400752,120.001120,25934.875253,107.645729,228.599574,749.998604,0.708420,228.099757,748.358782,0.002929,0.009609,15.108488,49.568531,228.591700,749.972768,1.897424,6.225145,-0.005348,-0.017546,-0.000005,-0.000039,0.000072,-0.000000,0.066163,0.008287,0.066140,0.000013,0.065886,-0.000027,0.994226,0.678876,0.000000,0.000000,0.000000,3055.758157,4614.026146,7994.126825,547.771686,259.107973,466.394351,0.779438,0.001512
113.999954,4471.147360,14669.118635,4471.128222,14669.055846,30.400958,120.001122,25957.718334,107.835196,228.599583,749.998631,0.708420,228.099770,748.358826,0.002929,0.009609,15.108411,49.568277,228.591694,749.972751,1.899089,6.230606,-0.005353,-0.017564,-0.000005,-0.000039,0.000072,-0.000000,0.066163,0.008295,0.066139,0.000013,0.065886,-0.000027,0.994225,0.678876,0.000000,0.000000,0.000000,3055.755543,4613.942947,7994.089086,547.769101,259.107969,466.394345,0.779438,0.001512
114.099954,4471.147896,14669.120393,4471.128757,14669.057603,30.401164,120.001124,25980.561414,108.024828,228.599591,749.998660,0.708420,228.099784,748.358871,0.002929,0.009609,15.108334,49.568025,228.591689,749.972733,1.900753,6.236067,-0.005358,-0.017578,-0.000005,-0.000039,0.000072,-0.000000,0.066162,0.008302,0.066139,0.000013,0.065885,-0.000027,0.994224,0.678875,0.000000,0.000000,0.000000,3055.752794,4613.859748,7994.051348,547.766515,259.107966,466.394339,0.779438,0.001512
114.199954,4471.148432,14669.122152,4471.129293,14669.059361,30.401370,120.001126,26003.404494,108.214627,228.599600,749.998688,0.708420,228.099798,748.358917,0.002929,0.009609,15.108257,49.567774,228.591684,749.972717,1.902418,6.241528,-0.005361,-0.017589,-0.000005,-0.000039,0.000072,-0.000000,0.066162,0.008309,0.066139,0.000013,0.065885,-0.000027,0.994223,0.678875,0.000000,0.000000,0.000000,3055.749913,4613.776549,7994.013609,547.763929,259.107962,466.394332,0.779438,0.001512
114.299954,4471.148968,14669.123911,4471.129830,14669.061120,30.401576,120.001128,26026.247573,108.404591,228.599609,749.998718,0.708420,228.099812,748.358963,0.002929,0.009609,15.108181,49.567524,228.591679,749.972700,1.904082,6.246990,-0.005363,-0.017597,-0.000005,-0.000039,0.000072,-0.000000,0.066162,0.008317,0.066138,0.000013,0.065885,-0.000027,0.994222,0.678875,0.000000,0.000000,0.000000,3055.746902,4613.693350,7993.975871,547.761343,259.107959,466.394326,0.779438,0.001512
114.399954,4471.149505,14669.125672,4471.130366,14669.062880,30.401782,120.001130,26049.090652,108.594721,228.599618,749.998747,0.708420,228.099826,748.359009,0.002929,0.009609,15.108106,49.567276,228.591674,749.972684,1.905747,6.252451,-0.005365,-0.017601,-0.000005,-0.000039,0.000072,-0.000000,0.066161,0.008324,0.066138,0.000013,0.065885,-0.000027,0.994221,0.678874,0.000000,0.000000,0.000000,3055.743766,4613.610151,7993.938133,547.758757,259.107955,466.394320,0.779438,0.001512
114.499954,4471.150041,14669.127432,4471.130902,14669.064641,30.401989,120.001132,26071.933731,108.785017,228.599627,749.998777,0.708420,228.099840,748.359055,0.002929,0.009609,15.108031,49.567030,228.591669,749.972669,1.907412,6.257912,-0.005365,-0.017602,-0.000005,-0.000039,0.000072,-0.000000,0.066161,0.008331,0.066138,0.000013,0.065884,-0.000027,0.994220,0.678874,0.000000,0.000000,0.000000,3055.740507,4613.526953,7993.900394,547.756171,259.107952,466.394314,0.779438,0.001512
114.599954,4471.150578,14669.129193,4471.131439,14669.066401,30.402195,120.001134,26094.776808,108.975480,228.599636,749.998807,0.708420,228.099854,748.359101,0.002929,0.009609,15.107956,49.566784,228.591665,749.972653,1.909076,6.263373,-0.005364,-0.017600,-0.000005,-0.000039,0.000072,-0.000000,0.066161,0.008338,0.066137,0.000013,0.065884,-0.000027,0.994219,0.678874,0.000000,0.000000,0.000000,3055.737127,4613.443754,7993.862656,547.753585,259.107948,466.394307,0.779438,0.001512
114.699954,4471.151115,14669.130953,4471.131975,14669.068160,30.402401,120.001136,26117.619886,109.166108,228.599646,749.998838,0.708420,228.099868,748.359148,0.002929,0.009609,15.107882,49.566541,228.591660,749.972638,1.910741,6.268834,-0.005363,-0.017595,-0.000005,-0.000039,0.000072,-0.000000,0.066160,0.008346,0.066137,0.000013,0.065884,-0.000027,0.994218,0.678873,0.000000,0.000000,0.000000,3055.733631,4613.360555,7993.824918,547.750999,259.107945,466.394301,0.779438,0.001512
114.799954,4471.151651,14669.132713,4471.132511,14669.069919,30.402607,120.001138,26140.462963,109.356902,228.599655,749.998869,0.708420,228.099883,748.359195,0.002929,0.009609,15.107808,49.566298,228.591656,749.972624,1.912405,6.274296,-0.005360,-0.017586,-0.000005,-0.000039,0.000072,-0.000000,0.066160,0.008353,0.066137,0.000013,0.065883,-0.000027,0.994217,0.678873,0.000000,0.000000,0.000000,3055.730021,4613.277357,7993.787180,547.748413,259.107942,466.394295,0.779438,0.001512
114.899954,4471.152187,14669.134472,4471.133047,14669.071678,30.402813,120.001140,26163.306039,109.547862,228.599665,749.998900,0.708420,228.099897,748.359243,0.002929,0.009609,15.107734,49.566057,228.591651,749.972609,1.914070,6.279757,-0.005357,-0.017575,-0.000005,-0.000039,0.000072,-0.000000,0.066160,0.008360,0.066136,0.000013,0.065883,-0.000027,0.994216,0.678873,0.000000,0.000000,0.000000,3055.726299,4613.194158,7993.749441,547.745827,259.107938,466.394288,0.779438,0.001512
114.999954,4471.152723,14669.136229,4471.133583,14669.073434,30.403019,120.001142,26186.149115,109.738988,228.599674,749.998932,0.708420,228.099912,748.359290,0.002929,0.009609,15.107661,49.565818,228.591647,749.972595,1.915735,6.285219,-0.005353,-0.017561,-0.000005,-0.000039,0.000072,-0.000000,0.066159,0.008368,0.066136,0.000013,0.065883,-0.000027,0.994215,0.678872,0.000000,0.000000,0.000000,3055.722469,4613.110960,7993.711703,547.743242,259.107935,466.394282,0.779438,0.001512
115.099954,4471.153258,14669.137985,4471.134118,14669.075190,30.403225,120.001144,26208.992191,109.930279,228.599684,749.998964,0.708420,228.099926,748.359338,0.002929,0.009609,15.107589,49.565580,228.591643,749.972581,1.917399,6.290680,-0.005348,-0.017544,-0.000005,-0.000039,0.000072,-0.000000,0.066159,0.008375,0.066136,0.000013,0.065883,-0.000027,0.994214,0.678872,0.000000,0.000000,0.000000,3055.718535,4613.027762,7993.673965,547.740656,259.107931,466.394276,0.779438,0.001512
115.199954,4471.153792,14669.139739,4471.134652,14669.076943,30.403431,120.001146,26231.835266,110.121737,228.599694,749.998996,0.708420,228.099941,748.359386,0.002929,0.009609,15.107517,49.565343,228.591639,749.972567,1.919064,6.296142,-0.005342,-0.017525,-0.000005,-0.000039,0.000072,-0.000000,0.066159,0.008382,0.066135,0.000013,0.065882,-0.000027,0.994213,0.678871,0.000000,0.000000,0.000000,3055.714498,4612.944564,7993.636227,547.738070,259.107928,466.394270,0.779438,0.001512
115.299954,4471.154326,14669.141491,4471.135186,14669.078695,30.403637,120.001148,26254.678341,110.313361,228.599704,749.999028,0.708420,228.099955,748.359434,0.002929,0.009610,15.107445,49.565108,228.591634,749.972554,1.920729,6.301603,-0.005335,-0.017503,-0.000005,-0.000039,0.000072,-0.000000,0.066158,0.008389,0.066135,0.000013,0.065882,-0.000027,0.994213,0.678871,0.000000,0.000000,0.000000,3055.710362,4612.861365,7993.598489,547.735484,259.107924,466.394263,0.779438,0.001512
115.399954,4471.154860,14669.143240,4471.135719,14669.080444,30.403843,120.001150,26277.521415,110.505151,228.599714,749.999060,0.708420,228.099970,748.359482,0.002929,0.009610,15.107374,49.564874,228.591630,749.972540,1.922393,6.307065,-0.005327,-0.017478,-0.000005,-0.000039,0.000072,-0.000000,0.066158,0.008397,0.066135,0.000013,0.065882,-0.000027,0.994212,0.678870,0.000000,0.000000,0.000000,3055.706129,4612.778167,7993.560751,547.732898,259.107921,466.394257,0.779438,0.001512
115.499954,4471.155392,14669.144987,4471.136252,14669.082190,30.404049,120.001152,26300.364489,110.697106,228.599724,749.999093,0.708420,228.099985,748.359530,0.002929,0.009610,15.107303,49.564641,228.591626,749.972527,1.924058,6.312527,-0.005319,-0.017451,-0.000005,-0.000039,0.000072,-0.000000,0.066158,0.008404,0.066134,0.000013,0.065881,-0.000027,0.994211,0.678870,0.000000,0.000000,0.000000,3055.701803,4612.694969,7993.523013,547.730312,259.107917,466.394251,0.779438,0.001512
115.599954,4471.155924,14669.146731,4471.136783,14669.083934,30.404255,120.001154,26323.207563,110.889228,228.599734,749.999126,0.708420,228.099999,748.359578,0.002929,0.009610,15.107232,49.564410,228.591622,749.972514,1.925723,6.317988,-0.005310,-0.017422,-0.000005,-0.000039,0.000072,-0.000000,0.066157,0.008411,0.066134,0.000013,0.065881,-0.000027,0.994210,0.678869,0.000000,0.000000,0.000000,3055.697386,4612.611772,7993.485275,547.727726,259.107914,466.394245,0.779438,0.001512
115.699954,4471.156454,14669.148473,4471.137314,14669.085674,30.404461,120.001156,26346.050636,111.081515,228.599744,749.999159,0.708420,228.100014,748.359626,0.002929,0.009610,15.107162,49.564181,228.591618,749.972501,1.927388,6.323450,-0.005300,-0.017390,-0.000005,-0.000039,0.000072,-0.000000,0.066157,0.008419,0.066134,0.000013,0.065881,-0.000027,0.994210,0.678869,0.000000,0.000000,0.000000,3055.692882,4612.528574,7993.447537,547.725140,259.107910,466.394239,0.779438,0.001512
115.799954,4471.156984,14669.150210,4471.137843,14669.087412,30.404667,120.001158,26368.893709,111.273969,228.599754,749.999192,0.708420,228.100029,748.359675,0.002929,0.009610,15.107093,49.563952,228.591614,749.972488,1.929052,6.328912,-0.005290,-0.017355,-0.000005,-0.000040,0.000072,-0.000000,0.066157,0.008426,0.066134,0.000013,0.065880,-0.000027,0.994209,0.678868,0.000000,0.000000,0.000000,3055.688292,4612.445376,7993.409800,547.722555,259.107907,466.394232,0.779438,0.001512
115.899954,4471.157513,14669.151945,4471.138372,14669.089145,30.404873,120.001160,26391.736781,111.466588,228.599764,749.999226,0.708420,228.100044,748.359723,0.002929,0.009610,15.107023,49.563725,228.591610,749.972475,1.930717,6.334374,-0.005279,-0.017319,-0.000005,-0.000040,0.000072,-0.000000,0.066156,0.008433,0.066133,0.000013,0.065880,-0.000027,0.994208,0.678868,0.000000,0.000000,0.000000,3055.683621,4612.362179,7993.372062,547.719969,259.107903,466.394226,0.779438,0.001512
115.999954,4471.158040,14669.153675,4471.138899,14669.090875,30.405079,120.001162,26414.579853,111.659374,228.599774,749.999259,0.708420,228.100058,748.359772,0.002929,0.009610,15.106955,49.563500,228.591607,749.972463,1.932382,6.339836,-0.005267,-0.017281,-0.000005,-0.000040,0.000072,-0.000000,0.066156,0.008440,0.066133,0.000013,0.065879,-0.000027,0.994208,0.678867,0.000000,0.000000,0.000000,3055.678870,4612.278981,7993.334324,547.717383,259.107900,466.394220,0.779438,0.001512
116.099954,4471.158566,14669.155402,4471.139425,14669.092601,30.405285,120.001164,26437.422925,111.852325,228.599784,749.999292,0.708421,228.100073,748.359820,0.002929,0.009610,15.106886,49.563275,228.591603,749.972450,1.934047,6.345298,-0.005255,-0.017240,-0.000005,-0.000040,0.000072,-0.000000,0.066156,0.008448,0.066133,0.000013,0.065879,-0.000027,0.994207,0.678867,0.000000,0.000000,0.000000,3055.674042,4612.195784,7993.296586,547.714797,259.107897,466.394214,0.779437,0.001512
116.199954,4471.159091,14669.157124,4471.139950,14669.094323,30.405491,120.001166,26460.265996,112.045443,228.599795,749.999326,0.708421,228.100088,748.359868,0.002929,0.009610,15.106818,49.563053,228.591599,749.972437,1.935712,6.350760,-0.005242,-0.017197,-0.000005,-0.000040,0.000072,-0.000000,0.066155,0.008455,0.066132,0.000013,0.065879,-0.000027,0.994207,0.678866,0.000000,0.000000,0.000000,3055.669141,4612.112587,7993.258849,547.712211,259.107893,466.394208,0.779437,0.001512
116.299954,4471.159615,14669.158842,4471.140473,14669.096041,30.405698,120.001168,26483.109067,112.238726,228.599805,749.999360,0.708421,228.100103,748.359917,0.002929,0.009610,15.106751,49.562831,228.591595,749.972425,1.937376,6.356222,-0.005228,-0.017153,-0.000005,-0.000040,0.000072,-0.000000,0.066155,0.008462,0.066132,0.000013,0.065878,-0.000027,0.994206,0.678866,0.000000,0.000000,0.000000,3055.664168,4612.029389,7993.221111,547.709625,259.107890,466.394202,0.779437,0.001512
116.399953,4471.160137,14669.160556,4471.140995,14669.097754,30.405904,120.001170,26505.952138,112.432175,228.599815,749.999393,0.708421,228.100117,748.359965,0.002929,0.009610,15.106684,49.562611,228.591591,749.972412,1.939041,6.361684,-0.005214,-0.017107,-0.000005,-0.000040,0.000072,-0.000000,0.066155,0.008470,0.066132,0.000013,0.065878,-0.000027,0.994205,0.678865,0.000000,0.000000,0.000000,3055.659127,4611.946192,7993.183374,547.707039,259.107886,466.394196,0.779437,0.001512
116.499953,4471.160658,14669.162264,4471.141516,14669.099462,30.406110,120.001172,26528.795208,112.625790,228.599825,749.999427,0.708421,228.100132,748.360013,0.002929,0.009610,15.106617,49.562392,228.591587,749.972399,1.940706,6.367146,-0.005199,-0.017058,-0.000005,-0.000040,0.000072,-0.000000,0.066154,0.008477,0.066131,0.000013,0.065878,-0.000027,0.994205,0.678865,0.000000,0.000000,0.000000,3055.654021,4611.862995,7993.145636,547.704454,259.107883,466.394189,0.779437,0.001512
116.599953,4471.161178,14669.163968,4471.142035,14669.101166,30.406316,120.001174,26551.638277,112.819571,228.599836,749.999461,0.708421,228.100147,748.360062,0.002929,0.009610,15.106551,49.562174,228.591583,749.972387,1.942371,6.372608,-0.005184,-0.017009,-0.000005,-0.000040,0.000072,-0.000000,0.066154,0.008484,0.066131,0.000013,0.065877,-0.000027,0.994204,0.678864,0.000000,0.000000,0.000000,3055.648851,4611.779799,7993.107899,547.701868,259.107880,466.394183,0.779437,0.001512
116.699953,4471.161695,14669.165667,4471.142553,14669.102864,30.406522,120.001176,26574.481347,113.013519,228.599846,749.999494,0.708421,228.100161,748.360110,0.002929,0.009610,15.106485,49.561957,228.591580,749.972374,1.944036,6.378070,-0.005169,-0.016957,-0.000005,-0.000040,0.000072,-0.000000,0.066153,0.008491,0.066131,0.000013,0.065877,-0.000027,0.994204,0.678864,0.000000,0.000000,0.000000,3055.643620,4611.696602,7993.070161,547.699282,259.107876,466.394177,0.779437,0.001512
116.799953,4471.162212,14669.167361,4471.143069,14669.104557,30.406728,120.001178,26597.324416,113.207632,228.599856,749.999528,0.708421,228.100176,748.360158,0.002929,0.009610,15.106419,49.561742,228.591576,749.972361,1.945701,6.383533,-0.005152,-0.016904,-0.000005,-0.000040,0.000072,-0.000000,0.066153,0.008499,0.066131,0.000013,0.065876,-0.000027,0.994203,0.678863,0.000000,0.000000,0.000000,3055.638332,4611.613405,7993.032424,547.696696,259.107873,466.394171,0.779437,0.001512
116.899953,4471.162726,14669.169049,4471.143583,14669.106245,30.406934,120.001180,26620.167484,113.401911,228.599866,749.999562,0.708421,228.100191,748.360206,0.002929,0.009610,15.106354,49.561528,228.591572,749.972348,1.947366,6.388995,-0.005136,-0.016849,-0.000005,-0.000040,0.000072,-0.000000,0.066153,0.008506,0.066130,0.000013,0.065876,-0.000027,0.994203,0.678862,0.000000,0.000000,0.000000,3055.632988,4611.530209,7992.994687,547.694110,259.107870,466.394165,0.779437,0.001512
116.999953,4471.163239,14669.170731,4471.144096,14669.107927,30.407140,120.001182,26643.010552,113.596356,228.599877,749.999595,0.708421,228.100205,748.360254,0.002929,0.009610,15.106289,49.561315,228.591568,749.972335,1.949031,6.394457,-0.005119,-0.016793,-0.000005,-0.000040,0.000072,-0.000000,0.066152,0.008513,0.066130,0.000013,0.065876,-0.000027,0.994203,0.678862,0.000000,0.000000,0.000000,3055.627591,4611.447013,7992.956949,547.691524,259.107866,466.394159,0.779437,0.001512
117.099953,4471.163750,14669.172408,4471.144607,14669.109603,30.407346,120.001184,26665.853620,113.790967,228.599887,749.999629,0.708421,228.100220,748.360301,0.002929,0.009610,15.106224,49.561104,228.591564,749.972322,1.950696,6.399920,-0.005101,-0.016736,-0.000005,-0.000040,0.000072,-0.000000,0.066152,0.008521,0.066130,0.000013,0.065875,-0.000027,0.994202,0.678861,0.000000,0.000000,0.000000,3055.622144,4611.363816,7992.919212,547.688939,259.107863,466.394153,0.779437,0.001512
117.199953,4471.164259,14669.174080,4471.145116,14669.111274,30.407552,120.001186,26688.696687,113.985744,228.599897,749.999663,0.708421,228.100234,748.360349,0.002929,0.009611,15.106160,49.560894,228.591560,749.972309,1.952360,6.405382,-0.005083,-0.016677,-0.000005,-0.000040,0.000072,-0.000000,0.066152,0.008528,0.066129,0.000013,0.065875,-0.000027,0.994202,0.678861,0.000000,0.000000,0.000000,3055.616648,4611.280620,7992.881475,547.686353,259.107860,466.394147,0.779437,0.001512
117.299953,4471.164767,14669.175745,4471.145624,14669.112938,30.407758,120.001188,26711.539754,114.180687,228.599907,749.999696,0.708421,228.100249,748.360396,0.002929,0.009611,15.106097,49.560685,228.591556,749.972296,1.954025,6.410845,-0.005065,-0.016617,-0.000005,-0.000040,0.000072,-0.000000,0.066151,0.008535,0.066129,0.000013,0.065874,-0.000027,0.994201,0.678860,0.000000,0.000000,0.000000,3055.611108,4611.197424,7992.843738,547.683767,259.107856,466.394141,0.779437,0.001512
117.399953,4471.165273,14669.177404,4471.146129,14669.114597,30.407964,120.001190,26734.382821,114.375796,228.599917,749.999729,0.708421,228.100263,748.360443,0.002929,0.009611,15.106033,49.560477,228.591552,749.972283,1.955690,6.416307,-0.005046,-0.016555,-0.000005,-0.000040,0.000072,-0.000000,0.066151,0.008542,0.066129,0.000013,0.065874,-0.000027,0.994201,0.678859,0.000000,0.000000,0.000000,3055.605524,4611.114228,7992.806001,547.681181,259.107853,466.394136,0.779437,0.001512
117.499953,4471.165777,14669.179057,4471.146633,14669.116250,30.408170,120.001192,26757.225887,114.571070,228.599928,749.999762,0.708421,228.100277,748.360490,0.002929,0.009611,15.105970,49.560270,228.591548,749.972269,1.957355,6.421770,-0.005027,-0.016493,-0.000005,-0.000040,0.000072,-0.000000,0.066151,0.008550,0.066129,0.000013,0.065873,-0.000027,0.994201,0.678859,0.000000,0.000000,0.000000,3055.599900,4611.031032,7992.768264,547.678595,259.107850,466.394130,0.779437,0.001512
117.599953,4471.166278,14669.180704,4471.147135,14669.117896,30.408376,120.001194,26780.068952,114.766511,228.599938,749.999796,0.708421,228.100292,748.360537,0.002929,0.009611,15.105908,49.560064,228.591543,749.972255,1.959020,6.427232,-0.005008,-0.016429,-0.000005,-0.000040,0.000072,-0.000000,0.066150,0.008557,0.066128,0.000013,0.065873,-0.000027,0.994200,0.678858,0.000000,0.000000,0.000000,3055.594237,4610.947837,7992.730527,547.676010,259.107847,466.394124,0.779437,0.001512
117.699953,4471.166778,14669.182344,4471.147634,14669.119535,30.408582,120.001196,26802.912018,114.962118,228.599948,749.999829,0.708421,228.100306,748.360584,0.002929,0.009611,15.105845,49.559860,228.591539,749.972242,1.960685,6.432695,-0.004988,-0.016365,-0.000005,-0.000040,0.000072,-0.000000,0.066150,0.008564,0.066128,0.000013,0.065873,-0.000027,0.994200,0.678858,0.000000,0.000000,0.000000,3055.588538,4610.864641,7992.692790,547.673424,259.107843,466.394118,0.779437,0.001512
117.799953,4471.167276,14669.183977,4471.148132,14669.121169,30.408788,120.001198,26825.755083,115.157891,228.599958,749.999861,0.708421,228.100320,748.360630,0.002929,0.009611,15.105783,49.559657,228.591535,749.972228,1.962350,6.438158,-0.004968,-0.016299,-0.000005,-0.000040,0.000072,-0.000000,0.066149,0.008572,0.066128,0.000013,0.065872,-0.000027,0.994200,0.678857,0.000000,0.000000,0.000000,3055.582805,4610.781446,7992.655053,547.670838,259.107840,466.394112,0.779437,0.001512
117.899953,4471.167772,14669.185605,4471.148628,14669.122795,30.408994,120.001200,26848.598147,115.353830,228.599968,749.999894,0.708421,228.100334,748.360676,0.002929,0.009611,15.105722,49.559454,228.591531,749.972213,1.964016,6.443621,-0.004948,-0.016232,-0.000005,-0.000040,0.000072,-0.000000,0.066149,0.008579,0.066127,0.000013,0.065872,-0.000027,0.994200,0.678856,0.000000,0.000000,0.000000,3055.577041,4610.698250,7992.617317,547.668252,259.107837,466.394106,0.779437,0.001512
117.999953,4471.168266,14669.187225,4471.149122,14669.124415,30.409200,120.001203,26871.441211,115.549934,228.599978,749.999927,0.708421,228.100348,748.360722,0.002929,0.009611,15.105660,49.559253,228.591526,749.972199,1.965681,6.449083,-0.004927,-0.016165,-0.000005,-0.000040,0.000072,-0.000000,0.066149,0.008586,0.066127,0.000013,0.065871,-0.000027,0.994199,0.678856,0.000000,0.000000,0.000000,3055.571247,4610.615055,7992.579580,547.665666,259.107834,466.394101,0.779437,0.001512
118.099953,4471.168758,14669.188839,4471.149613,14669.126028,30.409406,120.001205,26894.284274,115.746205,228.599987,749.999959,0.708421,228.100362,748.360768,0.002929,0.009611,15.105599,49.559053,228.591522,749.972184,1.967346,6.454546,-0.004906,-0.016097,-0.000005,-0.000040,0.000072,-0.000000,0.066148,0.008593,0.066127,0.000013,0.065871,-0.000027,0.994199,0.678855,0.000000,0.000000,0.000000,3055.565426,4610.531860,7992.541843,547.663081,259.107830,466.394095,0.779437,0.001512
118.199953,4471.169248,14669.190445,4471.150103,14669.127634,30.409613,120.001207,26917.127338,115.942642,228.599997,749.999991,0.708421,228.100376,748.360813,0.002929,0.009611,15.105539,49.558854,228.591517,749.972169,1.969011,6.460009,-0.004885,-0.016028,-0.000005,-0.000040,0.000072,-0.000000,0.066148,0.008601,0.066127,0.000013,0.065870,-0.000027,0.994199,0.678854,0.000000,0.000000,0.000000,3055.559580,4610.448665,7992.504107,547.660495,259.107827,466.394089,0.779437,0.001512
118.299953,4471.169735,14669.192045,4471.150590,14669.129234,30.409819,120.001209,26939.970400,116.139244,228.600007,750.000023,0.708421,228.100390,748.360858,0.002929,0.009611,15.105479,49.558657,228.591513,749.972154,1.970676,6.465472,-0.004864,-0.015958,-0.000005,-0.000040,0.000072,-0.000000,0.066148,0.008608,0.066126,0.000013,0.065870,-0.000027,0.994199,0.678854,0.000000,0.000000,0.000000,3055.553711,4610.365470,7992.466370,547.657909,259.107824,466.394083,0.779437,0.001512
118.399953,4471.170221,14669.193638,4471.151076,14669.130826,30.410025,120.001211,26962.813462,116.336013,228.600017,750.000055,0.708421,228.100403,748.360903,0.002929,0.009611,15.105418,49.558460,228.591508,749.972139,1.972341,6.470935,-0.004843,-0.015888,-0.000005,-0.000040,0.000072,-0.000000,0.066147,0.008615,0.066126,0.000013,0.065870,-0.000027,0.994199,0.678853,0.000000,0.000000,0.000000,3055.547821,4610.282276,7992.428634,547.655323,259.107821,466.394078,0.779437,0.001512
118.499953,4471.170704,14669.195224,4471.151559,14669.132411,30.410231,120.001213,26985.656524,116.532948,228.600026,750.000086,0.708421,228.100417,748.360948,0.002929,0.009611,15.105359,49.558264,228.591503,749.972123,1.974006,6.476398,-0.004821,-0.015817,-0.000005,-0.000040,0.000072,-0.000000,0.066147,0.008622,0.066126,0.000013,0.065869,-0.000027,0.994198,0.678852,0.000000,0.000000,0.000000,3055.541913,4610.199081,7992.390897,547.652738,259.107818,466.394072,0.779436,0.001512
118.599953,4471.171185,14669.196802,4471.152040,14669.133989,30.410437,120.001215,27008.499585,116.730048,228.600036,750.000118,0.708421,228.100430,748.360992,0.002930,0.009611,15.105299,49.558069,228.591498,749.972107,1.975671,6.481861,-0.004799,-0.015745,-0.000005,-0.000040,0.000072,-0.000000,0.066147,0.008630,0.066126,0.000013,0.065869,-0.000027,0.994198,0.678852,0.000000,0.000000,0.000000,3055.535987,4610.115887,7992.353161,547.650152,259.107815,466.394066,0.779436,0.001512
118.699952,4471.171664,14669.198374,4471.152519,14669.135560,30.410643,120.001217,27031.342646,116.927315,228.600045,750.000149,0.708421,228.100444,748.361036,0.002930,0.009611,15.105240,49.557875,228.591493,749.972091,1.977336,6.487324,-0.004777,-0.015673,-0.000005,-0.000040,0.000072,-0.000000,0.066146,0.008637,0.066125,0.000013,0.065868,-0.000027,0.994198,0.678851,0.000000,0.000000,0.000000,3055.530047,4610.032692,7992.315424,547.647566,259.107812,466.394061,0.779436,0.001512
118.799953,4471.172141,14669.199938,4471.152995,14669.137124,30.410849,120.001219,27054.185706,117.124747,228.600055,750.000180,0.708421,228.100457,748.361080,0.002930,0.009611,15.105182,49.557682,228.591488,749.972075,1.979002,6.492787,-0.004755,-0.015600,-0.000005,-0.000040,0.000073,-0.000000,0.066146,0.008644,0.066125,0.000013,0.065868,-0.000027,0.994198,0.678851,0.000000,0.000000,0.000000,3055.524094,4609.949498,7992.277688,547.644980,259.107809,466.394055,0.779436,0.001512
118.899952,4471.172616,14669.201495,4471.153470,14669.138680,30.411055,120.001221,27077.028766,117.322346,228.600064,750.000210,0.708421,228.100470,748.361123,0.002930,0.009611,15.105123,49.557490,228.591483,749.972058,1.980667,6.498251,-0.004733,-0.015527,-0.000005,-0.000040,0.000073,-0.000000,0.066146,0.008652,0.066125,0.000013,0.065867,-0.000027,0.994198,0.678850,0.000000,0.000000,0.000000,3055.518129,4609.866304,7992.239952,547.642395,259.107805,466.394050,0.779436,0.001512
118.999952,4471.173088,14669.203044,4471.153942,14669.140229,30.411261,120.001223,27099.871825,117.520111,228.600073,750.000241,0.708422,228.100483,748.361166,0.002930,0.009611,15.105065,49.557299,228.591478,749.972041,1.982332,6.503714,-0.004710,-0.015454,-0.000005,-0.000040,0.000073,-0.000000,0.066145,0.008659,0.066125,0.000013,0.065867,-0.000027,0.994198,0.678849,0.000000,0.000000,0.000000,3055.512156,4609.783110,7992.202216,547.639809,259.107802,466.394044,0.779436,0.001512
119.099952,4471.173558,14669.204587,4471.154412,14669.141771,30.411467,120.001225,27122.714884,117.718041,228.600083,750.000271,0.708422,228.100496,748.361209,0.002930,0.009612,15.105007,49.557109,228.591473,749.972024,1.983997,6.509177,-0.004688,-0.015380,-0.000005,-0.000040,0.000073,-0.000000,0.066145,0.008666,0.066124,0.000013,0.065867,-0.000027,0.994198,0.678849,0.000000,0.000000,0.000000,3055.506175,4609.699916,7992.164480,547.637223,259.107799,466.394039,0.779436,0.001512
119.199952,4471.174026,14669.206121,4471.154879,14669.143305,30.411673,120.001227,27145.557942,117.916138,228.600092,750.000301,0.708422,228.100509,748.361251,0.002930,0.009612,15.104949,49.556920,228.591468,749.972006,1.985662,6.514640,-0.004665,-0.015307,-0.000005,-0.000039,0.000073,-0.000000,0.066144,0.008673,0.066124,0.000013,0.065866,-0.000027,0.994198,0.678848,0.000000,0.000000,0.000000,3055.500188,4609.616723,7992.126744,547.634637,259.107796,466.394033,0.779436,0.001512
119.299952,4471.174491,14669.207649,4471.155345,14669.144832,30.411879,120.001229,27168.400999,118.114400,228.600101,750.000330,0.708422,228.100522,748.361293,0.002930,0.009612,15.104892,49.556732,228.591462,749.971988,1.987328,6.520104,-0.004643,-0.015232,-0.000005,-0.000039,0.000073,-0.000000,0.066144,0.008681,0.066124,0.000013,0.065866,-0.000027,0.994198,0.678847,0.000000,0.000000,0.000000,3055.494198,4609.533529,7992.089008,547.632052,259.107793,466.394028,0.779436,0.001512
119.399952,4471.174955,14669.209169,4471.155808,14669.146352,30.412085,120.001231,27191.244057,118.312829,228.600110,750.000359,0.708422,228.100535,748.361335,0.002930,0.009612,15.104835,49.556544,228.591457,749.971970,1.988993,6.525567,-0.004620,-0.015158,-0.000005,-0.000039,0.000073,-0.000000,0.066144,0.008688,0.066124,0.000013,0.065865,-0.000027,0.994198,0.678847,0.000000,0.000000,0.000000,3055.488205,4609.450336,7992.051272,547.629466,259.107790,466.394022,0.779436,0.001512
119.499952,4471.175416,14669.210682,4471.156269,14669.147864,30.412291,120.001233,27214.087113,118.511423,228.600118,750.000388,0.708422,228.100548,748.361377,0.002930,0.009612,15.104778,49.556358,228.591451,749.971952,1.990658,6.531031,-0.004597,-0.015084,-0.000005,-0.000039,0.000073,-0.000000,0.066143,0.008695,0.066123,0.000013,0.065865,-0.000027,0.994198,0.678846,0.000000,0.000000,0.000000,3055.482212,4609.367142,7992.013536,547.626880,259.107787,466.394017,0.779436,0.001512
119.599952,4471.175874,14669.212187,4471.156728,14669.149369,30.412497,120.001235,27236.930169,118.710184,228.600127,750.000417,0.708422,228.100560,748.361418,0.002930,0.009612,15.104721,49.556172,228.591445,749.971933,1.992323,6.536494,-0.004575,-0.015009,-0.000005,-0.000039,0.000073,-0.000000,0.066143,0.008703,0.066123,0.000013,0.065864,-0.000027,0.994198,0.678845,0.000000,0.000000,0.000000,3055.476221,4609.283949,7991.975800,547.624294,259.107784,466.394012,0.779436,0.001512
119.699952,4471.176331,14669.213684,4471.157184,14669.150866,30.412703,120.001238,27259.773224,118.909110,228.600136,750.000446,0.708422,228.100573,748.361458,0.002930,0.009612,15.104665,49.555987,228.591439,749.971914,1.993989,6.541958,-0.004552,-0.014934,-0.000005,-0.000039,0.000073,-0.000000,0.066143,0.008710,0.066123,0.000013,0.065864,-0.000027,0.994198,0.678845,0.000000,0.000000,0.000000,3055.470232,4609.200756,7991.938064,547.621709,259.107781,466.394006,0.779436,0.001512
119.799952,4471.176785,14669.215175,4471.157638,14669.152355,30.412909,120.001240,27282.616279,119.108202,228.600144,750.000474,0.708422,228.100585,748.361499,0.002930,0.009612,15.104609,49.555803,228.591433,749.971894,1.995654,6.547421,-0.004529,-0.014860,-0.000005,-0.000039,0.000073,-0.000000,0.066142,0.008717,0.066123,0.000013,0.065863,-0.000027,0.994198,0.678844,0.000000,0.000000,0.000000,3055.464247,4609.117563,7991.900329,547.619123,259.107778,466.394001,0.779436,0.001512
119.899952,4471.177237,14669.216657,4471.158090,14669.153838,30.413115,120.001242,27305.459333,119.307461,228.600153,750.000501,0.708422,228.100597,748.361539,0.002930,0.009612,15.104553,49.555620,228.591427,749.971874,1.997319,6.552885,-0.004506,-0.014785,-0.000005,-0.000039,0.000073,-0.000000,0.066142,0.008724,0.066122,0.000013,0.065863,-0.000027,0.994198,0.678843,0.000000,0.000000,0.000000,3055.458268,4609.034370,7991.862593,547.616537,259.107775,466.393996,0.779436,0.001512
119.999952,4471.177687,14669.218133,4471.158539,14669.155312,30.413322,120.001244,27328.302387,119.506885,228.600161,750.000529,0.708422,228.100609,748.361578,0.002930,0.009612,15.104497,49.555437,228.591421,749.971854,1.998985,6.558349,-0.004484,-0.014710,-0.000005,-0.000039,0.000073,-0.000000,0.066142,0.008732,0.066122,0.000013,0.065863,-0.000027,0.994198,0.678843,0.000000,0.000000,0.000000,3055.452297,4608.951178,7991.824858,547.613952,259.107773,466.393991,0.779436,0.001512
