Time,/fdm/jsbsim/simulation/sim-time-sec,/fdm/jsbsim/position/h-sl-ft,/fdm/jsbsim/position/h-agl-ft,/fdm/jsbsim/position/lat-geod-deg,/fdm/jsbsim/position/long-gc-deg,/fdm/jsbsim/position/distance-from-start-lat-mt,/fdm/jsbsim/position/distance-from-start-lon-mt,/fdm/jsbsim/velocities/vtrue-fps,/fdm/jsbsim/velocities/mach,/fdm/jsbsim/velocities/u-fps,/fdm/jsbsim/velocities/v-fps,/fdm/jsbsim/velocities/w-fps,/fdm/jsbsim/velocities/v-north-fps,/fdm/jsbsim/velocities/v-east-fps,/fdm/jsbsim/velocities/v-down-fps,/fdm/jsbsim/velocities/p-rad_sec,/fdm/jsbsim/velocities/q-rad_sec,/fdm/jsbsim/velocities/r-rad_sec,/fdm/jsbsim/attitude/phi-rad,/fdm/jsbsim/attitude/theta-rad,/fdm/jsbsim/attitude/psi-rad,/fdm/jsbsim/aero/alpha-rad,/fdm/jsbsim/aero/beta-rad,/fdm/jsbsim/accelerations/Nx,/fdm/jsbsim/accelerations/Ny,/fdm/jsbsim/accelerations/Nz,/fdm/jsbsim/fcs/throttle-cmd-norm,/fdm/jsbsim/fcs/elevator-cmd-norm,/fdm/jsbsim/fcs/aileron-cmd-norm,/fdm/jsbsim/fcs/rudder-cmd-norm,/fdm/jsbsim/propulsion/engine/thrust-lbs,/fdm/jsbsim/propulsion/total-fuel-lbs,/fdm/jsbsim/inertia/mass-slugs,/fdm/jsbsim/atmosphere/T-R,/fdm/jsbsim/atmosphere/rho-slugs_ft3,/fdm/jsbsim/fcs/ap-master-on,/fdm/jsbsim/fcs/ap-elevator-cmd,/fdm/jsbsim/fcs/ap-aileron-cmd,/fdm/jsbsim/fcs/ap-throttle-cmd
0,0,15000.0636124052107,14999.9999999973352,30.1668037799984781,119.999999999999986,0,0,898.500000000000227,0.849762754674277976,898.500000000000227,1.1368683772161603e-13,-1.1368683772161603e-13,898.500000000000455,1.63563607102901238e-13,-2.13440376484186395e-13,0,0,0,2.77555756156289135e-17,2.77555756156289135e-17,3.85185988877447171e-34,-1.26529591231626056e-16,1.26529591231626056e-16,-0.470222001299491543,-9.04328082356514282e-16,0.207149348918260118,0,0,0,0,0,7000,621.929804358786214,465.215819289509739,0.00149616279178179951,0,0,0,0
0.09999996,0.0999999599999999988,14999.9417753592134,14999.8781628449487,30.1670504346302977,120.000000001033214,27.342963470752693,9.95249927895554173e-05,896.901876779696067,0.848250922746822345,896.896340217514535,0.00639755378480477699,3.15141784611546427,896.898749888905513,0.00650731670141263367,2.36832774633039911,-1.06782132700995126e-05,0.0174659348471330224,4.39651867252614906e-06,-2.78869348845046892e-07,0.000873109813459180175,1.21400640589265926e-07,0.00351367793102645883,7.1329472604397768e-06,-0.530038809231881736,-5.04910332628909445e-05,0.314555746507134082,0,0,0,0,0,4700,550.443619949730305,465.216253155583502,0.00149616873021062046,0,0,0,0
0.19999992,0.199999919999999998,14999.6022602953017,14999.5386485942672,30.1672967272770833,120.000000004100386,54.6458000227248561,0.000394967059956349267,896.091316968189176,0.847483229168894958,896.064540363348101,0.0118918239871763191,6.92731605962245567,896.080681979120754,0.0128739045396630246,4.36572604268032372,-4.19576310383679813e-05,0.0195100137089491664,1.6817865607405339e-05,-2.65500271618005474e-06,0.00285868378179650242,1.07544837076723548e-06,0.00773066865992831295,1.32707724785905103e-05,-0.212952935667950899,-9.17329304123114535e-05,0.418820711359986442,0,0,0,0,5449.6857090665153,4699.98350407271937,550.443161209549089,465.217462180883047,0.00149618527852448074,0,0,0,0
0.29999988,0.299999880000000108,14999.0790911838412,14999.0154810768636,30.1675428181410652,120.000000009165149,81.9262689124229837,0.000882823240658688318,895.238237142996127,0.846674728983638381,895.179650760025424,0.015924770427124868,10.2417700843186026,895.217796369396865,0.0191485879507867253,6.04962310826423266,-8.35519452203946984e-05,0.0163381238821966868,3.37818852804984857e-05,-8.70032284351140155e-06,0.00468291460385031506,3.50161807619238743e-06,0.0114405228475013328,1.77883045733010143e-05,-0.302172020817813969,-0.000116134241932058029,0.510529490048320378,0,0,0,0,3860.93193325701168,4699.96116266572335,550.442474012059733,465.219325204898894,0.00149621077860092916,0,0,0,0
0.39999984,0.399999840000000439,14998.4010030142963,14998.3373951510621,30.1677886351131441,120.000000016204453,109.17637646460895,0.00156087184658265134,894.127670799751513,0.845622212360746306,894.033984025351742,0.0182418416800325597,12.9432130779448471,894.096435130911232,0.0253684250315236517,7.47366927471662024,-0.000126813548265480793,0.0116735757276664187,5.19235299668660165e-05,-1.90338464503933845e-05,0.00611759224767990939,7.69517017797488342e-06,0.0144763053253587921,2.04018310550456929e-05,-0.373892043532047358,-0.000123858365331409322,0.584657475708915797,0,0,0,0,2572.45638794040269,4699.93604348317058,550.441700478667713,465.221739901389583,0.00149624383016994729,0,0,0,0
0.4999998,0.499999800000000771,14997.5910348892212,14997.5274298349268,30.1680341151768339,120.000000025205907,136.389136964021446,0.0024279178435379729,892.817768734431297,0.844380753532789186,892.692120731846444,0.0188811041848004693,14.9781639298934124,892.775404445058257,0.031563356238826494,8.69737832023901447,-0.000164764481237839912,0.00599631245248041008,6.84165337134145856e-05,-3.3482388916530649e-05,0.00703542234457882679,1.36436860733283567e-05,0.0167770704523673639,2.11477692843991958e-05,-0.427220883191503809,-0.000117397997180421801,0.639749987030618916,0,0,0,0,1605.22479802943553,4699.90814652506288,550.440840609373367,465.224624227376125,0.00149628331060465804,0,0,0,0
0.59999976,0.599999760000001103,14996.6695574782789,14996.6059557031695,30.168279209580561,120.000000036164678,163.559146038887775,0.00348349443375535516,891.350574077021861,0.842990183931284109,891.205465194812177,0.0181154683185178744,16.0830465448776749,891.297636207534993,0.0377506875604794248,9.7143282414691452,-0.000180917275855641473,-0.00516955831679611569,8.13880180138744911e-05,-5.08199798982585799e-05,0.00714578308982730635,2.11129014507596097e-05,0.0180444370902195263,2.03236177174432484e-05,-0.468538985716571488,-0.000100797202313904146,0.693722034862360615,0,0,0,0,935.677375198488676,4699.87747179139933,550.439894404176471,465.227905642262272,0.00149632822733111628,1,0.0197830916106977103,6.18811020968300672e-05,0
0.69999972,0.699999720000001435,14995.6492102481425,14995.5856121803117,30.1685238843636405,120.000000049081294,190.682638962192527,0.00472765087850103224,889.793683202778766,0.841514476293384384,889.646881321937826,0.0163795964109265738,16.1624550556433633,889.729399638038558,0.0439491455935107425,10.6954268627137505,-0.000179381026756685134,-0.0153947416551525589,8.96762364888342933e-05,-6.89242395690293206e-05,0.00614486084665774677,2.97343937306097343e-05,0.0181652716478592664,1.84083082641067023e-05,-0.491260956760030398,-7.8657953680717394e-05,0.690674033467871373,0,0,0,0,501.691060816368008,4699.85168197662369,550.439061631460731,465.231539136541983,0.001496377964600991,1,0.0164613199298461466,8.48339637536756931e-05,0
0.79999968,0.799999680000001767,14994.5285722985864,14994.4649783565255,30.1687681206576634,120.00000006396148,217.757524065146157,0.00616093743444455413,888.188816114365636,0.839993084880502949,888.053409214903468,0.0141554177065156619,15.5085541573008072,888.111324759921786,0.0501716300485108221,11.7322370681737365,-0.000161534200839532656,-0.0225189733053575668,9.31873604320857625e-05,-8.61217576247163923e-05,0.00425220707011655843,3.90498211852543769e-05,0.0174617626713526423,1.59373969253990464e-05,-0.503985163076765663,-5.56283145474706676e-05,0.663627569716604415,0,0,0,0,236.171245740915396,4699.83291190869204,550.438475266073397,465.235529770197616,0.00149643259204859853,1,0.0103160759839831025,0.000107052938118359936,0
0.89999964,0.899999640000002099,14993.2990530319512,14993.2354636816417,30.1690119088376107,120.000000080814146,244.782734358670155,0.00778421097448516678,886.564758341523998,0.838453207885588303,886.446172020271206,0.0118804500912543139,14.5001621586582132,886.471208224497786,0.0564251696168507413,12.8788407228573067,-0.000130084462958223037,-0.0255773157627394894,9.25636892509126526e-05,-0.000100901229476897,0.00182898507035112378,4.85990238033793184e-05,0.0163561754157423613,1.34005440435443953e-05,-0.509716809324066822,-3.52499034698618112e-05,0.624378466645291064,0,0,0,0,86.3875489700118067,4699.81415846178606,550.43789239113255,465.239908134789061,0.00149649252886749763,1,0.00239017976378756453,0.000126688263262357786,0
0.9999996,0.999999600000002431,14991.9485484808683,14991.8849642350251,30.1692552453270082,120.000000099649284,271.757873365023727,0.0095984323985118733,884.937008033761572,0.836909465761864091,884.83358976462614,0.00989247786285766748,13.5287292134153745,884.823838231339209,0.0627096880320197891,14.1520158564712091,-8.9123146597974503e-05,-0.0243693981871725904,8.88765203922917797e-05,-0.000112086409876222613,-0.000704416346871565677,5.79785729695658694e-05,0.0152883833854588497,1.11787367612116982e-05,-0.513412419402599407,-1.9836963041695636e-05,0.584157495184232656,0,0,0,0,15.896512088837957,4699.79540501488009,550.437309516191817,465.244717333146923,0.00149655836562274372,1,-0.00607797819661817264,0.00014226569991573524,0
1.09999956,1.09999956000000143,14990.4649793207645,14990.4014007428323,30.169498127261555,120.000000120475605,298.682623558151874,0.0116044394088432139,883.296218630202134,0.835352982850821713,883.201380887078585,0.00840941663173232212,12.9433602612697882,883.15961517624487,0.0690165765815968918,15.5338084471624125,-4.33084433706325386e-05,-0.0193328835693519392,8.33468952714085055e-05,-0.000118935789379159585,-0.00293308946742024427,6.6882282792095338e-05,0.0146540008241385685,9.52049431944870298e-06,-0.521841062681574597,-1.04809230007899712e-05,0.554620751762430197,0,0,0,0,0,4699.77665156797411,550.436726641251084,465.250000380384108,0.00149663069180792029,1,-0.0138454550716318927,0.000152814138589701026,0
1.19999952,1.19999952000000043,14988.8398346938193,14988.7762623961007,30.1697405488784938,120.000000143297925,325.556346097461017,0.0138026946506712121,881.637254763017609,0.833778877995293266,881.541738496488051,0.00753570060288314032,12.9773733040444768,881.473852158668137,0.0753310141486685375,16.9732516586263138,2.81679162951250649e-06,-0.011865287806892633,7.7140575083099695e-05,-0.000121168626547564403,-0.00453299736500101767,7.51274275386281315e-05,0.0147201605980550598,8.54739357061366337e-06,-0.528917371806793879,-7.14361215018815473e-06,0.543997696932937425,0,0,0,0,0,4699.75789812106814,550.436143766310238,465.255787584203915,0.00149670992308678576,1,-0.0199213693307860144,0.000157905947379561126,0
1.29999948,1.29999947999999943,14987.0706017501652,14987.0070363378582,30.1699825047204513,120.000000168115989,352.378435999962278,0.0161931721053567776,879.961940330511425,0.832188870966974581,879.855193032959278,0.00728115861826180745,13.706045022443277,879.76945782518078,0.0816361900365684262,18.4040985587028061,4.53165305830543374e-05,-0.00370983452280394333,7.12481170718350478e-05,-0.000118932566810433813,-0.00533982440359754076,8.26636291080181122e-05,0.0155763546622016517,8.27440174925077704e-06,-0.534936148049466098,-9.16717985677224234e-06,0.55506508414740241,0,0,0,0,0,4699.73914467416216,550.435560891369391,465.262087893201056,0.00149679618281908094,1,-0.0237787656955954496,0.000157627034312144082,0
1.39999944,1.39999943999999843,14985.1614912524819,14985.0979333148953,30.170223990005681,120.000000194924411,379.148363178200668,0.0187753516211843392,878.271236887483951,0.830583887457440939,878.142277516520494,0.00758221448086830729,15.0501137696458613,878.048901325908218,0.0879171019759066169,19.7606913534173998,8.11677667378776199e-05,0.00343488175363841066,6.64286931455734716e-05,-0.000112730307109499045,-0.00536452668767599394,8.95602548274160347e-05,0.0171369046370959711,8.63311259951218817e-06,-0.539851429728284926,-1.5415356266939087e-05,0.585697306107530458,0,0,0,0,0,4699.72039122725619,550.434978016428659,465.268886312938946,0.00149688926662575527,1,-0.0254093641422115761,0.000152496611003460214,0
1.4999994,1.49999939999999743,14983.1226578615606,14983.0591079540936,30.1704650006264181,120.000000223713798,405.865672258016161,0.0215483270548237141,876.565921926248961,0.828964697866251488,876.404738420379545,0.00832136216473909618,16.809220311357592,876.314527573818282,0.0941642134808233916,20.991793124723511,0.000108417107037922297,0.00825770260368401295,6.31881615154363798e-05,-0.000103321191828648475,-0.00477265913914827391,9.59770718574747022e-05,0.0191773947217323479,9.49313902892543889e-06,-0.543774591259884366,-2.44595551599857118e-05,0.629869651121865104,0,0,0,0,0,4699.70163778035021,550.434395141487926,465.276146682522494,0.00149698868032921277,1,-0.0252702496516373325,0.000143355090250737749,0
1.59999936,1.59999935999999643,14980.9682502932847,14980.9047089057385,30.1707055330419536,120.000000254472965,432.529970726194904,0.0245110198087654142,874.846473923247117,0.827331802230456992,874.646234936592577,0.00934562975304757335,18.7167454393306798,874.568045364667228,0.100375158480154186,22.069818481163523,0.000126214352887985795,0.0100670664190288146,6.17706303341095607e-05,-9.16115923317845744e-05,-0.00383380114881220471,0.000102124537960136222,0.0213959524568615271,1.06825940685511001e-05,-0.547002795818372634,-3.47492570609984392e-05,0.679360451479650185,0,0,0,0,0,4699.68288433344424,550.433812266547079,465.28381861804786,0.00149709373494986519,1,-0.0241396238687334314,0.000131236403472242827,0
1.69999932,1.69999931999999543,14978.7138317115605,14978.6502992666628,30.1709455840515872,120.000000287191,459.140903765384962,0.0276623773088967989,873.11302980218818,0.825685381723933354,872.872278966722661,0.0104864438034998689,20.5023733219127848,872.810187562790361,0.106554253905465704,22.9940849601596753,0.000134737436328946777,0.00886862022968220275,6.21612764472398319e-05,-7.85464529334243579e-05,-0.00285471255123981218,0.000108222179737565429,0.0234840819708170452,1.20104080981677504e-05,-0.549993187329281041,-4.47847673838173353e-05,0.725712518920142435,0,0,0,0,0,4699.66413088653826,550.433229391606233,465.291846698674021,0.00149720367243459229,1,-0.0229210821004300555,0.000117239519541350635,0
1.79999928,1.79999927999999443,14976.3737785816193,14976.3102554528796,30.1711851505111284,120.000000321859119,485.698122815670388,0.0310015523161290101,871.365420720542375,0.824025324257286695,871.088950362942569,0.0115815004333955432,21.9485044807989311,871.040647425142083,0.112710367723815583,23.7881116747509473,0.000135018173094934261,0.00528956368767493842,6.41097241994075472e-05,-6.50131700291950107e-05,-0.00211190637514141249,0.000114462999213999753,0.0251912981147632623,1.32912095870864999e-05,-0.553256649042876858,-5.32930969800242372e-05,0.762013582984945703,0,0,0,0,0,4699.64537743963228,550.4326465166655,465.300179729409535,0.0014973177924746141,1,-0.0224427568168389761,0.000102412720917935369,0
1.89999924,1.89999923999999343,14973.9591990485787,14973.8956855397391,30.1714242290699559,120.000000358471809,512.201256439862163,0.0345280124271932637,869.60326865697732,0.822351309309512279,869.300915295969389,0.01249621758457619,22.9295304865489697,869.258282608465493,0.118854134334344302,24.4922213968653573,0.000128687266689578674,0.000382566868634687219,6.71825968062814182e-05,-5.17671667119827138e-05,-0.00179768530274155322,0.000120989263411108033,0.0263708626097228192,1.43700214056296353e-05,-0.557206869201185451,-5.93803156036365787e-05,0.78414771805731609,0,0,0,0,0,4699.62662399272631,550.432063641724767,465.308778153859237,0.00149743555403133587,1,-0.0232935345027610839,8.76622316655176767e-05,0
1.9999992,1.99999919999999243,14971.4767415635288,14971.4132379714738,30.1716628159915814,120.000000397026753,538.649890420996257,0.0382415332270431563,867.826118226347717,0.820662928946703785,867.509832320039322,0.0131404275608352217,23.4278067944326835,867.461501267495009,0.124995465569618103,25.1535220334725054,0.000117673820972549298,-0.00463671399161050875,7.08435059768899427e-05,-3.9385473073523785e-05,-0.00198932992538018369,0.000127881550805134241,0.0269992488901424875,1.51417747004360625e-05,-0.56203621332331466,-6.26230175178747511e-05,0.791323302501783621,0,0,0,0,0,4699.60787054582033,550.43148076678392,465.317618296770718,0.00149755663348180861,1,-0.0257261581060233488,7.36932833106796451e-05,0
2.09999916,2.09999915999999409,14968.9284374974668,14968.864944102399,30.1719009070917465,120.00000043752442,565.043560905537106,0.0421421585905802781,866.033573356000375,0.81895981672102891,865.713978305986984,0.0134764028669832892,23.5256830670348904,865.648708166467031,0.131141922135209865,25.8156354035000426,0.000103907734306851699,-0.00865690817048401194,7.45465442804355146e-05,-2.82503590673126725e-05,-0.00264525901610708969,0.000135159803664390555,0.0271682047193058246,1.55610628526839159e-05,-0.567675287663921946,-6.30734719967961235e-05,0.785856829650002475,0,0,0,0,0,4699.58911709891436,550.430897891843074,465.326692924510269,0.00149768093235554296,1,-0.0296398741551786478,6.0986666534351301e-05,0
2.19999912,2.19999911999999576,14966.3124922662973,14966.2490093624547,30.1721384977934797,120.000000479967298,591.381760506507248,0.0462301267654477224,864.225408912369971,0.817241755850275475,863.909155548445597,0.0135167329194260805,23.377942309421428,863.81869741391688,0.13729804794259759,26.5103103928086234,8.90736404565768979e-05,-0.010887440215283083,7.78228540341769704e-05,-1.85603609684956287e-05,-0.00362599338935613901,0.000142793171027965959,0.0270540464530753776,1.56402864120692791e-05,-0.573844294174970404,-6.11791841875764506e-05,0.772346695904531755,0,0,0,0,0,4699.57036365200838,550.430315016902341,465.336008427848355,0.00149780853881017009,1,-0.0346374691483937874,4.98081555319817654e-05,0
2.29999908,2.29999907999999742,14963.6247551999986,14963.5612830857117,30.1723755832746363,120.000000524358754,617.663954656631404,0.0505057608676642428,862.401637742016987,0.815508747319558358,862.090261958774022,0.013313560797773627,23.1725017793649499,861.97092179896697,0.143465443362371076,27.2524158712373357,7.44509975459849095e-05,-0.010985615831237236,8.03421136830141853e-05,-1.03620384867804097e-05,-0.00473290231871213631,0.000150714790704683621,0.0268729673404983667,1.54377730927792314e-05,-0.580158678486448087,-5.76429329759147607e-05,0.756478398397445462,0,0,0,0,0,4699.55161020510241,550.429732141961608,465.345579587701877,0.00149793965598468302,1,-0.0401368377479084937,4.02432851091913768e-05,0
2.39999904,2.39999903999999908,14960.8604911826551,14960.7970301846763,30.1726121586679668,120.000000570702284,643.889603790552087,0.0549693963356654991,860.56252305932162,0.813761027180737506,860.252734659300359,0.0129427932648054494,23.088708017228214,860.105604928628509,0.149643239152211782,28.0389384871165959,6.08523698237984495e-05,-0.00907849884771399357,8.19395766719332173e-05,-3.59347548313547581e-06,-0.00575486711511035125,0.000158838025336926797,0.026833005526042196,1.50399220492212844e-05,-0.586236983914558585,-5.32622034892833452e-05,0.743747715591279612,0,0,0,0,0,4699.53285675819643,550.429149267020762,465.355423266248636,0.0014980745156049826,1,-0.0455083164676790136,3.22470079610690782e-05,0
2.499999,2.49999900000000075,14958.0160599984229,14957.9526104611523,30.1728482192699019,120.000000619000787,670.058186484137423,0.0596213111228752063,858.70853917920499,0.811999034647835516,858.393404170276654,0.0124874316046660883,23.2619599413334299,858.223694186027274,0.15582868734776037,28.8517194356349798,4.86497633793747696e-05,-0.00568713797010201357,8.26096169263863681e-05,1.86971676721472371e-06,-0.00651250610767447301,0.000167071532146350422,0.0270927851684629462,1.45421071706615434e-05,-0.591776226973688035,-4.87845480723766867e-05,0.738370404082056342,0,0,0,0,0,4699.51410331129046,550.428566392079915,465.365552426695956,0.0014982132960591778,1,-0.0502070423573832206,2.56972686925637173e-05,0
2.59999896,2.59999896000000241,14955.0901740044355,14955.0267362699724,30.1730837607166862,120.000000669256124,696.169218987217732,0.0644616832665717981,856.840293628551194,0.810223342297906157,856.510770020285236,0.01202336350130008,23.7610917290971315,856.326674090292727,0.162017708523794629,29.6629376886198592,3.78639084965252151e-05,-0.00157962245299559626,8.24742370513429073e-05,6.17359936775378435e-06,-0.00689128147648755511,0.000175331493584172888,0.0277346179787250346,1.40322106594427982e-05,-0.596589164948387762,-4.48028612681447162e-05,0.742576807019774021,0,0,0,0,0,4699.49534986438448,550.427983517139182,465.375971654639329,0.00149835606101376365,1,-0.0538741127589238075,2.04432043271661187e-05,0
2.69999892,2.69999892000000408,14952.084528747946,14952.0211031619292,30.1733187790940462,120.000000721468595,722.222267374036846,0.0694905402447617004,854.958429913077111,0.80843456599149266,854.604973503448491,0.0116095302157845914,24.5816193083973076,854.416279543651058,0.168205344383196953,30.4419124013897644,2.82858979679879085e-05,0.00240934453979923038,8.17379932880561152e-05,9.45540125547465961e-06,-0.0068580422223159616,0.000183550155875461643,0.0287557926984532732,1.35790581272140964e-05,-0.600616226572320278,-4.1699571286444815e-05,0.756387890603844815,0,0,0,0,0,4699.4765964174785,550.42740064219845,465.386674912390674,0.00149850272860043831,1,-0.0563896074737541761,1.63416919159184693e-05,0
2.79999888,2.79999888000000574,14949.0037512145936,14948.9403380957374,30.1735532709613992,120.000000775636948,748.21695023298048,0.0747077603466780316,853.063532773824136,0.806633275019071894,852.677689627787231,0.0112830182984869354,25.6544037597771535,852.494169295432926,0.174386126616108306,31.1617049489627327,1.96029001615274906e-05,0.00555241342063608149,8.06400826324728454e-05,1.18255022122507401e-05,-0.00645950356488754571,0.000191680469156680256,0.0300777976428772374,1.32264689150736659e-05,-0.603924458082167992,-3.96369472127926624e-05,0.777860309240588021,0,0,0,0,0,4699.45784297057253,550.426817767257603,465.397645723253675,0.00149865307388684257,1,-0.0578721255685977903,1.32793768086275023e-05,0
2.89999884,2.89999884000000741,14945.8547534532845,14945.7913530894348,30.1737872332887953,120.000000831758172,774.152931669248915,0.0801130521431838716,851.156055201546224,0.804819920996407534,850.731940477684361,0.011058657371702918,26.8662545777648347,850.561631486919168,0.180554392024338706,31.8042253274512561,1.15064119106989986e-05,0.00736313952298865704,7.94117582560066647e-05,1.33615185094995013e-05,-0.00580494367800564719,0.000199697117589552173,0.0315696723504821919,1.29925144800802171e-05,-0.606694673638365156,-3.8583869350350808e-05,0.803695297151549082,0,0,0,0,0,4699.43908952366655,550.426234892316756,465.408859473284451,0.00149880676036601742,1,-0.0586307824094061958,1.11803944605021901e-05,0
2.9999988,2.99999880000000907,14942.6456877142191,14942.5823003581554,30.1740206633246402,120.000000889827362,800.029906649371242,0.0857059421700448187,849.23627790874059,0.802994796256838894,848.771685802091156,0.0109321464751687969,28.0870250730841917,848.619382845597897,0.186704568197373383,32.3630022781072597,3.76973884770766265e-06,0.00766714674377847166,7.82442937866283306e-05,1.41122055815891224e-05,-0.00503828261586282064,0.000207594585274363037,0.033079307593571125,1.28729150648054432e-05,-0.609190221115590513,-3.83665450080627939e-05,0.830046243509654391,0,0,0,0,0,4699.42033607676058,550.425652017376024,465.420287132089243,0.00149896339090794454,1,-0.0590844008325324688,1.0002310622637021e-05,0
3.09999876,3.09999876000001073,14939.3847552314401,14939.3213811076857,30.1742535584271252,120.000000949838011,825.847582307615994,0.0914858023051998009,847.304308697254214,0.801158029564265184,846.801110507544536,0.0108854563559241668,29.1971002263593959,846.667508092275398,0.192831442104469009,32.8433416963519846,-3.71066150138034141e-06,0.00660381650205032859,7.72700521176961558e-05,1.41078008435544428e-05,-0.00430623348739647173,0.000215383120078540462,0.0344656355128338462,1.28471627542649864e-05,-0.61170436800117356,-3.87301575791729397e-05,0.853340594948080677,0,0,0,0,0,4699.4015826298546,550.425069142435291,465.431899494808135,0.00149912256587831911,1,-0.059667478924611439,9.72417410704676659e-06,0
3.19999872,3.1999987200000124,14936.079123839736,14936.0157631422098,30.1744859158603163,120.00000101178199,851.605655345252785,0.0974518484020224784,845.359340952695334,0.799308881695329987,844.822958046133976,0.0108931606851411233,30.1095462518871386,844.704775125447782,0.198930228000429365,33.2598653485943601,-1.09085224241243443e-05,0.00456768598378960895,7.65568398937278123e-05,1.33731319536325541e-05,-0.00372922586273672545,0.000223083529788645386,0.0356249876341252769,1.28858346477443644e-05,-0.615224903660560929,-3.94089131804801666e-05,0.871315464758691816,0,0,0,0,0,4699.38282918294863,550.424486267494444,465.443671036542185,0.0014992839359725459,1,-0.0607428834573675719,1.03310059465657562e-05,0
3.29999868,3.29999868000001406,14932.7343038395047,14932.6709567326707,30.1747177320360649,120.000001075649692,877.303727990714833,0.103603153979428167,843.39784198813777,0.797444030678615245,842.835918834463428,0.0109284410683458677,30.7820349113355292,842.727047079390786,0.204996313054091384,33.6303726950772486,-1.7689065234582655e-05,0.00211892947640553598,7.61136064641649874e-05,1.19401837088679668e-05,-0.00337968377310372175,0.000230721693436720292,0.0365057526747631853,1.29576346115495403e-05,-0.619734598762657019,-4.0154451027985097e-05,0.883171520584841829,0,0,0,0,0,4699.36407573604265,550.423903392553598,465.455582134939675,0.00149944723270407291,1,-0.0625350895849823979,1.17986774725309599e-05,0
3.39999864,3.39999864000001573,14929.3538471832871,14929.2905138300739,30.1749490027445475,120.000001141430261,902.941333553166942,0.109938672123419276,841.420316657912622,0.795563966108950971,840.840740396709862,0.0109679381553694777,31.2249652284663739,840.734041112042291,0.21102684237791991,33.9761237725855878,-2.38474126955816242e-05,-0.000168327754984020196,7.59046817677146407e-05,9.85772788608255291e-06,-0.00327211845393974264,0.000238323533415630732,0.0371183532336919822,1.30350289130696057e-05,-0.624358256534855327,-4.07703949093320397e-05,0.888243453408099626,0,0,0,0,0,4699.34532228913667,550.423320517612865,465.467620141419161,0.00149961228312274074,1,-0.0650979047770457175,1.40820927571064866e-05,0
3.4999986,3.49999860000001739,14925.9392422512174,14925.8759227856517,30.1751797238188786,120.000001209112128,928.518010108478165,0.116457287499967019,839.427721388334021,0.793669598157606515,838.836799749645024,0.0109946717585837905,31.4916290480767316,838.725975548002907,0.217019999510326606,34.3160380429034362,-2.91543542224595908e-05,-0.00181509428123181014,7.58675109809135712e-05,7.19666657012133294e-06,-0.00336727333034604354,0.000245911017473354006,0.0375243989692902458,1.30978182859079341e-05,-0.629083625087955456,-4.11490619936080368e-05,0.887993258829016696,0,0,0,0,0,4699.3265688422307,550.422737642672018,465.479779755891514,0.00149977901499133664,1,-0.0683241674073922778,1.71083708515547395e-05,0
3.59999856,3.59999856000001905,14922.4903790615499,14922.4270736302606,30.1754098911498545,120.000001278683357,954.033302119209338,0.123157849205427813,837.420778023833236,0.791761610284209438,836.82198801422669,0.0109991177446272514,31.6625918234602182,836.70305556927508,0.222974738180436782,34.6627544974011599,-3.33989269541515738e-05,-0.00251620747783152946,7.5930172512460683e-05,4.0507952312731101e-06,-0.00358543706770085742,0.000253499581252047111,0.0378186707292437405,1.31345173580472922e-05,-0.633850702618867556,-4.12563282377451636e-05,0.884712760042794311,0,0,0,0,0,4699.30781539532472,550.422154767731172,465.492061370128056,0.00149994743410880853,1,-0.0719830916619478844,2.07754713141343372e-05,0
3.69999852,3.69999852000002072,14919.0062722451985,14918.9429810014881,30.1756395006853673,120.000001350131683,979.486760383405453,0.130039174873146091,835.399911275793556,0.789840402353228055,834.793408771049144,0.0109787646398572247,31.8272887862370339,834.66549463109618,0.228890537959689555,35.0210160235357435,-3.64212245041538291e-05,-0.00218072766276802702,7.60256864373053175e-05,5.33601984909865809e-07,-0.00382605797169060851,0.000261097113159799359,0.0381074893918989591,1.31419269884849081e-05,-0.638573641759339061,-4.11173006491329354e-05,0.880990235169391678,0,0,0,0,0,4699.28906194841875,550.421571892790325,465.504468493211391,0.00150011758903384842,1,-0.0757772206785082697,2.49556088321775248e-05,0
3.79999848,3.79999848000002238,14915.4858603477478,14915.4225834592853,30.1758685484348277,120.0000014234448,1004.87794251455455,0.137100078048370128,833.365249226097831,0.787906093569639143,832.748109606770981,0.0109366841698096684,32.065939007216457,832.613530323069199,0.23476712643892364,35.3877507221538252,-3.81323414348522135e-05,-0.000926746144965173431,7.61015972109936796e-05,-3.22778226141487564e-06,-0.0039892924076541875,0.000268704418650375849,0.0384871540367777917,1.31235183855817336e-05,-0.643162883707947497,-4.07965007191973404e-05,0.879181326511353611,0,0,0,0,0,4699.27030850151277,550.420989017849593,465.517004905174986,0.00150028953206274448,1,-0.0794061842185489614,2.95021861227053756e-05,0
3.89999844,3.89999844000002405,14911.9287196807563,14911.8654572921441,30.1760970304778944,120.000001498610203,1030.20641391633262,0.144339353132294651,831.316681941313618,0.785958580062812273,830.683684095142667,0.010879664153174734,32.4352051584274932,830.547437022291888,0.24060423418542673,35.7536390597273268,-3.85214442572851131e-05,0.000963193560641661126,7.61247070997561398e-05,-7.10018427976703201e-06,-0.00399514486862228169,0.000276316869580514721,0.0390265717767480716,1.30872679326954125e-05,-0.647541715182019972,-4.03776596468848276e-05,0.880985113326338887,0,0,0,0,0,4699.2515550546068,550.42040614290886,465.529672114932055,0.00150046328436109246,1,-0.0826242986332001439,3.4258728814878385e-05,0
3.9999984,3.99999840000002571,14908.3355659618974,14908.2723182266272,30.1763249429752278,120.000001575615428,1055.47174896960701,0.151755798650518386,829.253959284746088,0.783997628856324624,828.598680531246032,0.0108163264313198282,32.9599073771817075,828.467529211876354,0.246401437946564883,36.1056964664488476,-3.76520483222917497e-05,0.00311306764852988232,7.60817385485394965e-05,-1.09523143338108565e-05,-0.00379681311791357128,0.000283926779486821164,0.0397569302198712976,1.30434426155238412e-05,-0.651656708252019157,-3.99464241153643017e-05,0.887193755761555569,0,0,0,0,0,4699.23280160770082,550.419823267968013,465.542467573897852,0.00150063881144383714,1,-0.0852817025885936608,3.90683684161035455e-05,0
4.09999836,4.09999836000002738,14904.7084720321,14904.6452391005714,30.1765522821781147,120.000001654447743,1080.67353210254691,0.159348187141136077,827.176803309399475,0.782022984742864913,826.492815553611308,0.0107554834429304524,33.6316763742273679,826.374150266705101,0.252158120865924373,36.4302637983888076,-3.56505268078756963e-05,0.00513426690599901384,7.59770582012992432e-05,-1.4662020897025263e-05,-0.00338634010356857413,0.000291525965208152876,0.0406695996013313119,1.30026415153357619e-05,-0.655484003899428735,-3.95774375985173086e-05,0.897642682873967424,0,0,0,0,0,4699.21404816079485,550.419240393027167,465.555383900676816,0.00150081601251319955,1,-0.0873430273367398063,4.37826720668211622e-05,0
4.19999832,4.19999832000002904,14901.0507919937372,14900.9875739939962,30.1767790444341273,120.000001735094216,1105.81135841748983,0.167115271998569515,825.085014736166954,0.780034470671905122,824.36700392788498,0.0107048479169131738,34.414012590071593,824.267654071759807,0.2578735465760435,36.7157935288462838,-3.26899593903008304e-05,0.00670001597394435586,7.5828551295321412e-05,-1.81221717973004629e-05,-0.00279234647339360971,0.000299107981412967069,0.0417217597153700728,1.29742362617463507e-05,-0.659032567604790565,-3.93259887146916553e-05,0.91134703151614449,0,0,0,0,0,4699.19529471388887,550.418657518086434,465.568409151203241,0.00150099472413474616,1,-0.088882533664343677,4.82689539869182561e-05,0
4.29999828,4.2999982800000307,14897.3668384663761,14897.3036355179211,30.1770052261868003,120.000001817541673,1130.88483365422212,0.175055783367606327,822.978552876597178,0.778032062291607374,822.223199479416621,0.0106701310182971687,35.2520725466999352,822.148382068116121,0.263547010851123531,36.95493066709696,-2.89720534021362623e-05,0.00760007041548075007,7.56625287615495548e-05,-2.12447579629911269e-05,-0.00207113492080365823,0.000306669641569168208,0.0428478500548111693,1.29652601289550944e-05,-0.662343368459690551,-3.92238253483059962e-05,0.92677660105084203,0,0,0,0,0,4699.17654126698289,550.418074643145701,465.581527968048306,0.00150117473597892893,1,-0.0900592000162731693,5.24155513628997392e-05,0
4.39999824,4.39999824000003237,14893.6614008545876,14893.5982130394259,30.1772308239694382,120.000001901776841,1155.89357350446767,0.183168441830724005,820.857577347342158,0.776015925905310655,820.064051420657279,0.0106545348997861555,36.084813184583254,820.01664358090693,0.269178017937665048,37.1455795761238079,-2.47093685279031235e-05,0.00776769600316142787,7.5508367366937905e-05,-2.39630875996044442e-05,-0.00129355401110886029,0.000314211635179032476,0.043974066212062575,1.29797606723887325e-05,-0.665482593096895503,-3.92786082156063504e-05,0.94220137794599168,0,0,0,0,0,4699.15778782007692,550.417491768204854,465.594723295896586,0.00150135581434070512,1,-0.091078608802943925,5.61348685626579348e-05,0
4.4999982,4.49999820000003403,14889.9392119906843,14889.8760393938937,30.1774558343945323,120.000001987786206,1180.8372024361995,0.191451944721105494,818.722448331149394,0.773986417105176683,817.892420541074785,0.010658635025326324,36.8569628320995548,817.872705624167793,0.274766428230111215,37.2908742156232478,-2.01095953649650783e-05,0.00727704252725155844,7.53934915219356893e-05,-2.6232168887646224e-05,-0.000530530510113485067,0.00032173826518967953,0.0450328719621338885,1.30186182721061717e-05,-0.668528516465630163,-3.94764816404228635e-05,0.9560347357027007,0,0,0,0,0,4699.13903437317094,550.416908893264008,465.607978280866746,0.0015015377281952973,1,-0.0921501664466560788,5.93642699972360448e-05,0
4.59999816,4.5999981600000357,14886.2043680548668,14886.1412107230626,30.1776802603876142,120.000002075558811,1205.71604475696131,0.1999052357448243,816.642857766280827,0.772009431886233499,815.780037190614166,0.0106814613070042586,37.5298274425077807,815.785896960695936,0.280336277060395267,37.4011881132555217,-1.53580368889339895e-05,0.00623540003655099779,7.53425545808894558e-05,-2.8027423557733518e-05,0.000157687787404458662,0.000329256661639028552,0.0459724223424316444,1.30797216993059207e-05,-0.631982241018780089,-3.9273053904631357e-05,0.965409383788221054,0,0,0,0,0,4699.12028092626497,550.416326018323275,465.621278336219518,0.00150172027755245325,1,-0.0934548324853461121,6.20649583751676853e-05,0
4.69999812,4.69999812000003736,14882.4596916921437,14882.3965496750716,30.1779041305385007,120.000002165094216,1230.53326979362646,0.208528271406672377,814.688650745809696,0.770151003377611443,813.798352030446949,0.0107198932045588502,38.0767615697625388,813.825578428678,0.285914180062234347,37.4892491567577792,-1.06114454863382116e-05,0.00481536194254293323,7.5372173825145422e-05,-2.93417832991364321e-05,0.000721926026601125829,0.000336776138533086751,0.0467548403998697126,1.31582699661455012e-05,-0.59249822949702835,-3.91021230278226157e-05,0.97129183879760006,0,0,0,0,0,4699.10152747935899,550.415743143382542,465.634613410350426,0.00150190332460369935,1,-0.0951437889742959703,6.42188660509887776e-05,0
4.79999808,4.79999808000003902,14878.7068682052195,14878.6437415387336,30.1781274792143819,120.000002256395575,1255.29268733268577,0.217321354475368239,812.858025675293788,0.768409428568066488,811.946222238975452,0.010768735193671275,38.4902842367681046,811.989459448612138,0.291503550164764924,37.5659776229420075,-6.00108117998968393e-06,0.00332476492514737192,7.54846855791398022e-05,-3.01830448708572592e-05,0.00113835314062958322,0.000344306254215628372,0.0473695052833694799,1.32479902441019648e-05,-0.553701490325454793,-3.89623322037399778e-05,0.973604153852186349,0,0,0,0,0,4699.08277403245302,550.415160268441696,465.647977501804121,0.00150208678709266722,1,-0.0972946271646407124,6.5825799984830686e-05,0
4.89999804,4.89999804000004069,14874.9464953429997,14874.8833840545794,30.1783503403052613,120.000002349467039,1279.99805425777959,0.226284883519831115,811.149773331556958,0.766783561258207125,810.221887370596733,0.0108226263435543257,38.7872128972309156,810.275853774230313,0.297108214575140694,37.641830432482287,-1.6283626486298812e-06,0.00205450455049795318,7.56724076890729339e-05,-3.05708013853754252e-05,0.00141361738515545271,0.000351855257963323918,0.0478358136772916165,1.33423280135118603e-05,-0.5155540797851631,-3.8811784045028105e-05,0.972784455559840833,0,0,0,0,0,4699.06402058554704,550.414577393500849,465.661368481981356,0.00150227063590658867,1,-0.0998944388845479786,6.69000216485402736e-05,0
4.999998,4.99999800000004235,14871.178229894489,14871.1151340241722,30.1785727472557532,120.000002444314106,1304.65307808317175,0.235419387124949558,809.562714847078155,0.76527228122070301,808.622620952013335,0.0108768031329981585,39.0031541924932412,808.683207097950458,0.302732095512166621,37.7249013467700607,2.43119557885713674e-06,0.00122795019577209429,7.59198494600823288e-05,-3.05334119631511404e-05,0.00158071795994538158,0.000359429226626620604,0.0481967089056107509,1.34354052303161634e-05,-0.477984023990837281,-3.86201250988654838e-05,0.969797749898831829,0,0,0,0,0,4699.04526713864107,550.413994518560116,465.674787573112781,0.00150245488793300844,1,-0.102850699115203781,6.74668104997457627e-05,0
5.09999796,5.09999796000004402,14867.4010930396616,14867.3380126216653,30.178794733102837,120.00000254094347,1329.26142113244032,0.244725508834106847,808.095650162980291,0.763874446392301731,807.145076609788021,0.0109276513271122644,39.1842442506635393,807.210107705357245,0.308379057665932321,37.819661233244716,6.12250178488581175e-06,0.000967647599703709083,7.62069820281742417e-05,-3.0105490043578335e-05,0.00169056018221032259,0.000367031741207615226,0.0485086335908847394,1.35227201448756376e-05,-0.440896527143335992,-3.83707376941003385e-05,0.965908013909733798,0,0,0,0,0,4699.02651369173509,550.413411643619384,465.688238260886294,0.00150263959114898811,1,-0.106015339603189956,6.75595949733295777e-05,0
5.19999792,5.19999792000004568,14863.613863710314,14863.5507987911205,30.1790163305154309,120.000002639363018,1353.82670493049113,0.254204007147432742,806.747334082585326,0.762588871401206347,805.785731119889988,0.0109729617375839417,39.3778675468465167,805.855288113930897,0.314052785683953117,37.9264697287095345,9.40529135599400042e-06,0.00128333380121557392,7.65128670091560538e-05,-2.93260232586641496e-05,0.00180114183835275725,0.000374664058385717732,0.0488300597214814877,1.36014849685254643e-05,-0.404188354010014406,-3.80600745341277353e-05,0.96242308754794037,0,0,0,0,0,4699.00776024482911,550.412828768678537,465.701724893660469,0.00150282480539764163,1,-0.10921637264595134,6.72177984225146843e-05,0
5.29999788,5.29999788000004735,14859.8154814988375,14859.7524321268429,30.1792375718339478,120.000002739581788,1378.35251458073549,0.263855751414000528,805.516483022165517,0.76141433512593526,804.541320056536733,0.0110118783001674214,39.624091419519857,804.617622927705042,0.319756709669814176,38.0418614662720955,1.22496152800966718e-05,0.00208113025634394351,7.68189205614687779e-05,-2.82370913374811414e-05,0.00196652924377040432,0.000382325638480923388,0.0492107731168043155,1.36705809658862043e-05,-0.367761447565337962,-3.76946333597543814e-05,0.960459678669795758,0,0,0,0,0,4698.98900679792314,550.41224589373769,465.715251247674587,0.00150301058268684142,1,-0.112290691611310292,6.64853722354330403e-05,0
5.39999784,5.39999784000004901,14856.00538719818,14855.9423534217731,30.179458489108054,120.000002841609827,1402.8424029646344,0.273681708143318991,804.401805666992686,0.760349610657018449,803.409187713146025,0.0110445924520196914,39.9492420007960618,803.496119133271009,0.325493979806258937,38.1594752552975578,1.46331542219031046e-05,0.00319011020663805944,7.71112282257636601e-05,-2.68830334821085482e-05,0.00222759314205032413,0.00039001484422234757,0.0496837302726947441,1.37301935109516193e-05,-0.331533401261839,-3.72865136536808974e-05,0.960766888643818096,0,0,0,0,0,4698.97025335101716,550.411663018796958,465.728819314355803,0.00150319695052759049,1,-0.115112132808250278,6.540984823532353e-05,0
5.4999978,5.49999780000005067,14852.1837475374341,14852.120729415461,30.1796791141315097,120.000002945458178,1427.29989458841101,0.283682939635083287,803.402051382118088,0.759393511695620527,802.387513933642254,0.0110718861867080964,40.3625262563931528,802.489904301717388,0.331267483704240029,38.2713982063650633,1.65405369107191459e-05,0.0043998277248305873,7.7381578061381216e-05,-2.53098535526203625e-05,0.00260596412003625752,0.00039772962674699435,0.0502606692766521049,1.37812520742400967e-05,-0.295444008366659738,-3.68486954367316425e-05,0.963632304822803265,0,0,0,0,0,4698.95149990411119,550.411080143856225,465.742428500013148,0.00150338390092812969,1,-0.11761031950053466,6.40416629447782893e-05,0
5.59999776,5.59999776000005234,14848.3515361621976,14848.2885337399257,30.1798994784728016,120.000003051138691,1451.72848898901839,0.293860586184869599,802.516063186521251,0.758544942843306425,801.475402041567577,0.0110946475244007026,40.8559845262493582,801.598208636106051,0.337079889587994119,38.3696489549601623,1.79643097927025648e-05,0.00550116763702214202,7.7627178518548882e-05,-2.35646479548668482e-05,0.00310195761255861431,0.000405468054781082585,0.0509318822911846228,1.38248292260979823e-05,-0.259458000908076525,-3.6391112502420287e-05,0.968877996534925234,0,0,0,0,0,4698.93274645720521,550.410497268915378,465.756075337454604,0.00150357138641496837,1,-0.119777869940602577,6.24334977904900519e-05,0
5.69999772,5.699997720000054,14844.5104707591236,14844.4474840652983,30.1801196135013186,120.000003158664114,1476.131663632955,0.304215874294787247,801.742828144456212,0.757802947032438334,800.67283271679355,0.0111134745138412594,41.4074547252922684,800.82034962479463,0.342933701757143661,38.4475292362027332,1.89068166468337324e-05,0.00632308054748194435,7.78493058387177202e-05,-2.16948914530039741e-05,0.00369645249199065506,0.000413228606520817099,0.0516697920176406519,1.38616450613197874e-05,-0.223564209261962354,-3.59182988237217391e-05,0.975937655305843754,0,0,0,0,0,4698.91399301029924,550.409914393974532,465.76975370988697,0.00150375932309043214,1,-0.121665817846092789,6.06394359267734115e-05,0
5.79999768,5.79999768000005567,14840.6628311574459,14840.599860223394,30.1803395504091974,120.000003268047934,1500.51287633582501,0.314750101616688871,801.081514685724414,0.757166740259105908,799.980493833767696,0.0111284509225945683,41.9857420181340331,800.155718313067837,0.348831313271713905,38.5006225766302492,1.93820754661443048e-05,0.00675921603714627582,7.80513260761313353e-05,-1.97475023379638207e-05,0.00435602108228513255,0.000421010211061867456,0.0524353479038048506,1.3891783443933725e-05,-0.187771256936569958,-3.54289516844470348e-05,0.98399328589433388,0,0,0,0,0,4698.89523956339326,550.409331519033799,465.783455498667763,0.00150394759951630449,1,-0.123369158496126369,5.87138374769148347e-05,0
5.89999764,5.89999764000005733,14836.8112013787031,14836.7482462264397,30.1805593202304365,120.000003379304374,1524.87556738559965,0.325464636950874298,800.531492073669142,0.756635729226246889,799.399512777547216,0.0111391277594295734,42.556887205655471,799.603771239051298,0.354775047824564871,38.5273014451739613,1.94168034984303257e-05,0.0067807873055287576,7.82366236490238901e-05,-1.77677061813217298e-05,0.00504011075875042923,0.000428812084212499753,0.0531858620853961281,1.39146652818549566e-05,-0.152100087488590274,-3.49172802471165808e-05,0.992141977379388695,0,0,0,0,0,4698.87648611648729,550.408748644093066,465.797171501885941,0.00150413608932449235,1,-0.12500596599087288,5.67099519213422161e-05,0
5.9999976,5.99999760000005899,14832.9581876546144,14832.895248281684,30.1807789538584466,120.000003492448357,1549.22316148503478,0.336360916138805199,800.092330042665935,0.756209510178685762,798.931135134471333,0.0111446917229069409,43.0903444131423612,799.164029211608977,0.360767187376935472,38.5287016963398372,1.90500085235473352e-05,0.0064347159196571262,7.84069304577311482e-05,-1.57978018547182593e-05,0.00570883388671948599,0.000436633440539648616,0.0538827844663712224,1.39292570429628118e-05,-0.116574275837369956,-3.43756026815979958e-05,0.999561194164256706,0,0,0,0,0,4698.85773266958131,550.40816576915222,465.810892438524434,0.00150432466501125746,1,-0.126694319738812955,5.46783891128285407e-05,0
6.09999756,6.09999756000006066,14829.106249794364,14829.0433262083588,30.1809984769478632,120.000003607492914,1573.55850258964551,0.347440192984125207,799.707048755426513,0.755834231739921147,798.51967262107155,0.0111435307180844934,43.5625543566097804,798.779409751526941,0.366783969179750757,38.5056340765452561,1.8326614290258323e-05,0.00589567875711536141,7.85584753103522502e-05,-1.38761021136517194e-05,0.00633181727276673108,0.000444473068704010659,0.0545001163559449553,1.39345160653362343e-05,-0.113708815469999933,-3.4247584323922804e-05,1.00730432975343143,0,0,0,0,0,4698.83897922267533,550.407582894211373,465.824609548976809,0.00150451320619106083,1,-0.128525586205179093,5.26657762150212661e-05,0
6.19999752,6.19999752000006232,14825.2577646970749,14825.1948568765765,30.1812178939377631,120.000003724440305,1597.88208279484957,0.358702683905967268,799.317794633006883,0.755455219655763788,798.107546026766727,0.0111346036520399982,43.9690990142715918,798.391872951991445,0.372799363645553383,38.4605647620929716,1.72964494548515698e-05,0.00537700980733425184,7.86840753094612572e-05,-1.20364817819442916e-05,0.00690073781383419849,0.000452328628518013727,0.0550360619937742754,1.39301335803644521e-05,-0.11388205853889255,-3.4116085310729018e-05,1.01351933421326867,0,0,0,0,0,4698.82022577576936,550.407000019270527,465.838314368874421,0.00150470159649081789,1,-0.130525904536075266,5.0714130354635468e-05,0
6.29999748,6.29999748000006399,14821.4146742150187,14821.3517821421065,30.1814372041281018,120.000003843290159,1622.19382449368345,0.370148352139399395,798.925137588757707,0.755073018310891797,797.694807795343422,0.0111183178283473239,44.3212021943043624,798.001747112571138,0.378813165605446311,38.3984840467018955,1.6015575100860219e-05,0.00499801056732121496,7.87788933701503958e-05,-1.03074521826150056e-05,0.00742332930528170638,0.000460196964835913539,0.0555045340411510629,1.39165953173816643e-05,-0.114126339813823335,-3.39460715595067773e-05,1.01831637855194024,0,0,0,0,0,4698.80147232886338,550.406417144329794,465.851999983080077,0.00150488974079210748,1,-0.132673389512111217,4.88596487088981639e-05,0
6.39999744,6.39999744000006565,14817.5784808956087,14817.5156045362291,30.1816564067998527,120.000003964041824,1646.49364797958901,0.381777133548401926,798.529207164323338,0.75468775458473325,797.280643544414261,0.0110956545016782093,44.637092207869955,797.608980682038009,0.384824896999152288,38.3231071240565413,1.45379803329486894e-05,0.00484178337417337772,7.88386480991166164e-05,-8.71189675615806827e-06,0.00791772864628108135,0.000468074393942070281,0.0559282877976704437,1.38951141705101888e-05,-0.114417218090959727,-3.37480774143357072e-05,1.02216180459323147,0,0,0,0,0,4698.78271888195741,550.405834269388947,465.865661040853865,0.00150507756545000372,1,-0.134914488563089019,4.71322793784854089e-05,0
6.4999974,6.49999740000006732,14813.7503986023366,14813.6875379261437,30.1818755012226738,120.000004086694645,1670.78147228553894,0.393588963999070951,798.13007154131833,0.754299496517138346,796.863959608081132,0.0110680736001451674,44.9381892578917927,797.213542632076269,0.390833982440954741,38.2364458516077619,1.29130877821272464e-05,0.00494371617555314832,7.88607811107489991e-05,-7.26733346041219048e-06,0.00840825296015968934,0.000475956914679504536,0.0563341346053512701,1.38675060559059909e-05,-0.114720646623916803,-3.35354450950998387e-05,1.02561893883887456,0,0,0,0,0,4698.76396543505143,550.405251394448101,465.879293219480303,0.00150526501092785843,1,-0.137176161666675567,4.55559262960797973e-05,0
6.59999736,6.59999736000006898,14809.9315310828388,14809.8686860476955,30.1820944866604535,120.000004211247671,1695.05721581197849,0.40558375061812818,797.727732274987602,0.753908248852204088,796.443607890562362,0.0110373087485659549,45.2450457954923309,796.815422052713416,0.396839750137407909,38.1387013119672389,1.11845342061255498e-05,0.0052893988179524452,7.88452503951661711e-05,-5.98640557341783688e-06,0.008920453885998509,0.000483840478129025551,0.0567478564552653317,1.38359346207527817e-05,-0.115000114245626769,-3.33221432547050112e-05,1.02924010956381751,0,0,0,0,0,4698.74521198814546,550.404668519507368,465.892892588371296,0.00150545202305918087,1,-0.139380447402459751,4.41489363308565497e-05,0
6.69999732,6.69999732000007064,14806.1230445317924,14806.0602150973737,30.1823133623764512,120.000004337699707,1719.32079688341082,0.417761377267788225,797.322131607660367,0.753513960452172227,796.018599274965027,0.0110051105576710051,45.5737977196712905,796.414624161471465,0.402841437577214689,38.0284852696229549,9.39024067257208483e-06,0.0058215072406992063,7.8794789770353138e-05,-4.87747307340807627e-06,0.0094763853668277543,0.000491721268354008696,0.0571897457568295714,1.38025900972177457e-05,-0.115223471641149891,-3.31205056119447018e-05,1.03347021658565685,0,0,0,0,0,4698.72645854123948,550.404085644566635,465.906454994552803,0.00150563854459862347,1,-0.141458635143693084,4.29247182917076185e-05,0
6.79999728,6.79999728000007231,14802.3263041712344,14802.263490290492,30.1825321276367831,120.000004466049361,1743.57213414572334,0.430121708651924117,796.913169943106709,0.753116541207968448,795.588269703352807,0.0109729977645515175,45.9337067825931626,796.011163844364432,0.408838202169891807,37.903302167964938,7.56350807832073025e-06,0.00645364710104877858,7.87146121953356229e-05,-3.94518117732046025e-06,0.0100909006752373156,0.000499595949396727064,0.0576715017459378462,1.37693768640837527e-05,-0.11536829995398977,-3.29393893975762201e-05,1.03857781974427565,0,0,0,0,0,4698.70770509433351,550.403502769625788,465.919975576287698,0.00150582450853064902,1,-0.143362579112101263,4.18923462677816511e-05,0
6.89999724,6.89999724000007397,14798.5429540239275,14798.4801556339844,30.1827507817122012,120.000004596294957,1767.81114675406616,0.442664582104480953,796.500729490943968,0.75271588461440575,795.152376338681961,0.0109420685764087255,46.326130453817143,795.6050581388821,0.414829136851230906,37.7601835299963824,5.73468242992280261e-06,0.00708810184136100373,7.86116581997956345e-05,-3.19091276079369945e-06,0.0107695407595226333,0.000507461843560867275,0.0581949111375609646,1.37376755244733334e-05,-0.115425147622260652,-3.27831150284696945e-05,1.04462342434653976,0,0,0,0,0,4698.68895164742753,550.402919894684942,465.933448478993512,0.00150600983415723351,1,-0.145071411920222881,4.10570337619916529e-05,0
6.9999972,6.99999720000007564,14794.7749308347702,14794.7121478780355,30.182969323877483,120.000004728434476,1792.03775431352483,0.455389802115270137,796.084699363233312,0.752311891525628162,794.711114706850367,0.0109129066786244899,46.7449740887026337,795.196319144837389,0.420813290386671091,37.5963494893630923,3.93286148750923432e-06,0.00763401616860589008,7.84935765372380984e-05,-2.61307791542581538e-06,0.0115082460340579281,0.000515317020269547379,0.0587523886396569966,1.37082231170819049e-05,-0.115398367278365027,-3.26513480852925602e-05,1.05146721847305802,0,0,0,0,0,4698.67019820052155,550.402337019744209,465.946866805665024,0.00150619442640960465,1,-0.146592879513433305,4.04204195721188044e-05,0
7.09999716,7.0999971600000773,14791.0244154818356,14790.9616478783046,30.1831877534094488,120.000004862465673,1816.25187665450039,0.468297151279366497,795.664997573849291,0.751904490801812875,794.265059947103282,0.0108855931129047123,47.1784144807958796,794.784948698140511,0.426789691673414018,37.409778636701958,2.18716256297149124e-06,0.00802277926596358174,7.83676602715908781e-05,-2.20724509190215319e-06,0.0122947824283925616,0.000523160290691861369,0.0593291191207771865,1.36811260347467446e-05,-0.115304602672852932,-3.25398728611395559e-05,1.05881136826920064,0,0,0,0,0,4698.65144475361558,550.401754144803476,465.960222789902843,0.00150637817822247915,1,-0.147959534372909957,3.99806674702781113e-05,0
7.19999712,7.19999712000007897,14787.2937360443175,14787.2309837205776,30.1834060695836861,120.000004998385918,1840.4534334700088,0.481386375242510878,795.241586343847075,0.751493653489938684,793.815046208192712,0.0108598120657292796,47.6114791434559947,794.370935752296873,0.432757376675819372,37.1995941342317877,5.27217374969197474e-07,0.0082181527860080289,7.8239947449232209e-05,-1.96616254467495142e-06,0.0131114808638172087,0.000530991118295029993,0.0599062845962874332,1.36559911510604044e-05,-0.115169260774687338,-3.2442027787415488e-05,1.06626633772188772,0,0,0,0,0,4698.6326913067096,550.40117126986263,465.973508141097511,0.00150656097527859432,1,-0.149220906465309777,3.97324354772639617e-05,0
7.29999708,7.29999708000008063,14783.5852437540889,14783.5225066122875,30.1836242716708867,120.000005136192328,1864.6423439130624,0.494657195019135909,794.814478613896199,0.751079398617346738,793.362007548317479,0.010835020427042763,48.0289524743712377,793.954256820180262,0.438715415975433065,36.9662145773494117,-1.01723676163630473e-06,0.00821983024107736035,7.81146406963386796e-05,-1.87974734131619578e-06,0.0139386940935799578,0.000538809467414534172,0.060464714413909694,1.36321377112730889e-05,-0.115021596322080852,-3.23504600248618522e-05,1.07342742572209393,0,0,0,0,0,4698.61393785980363,550.400588394921783,465.986714486178926,0.00150674270208486847,1,-0.150433378906926679,3.96668061238807175e-05,0
7.39999704,7.39999704000008229,14779.9011859856546,14779.8384639202104,30.1838423589339726,120.000005275881762,1888.81852626963837,0.508109306992668652,794.383735395406461,0.750661790320473199,792.906810066648745,0.0108106408631883366,48.4180699101133882,793.534879152454096,0.444662940350665281,36.7112639952481885,-2.4175869987944483e-06,0.00806038400860307341,7.79939204887330437e-05,-1.93512743077872915e-06,0.0147583016357256073,0.000546615619449289359,0.0609882812592359089,1.36088396348409661e-05,-0.114889298866059766,-3.22588242938694981e-05,1.07994716765329324,0,0,0,0,0,4698.59518441289765,550.40000551998105,465.999833821913171,0.00150692324819719507,1,-0.151649745405876835,3.97712806448239381e-05,0
7.499997,7.49999700000008396,14776.2435990199447,14776.1808919172436,30.1840603306260853,120.000005417450694,1912.98189774818775,0.521742370598289762,793.949455230332546,0.750240927574936989,792.450106394059958,0.0107862374422321716,48.7705466469470252,793.112765742233819,0.450599161657522451,36.4372781316329792,-3.64813573860398754e-06,0.0077967196555192176,7.78781415580382427e-05,-2.11681032094942945e-06,0.0155566442462738846,0.000554409988701344059,0.0614664700519878121,1.35855467517573581e-05,-0.114793607051804761,-3.216309861051023e-05,1.08559127595770599,0,0,0,0,0,4698.57643096599168,550.399422645040318,466.012858896783484,0.00150710251347952124,1,-0.152910307475912166,4.00299273195844687e-05,0
7.59999696,7.59999696000008562,14772.6142374575138,14772.5515452011023,30.1842781859902445,120.000005560895488,1937.13237443019511,0.535556034326989727,793.511758297027427,0.749816928973507046,791.9922387608392,0.0107616406454149049,49.0836447548571755,792.687880910570925,0.456523386707848033,36.1472765163097591,-4.68808171495611089e-06,0.0074980201180508731,7.77663290148843209e-05,-2.40702419733595359e-06,0.0163264240230575619,0.000562192967250111373,0.0618957423692872016,1.35620430739937465e-05,-0.114745888062029372,-3.2062298374123842e-05,1.09026980036864707,0,0,0,0,0,4698.5576775190857,550.398839770099471,466.0257834623593,0.00150728041156929725,1,-0.154236935589240953,4.04237420809610071e-05,0
7.69999692,7.69999692000008729,14769.0145495943725,14768.951872069294,30.1844959242604176,120.000005706212278,1961.26987139589983,0.549549924776826626,793.07076840775801,0.749389915645523819,791.533206173513804,0.010737002236647919,49.3601773929773913,792.26019522579486,0.462435022785347205,35.8442870972057364,-5.5232951864139283e-06,0.0072326001671845809,7.76568436237672012e-05,-2.78624092160244477e-06,0.0170673283648359805,0.00056996482122846344,0.062279563261175036,1.3538517197566763e-05,-0.114746295326927594,-3.19585109843696866e-05,1.09404028533395636,0,0,0,0,0,4698.53892407217973,550.398256895158625,466.038602360987738,0.00150745687109151501,1,-0.155630873349363708,4.09312363395866662e-05,0
7.79999688,7.79999688000008895,14765.445699069649,14765.3830361258679,30.184713544663726,120.000005853396971,1985.39430296622436,0.563723646653171984,792.626596219809812,0.748959995457196825,791.072697368302443,0.0107127763785667129,49.6075437678179014,791.829688811354117,0.468333574836650945,35.5309107057245726,-6.14754622714588542e-06,0.00705606612942529226,7.7548070292319881e-05,-3.23385355204755808e-06,0.0177853806493597569,0.000577725650706033397,0.0626272030598304247,1.35155398897591573e-05,-0.114784638602919029,-3.18563127229133078e-05,1.09708489327747305,0,0,0,0,0,4698.52017062527375,550.397674020217892,466.051311448705746,0.00150763183460469216,1,-0.157074340161158177,4.15292225706117026e-05,0
7.89999684,7.89999684000009061,14761.9086248278618,14761.8459763388746,30.184931046423312,120.000006002445431,2009.50558302062359,0.578076800560788251,792.179326471077729,0.748527251125321147,790.610177873389148,0.0106896378838714501,49.8360493710127912,791.396352580213147,0.474218635802870547,35.2089978214489747,-6.56296169841089766e-06,0.00700273347055197035,7.7438998521822558e-05,-3.72895107444496078e-06,0.0184912427751095509,0.000585475413694770837,0.0629516308730759949,1.34939621964322167e-05,-0.114843114444643485,-3.17617392621846268e-05,1.0996678314279773,0,0,0,0,0,4698.50141717836777,550.397091145277159,466.063907381709441,0.00150780525566751957,1,-0.158535319233589655,4.21937313512457798e-05,0
7.9999968,7.99999680000009228,14758.404125906527,14758.3414917396585,30.185148428761245,120.000006153353283,2033.60362532094496,0.592608963843468062,791.729011095963301,0.748091733958522687,790.145010027592207,0.0106683589119101474,50.056867917142597,790.960187444374924,0.480089872715497579,34.8794839793488407,-6.77963464936213377e-06,0.00708151105941477212,7.73296003859502565e-05,-4.25111504258520573e-06,0.0191978577647433368,0.000593214003428394832,0.0632669469557599479,1.34747606349111104e-05,-0.114900193249439925,-3.16810431808804178e-05,1.10208228051785473,0,0,0,0,0,4698.4826637314618,550.396508270336312,466.076387314416763,0.00150797709468648887,1,-0.159974415706389428,4.29009705723422353e-05,0
8.09999676,8.09999676000008328,14754.9329538680613,14754.8703338757095,30.1853656909008805,120.000006306116134,2057.68834376817222,0.607319712481838914,791.275668885730283,0.747653463803625962,789.676580916869398,0.0106496703880648025,50.2800319071820923,790.521201957232051,0.48594701172825755,34.5423983266204573,-6.81445795383641876e-06,0.00727657338124213741,7.72209597699636142e-05,-4.7811589434011818e-06,0.0199179013154378998,0.000600941358925838505,0.0635858419201009439,1.34588624510382345e-05,-0.114934817031182815,-3.16194824143663648e-05,1.10459701775628982,0,0,0,0,0,4698.46391028455582,550.395925395395466,466.088748570307303,0.0015081473143863447,1,-0.161352407874205711,4.36282313109727051e-05,0
8.19999672,8.19999672000007429,14751.4958963692188,14751.4332904111943,30.1855828320686612,120.000006460729537,2081.75965260975272,0.622208616987590668,790.819291158701276,0.74721243464419107,789.204414765180445,0.0106341340009276641,50.5127990791942807,790.079409086449914,0.491789825078834675,34.1970283668785697,-6.68937481374661875e-06,0.00755227888575621224,7.71151553811567084e-05,-5.30174065986048615e-06,0.0206615028835731192,0.000608657583508106278,0.0639175227932715223,1.34469835525472661e-05,-0.114930122132421236,-3.15803490854047199e-05,1.10741205438324153,0,0,0,0,0,4698.44515683764985,550.395342520454733,466.100988344322047,0.00150831587571279685,1,-0.162637115578142921,4.43546548283597179e-05,0
8.29999668,8.2999966800000653,14748.093838147819,14748.03124607686,30.185799851494771,120.000006617188888,2105.81746650491323,0.637275232823404147,790.359851909186887,0.746768624364984923,788.728251875015076,0.0106220459487699759,50.7586454829787499,789.634822878244904,0.497618122164737275,33.8421982761033746,-6.42931489225796878e-06,0.00786110224952040262,7.70149412536575269e-05,-5.79779839009030481e-06,0.0214346091245756175,0.000616363045315361578,0.0642664256584661309,1.34395059711487199e-05,-0.114876097577891162,-3.15643837663877119e-05,1.1106301938859342,0,0,0,0,0,4698.42640339074387,550.394759645514,466.113103485681847,0.00150848273484075921,1,-0.1638084508542407,4.50617979665503612e-05,0
8.39999664,8.3999966400000563,14744.7277908399701,14744.6652125064684,30.186016748413131,120.000006775489595,2129.86170052998114,0.652519116826175805,789.897320264382188,0.746322006606791377,788.248083853850972,0.0106133861574261301,51.0170045077163081,789.187455689690523,0.503431745683424969,33.4766022672948935,-6.06010949723374197e-06,0.00815293489880228317,7.69232971742620951e-05,-6.25678651569217443e-06,0.0222382177604400696,0.000624058438088900586,0.0646318695186563069,1.34364124114171367e-05,-0.114770844123323112,-3.15696410814967352e-05,1.11424802215107133,0,0,0,0,0,4698.4076499438379,550.394176770573154,466.125090391704418,0.00150864784171006721,1,-0.164860932605446653,4.57339648844072471e-05,0
8.4999966,8.49999660000004731,14741.3988894112408,14741.3363246554763,30.1862335220605154,120.000006935627013,2153.89227007417685,0.66793982036408972,789.431672873908951,0.745872562461194155,787.764142980632528,0.0106078181025313634,51.2837309286508116,788.737316475820421,0.509230572469628218,33.099130188631996,-5.60665514263913395e-06,0.00838401804896330913,7.68429356384771572e-05,-6.66871542053974699e-06,0.0230685385466885273,0.000631744788636628063,0.0650086288616176372,1.34372846534432254e-05,-0.114620354299111785,-3.15917936068888395e-05,1.11816614610989484,0,0,0,0,0,4698.38889649693192,550.393593895632307,466.136945020512485,0.00150881114019834782,1,-0.165803451045600903,4.63583059359115316e-05,0
8.59999656,8.59999656000003831,14738.1083587631583,14738.0458074229573,30.1864501716756699,120.000007097596452,2177.90909074674619,0.683536890705272349,788.962904082667478,0.745420289985215145,787.276851076955154,0.0106047360114358558,51.5521451003696143,788.284410364180303,0.515014517587289999,32.7091295420646588,-5.09153176830807384e-06,0.00852399175622046458,7.67758517547401803e-05,-7.02602373250484376e-06,0.0239179721301002943,0.000639423407867393363,0.065388245028867184,1.34413620169954391e-05,-0.114436963307950015,-3.16247932134838429e-05,1.1222151721695115,0,0,0,0,0,4698.37014305002594,550.393011020691574,466.148663009951974,0.00150897256975730137,1,-0.166656563917640277,4.69247142328937957e-05,0
8.69999652,8.69999652000002932,14734.8574590347707,14734.794920939501,30.1866666964982748,120.000007261393193,2201.91207826111349,0.699309872386429277,788.491032315390726,0.744965210075791306,786.786739407673394,0.0106033491017885062,51.8144248409789157,787.828739472503457,0.520783539545070617,32.3065641543963977,-4.53419360628001599e-06,0.00856000573754101858,7.67229894344105036e-05,-7.32332942914095959e-06,0.0247766654974315367,0.000647095792959263122,0.065760784398570582,1.34476470467540164e-05,-0.114236813742734769,-3.16617596721448046e-05,1.12619150444701432,0,0,0,0,0,4698.35138960311997,550.392428145750841,466.16023987237935,0.0015091320680951936,1,-0.16744800922166897,4.74255727887191051e-05,0
8.79999648,8.79999648000002033,14731.6474211290479,14731.5848961086194,30.1868830957683656,120.000007427012534,2225.90114836990097,0.715258311318617057,788.016101898424381,0.74450736800578321,786.294355281880144,0.0106027875692972784,52.0630731960895901,787.370304671743384,0.526537644414649786,31.8920512106603624,-3.95075296624174002e-06,0.00849744077984827817,7.66840739993182965e-05,-7.5571155459617339e-06,0.0256343242454116563,0.00065476349704368371,0.0661166999065205124,1.34550392359671609e-05,-0.114036820608463485,-3.16959408792869779e-05,1.12989587932644175,0,0,0,0,0,4698.33263615621399,550.391845270809881,466.171671224260535,0.00150928957434040079,1,-0.168207367291019427,4.78554173491927231e-05,0
8.89999644,8.89999644000001133,14728.4793844521046,14728.4168723340408,30.187099368726301,120.000007594449784,2249.87621686068769,0.731381754787233662,787.538180402670378,0.744046830735407339,785.800172522714092,0.0106022126365450386,52.2922015487484941,786.909107815842276,0.532276886946564609,31.4667810514535233,-3.35428525993897012e-06,0.00835741623182095772,7.66576316823137103e-05,-7.72540622170996458e-06,0.0264819457943094999,0.000662427988153265748,0.0664484649837987496,1.34624744560884065e-05,-0.11385169354433787,-3.17215886148214857e-05,1.13316772439074742,0,0,0,0,0,4698.31388270930802,550.391262395869035,466.182953007889807,0.00150944503209788196,1,-0.168960869702150074,4.82105811417509131e-05,0
8.9999964,8.99999640000000234,14725.3543476499617,14725.2918482389305,30.1873155146132639,120.000007763700253,2273.8371996128717,0.7476797500834379,787.057352357325271,0.74358368083277171,785.304521434240087,0.0106009135106845953,52.4984228551938941,786.44515389179594,0.538001367538256337,31.0323440036514171,-2.7555109338585999e-06,0.00817179883263141789,7.6641185090622137e-05,-7.82748030208297697e-06,0.0273131810784773763,0.000670090520235790241,0.0667517176306131887,1.3469048321896993e-05,-0.113691546900167667,-3.1734617779452355e-05,1.13590978185477387,0,0,0,0,0,4698.29512926240204,550.390679520928302,466.194081666823251,0.00150959839186922979,1,-0.169727238632513461,4.84888785865304943e-05,0
9.09999636,9.09999635999999335,14722.2731397077441,14722.2106528330969,30.1875315326724873,120.00000793475931,2297.78401273399595,0.76415184997841612,786.573710733329449,0.743118008346167036,784.807549484584229,0.0105983772483222993,52.6812355253339888,785.978452604768108,0.54371122480327061,30.5905023809320369,-2.16366639842416743e-06,0.0079767955551169889,7.6631585556684404e-05,-7.86365482790707861e-06,0.0281251222998146165,0.000677752035878090428,0.0670257601448693979,1.34741056102193308e-05,-0.113560498816356256,-3.173296056616269e-05,1.13809962524386177,0,0,0,0,0,4698.27637581549607,550.390096645987569,466.205054248798945,0.00150974961247437776,1,-0.170515184238388906,4.86893679173101983e-05,0
9.19999632,9.19999631999998435,14719.2364148013294,14719.1739402646308,30.1877474221506361,120.000008107622335,2321.71657271125105,0.780797608617625816,786.087347853477468,0.742649902203015966,784.309217522358495,0.0105943227687952946,52.8428770274697968,785.509019084879014,0.549406624387297371,30.1429518127592111,-1.58736639817292063e-06,0.00780636045113115244,7.66254229659474556e-05,-7.83515235605567413e-06,0.0289184312579989812,0.000685413113850938394,0.0672733848300791915,1.3477284423983299e-05,-0.113456450479703319,-3.17165821246954315e-05,1.1397872666488793,0,0,0,0,0,4698.25762236859009,550.389513771046722,466.215868424072369,0.00150989866130798968,1,-0.171322845950057701,4.88122110422685671e-05,0
9.29999628,9.29999627999997536,14716.2446697577834,14716.1822073720778,30.1879631822991179,120.000008282284838,2345.63479655628771,0.797616592469261199,785.598347335304425,0.742179442649296361,783.809329368932367,0.0105886966183910136,52.9877195024051275,785.036873635707479,0.555087745390748788,29.6911139203441579,-1.03528384363765996e-06,0.00768656732878666548,7.66194442978595093e-05,-7.74404752425267322e-06,0.0296968439667033776,0.000693073966163081827,0.0675001147502317933,1.34785118306673558e-05,-0.113371995744694948,-3.16871819437253684e-05,1.14108052100371671,0,0,0,0,0,4698.23886892168412,550.388930896105876,466.22652242323818,0.00151004551348602107,1,-0.172139103419525819,4.88586267901790569e-05,0
9.39999624,9.39999623999996636,14713.2982792109251,14713.235828787514,30.1881788123756181,120.000008458742286,2369.53860197860649,0.814608363901416554,785.106778350402806,0.741706695927807802,783.307586625585827,0.0105816344425528897,53.1213519648925399,784.562040675457297,0.560754766152465112,29.2359931762775069,-5.1652363833312666e-07,0.00763183055804397912,7.6610914798376983e-05,-7.5932726068512382e-06,0.030466191449277702,0.00070073448066509253,0.0677130413631482075,1.34779557821503664e-05,-0.113296198015617022,-3.16476546864619883e-05,1.14212174841783587,0,0,0,0,0,4698.22011547477814,550.388348021165143,466.237014912037523,0.00151019015012309171,1,-0.17294636766539756,4.88309146092952531e-05,0
9.4999962,9.49999619999995737,14710.3975410945714,14710.3351024323347,30.1883943116449238,120.000008636990316,2393.42790747527715,0.831772501710448142,784.612692970343005,0.741231711901614521,782.803656691580954,0.0105733974179157419,53.2495345394347055,784.084547192616583,0.566407851193596379,28.7781167915795564,-4.0634253271884589e-08,0.0076434593892686295,7.65978693312252367e-05,-7.38665140539183802e-06,0.031233147380837871,0.0007083942979784273,0.0679194940321308088,1.34759448999067119e-05,-0.113216833263671782,-3.16014184270518278e-05,1.14306074666854762,0,0,0,0,0,4698.20136202787216,550.38776514622441,466.247344829351221,0.00151033255610144882,1,-0.173724242948369856,4.87325127656849136e-05,0
9.59999616,9.59999615999994838,14707.5427237451077,14707.4802966613479,30.1886096793793683,120.000008817024494,2417.30263237754571,0.849108577855411495,784.116126770591336,0.740754524759499322,782.297240834129525,0.0105642962980563859,53.3772154895484618,783.604421114366346,0.572047140816586142,28.317560519964367,3.82727878042274003e-07,0.00771058687618264918,7.65792229776475085e-05,-7.1289269545367256e-06,0.0320039414665229185,0.000716052906830770964,0.0681257844390199124,1.34728721138352272e-05,-0.113122656026433191,-3.15517319929829341e-05,1.14402879173145156,0,0,0,0,0,4698.18260858096619,550.387182271283564,466.257511219461321,0.0015104727177598675,1,-0.174453354606940697,4.85680497823792279e-05,0
9.69999612,9.69999611999993938,14704.734106592834,14704.6716908815069,30.1888249148588876,120.000008998840528,2441.16269686109035,0.866616177986368585,783.617102290481853,0.740275156400775569,781.788130520189839,0.0105546168328573553,53.5077739069590734,783.121689963327526,0.577672744343239231,27.8540482751422935,7.44402803271442003e-07,0.00781310352218520833,7.65547352665703654e-05,-6.82575138070986545e-06,0.0327832621345407679,0.000723709740396986673,0.0683362345221236733,1.34690996435960334e-05,-0.113005292166403204,-3.15011157546332639e-05,1.1451181717972081,0,0,0,0,0,4698.16385513406021,550.386599396342717,466.26751308714438,0.00151061062089631127,1,-0.175118672006030207,4.83433506211706346e-05,0
9.79999608,9.79999607999993039,14701.9720081761479,14701.9096036473493,30.1890400173708926,120.000009182434042,2465.00802192976016,0.884294879547504631,783.115634495115955,0.739793621674759372,781.276243460721844,0.0105445590468061234,53.6425976571169372,782.636380076205342,0.583284737302179779,27.3871019061320808,1.03647685025491524e-06,0.00792591556146221912,7.65248470132771311e-05,-6.48361479890421419e-06,0.0335735198596781026,0.000731364257933341758,0.0685526294946849218,1.34648812801738437e-05,-0.112860472005635246,-3.1450964352896046e-05,1.14637022316876513,0,0,0,0,0,4698.14510168715424,550.386016521401984,466.277349297908358,0.00151074624939225325,1,-0.175711801773436094,4.80653688249795718e-05,0
9.89999604,9.89999603999992139,14699.2567978538573,14699.1944043066378,30.1892549862098178,120.000009367800843,2488.83852936755238,0.902144277779541981,782.6117371203311,0.739309934407752833,780.761635080610631,0.0105341996349012645,53.7810389801492192,782.148516510139302,0.588883162273724614,26.9162110281466482,1.25303358682118677e-06,0.00802368218072627842,7.64904285568822502e-05,-6.10970252784437039e-06,0.0343745655297965913,0.000739016000278751631,0.0687741522200689959,1.34603138894653044e-05,-0.112688458543763179,-3.14014012462797862e-05,1.14777314748141035,0,0,0,0,0,4698.12634824024826,550.385433646461252,466.287018536283995,0.00151087958463702403,1,-0.17623194927654276,4.77420303902630376e-05,0
9.999996,9.9999959999999124,14696.5888908989727,14696.5265081358939,30.1894698206768766,120.000009554936568,2512.65414170717986,0.920163951506042466,782.105428732353062,0.73882411311309204,780.244485595847095,0.0105234821319171723,53.9207217973378192,781.658123604813454,0.594468032588286954,26.4409920951946944,1.39076716847845482e-06,0.00808518003376982458,7.64524902271707259e-05,-5.71168373584107562e-06,0.0351838721200535762,0.000746664613648772711,0.0689977679719777914,1.34553242384358736e-05,-0.112493670559441247,-3.13513803586207849e-05,1.1492691009030982,0,0,0,0,0,4698.10759479334229,550.384850771520405,466.296519323295911,0.00151101060576810053,1,-0.176685500555030656,4.73819916841441104e-05,0
10.09999596,10.0999959599999034,14693.9687293358147,14693.9063571517254,30.1896845200700881,120.000009744055404,2536.45478112924548,0.938374526292476863,781.596570166496008,0.738336027372745174,779.724899899407092,0.157034063420159908,54.0578792887103532,781.165056292391682,0.603064020014239754,25.961310396872431,0.0754960445214045289,0.00809957462983357593,0.000879100218798836643,0.00318224776307223607,0.0359971009733602923,0.000791197580537638572,0.0692186657660938676,0.000200914474897449552,-0.112433904490469444,-0.000511626860628278004,1.15077503736288356,0,0,0,0,0,4698.08884134643631,550.384267896579559,466.305850084704275,0.00151113929061178409,1,-0.177084438301346292,0.400000000000000022,0
10.19999592,10.1999959199998944,14691.3967493325472,14691.334387522531,30.1898990835145931,120.000009938502174,2560.24035064887812,0.957098114291503155,781.084014684705039,0.737844594955813116,779.201991052134758,0.686561084365869156,54.1850880800508321,780.668135066292962,0.631449429675629559,25.4774833865239358,0.15125608190222517,0.00808050459257460621,0.00166062946575902819,0.0142696192815459904,0.0368090109512073313,0.000919894617515479383,0.0694274402228383658,0.000878985051372333458,-0.112842778346619002,-0.00384864280159486968,1.15214292344983127,0,0,0,0,0,4698.07008789953034,550.383685021638826,466.315009267124708,0.00151126561728461982,1,-0.177443699732272919,0.400000000000000022,0
10.29999588,10.2999958799998854,14688.8733092136681,14688.8109575747385,30.1901135097445739,120.000010147607668,2584.01070994162956,0.977233284529521518,780.56635914853382,0.737348491244030124,778.674536514996817,1.56716564600476005,54.2895128859225906,780.165885854773251,0.698925985153890927,24.9908600352654737,0.219340200633952209,0.00806309143730859178,0.00290114686211897371,0.0325903032368485071,0.0376144044366686636,0.00115563981871975104,0.0696077758517326395,0.0020077302595821237,-0.113701256238632989,-0.00967530859039369452,1.15308195749425701,0,0,0,0,0,4698.05133445262436,550.383102146698093,466.32399559438602,0.00151138956772987844,1,-0.177778396815547579,0.400000000000000022,0
10.39999584,10.3999958399998764,14686.3985579386353,14686.3362162668509,30.1903277971207729,120.000010386729272,2607.76567728625014,1.00025896929416214,780.042513628705819,0.736846686938599227,778.141511901413423,2.72150076042227695,54.3571886467953505,779.657091881979568,0.824376576044236309,24.5043373626965959,0.279377669073519075,0.0081124858633213788,0.00499193638828772206,0.0573586211045542527,0.0384077752997642047,0.0015692732262786906,0.0697418521521072504,0.00348892045517420557,-0.114925408353277608,-0.0171446159914919738,1.1532659579189668,0,0,0,0,0,4698.03258100571838,550.382519271757246,466.332808535896788,0.00151151113417986307,1,-0.178104954850088704,0.400000000000000022,0
10.4999958,10.4999957999998674,14683.9722689315677,14683.9099370152981,30.1905419437195661,120.000010677152588,2631.50503943543117,1.02822498356587166,779.511830653740503,0.736338569669049203,777.602223947165157,4.04738078305899762,54.3791701882764187,779.140910854501044,1.02639266361180237,24.0225244315430047,0.331471479655434831,0.00832403839379446987,0.00812219135363139756,0.0877749817673916244,0.0391820496381208722,0.00226094679240025197,0.0698181939899642362,0.00519222263169101354,-0.11639855546595676,-0.0253387338041150198,1.15246470761050435,0,0,0,0,0,4698.01382755881241,550.3819363968164,466.34144889840303,0.00151163032732273437,1,-0.178445043731966707,0.400000000000000022,0
10.59999576,10.5999957599998584,14681.5936760976911,14681.5313537382099,30.1907559474402696,120.000011045975413,2655.22856351303335,1.06374084624845855,778.974125816514061,0.735823962980485025,777.056310696044534,5.43585239886632365,54.3565102609817359,778.616891033495108,1.32308731889873865,23.5515419640268888,0.376148306036043933,0.00881008446178086629,0.0122918080440706356,0.123070774531143914,0.0399274261379604645,0.00334075772433669064,0.0698380654783460064,0.0069782760898542814,-0.117992726456249614,-0.0334020802899628322,1.15065090681879667,0,0,0,0,0,4697.99507411190643,550.381353521875667,466.349919409958375,0.00151174718436459057,1,-0.178829274197062127,0.400000000000000022,0
10.69999572,10.6999957199998494,14679.2613447196782,14679.1990317256223,30.190969806104281,120.000011525906487,2678.93600801037474,1.10995639317694206,778.429605270838465,0.735303057469520072,776.503591659679842,6.7871106354543187,54.3024643174937296,778.084897975803642,1.73176790463406682,23.0985472275062982,0.414257633225751543,0.00967983469786038407,0.0173463406431259536,0.162545770682439111,0.0406309014210260097,0.00491197685929463043,0.0698183522993728045,0.00871908851588505326,-0.119586432680252416,-0.0406445095681586335,1.14804957172491884,0,0,0,0,0,4697.97632066500046,550.380770646934934,466.358225179683416,0.00151186177538029922,1,-0.179298859043056896,0.400000000000000022,0
10.79999568,10.7999956799998404,14676.9730972275138,14676.9107934076728,30.1911835175244718,120.000012154956963,2702.62713046908902,1.17053205945776395,777.878730884355491,0.734776283191494128,775.943822630913473,8.02252310965772608,54.2415265837540232,777.544977979780015,2.26860580129077327,22.6711404300033408,0.446842021005429524,0.0110193893757434911,0.0230262321687706821,0.205594023982287294,0.041276586881492057,0.00705858156672457739,0.069790404473479159,0.010313516769421719,-0.121077694427645322,-0.0466058005203207268,1.14512081713295522,0,0,0,0,0,4697.95756721809448,550.380187771994088,466.366373962112334,0.00151197420696978346,1,-0.179904868128324791,0.400000000000000022,0
10.89999564,10.8999956399998315,14674.7259970828891,14674.6637022649847,30.1913970795322193,120.000012976040281,2726.30169048341622,1.24960034213650628,777.322059028305262,0.734244157337107239,775.376453019180985,9.09174338011500538,54.2059015025857889,776.997190197412237,2.94839681531409603,22.276822788503317,0.47500090097400649,0.0128773511799345607,0.0290215616739440442,0.251716480035026391,0.0418465513340524967,0.00983791711656711344,0.0697955847419841208,0.0116965041478145747,-0.122392288557456264,-0.0510784839190125406,1.14248776706544697,0,0,0,0,0,4697.93881377118851,550.379604897053241,466.374376214585652,0.00151208462305934817,1,-0.180705838661684437,0.400000000000000022,0
10.9999956,10.9999955999998225,14672.5163788497448,14672.4540928771257,30.1916104899576645,120.000014036512027,2749.95944751055549,1.35172148278821758,776.760088732336385,0.733707140893042453,774.800470730128154,9.96995369916102447,54.2315962062299377,776.441442117013253,3.78437982148821561,21.9226111603259852,0.49558894779735313,0.0152541140704207552,0.0349771214572260833,0.300416227898831767,0.042322100115408795,0.0132772554977685434,0.0698803032480722619,0.0128356588015233839,-0.123482488657467346,-0.0540859083036576635,1.14085030157879097,0,0,0,0,0,4697.92006032428253,550.379022022112508,466.382244990167123,0.00151219320343311345,1,-0.181763996647269499,0.350833916056944806,0
11.09999556,11.0999955599998135,14670.3399251066148,14670.2776478364958,30.1918237465726165,120.000015387552324,2773.60015454080167,1.48182398762736445,776.193107369274458,0.733165493107644228,774.214354335068492,10.6266991354362688,54.3594217646580091,775.877336973899787,4.78723164784434374,21.6143542815784429,0.502901242390669578,0.0180689604508436734,0.0405746172993617302,0.350589920739584393,0.0426863231139623447,0.0173696968759160138,0.0700973291859788433,0.013691220698498827,-0.12440819608613457,-0.0556249196929303191,1.14101676248612893,0,0,0,0,0,4697.90130687737656,550.378439147171775,466.389995663749801,0.00151230015996153193,1,-0.183137534793905155,0.294505141371998846,0
11.19999552,11.1999955199998045,14668.1918299123645,14668.1295612183167,30.1920368468652676,120.000017083167265,2797.22353312455607,1.64510846152321188,775.620058739382102,0.732618202804346863,773.615282635857056,11.0392292163912487,54.6260506483274071,775.303056666069779,5.96413415557455551,21.3559112871831189,0.498097701185200581,0.0211747521301681313,0.0456105336189422533,0.400956153104963131,0.0429233407784132756,0.0220828063287355492,0.070494384724330228,0.0142332599994753704,-0.125500979709670973,-0.0556522476823399226,1.14373605981358706,0,0,0,0,0,4697.88255343047058,550.377856272230929,466.397645349931963,0.0015124057285746046,1,-0.184882704585305035,0.23693758104623136,0
11.29999548,11.2999954799997955,14666.0670035257936,14666.0047433187356,30.1922497877578486,120.000019179110609,2820.82924207230417,1.84694376460730414,775.039791570511511,0.732064168282924421,773.000636352542188,11.2035113021753432,55.0561172870797009,774.716609514934021,7.31900435782307923,21.1491284585761647,0.482604479986995294,0.0243878943044993773,0.049910676692983616,0.450364911168063375,0.0430193162831208065,0.0273624206602524657,0.0711038258167387277,0.0144559048956203091,-0.126571738285840341,-0.0542410792783950685,1.14946821917753716,0,0,0,0,0,4697.8637999835646,550.377273397290082,466.405212173981624,0.00151251015920481394,1,-0.18705059338526081,0.179521050986086728,0
11.39999544,11.3999954399997865,14663.9603033997118,14663.8980516093452,30.1924625656301444,120.000021731646228,2844.41688006064305,2.09274783482945281,774.45112782827789,0.731502262493269662,772.368362938687028,11.1230354939602591,55.6591358835570418,774.115966755252657,8.85015548389851148,20.9927167603970126,0.457532355534503443,0.0275169896712454398,0.0535738919510356376,0.497802503449785716,0.0429622408843883252,0.0331396390365397697,0.0719385858184730387,0.0143629695161363539,-0.127609865610507439,-0.0533267985876953385,1.15836703062974977,0,0,0,0,0,4697.84504653665863,550.37669052234935,466.412714449232055,0.00151261370443550808,1,-0.189687497684135536,0.123503147224862872,0
11.4999954,11.4999953999997775,14661.8668655715883,14661.8046221303593,30.1926751762948733,120.000024795684666,2867.98598290440486,2.38780823939111286,773.85284135748293,0.730931313788289683,771.717243719299631,10.7815021789206469,56.4311530460130086,773.499012235108694,10.5531903119839079,20.8836855607307683,0.424039964885056353,0.0304034873236145135,0.0567855177914175918,0.542348167511182977,0.0427296880778876148,0.039360609437263161,0.072994212893339433,0.0139326890434681785,-0.128628850872494233,-0.050909155699041371,1.17026026628527968,0,0,0,0,0,4697.82629308975265,550.376107647408503,466.420169496949882,0.00151271660321101206,1,-0.192871736196413124,0.0700391296209179753,0
11.59999536,11.5999953599997685,14659.7820171006024,14659.7197819818139,30.1928876149697203,120.000028425328907,2891.53602045334492,2.73733473323860643,773.243823562583771,0.730350262169206288,771.046419698317777,10.1787013740154464,57.3569820198754883,772.863574333218025,12.4260371967857814,20.8206567175710013,0.384268243269236753,0.032931968227467627,0.0592596963996380524,0.583252869008716202,0.0423081233649435229,0.0459568827055900631,0.0742517346031050379,0.0131640176745683596,-0.129615406879258127,-0.0464883608888948877,1.18475558114569046,0,0,0,0,0,4697.80753964284668,550.375524772467656,466.427593958158411,0.00151281908513640952,1,-0.196655868662010985,0.0200947696709242868,0
11.69999532,11.6999953199997595,14657.7012519016862,14657.6390250829154,30.1930998762930791,120.00003267362348,2915.06639834208772,3.14643509932691456,772.623150013350823,0.729758222123308653,770.355335694989662,9.34289556009412081,58.4114629620404742,772.207625646675524,14.4640138920263723,20.8016136827829108,0.340324709858483954,0.0350275428852746123,0.0607226901677104247,0.619980685112185403,0.0417087083317281213,0.0528315398617849666,0.0756792397136184236,0.0120927301649889213,-0.130548543232362341,-0.0402618615785782438,1.20132855955283135,0,0,0,0,0,4697.7887861959407,550.37494189752681,466.435003879695557,0.00151292137166244862,1,-0.201018291719137626,-0.0256074052732893492,0
11.79999528,11.7999952799997505,14655.620311178267,14655.5580926557795,30.1933119543781316,120.000037591693996,2938.57646398165707,3.62003228794108001,771.990129573125614,0.729154529242864835,769.643952574962668,8.32775209580452724,59.5616904406743402,771.52938697994523,16.6596556728955107,20.8235697598040268,0.294126791228451145,0.0366519182009589356,0.0609557685879229955,0.652198104598549544,0.0409701636806888356,0.0598667605279070772,0.0772346884674386946,0.0107875907976830547,-0.131407837942221412,-0.0326240842211724738,1.21938238349701211,0,0,0,0,0,4697.77003274903473,550.374359022586077,466.442414427779909,0.00151302367212882791,1,-0.205853258905767666,-0.0665794342456563631,0
11.89999524,11.8999952399997415,14653.5352972857654,14653.473087083823,30.1935238428946278,120.000043227865248,2962.06551562428876,4.16277949341309661,771.344339707865288,0.728538773881523549,768.912992399352333,7.20642778748543833,60.7697944490512043,770.827424712499123,19.0027315427227492,20.8822389693715351,0.24729076761277094,0.0377942950334351144,0.0598252260767963839,0.67975036843756631,0.0401563379863143499,0.0669331001758391997,0.0788694414692378831,0.00934282169073130664,-0.132177026546185711,-0.0241232930144721844,1.23830119177541165,0,0,0,0,0,4697.75127930212875,550.373776147645344,466.449839482524226,0.00151312617816288489,1,-0.210976774491755947,-0.102543322235423978,0
11.9999952,11.9999951999997325,14651.4428164362907,14651.380614584039,30.1937355351754775,120.000049626810522,2985.5328141843479,4.77897823711561109,770.685644792928883,0.727910818829008321,768.164123902182837,6.06342255032944877,61.9957800697796131,770.100732332094822,21.4804229393760409,20.9718044480928505,0.201061914974857675,0.0384596646000317233,0.0573032920366030457,0.702628445149087177,0.0393490477374872499,0.0738988714407723402,0.0805318785761002798,0.00786765024881093747,-0.132847789090133755,-0.0154008187428739656,1.25748888926766478,0,0,0,0,0,4697.73252585522278,550.373193272704498,466.457291129740952,0.00151322905665872182,1,-0.216146918516772368,-0.133394612530747081,0
12.09999516,12.0999951599997235,14649.3401361294091,14649.277942673456,30.1939470243430819,120.000056828777957,3008.97759723836043,5.4725038713934735,770.014199494806007,0.727270802926938686,767.400012793050564,4.98506867786434782,63.1999753095660992,769.348792093946486,24.0776220909945877,21.0848675987310337,0.156290906265848517,0.0386576986786391352,0.053476981183354963,0.720930896702931978,0.0386375750088883835,0.080638537082890871,0.0821705345063932779,0.00647404100427556844,-0.13342177134998498,-0.00711896184554385806,1.2763881093240248,0,0,0,0,0,4697.7137724083168,550.372610397763651,466.464779100304611,0.00151333244203015731,1,-0.221094651137541565,-0.159159100123831027,0
12.19999512,12.1999951199997145,14647.225336804986,14647.1631518018439,30.1941583034498784,120.000064868921214,3032.39909460649142,6.24674112905211487,769.330443084045896,0.726619136100299823,766.624206009622867,4.04958786330627163,64.3448385975672466,768.571625336687021,26.777167758860088,21.2125121103297474,0.113437478453641619,0.0383952842307614534,0.0485534352522222212,0.734825214465672949,0.0381067094745908067,0.0870395531535573669,0.0837364342344591867,0.00526380647033699179,-0.133907832489927825,-0.000245933255826065184,1.29447988593135399,0,0,0,0,0,4697.69501896141082,550.372027522822918,466.4723102300905,0.0015134364287454371,1,-0.225559561599442543,-0.179948132927653714,0
12.29999508,12.2999950799997055,14645.0976295024157,14645.0354529976667,30.1943693656665921,120.000073776066458,3055.79654922241662,7.10446539182044567,768.635105903370913,0.725956506326445039,765.8409643726593,3.29383031621748046,65.396437194156448,767.770146068275153,29.5553704652101388,21.3403118545703521,0.0716772055183454299,0.0376772203898692801,0.0433792752821845276,0.74447691066188515,0.0378117509936638438,0.0930225175473849558,0.0851850199198499608,0.00428531090005816566,-0.13429712086867418,0.00231871093238851435,1.31123867257840021,0,0,0,0,0,4697.67626551450485,550.371444647882186,466.479887328737334,0.00151354105569612846,1,-0.2293654702020545,-0.195874221238636875,0
12.39999504,12.3999950399996965,14642.9576376974583,14642.8954697511836,30.1945802045048417,120.000083571514807,3079.16924181035893,8.04772737600808341,767.929293723070941,0.725283960060845945,765.054868346494459,2.68888131578631828,66.3266047270037404,766.94578984555119,32.3907619437827563,21.4567969860229475,0.0307735726762667257,0.0365295022233413438,0.0385094087303767194,0.749970311281254465,0.0377472946702531939,0.0985698849301100272,0.0864789980552097964,0.00350147706593123727,-0.134586651685277392,0.00388545278142771221,1.32606282395184816,0,0,0,0,0,4697.65751206759887,550.370861772941339,466.487508175977837,0.00151364629232255766,1,-0.232516528618324059,-0.206954735032468973,0
12.499995,12.4999949999996876,14640.8068869449198,14640.7447276017228,30.1947908139277992,120.000094270355149,3102.51650315031793,9.07797956063729039,767.214495700071438,0.724602908309289306,764.27016996967734,2.19265035512532336,67.1146928120477924,766.100461825340972,35.2643504244291677,21.5543590129075611,-0.00870740600603531374,0.0350158136605640408,0.0340647949116836685,0.751417123278566912,0.0378862909123973621,0.103684202172458592,0.0875907106966053867,0.00285794044857163579,-0.134759159903728915,0.00486076288635602267,1.33843304418292752,0,0,0,0,0,4697.6387586206929,550.370278898000493,466.495167339096724,0.00151375206369471545,1,-0.235082307890542491,-0.213241767351690564,0
12.59999496,12.5999949599996786,14638.6475823968649,14638.5854316934419,30.1950011884947997,120.000105881688128,3125.83773010952018,10.1960977635920607,766.492481852149353,0.723915029154814871,763.490470264204077,1.76485769857652031,67.7488880271526455,765.236575299535389,38.1573228722023927,21.6270032813684807,-0.0460785312963837984,0.0332321129337209906,0.0300787330667856741,0.748991636009636141,0.0381961044240646322,0.108376194227412598,0.0885039265232969163,0.00230251346201310091,-0.134805913610477335,0.00558421822290290377,1.34800237108466692,0,0,0,0,0,4697.62000517378692,550.36969602305976,466.502856965220474,0.00151385826144247258,1,-0.237150258996323665,-0.214865453971773313,0
12.69999492,12.6999949199996696,14636.4824529848993,14636.42031094708,30.1952113234813098,120.000118408745521,3149.13239894703293,11.4023926428498648,765.765169501958098,0.723222141170385746,762.718504456491132,1.37355311630403776,68.2267625924958168,764.356902458361446,41.0514584737609525,21.6702155918746406,-0.08060403575183063,0.0312945511119366512,0.0265211821210249062,0.742939573761208116,0.0386458764334118784,0.112662095056537931,0.0892146378397571799,0.00179370113390547891,-0.134726507322617456,0.00629190704250652457,1.35463209734905621,0,0,0,0,0,4697.60125172688095,550.369113148119027,466.51056733620652,0.00151396475141033502,1,-0.238803769663474719,-0.21204596319311414,0
12.79999488,12.7999948799996606,14634.3146149031818,14634.2524815427514,30.195421214954159,120.000131849151714,3172.40007364293251,12.6966348821162676,765.034480170399661,0.722526067873558664,761.956023789575056,0.998771760144478549,68.5549131379014511,763.464401532638249,43.9296014207754126,21.680718646197807,-0.111577522322274844,0.0293241908550322013,0.023326296377118947,0.733579385162995479,0.0392114383219682727,0.116561779431699528,0.0897306669787755473,0.00130552552826027329,-0.134527560403832847,0.00710409956037584122,1.35839982229382161,0,0,0,0,0,4697.58249827997497,550.36853027317818,466.518287354800123,0.00151407138036526953,1,-0.240107257575304794,-0.20509649976046046,0
12.89999484,12.8999948399996516,14632.1474623009562,14632.0853376159885,30.1956308597980083,120.000146195335176,3195.64040884160841,14.0780948201544192,764.302204344587722,0.721828509702265309,761.20378963855137,0.633352474365807439,68.7477204752805164,762.562038932375117,46.7761281367206436,21.6561811460866913,-0.138392181367180317,0.027431247631805062,0.0204182187449841873,0.721296018154989782,0.0398774478032303675,0.120097397038602921,0.0900701134408584542,0.000828667696170107401,-0.134221121611261041,0.00803418862236162171,1.35957936019052861,0,0,0,0,0,4697.56374483306899,550.367947398237334,466.526004933894569,0.00151417798136832017,1,-0.241099415964078967,-0.194417228414873022,0
12.9999948,12.9999947999996426,14629.9845870584249,14629.9224710314156,30.1958402556946304,120.000161435078581,3218.85314755407671,15.5455954302061219,763.569889413035639,0.721130937958726959,760.461680136978885,0.28140404761589366,68.8253577777888381,761.652625408426275,49.5773430825201018,21.5949364334697265,-0.160593889138493262,0.025701464613685391,0.0177314373175199158,0.706528393268566535,0.0406369507604710523,0.123292320416558798,0.090258798397224671,0.000368537389815426952,-0.133823291383904086,0.00901292897467335756,1.35859607521387016,0,0,0,0,0,4697.54499138616302,550.367364523296601,466.533707282220917,0.00151428437771737633,1,-0.241794135755135503,-0.180481434634160026,0
13.09999476,13.0999947599996336,14627.8297241702676,14627.7676167680856,30.1960494010609395,120.000177552175259,3242.03811428279687,17.0975755388268773,762.838743381628774,0.720434503734289078,759.728870375866791,-0.0448062934349024999,68.811262987013265,760.738664255076515,52.3217497117776347,21.4957581527787411,-0.177912254612665049,0.0241868040427781934,0.0152236946619458621,0.68975254151675669,0.0414889683351624336,0.126170345164392295,0.0903269849463409491,-5.87362582844724312e-05,-0.133399743025799294,0.00992066080958695605,1.35596865082933582,0,0,0,0,0,4697.52623793925704,550.366781648355868,466.541381098845932,0.00151439038563155838,1,-0.242187419837272905,-0.163816178151461794,0
13.19999472,13.1999947199996246,14625.6867165565491,14625.6246177266112,30.1962582947952995,120.00019452713498,3265.19518689949155,18.7321577938127923,762.108162363467159,0.719738647178650992,759.002651607281223,-0.328674552590740632,68.7293093750784294,759.820829468501529,55.0000646717685555,21.3576949346250728,-0.190269003946893445,0.0229038028248550393,0.0128811606630436053,0.671462677223053306,0.0424349933823328154,0.128755215793464745,0.090305844213526984,-0.00043127023040933054,-0.133583507492235909,0.0106207276501143043,1.35228034105978834,0,0,0,0,0,4697.50748449235107,550.366198773415022,466.549012698485342,0.00151449581598086906,1,-0.242267714769037024,-0.144980103276639738,0
13.29999468,13.2999946799996156,14623.5594871863723,14623.497396866589,30.1964669359486706,120.000212337894823,3288.32426019800505,20.4472171211880429,761.378141276443216,0.71904337414807884,758.281084321060348,-0.553016291016206196,68.6014966850603685,758.900323257420382,57.6053453938297793,21.1801217043637564,-0.19776662537796566,0.0218328609642530237,0.0107169478048802849,0.652152373119023965,0.0434752899480749799,0.131070531757706471,0.0902241257087877946,-0.000726335981637621494,-0.133594780372884303,0.010987502315355082,1.34794232086553878,0,0,0,0,0,4697.48873104544509,550.365615898474175,466.556588110776033,0.00151460047565677228,1,-0.242027012323834695,-0.124540991289283171,0
13.39999464,13.3999946399996066,14621.4520021080971,14621.3899202157409,30.1966753240460122,120.000230960556678,3311.42528151290435,22.2404517456566175,760.649420676458703,0.718349394747748171,757.563359251838619,-0.70318401420132659,68.4456238684700224,757.9789835323528,60.1328711632628554,20.9628124152291235,-0.200662446571576059,0.0209256621163812044,0.00876481788619790092,0.632297581809442621,0.0446054545901007279,0.13313978518722,0.0901050556688901272,-0.000924452310414225877,-0.133420651449462663,0.0109269167724767753,1.34333327586027873,0,0,0,0,0,4697.46997759853912,550.365033023533442,466.564093211931436,0.00151470416939087564,1,-0.241471352244629595,-0.103055171043822363,0
13.4999946,13.4999945999995976,14619.3682242818177,14619.3061507172679,30.1968834590778492,120.000250370039794,3334.4982497917058,24.1094460296685362,759.92259237837402,0.717657278541276145,756.849019355126984,-0.76920604854868202,68.2738356202871444,757.058364849233385,62.5798406671768461,20.7060899482306979,-0.199333907471065053,0.0201190717369397337,0.00707042361131005569,0.612342721273029467,0.0458142677439833598,0.1349868467612306,0.0899644981522634696,-0.00101221649101619995,-0.133058976796607664,0.010388200779225757,1.33868927202427601,0,0,0,0,0,4697.45122415163314,550.364450148592709,466.571513889151674,0.00151480670202695832,1,-0.240627598069394655,-0.0810503010725074913,0
13.59999456,13.5999945599995886,14617.3120477981865,14617.2499824444294,30.1970913414255584,120.000270540644308,3357.5432073105685,26.0517247398235305,759.198140125927694,0.71696749278478078,756.138012262245979,-0.746876615100859453,68.0923237824137857,756.139762005206876,64.9450962217616308,20.4110451011891456,-0.194240780037882282,0.0193493299909595247,0.00568209274639871857,0.592690435760153123,0.0470831126614567261,0.136636728312185179,0.0898105216145379942,-0.000983770502188973913,-0.132520108813419552,0.00936682286035293681,1.33409540627681444,0,0,0,0,0,4697.43247070472717,550.363867273651863,466.57883627488161,0.00151490788175908937,1,-0.239545584568960052,-0.0590123262248822278,0
13.69999452,13.6999945199995796,14615.2872107513249,14615.2251534700408,30.1972989717936571,120.000291446529189,3380.56023216661288,28.0647990705225681,758.476475924143642,0.7162804365056199,755.430650278754797,-0.637903441724631648,67.9020635100644938,755.224237326820912,67.228863531405807,20.0797358724084205,-0.185888970523386349,0.0185654002081059241,0.00464265284119952295,0.573695107790541226,0.0483869599431244468,0.138116409366220022,0.0896443327559658942,-0.000841032698014021062,-0.131826262410780326,0.0079006852965549882,1.32950425427816876,0,0,0,0,0,4697.41371725782119,550.363284398711016,466.58604705708575,0.00151500752442139158,1,-0.23829556491199419,-0.0373767748597195609,0
13.79999448,13.7999944799995706,14613.2971915602684,14613.2351422167776,30.1975063511492898,120.000313062114643,3403.54943156840955,30.1462053938393524,757.75796629985598,0.715596465024221695,754.727493391356802,-0.449322489692605131,67.7004011760140259,754.312643720503843,69.4325402867285391,19.7153078497303582,-0.174799130075558778,0.0177391198009550777,0.00398319259319983732,0.555659792631994942,0.049696670592005214,0.139455518087974323,0.089462344603449942,-0.000592963104323859075,-0.1310090726430162,0.00606178002294185773,1.32477646780640579,0,0,0,0,0,4697.39496381091521,550.362701523770284,466.593133848465527,0.00151510545859376744,1,-0.236961623952588268,-0.0165240739867671543,0
13.89999444,13.8999944399995616,14611.3450993075967,14611.2830577266286,30.1977134806667706,120.000335362427833,3426.51093569504883,32.2935385502551142,757.042944229641535,0.714915900925051195,754.029180830392079,-0.192423411041801273,67.4831596575247374,753.405637312496424,71.5585479306791967,19.3219898480438488,-0.161481901834609531,0.0168704851797912281,0.00371910733441716294,0.538835985660306549,0.0509821526619852333,0.140686674508387899,0.089258943489863532,-0.000254177671927937514,-0.130106000967639746,0.00394543500347250328,1.31973499083178969,0,0,0,0,0,4697.37621036400924,550.362118648829551,466.600085576983588,0.00151520153100366756,1,-0.23563239309910472,0.00322176327636781654,0
13.9999944,13.9999943999995526,14609.4335717335343,14609.3715377577082,30.1979203616688601,120.000358323410609,3449.44489117875537,34.5044814798187076,756.331543725407073,0.714238877577045961,753.33608276584016,0.118586129480974023,67.2468317053405258,752.50351615132854,73.6102268059910188,18.9049391301552063,-0.146420440648417582,0.0159875558200262557,0.00384837754862172362,0.523425507200744211,0.0522157858685183898,0.141845363021264159,0.0890294091466291015,0.000156791199508537766,-0.129377444278290676,0.00165887861131942967,1.31424162057879079,0,0,0,0,0,4697.35745691710326,550.361535773888704,466.606892849125302,0.00151529561155257014,1,-0.234390789605549876,0.0215918879925823884,0
14.09999436,14.0999943599995436,14607.564697586,14607.5026710293787,30.1981269952970628,120.000381922175038,3472.35142455957066,36.7768298282043489,755.622047305444539,0.713563778387514613,752.646491733837706,0.467989442794220167,66.9904309636763458,751.604581798170216,75.5916199070234711,18.4699213290434514,-0.130059969960776567,0.0151432525881950546,0.00435180518785280388,0.50958377596855553,0.0533756195257072963,0.142969344623291084,0.0887725710940265311,0.000619343326974274651,-0.129259791104184646,-0.000690016575044902214,1.30823731847136471,0,0,0,0,0,4697.33870347019729,550.360952898947858,466.613548226425564,0.00151538759714489471,1,-0.233304256109320901,0.038369644307740064,0
14.19999432,14.1999943199995347,14605.7399714402854,14605.6779521192602,30.1983333822955373,120.000406137256775,3495.2306183291339,39.1085163430978326,754.913895865758491,0.712890079068529969,751.959517759707978,0.83989792937396146,66.7170772236977427,750.708141077280175,77.5077345796546382,18.0229900915845533,-0.112803464315915189,0.0144013961729642249,0.00519480176928583358,0.497423796710671384,0.054447711193271936,0.144097574516246274,0.0884925747772310201,0.00111257470189345684,-0.129219652571126026,-0.00300124554472719178,1.30168843647206511,0,0,0,0,0,4697.31995002329131,550.360370024007011,466.620046386365743,0.00151547741391942054,1,-0.232417419880407067,0.0533866664565083165,0
14.29999428,14.2999942799995257,14603.9602879397571,14603.8982756562636,30.1985395233044258,120.000430948920339,3518.08254344879515,41.4976402689212946,754.207016471870134,0.712217712805257697,751.274412101477424,1.21942042917962112,66.4341360355963104,749.813844132179042,79.3644607709426566,17.5700088122224827,-0.0950121163400134972,0.0138255489637525569,0.00633031315893829456,0.487020307628172833,0.0554269882132846781,0.145268597315198034,0.0881991716610796145,0.00161682526658287547,-0.129244723436165221,-0.00518984916083860097,1.29472591223033051,0,0,0,0,0,4697.30119657638534,550.359787149066278,466.626384142885399,0.00151556501754040334,1,-0.231749086967122625,0.0665187016510438711,0
14.39999424,14.3999942399995167,14602.2259832657874,14602.1639778371209,30.198745418845391,120.000456339416772,3540.90725774375414,43.942492155744354,753.501299527267975,0.711546576639890405,750.59009984965337,1.59359365080365478,66.15263302579217,748.921174296950994,81.1684551878881848,17.1162192486910385,-0.0770092439829238168,0.0134683828061232143,0.00770254598556146305,0.478413694199200934,0.0563169374075723345,0.146518847467651453,0.087907026519689041,0.00211491982800536809,-0.129319224486361489,-0.00719096334419694078,1.28758347752102309,0,0,0,0,0,4697.28244312947936,550.359204274125432,466.632560298703027,0.00151565039116331583,1,-0.231292714578929692,0.0776816325126188506,0
14.4999942,14.4999941999995077,14600.5369148291647,14600.4749160551219,30.1989510692726704,120.000482293209657,3563.70480048118588,46.4415756218325271,752.79656433209891,0.7108764991726787,749.905256040794711,1.9520204477244647,65.8859912938522712,748.029426382639599,82.927028173359588,16.6659093423106768,-0.0590861080888273188,0.0133623599480496725,0.00925109873125235481,0.471613408054285532,0.0571281282327570569,0.147880992202534006,0.0876340606660676869,0.00259302808715062508,-0.129425782539846768,-0.00896221934935772721,1.28056704426870249,0,0,0,0,0,4697.26368968257339,550.358621399184585,466.638575361522612,0.00151573354151796785,1,-0.23102040964213183,0.0868280206355116768,0
14.59999416,14.5999941599994987,14598.8925678804517,14598.830575580303,30.1991564747197501,120.000508797157806,3586.47518645819309,48.9936249423029579,752.092536833193776,0.710207219848140392,749.218429791385802,2.28718943467700342,65.6482839502234583,747.137699663995818,84.6479856700830311,16.2222138741729864,-0.0415081830563187731,0.0135139912903340584,0.0109151189141230686,0.466600782550152082,0.0578758466651835626,0.149382494992624154,0.0873991379530210527,0.00304110577902602349,-0.129547377639930988,-0.010483676151938218,1.2740111445862139,0,0,0,0,0,4697.24493623566741,550.358038524243852,466.644431164377693,0.00151581449366492414,1,-0.230889679363959544,0.0939443127126088351,0
14.69999412,14.6999941199994897,14597.2921743132174,14597.2301882904831,30.199361635047012,120.000535840641916,3609.21840019284627,51.5976172433317046,751.388843947743112,0.709538383923734473,748.528193697746929,2.5944753058612946,65.4523242261224993,746.244910001917674,86.3394316497994936,15.787072171418977,-0.0245206065938123469,0.0139024585537475785,0.0126371204940221252,0.463331271497059216,0.0585772596248117922,0.151044549415287971,0.0872195194916146194,0.00345291320499687381,-0.129669032187304883,-0.0117555043703311147,1.26823048469862831,0,0,0,0,0,4697.22618278876143,550.35745564930312,466.650130442552893,0.00151589328514997995,1,-0.230851715607445218,0.0990486894384301486,0
14.79999408,14.7999940799994807,14595.7348277233541,14595.6728478077366,30.1995665497951791,120.000563415623674,3631.93439077038647,54.2527781908480122,750.68502562897811,0.708869554180248107,747.833293608661165,2.8718478759087418,65.3079257347767452,745.349822155954371,88.0095422345380882,15.3613408052034757,-0.00835182426443839901,0.0144826130215926756,0.0143661261951782207,0.461736246954673635,0.0592485763758533873,0.1528814781496107,0.087108529965442924,0.00382564562107818792,-0.129779017144460829,-0.012793844203760547,1.2634750061468587,0,0,0,0,0,4697.20742934185546,550.356872774362273,466.655676423838713,0.0015159699603413089,1,-0.230859833190721786,0.102189404198904044,0
14.89999404,14.8999940399994717,14594.2195805981755,14594.1576066016969,30.1997712181504454,120.000591516630763,3654.62306797141355,56.9585805443433841,749.980562686281814,0.708200237458273874,747.13277598099944,3.11934739200171407,65.2206189330154587,744.451099981244624,89.6663263805859998,14.9450345385141574,0.00678517487758201719,0.0151916435262961589,0.0160598634826230116,0.461724568395255108,0.0599026410917754895,0.154900631091136248,0.087073819627106086,0.00415924964059237803,-0.129869492014225624,-0.013625446340639235,1.25989575496188522,0,0,0,0,0,4697.18867589494948,550.356289899421427,466.661072482424174,0.0015160445656449994,1,-0.230876755347603185,0.103443363226507629,0
14.999994,14.9999939999994627,14592.7455127462745,14592.6835445058277,30.1999756389251317,120.000620140666442,3677.28430013309253,59.7147354472654541,749.274915769708741,0.707529921656879113,746.426075042786806,3.33840970491374378,65.1910186955717563,743.547369366077874,91.3173896184137988,14.5376498708841311,0.0206941984199396772,0.0159581539551141779,0.0176858457025913622,0.463184172524926663,0.0605472913502494645,0.157102759390207292,0.0871164870669699776,0.00445553518507960881,-0.129936615073020179,-0.0142818386246894857,1.25752663714612667,0,0,0,0,0,4697.16992244804351,550.355707024480694,466.666321895206408,0.001516117146135534,1,-0.230879716984815853,0.102914649762508109,0
15.09999396,15.0999939599994537,14591.3117656074464,14591.2498029431918,30.2001798105566621,120.000649287047011,3699.91791403259958,62.5211767743010185,748.567569248906238,0.706858117259576479,745.713048643271691,3.53114213097737206,65.2149204524891957,742.637286824639773,92.9697173034225699,14.1385152500353755,0.0331994903794786758,0.0167120823450045627,0.0192213053338931017,0.465983927609668613,0.0611846723344299862,0.159482795136399041,0.0872311726207127269,0.00471721641703031977,-0.129980221059109335,-0.0147938076335843022,1.2562842393696112,0,0,0,0,0,4697.15116900113753,550.355124149539961,466.671427719606527,0.00151618774386561321,1,-0.230862775455665248,0.100732696308203279,0
15.19999392,15.1999939199994447,14589.9175425730646,14589.8555853246016,30.2003837311252177,120.000678957175595,3722.5236968440372,65.378039345730798,747.858073158838351,0.706184396941371806,744.99395909788268,3.6996545935148788,65.2840796243726231,741.719605829348097,94.6294924497886001,13.7471115476087604,0.0441510048870081481,0.017393860580018277,0.020652097023314768,0.469975949883584709,0.0618115330206241292,0.16203093287881204,0.0874070687317269612,0.0049470211215567779,-0.130003168208102093,-0.0151869202109558826,1.25598483966916263,0,0,0,0,0,4697.13241555423156,550.354541274599114,466.676392792428601,0.00151625639784939308,1,-0.230836201046926925,0.0970498601694624041,0
15.29999388,15.2999938799994357,14588.5620807744563,14588.5001287675186,30.2005873983884285,120.000709154265749,3745.10139998586192,68.2856323116451023,747.14607696364078,0.705508427371951186,744.269402965411587,3.84553835278907741,65.387521488779953,740.793233300236466,96.3019606602486107,13.3633151475384011,0.0534303703464219931,0.0179614404856083577,0.0219708285577294125,0.474998499700902355,0.0624203762766891643,0.164733890029627156,0.0876296488858809425,0.00514699260351328576,-0.13001043766745507,-0.0154786325275972046,1.25637502982756755,0,0,0,0,0,4697.11366210732558,550.353958399658268,466.681219830325972,0.00151632314545080784,1,-0.230823282493682919,0.092038250332213814,0
15.39999384,15.3999938399994267,14587.2446038164198,14587.1826569027526,30.2007908098295346,120.000739883030818,3767.65074445552182,71.2444092373085738,746.431350443704673,0.704829988808164942,743.540200912001183,3.9695570421696118,65.51315264771236,739.857270069711831,97.9913509766249291,12.9875318664448116,0.0609564804281828646,0.0183942428763412859,0.0231745802875187035,0.480879474141189756,0.0630012133229109067,0.167576217567703439,0.0878828131646660904,0.00531807211871303861,-0.130008061696863492,-0.0156772651284438728,1.257170431326327,0,0,0,0,0,4697.09490866041961,550.353375524717535,466.685911598125244,0.00151638802471059839,1,-0.230855254886099037,0.0858857736514769265,0
15.4999938,15.4999937999994177,14585.9642672650516,14585.9023252824172,30.200993962713973,120.000771149357789,3790.17142711021779,74.2549366973526901,745.713789235109061,0.704148980175229533,742.807264724972811,4.0715761651082687,65.6494112290475016,738.911031390488802,99.7008567170989863,12.6207097544055102,0.0666897062627448967,0.018693636351135922,0.0242626149133900702,0.487440407335733905,0.0635436007909600115,0.170541538707160933,0.0881511001811196293,0.00545999880112098095,-0.130001978221386594,-0.0157828065520252449,1.25809607036032634,0,0,0,0,0,4697.07615521351363,550.352792649776802,466.690471102953779,0.00151645107703064492,1,-0.230965287281416354,0.0787914957697309348,0
15.59999376,15.5999937599994087,14584.7201084792614,14584.6581712751813,30.2011968541486659,120.000802959984512,3812.66312723128431,77.3178631932873657,744.993405050274191,0.703465409695694821,742.071462035245986,4.1507149413487241,65.7867035710864627,737.954046332890471,101.432674768863961,12.2642390122492984,0.0706339491388295743,0.018880124555878109,0.025234449101367764,0.49450079757845683,0.0640386226868880915,0.17361360961267383,0.0884216263897970728,0.00557150759657026092,-0.129996945935082764,-0.0157892054130881303,1.25892215971714139,0,0,0,0,0,4697.05740176660765,550.352209774835956,466.694901772898675,0.00151651234964487731,1,-0.231182531924025603,0.0709605257121784516,0
15.69999372,15.6999937199993997,14583.5110112503171,14583.4490786769911,30.2013994811384556,120.000835322197403,3835.12551278694218,80.4338900445892477,744.270302965859855,0.702779373347637293,741.333499457128482,4.20566695360153631,65.9184255350188266,736.986037832534294,103.188095886179639,11.9197644347348515,0.0728361012807494101,0.0189879201329662683,0.0260885613834871272,0.501882516779657561,0.0644805173115094721,0.176777121236431939,0.0886854786043855398,0.00565075526835983558,-0.129995676950272865,-0.015687582260243367,1.25949020537583345,0,0,0,0,0,4697.03864831970168,550.351626899895109,466.699207582931649,0.0015165718973612892,1,-0.231527140286924643,0.0625987137300240415,0
15.79999368,15.7999936799993907,14582.3356919847429,14582.2737639027218,30.2016018406347939,120.000868243564497,3857.55824582379637,83.6037456832903558,743.544650005095832,0.702091025161717508,740.59384135518826,4.23511102592041766,66.0414455668939127,736.006887774295706,104.967633099589861,11.5889473838503108,0.0733828860031283947,0.0190579358364257566,0.0268218683504187726,0.509414032977181797,0.0648677296741930615,0.180018193195405185,0.0889383895717675982,0.0056958703500673601,-0.12999832759117147,-0.0154696838664099747,1.25972624478545936,0,0,0,0,0,4697.0198948727957,550.351044024954376,466.703393104114411,0.00151662978324314766,1,-0.232006924649260593,0.0539074870224114655,0
15.89999364,15.8999936399993818,14581.1927104592323,14581.1307867308042,30.2018039295736322,120.000901731712801,3879.96098667202341,86.8281642154625075,742.816640299383153,0.70140054435516741,739.852674888711135,4.23812576136677421,66.1560190437199651,735.016593430687863,106.771171304655169,11.2732189476683047,0.0723954304680897304,0.0191303840831132041,0.0274299450040956481,0.516934192812402271,0.0652032764673061566,0.183324546984612202,0.0891806496936048271,0.00570551132726112176,-0.130002426658972381,-0.0151309315780609292,1.25964026568286336,0,0,0,0,0,4697.00114142588973,550.350461150013643,466.707463465298929,0.00151668607807997863,1,-0.232616034443338449,0.0450791337987399149,0
15.9999936,15.9999935999993728,14580.080504104495,14580.0185845969154,30.2020057449008341,120.000935794153719,3902.33339676085279,90.1078686107864115,742.086462267017964,0.700708104434106138,739.109923750984422,4.21453060824165959,66.2651931600930197,734.015222502854499,108.59811930155702,10.973563606593487,0.0700222155324965873,0.0192381369139924575,0.02790782917808491,0.524295362604030535,0.0654944241088616791,0.186685383470927668,0.0894163288981087712,0.00567932913357690854,-0.130003232740507957,-0.0146725665933069051,1.25931305348267553,0,0,0,0,0,4696.98238797898375,550.349878275072797,466.71142423103629,0.00151674085869947213,1,-0.233335681047391663,0.0362927885812755271,0
16.09999356,16.0999935599993655,14578.9974409975111,14578.9355255899973,30.2022072835859738,120.000970438154653,3924.67514014425296,93.4435583395171392,741.354272532790219,0.700013848711063424,738.365304877283279,4.16509955090961626,66.3738344668288391,733.002873789343425,110.447546486811319,10.6903645508399237,0.066431202689585897,0.0194017841278132097,0.0282511610872567369,0.531365802135396526,0.0657517825055340399,0.190091024363661903,0.0896519820152272551,0.00561826054978003132,-0.129994428630243963,-0.0141026252761555521,1.25887352312264178,0,0,0,0,0,4696.96363453207778,550.34929540013195,466.715281212862124,0.00151679420535755531,1,-0.234136637481175552,0.0277112842428744038,0
16.19999352,16.1999935199993566,14577.9418843947351,14577.8799729658713,30.2024085426266495,120.001005670649775,3946.98588398760012,96.8359007808108885,740.620179909772332,0.699317875354068752,737.618415941919125,4.09162404913968203,66.4874572047850734,731.979649179273792,112.318290025019422,10.4233297379534733,0.0618019451145235682,0.0196269891712007212,0.0284573808124249962,0.538031229470987249,0.0659879936127204664,0.193532404644185807,0.0898950750187184344,0.00552461973613855087,-0.129969009020543536,-0.0134357289329983774,1.25847075929253305,0,0,0,0,0,4696.9448810851718,550.348712525191218,466.719040239482013,0.00151684619855953044,1,-0.234983004167978737,0.0194789367713931287,0
16.29999348,16.2999934799993476,14576.9122603610158,14576.8503528082074,30.2026095190472397,120.001041498178253,3969.26529842253558,100.285525274828771,739.884240952123037,0.698620233368940857,736.868837711435049,3.99683232267571498,66.6110452588933128,730.945640476845256,114.209024073700746,10.1715041820969958,0.0563183674416700419,0.019904345337165362,0.0285267367797753767,0.544195613243524501,0.0662162357974874632,0.197000518654382645,0.09015239159179958,0.00540199606977247431,-0.129920208086429956,-0.0126918889002096344,1.25824540091947346,0,0,0,0,0,4696.92612763826583,550.348129650250485,466.722706915932861,0.00151689691572823217,1,-0.235836596656574915,0.0117202349030498289,0
16.39999344,16.3999934399993386,14575.9071200974286,14575.8452163166621,30.2028102098960538,120.001077926838548,3991.51305623510189,103.793018722525062,739.146466686018471,0.697920929121060185,736.116234532305384,3.88419621535575743,66.748044856505004,729.900931907172094,116.118289485879558,9.9333610797499361,0.0501626897362861465,0.0202115457812782479,0.0284629319368140572,0.549781289391233496,0.0664487700052785596,0.200485924006774896,0.0904286604833562796,0.00525499920178494184,-0.129842338441233107,-0.0118946693713921584,1.25830467959469172,0,0,0,0,0,4696.90737419135985,550.347546775309638,466.726286401621792,0.00151694642813285396,1,-0.236661284922624449,0.00453933264974412665,0
16.4999934,16.4999933999993296,14574.9251899421215,14574.8632898383585,30.2030106122453041,120.001114962246305,4013.72883285798434,107.358921531677467,738.406838441039554,0.697219941415972211,735.360438044916918,3.75767083151956172,66.8996646090341756,728.845616492895942,118.044489152903083,9.70695401306170425,0.0435107282235633885,0.0205173573598762399,0.0282733288929618819,0.554728535880139151,0.0666957252469582429,0.203978394147374537,0.0907255911680925481,0.00508891149795989879,-0.129731453156777532,-0.0110691007321405271,1.25870448747426655,0,0,0,0,0,4696.88862074445387,550.346963900368792,466.729783232263628,0.00151699479842460488,1,-0.237426687981247664,-0.00197980352898850798,0
16.59999336,16.5999933599993206,14573.9654040634632,14573.9035075307365,30.2032107231968787,120.001152609486553,4035.91230701574932,110.983723014250629,737.665329478325475,0.696517242006204795,734.601502915467449,3.62141498966781228,67.0645627897146426,727.779822268013618,119.985859607694636,9.49010580066488529,0.0365285787911274543,0.0207866711610991926,0.0279687276390494753,0.558994750614184244,0.06696426698668069,0.207466784157813777,0.0910414298242660514,0.00490931238302918464,-0.129585779883043151,-0.0102397022141086404,1.25944051399901991,0,0,0,0,0,4696.8698672975479,550.346381025428059,466.733201203454541,0.00151704207902472136,1,-0.238110779796406158,-0.00777275800638949077,0
16.69999332,16.6999933199993116,14573.0269175693393,14572.9650245375178,30.2034105398961579,120.001190873055307,4058.06316225547926,114.667855764383646,736.921928491046629,0.695812817812953233,733.839728167964267,3.47953392433595354,67.2389388449942373,726.703742848348725,121.940432810597457,9.28060704524533264,0.0293705160065357365,0.0209858119947531133,0.0275628013060162762,0.56255336820989299,0.0672582233919110928,0.210939139277817961,0.0913710629800654345,0.00472173064616490147,-0.129405901798030631,-0.00942887843849624964,1.26044899267861865,0,0,0,0,0,4696.85111385064192,550.345798150487326,466.73654332398695,0.00151708831147711449,1,-0.238701161526542222,-0.0127936962100923743,0
16.79999328,16.7999932799993026,14572.1091004051268,14572.0472107699043,30.2036100595541157,120.001229756788959,4080.18108939354352,118.411688859653751,736.176661075270204,0.695106691179737446,733.075642864414476,3.33587289346667148,67.416986753319577,725.617666390249269,123.906002751585504,9.07639886882293467,0.0221778390316700706,0.0210873246167226774,0.0270713165381557194,0.565392627202939368,0.0675781726448628217,0.214383037168255047,0.0917066154773860248,0.00453136385046251471,-0.129194676996208707,-0.00865583178435604811,1.26161617227147804,0,0,0,0,0,4696.83236040373595,550.345215275546479,466.739811837579396,0.00151713352674744378,1,-0.239194967205961201,-0.0170141917926520878,0
16.89999324,16.8999932399992936,14571.2115145623684,14571.1496282474509,30.2038092794765376,120.001269263786199,4102.26578975769098,122.21552034402589,735.429605871619628,0.694398935049644006,732.309959820408494,3.19387530107402995,67.5916200492245594,724.521997451468451,125.880109680208349,8.87571903108293014,0.0150783668196349634,0.0210735977701493188,0.0265112738271220671,0.567514268188052839,0.0679219301479355997,0.217786119087899188,0.0920384237024944873,0.00434288382647597931,-0.128956904803265687,-0.00793601234990816418,1.26279446657933869,0,0,0,0,0,4696.81360695682997,550.344632400605519,466.743008304040245,0.00151717774634454691,1,-0.239597563521732809,-0.0204219453538261944,0
16.9999932,16.9999931999992846,14570.3338792361319,14570.2719961550556,30.2040081970976715,120.001309396328381,4124.31697891441581,126.07956956036054,734.680903116108311,0.693689680943466724,731.543505229121138,3.05650512139851571,67.7553476637395704,723.41726757575293,127.860050911946487,8.67719756178426138,0.00818631461903318765,0.020938906904973735,0.0259000850564730517,0.568932212355181877,0.0682853256604257774,0.221136737308463893,0.092356222044176553,0.00416032855300948069,-0.128698771687399932,-0.00728103291027010387,1.26382247881435683,0,0,0,0,0,4696.794853509924,550.344049525664786,466.746133723348521,0.0015172209840358347,1,-0.239920353983173573,-0.0230194533141341653,0
17.09999316,17.0999931599992756,14569.4760291241109,14569.4141491898754,30.204206810015112,120.001350155808694,4146.33439054287555,130.003970331368009,733.930754618132823,0.692979118825670426,730.77713502385518,2.92622326301963653,67.9011687534388955,722.304132293871817,129.842922059380868,8.47989602652330632,0.00160235028369512902,0.0206897142105092816,0.025254870371886104,0.56967124407508174,0.0686631321748248508,0.224424630153220728,0.092650363999188648,0.00398706689630407615,-0.128427140870744499,-0.0066989202934960336,1.26454580408287587,0,0,0,0,0,4696.77610006301802,550.343466650724054,466.749188684158014,0.00151726324790085396,1,-0.240178088497127129,-0.0248226552438864864,0
17.19999312,17.1999931199992666,14568.6378716006875,14568.5759947418028,30.2044051160218423,120.001391542678476,4168.31777997752852,133.98876579084731,733.179415495002218,0.692267489184647422,730.011650151834715,2.80500216084757881,68.0233629796846913,721.183354343546739,131.825687140047819,8.28329242737104465,-0.00458629131397261455,0.0203433207759975664,0.0245919154564015439,0.569765703493500308,0.0690500022347879383,0.227641533872852631,0.0929129089823095417,0.00382581527020089355,-0.128148780281909236,-0.00619455866542385596,1.26483568000435675,0,0,0,0,0,4696.75734661611205,550.342883775783207,466.752173516308176,0.00151730454244060624,1,-0.240386104478780754,-0.0258595669711420145,0
17.29999308,17.2999930799992576,14567.8193478137255,14567.757473931013,30.2046031131319488,120.001433556419911,4190.26692706460472,138.033905755971972,732.427179142761815,0.691555068737961021,729.247722459067177,2.69436217942708822,68.1180772462986965,720.055774925753212,133.805271224402475,8.08722051513512952,-0.0103056843078717757,0.019925185044389785,0.0239262931566870223,0.56925818611320933,0.0694412817720653358,0.230781651781370473,0.0931384379131050405,0.00367868415205050651,-0.12786964128594791,-0.00577019722200567201,1.2646031113931433,0,0,0,0,0,4696.73859316920607,550.342300900842361,466.755088429365173,0.00151734487049389908,1,-0.2405578897332174,-0.0261688960167003708,0
17.39999304,17.3999930399992486,14567.020401481539,14566.9585305062428,30.2048007995972263,120.001476195550097,4212.18163800174079,142.139247119510088,731.674357762433829,0.690842151962286932,728.485840677684905,2.59541624131398407,68.1836457937753551,718.922276443268288,135.778665824636676,7.89177721307548552,-0.0154950734441468719,0.0194653776614682437,0.0232716268514016611,0.568198244835930955,0.0698336021898910281,0.233841923232952165,0.0933245085907054295,0.00354723608495633369,-0.127594296334154089,-0.00542593230695470868,1.26380692497249236,0,0,0,0,0,4696.71983972230009,550.341718025901628,466.757933623742133,0.00151738423477454864,1,-0.24070327176881201,-0.0257986340069740819,0
17.499993,17.4999929999992396,14566.2409579865634,14566.1790898318759,30.2049981739128803,120.001519457659057,4234.0617459719424,146.304557510974462,730.921261199577316,0.690129031058792197,727.726282460171092,2.50891384001840834,68.2206218208496864,717.783741198182383,137.743035519855908,7.69721448948530451,-0.0201066879313003787,0.018994720038968068,0.0226399597623083287,0.566641093522393224,0.0702251924489270263,0.23682206417182175,0.0934717177495583834,0.00343254314797935981,-0.127325615355340455,-0.00516011808653959146,1.26245517356506887,0,0,0,0,0,4696.70108627539412,550.341135150960895,466.760709365149808,0.00151742263890144416,1,-0.240827419591958608,-0.0248046249641293882,0
17.59999296,17.5999929599992306,14565.4809142500162,14565.4190488309559,30.2051952348117965,120.001563339480256,4255.90711050538539,150.529522087092147,730.168176869937724,0.689415976973049682,726.969114171221463,2.43528060202720553,68.2315393573052233,716.641010851605756,139.695814470308676,7.50383226319670626,-0.0241054686830601099,0.0185411493527746669,0.0220416937060007971,0.564646317064036674,0.0706158977044002573,0.23972438238398433,0.0935833922130177714,0.00333523863969043682,-0.127064715028989417,-0.00496969860442331157,1.26060026149330118,0,0,0,0,0,4696.68233282848814,550.340552276020048,466.7634160206552,0.00151746008789752627,1,-0.240930712516397472,-0.0232491155439452472,0
17.69999292,17.6999929199992216,14564.7401387244463,14564.6782759721082,30.2053919812484573,120.001607836988498,4277.71761569452156,154.813752958958787,729.415353174354777,0.688703223736524706,726.214215989587501,2.37465352120472062,68.2204585278616662,715.494851076603027,141.634783291733157,7.31188698232070777,-0.0274686807244297129,0.018126774568080057,0.0214855690191502087,0.562276598815746098,0.0710069332035804801,0.242553399484426113,0.0936649792435807066,0.00325556311034421115,-0.126811164372048563,-0.00485047950314214122,1.25832897570151614,0,0,0,0,0,4696.66357938158217,550.339969401079202,466.76605405870788,0.00151749658819026354,1,-0.241009404148428169,-0.0211993004888300224,0
17.79999288,17.7999928799992126,14564.0184792019427,14563.956619026445,30.2055884123740945,120.001652945518359,4299.4931674474592,159.15680059630904,728.662988141393043,0.687990957764730848,725.461326481582546,2.32691417821368418,68.1923715464854467,714.345924872527576,143.558119800542727,7.12152683702264255,-0.0301854004476152481,0.0177659538865287646,0.0209786697442897983,0.55959648036485854,0.071400436296329875,0.245315334093039156,0.0937232402831359862,0.00319340788678658741,-0.126563387367434332,-0.00479736727255751678,1.25574918371619204,0,0,0,0,0,4696.64482593467619,550.339386526138469,466.768624021333721,0.00151753214722700818,1,-0.241056905805555832,-0.0187258817833393758,0
17.89999284,17.8999928399992037,14563.3157755769789,14563.2539179035502,30.2057845275059975,120.001698659894075,4321.23369007846213,163.558166334526504,727.911224197758429,0.687279312954110266,724.710098659674941,2.29172258651405514,68.1525584358361129,713.194776642075567,145.464420822830164,6.93275978365799261,-0.03225588446819979,0.0174645570888923782,0.0205264499772790099,0.556671170315130248,0.0717989017430295251,0.248017513890014946,0.0937653693865951599,0.00314835971245586328,-0.126319177684189821,-0.00480459959509451934,1.25297524477420685,0,0,0,0,0,4696.62607248777022,550.338803651197736,466.771126478683982,0.00151756677284616177,1,-0.241065443144935776,-0.0159016623671292059,0
17.9999928,17.9999927999991947,14562.6318739950657,14562.5700187403545,30.2059803260941742,120.001744974561745,4342.93912261380956,168.017315104545759,727.160149087119066,0.68656837158754469,723.960158817610818,2.26855320396666116,68.1059801452237821,712.04182759213495,147.352695975482618,6.74545538943444711,-0.0336908375354107795,0.0172204021896676523,0.0201327851669321975,0.553565418216992566,0.0722045941377556233,0.250667787189080227,0.0937981569708920965,0.00311974863683949248,-0.126076234483885191,-0.00486597741942473763,1.25011416383386709,0,0,0,0,0,4696.60731904086424,550.33822077625689,466.773561978649241,0.00151760047257998125,1,-0.241027809765887224,-0.0128001949338699857,0
18.09999276,18.0999927599991857,14561.9666393510997,14561.9047864465047,30.2061758076879237,120.001791883715697,4364.609415088069,172.53368760023514,726.409802161739208,0.685858170308120907,723.211160045012548,2.25673284578249422,68.0567837902084989,710.88738154160626,149.222337534745748,6.55937666569880662,-0.034510599281690299,0.0170246988056905746,0.0198000546013483644,0.550342467720168704,0.07261902628370355,0.253273997824676411,0.0938273026919263092,0.00310669882102736824,-0.125832638923024875,-0.00497509422062478255,1.24725423002596725,0,0,0,0,0,4696.58856559395826,550.337637901316043,466.775931002350717,0.00151763325303864278,1,-0.240938951607387375,-0.0094945041787098533,0
18.19999272,18.1999927199991767,14561.3199633844197,14561.2581127324956,30.2063709719054927,120.001839381412438,4386.24452517700865,177.106711251104002,725.660184657935247,0.685148709842459347,722.462823978111146,2.25547851083405249,68.0079729447113834,709.731639008077309,151.073072807780306,6.37423415887686673,-0.0347442648051230693,0.0168642103157050742,0.019529258673965412,0.547063100398141766,0.0730425756283352295,0.255843572390159368,0.0938569520143476138,0.00310817954483060162,-0.125587211733370979,-0.00512554618441631808,1.2444573862541497,0,0,0,0,0,4696.56981214705229,550.33705502637531,466.778233935311903,0.00151766511951121545,1,-0.240797162012986232,-0.00605589795605861875,0
18.29999268,18.2999926799991677,14560.6917666457593,14560.6299181908289,30.2065658184082011,120.001887461667607,4407.8444153344235,181.735809557018769,724.911272199889481,0.684439966811671852,721.714966651472764,2.26393210157448266,67.9612690079076458,708.574716645494846,152.90490660108054,6.18975205753921642,-0.0344287456183902385,0.016723776190232062,0.0193201685778027557,0.543784779284371522,0.0734742856443565684,0.258383249015133876,0.0938894943940530857,0.0031230522528664156,-0.125339716966279741,-0.0053111023843177077,1.2417559602125654,0,0,0,0,0,4696.55105870014631,550.336472151434577,466.780471060454147,0.00151769607586860612,1,-0.240604739507292414,-0.00255288011799345224,0
18.39999264,18.3999926399991587,14560.0819938108325,14560.0201474559599,30.2067603468803441,120.001936118534303,4429.40905055905023,186.420409630329914,724.163027680595405,0.683731905880808899,720.96750688195084,2.28118898659997171,67.9171617248420887,707.416668786774267,154.718061411974759,6.00573518149936803,-0.0336077695783346883,0.0165888198789727777,0.0191714993004311954,0.540560899389899818,0.0739118694451625785,0.260898955195859428,0.0939256225440296549,0.00315010939827878962,-0.125090900923464532,-0.00552581732041976768,1.23915374370098919,0,0,0,0,0,4696.53230525324034,550.335889276493731,466.782642574785655,0.001517726124794365,1,-0.240368046921269451,0.000949824161759049018,0
18.4999926,18.4999925999991497,14559.4906025454402,14559.428758223612,30.2069545570149884,120.001985346162996,4450.9383968219081,191.159947964587985,723.415412828319631,0.683024490650302019,720.220458090200509,2.30631829407138866,67.8751218182052298,706.257508001635074,156.512921998784066,5.82212644065742069,-0.0323308145922940465,0.0164475036507433434,0.0190810915645342159,0.537440151342182704,0.0743519033191653994,0.263395821872892566,0.093964617342318757,0.00318810210576013584,-0.124842376520269291,-0.00576407789553456777,1.23663082512891487,0,0,0,0,0,4696.51355180633436,550.335306401552884,466.784748629054889,0.00151775526833331192,1,-0.240096998886895896,0.00439212099772322284,0
18.59999256,18.5999925599991407,14558.9175476059318,14558.8557052390715,30.2071484485049311,120.002035138845301,4472.43242006505079,195.953874648802724,722.668397134156521,0.682317692043469592,719.473906564678828,2.33837442193208744,67.8339295196265937,705.097222137456583,158.289989277480345,5.6390464644604279,-0.0306519730986478285,0.01629227028440337,0.0190460863366920183,0.534466003466347761,0.0747901722859320439,0.265878304632460649,0.094004795957295037,0.00323575586218909864,-0.124596381054199942,-0.00602058976934730442,1.23415113255119424,0,0,0,0,0,4696.49479835942839,550.334723526612152,466.78678938437173,0.00151778350867501246,1,-0.239804081953662013,0.00771926962517084474,0
18.69999252,18.6999925199991317,14558.36276197806,14558.300921487853,30.207342021037654,120.00208549104488,4493.89108564037451,200.801656343341364,721.921963320388613,0.681611493420431924,718.727980688332309,2.37640103443456496,67.7920616160936902,703.935786148506622,160.049846379737915,5.45681021024008572,-0.0286287524136058687,0.0161206181599342635,0.0190630772942483352,0.531676306643612984,0.0752221113929805174,0.268350372390226355,0.0940440446394464752,0.00329177590775402585,-0.124355449240757587,-0.00629032021853378771,1.231671379077099,0,0,0,0,0,4696.47604491252241,550.334140651671419,466.788765079375651,0.00151781084908329399,1,-0.239503069108944006,0.0108824658320906906,0
18.79999248,18.7999924799991227,14557.8261376917362,14557.7642989955548,30.2075352742927095,120.00213639741996,4515.31435802145552,205.702778447130299,721.176109089172428,0.680905892179464511,717.982816444678065,2.41943029557197065,67.7480772288815842,702.773167991059836,161.793137530602678,5.27591895414133916,-0.0263208280664328671,0.0159350741800685751,0.0191282316799796411,0.529103024698424074,0.0756432772421262584,0.270815719992585857,0.0940803535632855487,0.00335484606815170811,-0.124122052357308471,-0.00656842280752303193,1.2291500382401217,0,0,0,0,0,4696.45729146561644,550.333557776730572,466.790676098557924,0.00151783729484177531,1,-0.239207620772666718,0.013839281197846949,0
18.89999244,18.8999924399991137,14557.3075085058808,14557.2456715465505,30.2077282079399936,120.002187852840819,4536.70220061139207,210.656746781824069,720.430845426357337,0.68020089811100759,717.2385245468638,2.46648089509523061,67.7009484392053196,701.609328822131374,163.520558464649213,5.09702961569087165,-0.0237887801040190631,0.0157424411699983169,0.0192373769249810818,0.526772090661287384,0.0760497847162487917,0.273277963638753396,0.0941122785647229287,0.00342362591651763915,-0.123898256970040727,-0.00685017132895259558,1.22655510380487809,0,0,0,0,0,4696.43853801871046,550.332974901789726,466.792523033924112,0.00151786285410733632,1,-0.238929966434355989,0.0165539552028571221,0
18.9999924,18.9999923999991047,14556.8066366799176,14556.744801369945,30.2079208216373054,120.002239852405609,4558.05457547266178,215.663089114501446,719.686192177486191,0.679496529187091913,716.495163834042842,2.51655837927242487,67.6502945099389876,700.444218559768956,165.232855623694064,4.92090637624561111,-0.0210928526959646701,0.0155524882667040093,0.0193860575152071841,0.524703386079797163,0.0764386532566228988,0.275740785835148938,0.0941392715670666125,0.00349675113274686188,-0.123685451724109607,-0.00713092630196852147,1.22386967211289766,0,0,0,0,0,4696.41978457180448,550.332392026848993,466.794306732103337,0.00151788753856221034,1,-0.238679835938206519,0.0189975411120030004,0
19.09999236,19.0999923599990957,14556.3232051283121,14556.2613713956489,30.2081131150263751,120.002292391457274,4579.37144288457239,220.721356787075166,718.942171913074731,0.678792805749785066,715.752724294127574,2.56866045922799913,67.5964955013863857,699.277768448151505,166.930830498571225,4.74836164590100651,-0.0182917825370235952,0.0153763137095280413,0.0195695721372857491,0.522910836913611288,0.0768080233388688249,0.278208008086877845,0.0941618447834084299,0.00357284079929277767,-0.123484178294978333,-0.00740614813667446643,1.22109477230386076,0,0,0,0,0,4696.40103112489851,550.33180915190826,466.796028322287384,0.00151791136380081721,1,-0.23846376339393674,0.0211479109971551213,0
19.19999232,19.1999923199990867,14555.8568156808615,14555.794983457823,30.2083050877263837,120.00234546560165,4600.65276062811245,225.831126457887365,718.198803232680916,0.678089744185758625,715.01112142182069,2.62178857827052525,67.5406798353135969,698.109882567287855,168.615345227110822,4.58019439378698223,-0.0154417401483675637,0.0152246338804728817,0.0197830039878764685,0.521402615923603596,0.0771572242314087081,0.280683582749492788,0.0941815597111599206,0.00365051346448876752,-0.123294084691665209,-0.0076714593317414306,1.21824929887215982,0,0,0,0,0,4696.38227767799253,550.331226276967413,466.7976892224263,0.00151793434941567399,1,-0.238284827099721541,0.0229896297868557066,0
19.29999228,19.2999922799990777,14555.406993355602,14555.3451625691941,30.208496739325664,120.002399070727407,4621.89848306486874,230.992002022539197,717.456094621235707,0.677387351137899718,714.270201872560165,2.67496543163048273,67.4845981393330874,696.940430224243755,170.287325888921316,4.41713364092322536,-0.0125954203982201196,0.0151062403654376193,0.0200212568365687078,0.520181438362516957,0.0774866955574356475,0.283171508443364417,0.0942008567616659104,0.00372841160479021536,-0.123113999115791573,-0.00792274663068967197,1.21536731007815679,0,0,0,0,0,4696.36352423108656,550.330643402026567,466.799291124011745,0.00151795651878697041,1,-0.238142825358521271,0.0245137121939446624,0
19.39999224,19.3999922399990687,14554.9731956683099,14554.9113662545606,30.2086880693712132,120.002453203026093,4643.10855997193175,236.203616542916478,716.714039787996853,0.676685619129722804,713.529758791377162,2.72725671706888306,67.4304101956135469,695.769240889657226,171.947760727290301,4.25979364882890366,-0.00980130596772694346,0.0150268230585379366,0.0202791063383133685,0.519244935617818371,0.0777977845908388449,0.285675684464790247,0.0942227618420185681,0.00380523213912700069,-0.122942104437641433,-0.00815628545163793982,1.21249329136105732,0,0,0,0,0,4696.34477078418058,550.330060527085834,466.80083595892421,0.00151797789862386087,1,-0.238034829669324821,0.0257172792507071903,0
19.4999922,19.4999921999990597,14554.554825745523,14554.4929976386011,30.2088790773574694,120.002507859010649,4664.28293530437168,241.465634029793165,715.972615126794381,0.675984524202284498,712.789553995609253,2.77779444706072809,67.3804213718736946,694.596102861039867,173.597691619696946,4.10864528391329742,-0.00710311256916643097,0.0149882906830135047,0.0205512711504753053,0.518586090490392171,0.0780924560932183404,0.288199727454717447,0.0942505199554504458,0.00387975930530218933,-0.122776180331502949,-0.00836886475504798437,1.2096762066097162,0,0,0,0,0,4696.32601733727461,550.329477652145101,466.802325852734953,0.00151799851831825442,1,-0.237956010758131331,0.0266031326619224767,0
19.59999216,19.5999921599990508,14554.1512472815812,14554.089420417029,30.2090697627153588,120.002563035530045,4685.42154597292665,246.777750851882928,715.231779585090749,0.675284025829919199,712.049343504216154,2.82579883100157758,67.3368086906209555,693.420766225508487,175.238198335025459,3.96400554723726373,-0.00453941024286734583,0.0149886415506629046,0.0208325028907541156,0.51819371803574299,0.0783729601681081578,0.290746777508609777,0.0942872116552202627,0.00395089572815355249,-0.122613873988696637,-0.00855789126816416078,1.20696325206742294,0,0,0,0,0,4696.30726389036863,550.328894777204141,466.803763071441495,0.00151801840920766482,1,-0.237900605237024609,0.0271792652199457051,0
19.69999212,19.6999921199990418,14553.7617997601628,14553.6999740767715,30.2092601248027002,120.002618729778007,4706.52432078414313,252.139696575676766,714.491476870842234,0.674584069043625889,711.308902771152248,2.87059604158793036,67.3013747106457174,692.242950050744639,176.870376287206199,3.82604471248149025,-0.00214340341545914961,0.0150223586393066749,0.0211176891290279951,0.518052977157742234,0.0786415053929029051,0.293319320813527518,0.094335405907788078,0.00401768790433538157,-0.122452961033441721,-0.00872145694512798872,1.20439418772596363,0,0,0,0,0,4696.28851044346266,550.328311902263295,466.805149967260434,0.00151803760382497295,1,-0.237862882762576555,0.0274583243180874861,0
19.79999208,19.7999920799990328,14553.3858120851219,14553.323987529644,30.2094501628970029,120.002674939293726,4727.59117964395864,257.55123403356879,713.751639608677351,0.67388458839052845,710.56804834768991,2.91162997924976708,67.275360439719492,691.062353142400639,178.495309476858779,3.69480826614556435,5.71548436790901473e-05,0.0150812347291098409,0.0214019603935586555,0.518145900084910127,0.0788999797191986263,0.295919052193910737,0.0943968936142486614,0.00407934342019623634,-0.122291564444173384,-0.0088583611752143087,1.20199696666376687,0,0,0,0,0,4696.26975699655668,550.327729027322562,466.806488930085834,0.00151805613522653098,1,-0.237837985807824753,0.0274570435449561362,0
19.89999204,19.8999920399990238,14553.0226135514677,14552.9607900711944,30.2096398761918259,120.002731661953561,4748.62203314875114,263.012158524499,713.012194818849935,0.673185513135133196,709.826653458132796,2.948467219743236,67.2593379529973276,689.878667242793199,180.114040997734179,3.57024917440762124,0.00203994128136706547,0.0151554836981259711,0.0216807910721439831,0.518451929062105354,0.0791497515150491326,0.298546794466259813,0.0944725315791058451,0.00413523870196711926,-0.122128308726566978,-0.00896808764869800983,1.19978514558948524,0,0,0,0,0,4696.2510035496507,550.327146152381829,466.807782348419209,0.00151807403645134943,1,-0.237822542207764887,0.0271956549307622829,0
19.999992,19.9999919999990148,14552.6715412437916,14552.609718785523,30.2098292637966459,120.002788895953501,4769.61678257472431,268.522296125231662,712.273069958402061,0.67248677298200632,709.084655980726666,2.9807954228762128,67.2531909972164783,688.691591260912332,181.727543812858215,3.45226508615389349,0.00378795853024649484,0.015234968135813055,0.0219500850701779375,0.518948451662701538,0.0793915694961156854,0.30120248334226285,0.0945622095011272312,0.00418491762404994607,-0.121962397401565684,-0.00905074314165964927,1.19775727894368567,0,0,0,0,0,4696.23225010274473,550.326563277440982,466.809032583022429,0.0015180913401563168,1,-0.237814990203039367,0.0266972921186026599,0
20.09999196,20.0999919599990058,14552.3319436870515,14552.2701222091127,30.2100183247407905,120.002846639782717,4790.57532031691608,274.081501143744958,711.534198742636818,0.671788303581266733,708.342058427610823,3.00841637544073137,67.2561794467491723,687.500845041627372,183.33669446456426,3.3407349762276155,0.005289368591042563,0.0153103725333204113,0.0222062396851257782,0.519611327771357434,0.0796255653175793748,0.30388521798107887,0.0946649351467070826,0.00422808256327367876,-0.121793612354665293,-0.00910697045639766514,1.19589821656207218,0,0,0,0,0,4696.21349665583875,550.325980402500136,466.810241953916659,0.00151810807843615644,1,-0.237815599691649338,0.0259873929115328126,0
20.19999192,20.1999919199989968,14552.003181129694,14551.9413605794434,30.2102070579808917,120.002904892189548,4811.49753070748102,279.689652843364286,710.795526049354407,0.671090051159364043,707.598920570729888,3.0312353922015518,67.2670727095621146,686.306181298280194,184.94225200671687,3.23555037587051686,0.00653727703921360998,0.0153741733292872846,0.0224461846354575868,0.520415402354476142,0.0798513484276466567,0.306593369318953923,0.0947790176029921494,0.00426458027538409706,-0.121622242929308497,-0.00913784971549750497,1.19418197865324838,0,0,0,0,0,4696.19474320893278,550.325397527559403,466.811412739373793,0.00151812428280933154,1,-0.23782621581022409,0.0250931084914051104,0
20.29999188,20.2999918799989878,14551.6846230402589,14551.622803383214,30.2103954624112738,120.002963652141872,4832.38329117020567,285.346651627831136,710.05701137802123,0.670391975778355409,706.855346242506471,3.04924895154334763,67.2843293516785934,685.107394618059061,186.544843808385423,3.13663757034401414,0.00752947503623266953,0.0154212969840746353,0.0226673967331313293,0.52133499863259436,0.0800681712669859547,0.309324731952130449,0.0949023172469479065,0.00429438520421150573,-0.121448960158080585,-0.0091448012371406831,1.19257570164516813,0,0,0,0,0,4696.1759897620268,550.32481465261867,466.812547184831715,0.00151813998434134167,1,-0.237849786259429707,0.024042726119872751,0
20.39999184,20.3999918399989788,14551.3756440393627,14551.3138252271201,30.210583536876161,120.003022918784239,4853.23247357985838,291.052414913080838,709.318630561324994,0.669694052941225748,706.111466457857659,3.06253223326154966,67.306296098117258,683.904326854603028,188.144959074731304,3.04396874377768967,0.00826814154736857203,0.0154494080828380832,0.0228678936123047662,0.52234438634093483,0.0802751353571097975,0.312076701281099822,0.0950325249559519775,0.00431758255933710911,-0.121274656810057779,-0.00912949999058293438,1.19104405221800214,0,0,0,0,0,4696.15723631512083,550.324231777677824,466.813647517381185,0.0015181552138451267,1,-0.237889757352345299,0.0228651121519162261,0
20.4999918,20.4999917999989698,14551.0756191909313,14551.01380119235,30.2107712801831596,120.003082691394184,4874.04494574904311,296.806872921069498,708.580375672742662,0.668996273492427518,705.367421300628735,3.07122775917730451,67.3313991855044378,682.696868686119728,189.742950074800206,2.95756176674696292,0.00875950576645616319,0.0154588234280069094,0.0230462117617614357,0.523418219642911575,0.0804714059129572196,0.314846456158816346,0.0951674324791411674,0.00433435285674011427,-0.121100276656850525,-0.00909380717188918233,1.18955349938746902,0,0,0,0,0,4696.13848286821485,550.323648902736977,466.814715962534592,0.00151817000211307979,1,-0.23794943423330045,0.0215891824455668527,0
20.59999176,20.5999917599989608,14550.7839198596776,14550.7221026408915,30.2109586911162431,120.003142969339962,4894.82057287018779,302.609964610471422,707.842253306509406,0.66829864198327471,704.623342976377103,3.07553575242474153,67.3583044521390946,681.484957575983458,191.339040267816273,2.87746991083980674,0.00901346972117032796,0.0154520977126741746,0.0232013746908494127,0.524531939201645536,0.0806564043114674223,0.317631128387049377,0.0953051603747461784,0.004344958802730353,-0.120926656120673673,-0.00903971986230689764,1.18807590880609659,0,0,0,0,0,4696.11972942130888,550.323066027796244,466.815754758978301,0.00151818438012115797,1,-0.238031397030891989,0.0202434074328829323,0
20.69999172,20.6999917199989518,14550.4999110475183,14550.4380945728317,30.2111457684481444,120.003203752041912,4915.55921889042565,308.461633956323283,707.104281596216993,0.6676011738502865,703.87934208153581,3.075706268136571,67.3860287709444492,680.268572767637011,192.933337875077939,2.80376403525891504,0.00904319293648285678,0.0154333654409818111,0.0233328565087186253,0.525662133132771769,0.0808299533993050157,0.320427943717438268,0.0954443184419700719,0.00434973461062908816,-0.120754398267301458,-0.00896933598088930917,1.18659106179561347,0,0,0,0,0,4696.1009759744029,550.322483152855511,466.816766168058052,0.00151819837916012377,1,-0.23813704930410079,0.0188553589633177685,0
20.79999168,20.7999916799989428,14550.2229507118464,14550.1611349480245,30.2113325109508324,120.003265038938565,4936.26074767108094,314.361826686702159,706.366486463797287,0.666903891872018817,703.135498543060748,3.07203271730662664,67.413993375226454,679.047728230337043,194.525853022765915,2.7365105871186941,0.00886464407231104916,0.0154075480990309363,0.023440544846115012,0.526786852188819932,0.080992359108430681,0.323234323931260059,0.0955840846419845902,0.00434907722904635374,-0.120583793452728377,-0.00888482942891034161,1.18508787921592851,0,0,0,0,0,4696.08222252749692,550.321900277914665,466.817752476206806,0.00151821203086908649,1,-0.238266350935426752,0.0174513053771670826,0
20.89999164,20.8999916399989338,14549.9523913003504,14549.8905762269769,30.211518917404014,120.003326829458643,4956.92502393377436,320.310487587262628,705.628897641191315,0.666206822416950506,702.391857940246496,3.06484616927548359,67.4420180861324638,677.822464618481149,196.116516418141657,2.67574902857131036,0.00849612770529283891,0.0153795432956149499,0.0235247053352476906,0.527885875584567121,0.0811444217754386243,0.326047945336478906,0.0957242004178866512,0.00434343862073064899,-0.120414793419421684,-0.00878842964275655843,1.1835643206826072,0,0,0,0,0,4696.06346908059095,550.321317402973818,466.81871598947896,0.00151822536715980993,1,-0.238417758539451491,0.0160558600771579102,0
20.9999916,20.9999915999989248,14549.6875835396349,14549.6257691316005,30.211704986601255,120.003389122998769,4977.55191393324549,326.307558354470132,704.891544982363257,0.665509991971214299,701.648433143824718,3.05450978610298307,67.4702632602346455,676.592841306295782,197.705197617313161,2.62147206657063947,0.00795779707410251488,0.0153535042597349215,0.0235859482174117577,0.528940925284524743,0.0812873804758279805,0.328866754827718877,0.0958648914386092538,0.00433331817821394974,-0.120247037846451826,-0.00868240054077033287,1.18202610531867314,0,0,0,0,0,4696.04471563368497,550.320734528033086,466.819659020058339,0.00151823842002991221,1,-0.238588366866650636,0.0146916872279404895,0
21.09999156,21.0999915599989158,14549.4278818257153,14549.3660680630728,30.211890717354251,120.003451918906777,4998.14128593588248,332.352975989313165,704.154455493760452,0.664813424348656534,700.905210506637786,3.04141287792634785,67.4991324689881083,675.358929423248014,199.291721264033811,2.57361139588881827,0.00727116509285560993,0.015332296248654757,0.0236251964032508886,0.529935828183494717,0.0814228022774977911,0.331688949761884455,0.0960067317172352414,0.00431925454843617388,-0.120079925139691027,-0.00856901560487521342,1.18048454067345299,0,0,0,0,0,4696.025962186779,550.320151653092353,466.820583867061373,0.00151825122129712166,1,-0.238774218894722612,0.0133792663064869581,0
21.19999152,21.1999915199989069,14549.1726507730782,14549.1108376377924,30.2120761084952036,120.003515216469694,5018.69301048212765,338.446671639817168,703.417651374232491,0.664117138856819889,700.162159304460374,3.02596430661867544,67.5291528376580743,674.120806571997377,200.875880165034289,2.532030703467953,0.00645862603545274434,0.0153171852772451544,0.0236436536473152992,0.530856627229779998,0.0815524345784067323,0.334512931716672679,0.096150474819029455,0.00430181647222039904,-0.119912714017890748,-0.00845052799248341771,1.17895383548132782,0,0,0,0,0,4696.00720873987302,550.319568778151506,466.8214927932151,0.0015182638022763924,1,-0.238970732609391279,0.0121367152763749986,0
21.29999148,21.2999914799988979,14548.9212720170617,14548.859459494488,30.212261158878146,120.003579014905299,5039.20696053092342,344.588569788365589,702.681149193308102,0.663421149538228394,699.419242812697121,3.00858523047634208,67.5608513108914224,672.878553600825853,202.457444641429532,2.49652657722124616,0.00554299910965191326,0.0153077790451434763,0.0236427714334893416,0.531691643987564855,0.0816780420183498557,0.337337246345270847,0.096296878014219725,0.00428159262020676428,-0.11974463956553473,-0.00832913656509978902,1.17744830360739172,0,0,0,0,0,4695.98845529296705,550.31898590321066,466.822388000632145,0.00151827619344455317,1,-0.239173181768061627,0.0109796703843303162,0
21.39999144,21.3999914399988889,14548.6731505654752,14548.6113386427296,30.2124458673796532,120.003643313355852,5059.68301153989705,350.778587648370547,701.944960173081085,0.662725465452372986,698.676429334880595,2.98970140896364001,67.5946439426618326,671.632253472522962,204.036168175275208,2.46683687334940771,0.00454710302389598267,0.0153022050905946526,0.0236242135808595877,0.53243149627322961,0.0818012496839122388,0.340160521888885903,0.0964465437992934743,0.00425918073037905368,-0.119575027027897157,-0.00820695013072067665,1.1759798421774621,0,0,0,0,0,4695.96970184606107,550.318403028269927,466.82327160819159,0.00151828842412715073,1,-0.239377166045582346,0.00992121914770065401,0
21.4999914,21.4999913999988799,14548.42772000283,14548.3659086644238,30.2126302328993752,120.003708110883366,5080.12104152643406,357.016634708717788,701.209091395343989,0.662030091828249012,697.933701656951825,2.96973542944630253,67.6307520170217629,670.381991967214844,205.611789879151161,2.44265516291469709,0.00349336807865910414,0.015297481509533712,0.0235898182669152974,0.533069075257164959,0.0819234117176672882,0.342981417573465952,0.0965997987222705634,0.00423517655973495045,-0.119403388590205342,-0.00808595282312360095,1.17455599454854798,0,0,0,0,0,4695.9509483991551,550.317820153329194,466.824145633005685,0.00151830052224185218,1,-0.239579012767765803,0.0089718821111940128,0
21.59999136,21.5999913599988709,14548.1844460144639,14548.1226352613594,30.2128142543612448,120.003773406465086,5100.52093119837809,363.302612298735312,700.473547649009788,0.661335031817074648,697.191063743445056,2.94909926078742046,67.6691540203009652,669.127859716058879,207.184034694571238,2.42364920619707647,0.00240348976264140183,0.0152900144171852197,0.0235415579012561126,0.533599486793833178,0.0820455196016971616,0.345798590422419283,0.0967566227673803403,0.0042101632289576179,-0.119229491844349694,-0.00796797339398751248,1.17317880338878,0,0,0,0,0,4695.93219495224912,550.317237278388347,466.825011977869792,0.00151831251412466966,1,-0.239776066046617442,0.00813963841302505105,0
21.69999132,21.6999913199988619,14547.9428279474378,14547.8810177668965,30.2129979307150087,120.003839198988842,5120.88256412458304,369.636413140851971,699.738333573768273,0.660640288519682484,696.448543955584796,2.92818749131123468,67.709576964826681,667.869954912920548,208.752612434574615,2.40948105365710319,0.00129812567432978734,0.0152761456448165349,0.023481497876792809,0.534019961782331354,0.0821681581440037306,0.348610685435709611,0.0969166347491776797,0.00418470147639799037,-0.119053393218727085,-0.00785466046016983568,1.17184453670333388,0,0,0,0,0,4695.91344150534314,550.316654403447501,466.825872425703608,0.00151832442445294126,1,-0.239966837174635406,0.00742999005700736501,0
21.79999128,21.7999912799988529,14547.7023984268308,14547.6405888135487,30.2131812609387609,120.003905487248119,5141.20582701925287,376.017920875891548,699.003455747634916,0.659945866956005101,695.706194586338938,2.90737149938803441,67.7515250920263554,666.608386004545423,210.317216815450905,2.39982635898935825,0.000196636029621674965,0.0152526743517115114,0.0234117555565115966,0.534329740159920186,0.082291510487985664,0.351416350165816627,0.0970791313486076002,0.00415932118560637023,-0.118875434477714412,-0.00774746471102535483,1.17054424827002745,0,0,0,0,0,4695.89468805843717,550.316071528506768,466.826728640917565,0.0015183362762641935,1,-0.240151009875225169,0.0068460599328570744,0
21.89999124,21.8999912399988439,14547.462721131742,14547.4009120908249,30.213364244042058,120.003972269936924,5161.49061008200442,382.447009569213833,698.268924404959648,0.659251775681038654,694.964088004340738,2.88699467089389827,67.7943392601807062,665.343273713966255,211.877525485885087,2.39439078251544402,-0.000883132910760089321,0.0152172862483956218,0.0233344608873736446,0.534529932798867513,0.0824154071919974696,0.354214271007216086,0.0972431706030884718,0.0041345143613814514,-0.11869620506249251,-0.00764762803711700138,1.16926502878143435,0,0,0,0,0,4695.87593461153119,550.315488653566035,466.82758217733317,0.00151834809106571171,1,-0.240329312893873881,0.00638871893720421684,0
21.9999912,21.9999911999988349,14547.2233871519566,14547.1615786748007,30.2135468790694404,120.004039545645,5181.73680739026986,388.923543249692102,697.534754548077103,0.658558027824792447,694.222310116755807,2.86736865450097866,67.8372768881555146,664.07475189126751,213.433201793434705,2.39292189613911432,-0.00192502356700465838,0.0151688417818269961,0.023251719811179971,0.534623365212290924,0.082539409348592982,0.357003225479255837,0.0974076856274042058,0.00411072955337849627,-0.118516477034183304,-0.00755617873240773622,1.167991727132772,0,0,0,0,0,4695.85718116462522,550.314905778625189,466.828434491157282,0.00151835988901408495,1,-0.240503287856081993,0.00605673790427209771,0
22.09999116,22.0999911599988259,14546.9840104393661,14546.9222025248946,30.2137291651039526,120.004107312853762,5201.94431729059215,395.447375518475781,696.800966316721656,0.657864641429258601,693.480952155007458,2.84877055903689325,67.8796005026792812,662.802966884703096,214.983898677500434,2.39521568431412391,-0.00291470107932103152,0.015107496935805249,0.0231655812604466826,0.534614406653436403,0.0826629123657265097,0.359782142763638235,0.0975716115764249659,0.00408836760114165542,-0.118337122266943304,-0.00747393148513789997,1.16670888004780582,0,0,0,0,0,4695.83842771771924,550.314322903684342,466.829286957180557,0.00151837168913939021,1,-0.24067499090636979,0.00584696036643374446,0
22.19999112,22.1999911199988169,14546.7442228496075,14546.68241551143,30.2139111012703587,120.004175569933878,5222.11304275568727,402.01834931646539,696.067584589211492,0.657171639059122681,692.740101929678644,2.83144095876491519,67.9206628090044546,661.528075352167775,216.529264700213901,2.40111746913468238,-0.00383974781120216199,0.0150346539889361849,0.0230780081012883463,0.534508787958259068,0.0827852556791536937,0.362550163935979886,0.0977340085147923032,0.0040677785175261055,-0.118159023156451867,-0.00740149083087556902,1.16540258415382869,0,0,0,0,0,4695.81967427081327,550.313740028743609,466.830140886435288,0.00151838350958958266,1,-0.240846671424750136,0.00575449237754899028,0
22.29999108,22.2999910799988079,14546.503669410944,14546.4418626439037,30.2140926867374624,120.004244315145215,5242.24289163838057,408.636296918911967,695.33463789321911,0.656479046761291429,691.999835685565813,2.8155825800907337,67.9599776337424402,660.250240655657535,218.06895187599892,2.41051777507104248,-0.00468971954701108938,0.0149527614827096866,0.0229908520200628186,0.534313411342833833,0.0829058242929145983,0.365306693712804331,0.0978941647596299619,0.00404925933636817066,-0.117982988179163084,-0.00733925701751298159,1.16406207509582726,0,0,0,0,0,4695.80092082390729,550.313157153802763,466.830997543043395,0.00151839536786369292,1,-0.241020469869378806,0.00577290573275914855,0
22.39999104,22.3999910399987989,14546.2620041556656,14546.2001979712513,30.2142739207193785,120.004313546639253,5262.33377681674483,415.301040168088889,694.602156788885395,0.655786892527737475,691.260211528768423,2.80135958322017586,67.9972687499960955,658.96962817067913,219.60262468198178,2.42334420850027499,-0.00545616489128270855,0.0148650001699080665,0.0229058321170874345,0.534036155305990579,0.0830241303906041062,0.36805143697022491,0.0980516689672215613,0.00403305280600414328,-0.117809682331652468,-0.00728743368536362551,1.16268083573452685,0,0,0,0,0,4695.78216737700131,550.312574278861916,466.831858159062165,0.00151840728101731038,1,-0.241198170576104043,0.00589445092835922529,0
22.499991,22.4999909999987899,14546.0188869573176,14545.9570813573901,30.2144548024756432,120.004383262464629,5282.38561620011842,422.012391006964492,693.870184185091603,0.655095216027238192,690.521277472917632,2.78889740151254273,68.0324915720913168,657.68641140185855,221.129973896105497,2.4395497752400459,-0.00613260985138128472,0.0147748044608283294,0.0228245168872754367,0.533685677737493203,0.0831398662926856186,0.370784415161624581,0.0982064416989408412,0.00401934680905405989,-0.117621742897986534,-0.00724603720165369405,1.16125713949746401,0.0138457546789458874,0,0,0,0.468758987857701759,4695.76341393009534,550.31199140392107,466.83272394574692,0.00151841926581848226,1,-0.241381036670275106,0.00611027620282432286,0.0138457546789458874
22.59999096,22.5999909599987809,14545.7739826217294,14545.7121776219337,30.2146353313462477,120.004453460592046,5302.39833662208639,428.770153877563132,693.139126205028219,0.654404399861100217,689.783432050812621,2.77828286517262768,68.0657497482617231,656.401095734391106,222.650853935037532,2.45907237774014931,-0.00671450693178580419,0.0146822317710180571,0.0227483081404002176,0.533271215539002585,0.0832528275548551355,0.373505903014100749,0.0983585663206560934,0.00400827222065398489,-0.117233600594689041,-0.00721490501919556763,1.15979322979608046,0.0397681378699699106,0,0,0,4.78181556716910539,4695.74466048318936,550.311408528980337,466.833596096788426,0.00151843133879252744,1,-0.241570033274611656,0.00641065472479484914,0.0397681378699699106
22.69999092,22.6999909199987719,14545.5269637592137,14545.465159363428,30.2148155068767856,120.004524138982546,5322.37188770243665,435.574132293235891,692.409838264032032,0.653715250836099493,689.047543240611617,2.76956454087689963,68.096966093611357,655.114595973190148,224.165320247744177,2.4818271360417512,-0.00719914361870886612,0.0145830284579373821,0.0226784240721452125,0.532802374375797139,0.0833625127298349977,0.376216171368157659,0.0985077996303496406,0.003999902619784018,-0.116572906239306689,-0.0071937030612608836,1.15828867875916841,0.0658026982223702817,0,0,0,14.0453646715101357,4695.72590703628339,550.310825654039604,466.834475778084311,0.00151844351608043616,1,-0.241767032409598265,0.00678522776577642622,0.0658026982223702817
22.79999088,22.7999908799987629,14545.2775106020272,14545.2157068269571,30.2149953288794535,120.004595295627567,5342.30624862235891,442.424132695240701,691.683294324004237,0.653028687699945154,688.314628798171498,2.76275484937514193,68.1257558856023877,653.827928703931207,225.673504167538766,2.50775006294455238,-0.00758553088116645929,0.0144727489778075768,0.0226158880127583332,0.532288938779329368,0.0834679503553736601,0.378915363370640135,0.0986534329064432669,0.00399425895966194072,-0.115607312619182709,-0.00718194619212128224,1.15673648801069429,0.0919296880857132237,0,0,0,28.8593579665921567,4695.70715358937741,550.310242779098758,466.835364128389074,0.00151845581344787323,1,-0.241975353553438244,0.00722322746616980461,0.0919296880857132237
22.89999084,22.899990839998754,14545.0253079943359,14544.963504847532,30.215174797459575,120.004666928570771,5362.20143105223269,449.319966554028554,690.960586651234735,0.652345740904414773,687.5858525258177,2.75783324258094353,68.1514641630613909,652.542214302426487,227.175604819229193,2.53681566575941986,-0.00787427963390678956,0.0143474609517866246,0.022561523986667515,0.531740703692600403,0.0835677282379983094,0.381603489678524144,0.0987943436469241876,0.00399131385811349586,-0.114299959881828492,-0.00717902384233613366,1.1551238211617687,0.11812681754264065,0,0,0,49.9111571413818922,4695.68840014247144,550.309659904157911,466.836262270033444,0.00151846824643355263,1,-0.242199700426365294,0.00771367739403147276,0.11812681754264065
22.9999908,22.999990799998745,14544.7700408659875,14544.708238362804,30.2153539130468438,120.004739035929603,5382.05748262224097,456.26145244447855,690.242944911567861,0.651667570621372594,686.862537187239468,2.75474972045827826,68.173230544543344,651.25869658224633,228.671889641567475,2.56904922918505463,-0.00806746511530896659,0.0142040798757643444,0.022515957401042546,0.531167321029576756,0.0836600624864105025,0.384280446662149777,0.0989290849902871305,0.00399099629158927022,-0.112608660423158341,-0.00718422543740857011,1.15343343957070998,0.144368850134710458,0,0,0,77.9893684320343112,4695.66964669556546,550.309077029217178,466.83717132504313,0.00151848083057238691,1,-0.242445976731963442,0.00824557828081778216,0.144368850134710458
23.09999076,23.099990759998736,14544.5113887488842,14544.4495868977519,30.2155326764319945,120.004811615917347,5401.87449098947218,463.248418168954913,689.531757268028855,0.65099548664688045,686.146178116847636,2.75342841164234642,68.1900664962351755,649.97876361936585,230.162697948444475,2.60453413673458556,-0.00816848154731586798,0.0140405340360857146,0.0224796200326327668,0.530578161617475064,0.0837428891159561484,0.386946047790662329,0.0990559936279695186,0.00399319639763166291,-0.110484961286854672,-0.00719676398394477734,1.15164542581219043,0.170627154866670239,0,0,0,113.999493219596062,4695.65089324865949,550.308494154276445,466.838092434667089,0.00151849358166582194,1,-0.242721030639844793,0.00880807818759984061,0.170627154866670239
23.19999072,23.199990719998727,14544.2490198202431,14544.1872186525306,30.21571108880946,120.004884666866786,5421.65258855947104,470.280703034898636,688.828593740583756,0.650330970439751965,685.438459033314757,2.75377102806544372,68.2009323821162354,648.703969864771807,231.648447867223268,2.64341389529214865,-0.00818188895549120526,0.0138557491963081942,0.0224527582798176688,0.5299821927113606,0.0838139628174748019,0.389600059411246147,0.099173297840732047,0.00399777011045569959,-0.107873101984574934,-0.00721579687079688947,1.14973892082038076,0.196869209026069525,0,0,0,158.981277369670465,4695.63213980175351,550.307911279335599,466.8390267805907,0.00151850651607552778,1,-0.243032373262514978,0.00939062656406866592,0.196869209026069525
23.29999068,23.299990679998718,14543.9825850278139,14543.9207845414603,30.2158891518264454,120.004958187256861,5441.39195793104591,477.358160421029709,688.135232152167305,0.649675699601923506,684.741271550824422,2.75566009650526667,68.2048026278923487,647.436059852489052,233.129646614728898,2.6858892554942031,-0.00811325380341588846,0.0136494666192285459,0.0224354436126129597,0.52938787104841889,0.0838709475585237979,0.392242232166958638,0.0992792085798006041,0.00400454348635913109,-0.1047089016454473,-0.00724044363794926118,1.14769362129074004,0.223058044907835651,0,0,0,214.12735578583596,4695.61338635484753,550.307328404394752,466.839975605856694,0.00151851965101304129,1,-0.243387916884994893,0.00998311192816956489,0.223058044907835651
23.39999064,23.399990639998709,14543.7117126099765,14543.6499128363848,30.2160668676383537,120.005032175742656,5461.09283804180359,484.480660663617755,687.453686966931627,0.649031575090228241,684.05673963650861,2.75896195469658778,68.2007097560611015,646.176993916801052,234.606903729777372,2.73221144886807821,-0.00796898517385515905,0.0134219288061641333,0.0224275842907860172,0.528803051298015525,0.0839114857158389793,0.394872320494229379,0.0993719799173715113,0.00401331669800711766,-0.100918633551604284,-0.00726980102779182201,1.14549083538868057,0.24915163365924875,0,0,0,280.802321170591028,4695.59463290794156,550.30674552945402,466.840940234380582,0.00151853300480997715,1,-0.243795773467758631,0.0105759830298007354,0.24915163365924875
23.4999906,23.4999905999987,14543.4360035732388,14543.374204536758,30.2162442389721839,120.005106631190372,5480.7555311923561,491.648094422884924,686.786241175856276,0.648400751307381951,683.387249772469886,2.76352956026511265,68.187761521045033,644.928976287551677,236.08094659246359,2.7826730240280142,-0.00775616850016885243,0.0131734831225129474,0.022428937670483283,0.528234909726341351,0.0839332360751292444,0.397490084782707975,0.0994499301848877637,0.00402386776585383476,-0.0964179816678312068,-0.00730295597473647889,1.14311396849610047,0.275102202163856391,0,0,0,360.560624738583442,4695.57587946103558,550.306162654513287,466.841922087055821,0.00151854659714103081,1,-0.244264143443508608,0.0111603534101993047,0.275102202163856391
23.59999056,23.599990559998691,14543.1550279892981,14543.0932297186464,30.2164212691974541,120.005181552717161,5500.38041091177092,498.860376517217219,686.135481042074844,0.647785668894614752,682.735486828924536,2.7692051893078542,68.1651294426284977,643.694485671439566,237.552637321739553,2.83759801700468728,-0.00748239918572494479,0.0129041632381727053,0.0224391227109336441,0.527689882898004892,0.0839338758024982395,0.40009527357589697,0.0995114210722027881,0.00403595613947866413,-0.0911112271140012558,-0.00733899728586427744,1.14054839698878618,0.300855485368810238,0,0,0,455.160669462411136,4695.55712601412961,550.30557977957244,466.842922694940796,0.00151856044920661674,1,-0.244801311289134627,0.0117280892679860853,0.300855485368810238
23.69999052,23.699990519998682,14542.8683223538101,14542.8065248562652,30.2165979624062047,120.005256939736498,5519.96793082462955,506.117450290837041,685.504332909635764,0.647189089474696111,682.104474617824508,2.77582309806257399,68.132011201450851,642.476307870014466,239.022989948718703,2.89733318306696219,-0.00715561869781503219,0.0126133108807065901,0.0224576325644074599,0.52717362125561984,0.0839110668553302019,0.402687586317276969,0.0995547981617479066,0.00404932624156700751,-0.0848908887999247769,-0.00737702693804556924,1.13778082069112063,0.326349928200163508,0,0,0,566.571048330261874,4695.53731161128417,550.304969924662259,466.843943708664881,0.00151857458386314378,1,-0.245415748124889227,0.0122718805237597185,0.326349928200163508
23.79999048,23.799990479998673,14542.5753875821829,14542.5135909060336,30.2167743235019159,120.005332792008858,5539.51863450801829,513.419292491670944,684.896100334710809,0.646614130700556178,681.497618780376683,2.78321219236113393,68.0875728768687338,641.277569055816684,240.493186605494941,2.96224170033080725,-0.00678395568177776569,0.0122992936180061404,0.0224838473492631093,0.526690957430319462,0.0838623923978266544,0.405266620097405383,0.099578301735797875,0.00406371105226952748,-0.077638123192561373,-0.00741617101486992392,1.134798160454358,0.351515869922625068,0,0,0,696.963189950334481,4695.51473872299084,550.304275532514112,466.844986905565747,0.00151858902572193249,1,-0.246116306526817985,0.0127852949638865183,0.351515869922625068
23.89999044,23.899990439998664,14542.2756876014173,14542.2138917552293,30.2169503582974386,120.005409109697112,5559.03316634903786,520.765918603302453,684.314498717002721,0.646064298944839521,680.918748065280056,2.79119871891282401,68.0308819377337244,640.101767436836781,241.964590801221163,3.03270126089726944,-0.00637557547226984614,0.011959399694600437,0.0225170471250385543,0.526245889161445435,0.0837852745610676575,0.407831807173926253,0.0995799642084602005,0.00407883577455088638,-0.0692242679473129285,-0.00745558899009525402,1.13158598867110927,0.376274765395780197,0,0,0,848.683024958998999,4695.48938805914349,550.303494804463639,466.846054194704095,0.00151860380121872363,1,-0.24691247475011463,0.0132628153164710532,0.376274765395780197
23.9999904,23.999990399998655,14541.968647710979,14541.9068527391046,30.2171260736209177,120.005485893425416,5578.51228328737761,528.157388513344813,683.763682828760466,0.645543515282982594,680.37214803501513,2.79960894584002062,67.9608440465505197,638.952799063776297,243.438756116247674,3.10910673500269752,-0.00593854037494000002,0.0115899404910101214,0.0225564253306095586,0.525841576707994585,0.0836768905248982536,0.410382353250079324,0.0995575141220825799,0.00409442156464779466,-0.0595140206029895966,-0.00749448476567953891,1.1281273111478245,0.40053853304874576,0,0,0,1024.19341656112465,4695.46125961973848,550.302627740510729,466.847147622701016,0.00151861893869460318,1,-0.247814640375470963,0.0136998591094926788,0.40053853304874576
24.09999036,24.099990359998646,14541.6536386981606,14541.5918446328178,30.217301477010384,120.005563144130093,5597.95682095547181,535.593792158240035,683.24267793451645,0.645050857858875393,679.856884209814325,2.80827540467237213,67.8770029752647304,637.829848750413589,244.915189264054987,3.19234426501332536,-0.00548072266248083011,0.0112368424480690041,0.0226011148922676472,0.525480406967469893,0.0835351859019629467,0.412917816454439368,0.0995103676269669529,0.00411022818471125633,-0.0519493373141473244,-0.00753214992907015341,1.12440618457948616,0.424300982813933025,0,0,0,1155.4240923485961,4695.43035340477854,550.301674340655381,466.848269430306061,0.001518634469179271,1,-0.248831058650468007,0.0140927180580078838,0.424300982813933025
24.19999032,24.199990319998637,14541.3299108073115,14541.2681176835722,30.2174765747742278,120.005640862089876,5617.36747867580925,543.0751561692216,682.74636834890407,0.644581495049441733,679.367301225104256,2.81705213943865829,67.784494812453957,636.728287069540215,246.391781848901303,3.28356154653314292,-0.00500996294809680914,0.0109876460664173423,0.0226502734263084662,0.525164332673054735,0.0833654097025483265,0.415441903497323239,0.0994467822727692907,0.00412607120767361901,-0.0447067778120237916,-0.00756808791688832246,1.12050911281371723,0.447670581020160774,0,0,0,1286.77523107905404,4695.39666941426367,550.300634604897596,466.849422287545906,0.00151865042964666663,1,-0.24994806297971045,0.0144381626103229233,0.447670581020160774
24.29999028,24.299990279998628,14540.9966499991715,14540.9348578625631,30.2176513729049816,120.005719047431825,5636.74492075373746,550.601492575749603,682.275640868853316,0.644136262040147178,678.903517482514644,2.82580180269241055,67.6910549263732833,635.648915676663933,247.869040813710455,3.38300579022212133,-0.00453394422450523801,0.0108530008727841347,0.0227030620491292627,0.524894729315605657,0.0831767746083109105,0.417960519968676281,0.0993779936408770992,0.00414174229947760451,-0.0372285145648531476,-0.00760188166093199967,1.11659950234186023,0.470626606931522806,0,0,0,1422.68310768853826,4695.36020764819295,550.299508533237258,466.850609093373805,0.00151866686024154695,1,-0.251139734592332964,0.0147336230457626415,0.470626606931522806
24.39999024,24.399990239998619,14540.6530396007001,14540.5912484936089,30.2178258775817099,120.005797700473138,5656.08983217380046,558.172831710963692,681.831221614991819,0.643715842311968989,678.465520194102965,2.83439230734387593,67.6041337270548581,634.592291249424761,249.347659240968454,3.49048518794516838,-0.00406000741715304911,0.0108294861745123275,0.0227586233743222906,0.524672248868115587,0.0829788680504758847,0.420479679719606758,0.0993148738754287552,0.00415704118706230943,-0.0295351721511460628,-0.00763315555264283251,1.11283675901970946,0.493149085609111304,0,0,0,1562.65366681703426,4695.32096810656731,550.298296125674597,466.851832756122917,0.00151868380124017084,1,-0.252378563769362629,0.0149773787570735145,0.493149085609111304
24.4999902,24.4999901999986101,14540.2983026430011,14540.23651261534,30.218000095104351,120.005876821777008,5675.4029113191591,565.789227588610402,681.413684818466095,0.643320776040861575,678.053255823220752,2.84270035149233991,67.5300761151753051,633.558740857258726,250.828492754216512,3.60540759035629321,-0.00359504188471796706,0.0109018212540356874,0.0228160889811121793,0.524496804628484137,0.0827805420670400527,0.423004860540881045,0.0992667147942962319,0.00417178090263465098,-0.0216478768979239157,-0.0076615867041351076,1.10935835393015325,0.515220966032701955,0,0,0,1706.19646201183104,4695.27895078938491,550.296997382209497,466.853096042732716,0.00151870129096300099,1,-0.253638768909145607,0.0151685911142226491,0.515220966032701955
24.59999016,24.5999901599986011,14539.9317381680012,14539.8699492690685,30.2181740318343088,120.005956412197321,5694.68486338883849,573.450762207284697,681.02346600537669,0.642951472633818133,677.666704315380457,2.8506148728878884,67.4734992953055865,632.548390457567848,252.312515508660596,3.72686157624969638,-0.00314539141149292566,0.0110456451692305078,0.0228745929541993541,0.524367574017066573,0.0825889890975718549,0.425540470252378344,0.0992402990456371509,0.00418579291229226238,-0.0135887116948721492,-0.00768691484071113481,1.10626636715697946,0.536827897062711279,0,0,0,1852.8283665991687,4695.23415569664849,550.29561230284196,466.854401449454144,0.00151871936398464275,1,-0.254899111446674209,0.0153073148807977687,0.536827897062711279
24.69999012,24.6999901199985921,14539.5527478046715,14539.4909600915435,30.2183476941444233,120.006036472907638,5713.936394850135,581.157548340066228,680.660880201434566,0.642608227980376201,677.305932838785338,2.85803968254236906,67.4369245083690458,631.561204629600979,253.800763264622503,3.85372672802086669,-0.00271677698085311678,0.011231173637002146,0.0229332895203548624,0.524283022329105286,0.0824090958978468541,0.428089476035122096,0.099239343349528511,0.00419893101550623121,-0.00538101245659841805,-0.0077089473600565929,1.10361929293407934,0.557957895811404869,0,0,0,2002.07590935989879,4695.18658282835531,550.294140887571984,466.855751107206231,0.0015187380498234693,1,-0.256144920364483275,0.015394484187829403,0.557957895811404869
24.79999008,24.7999900799985831,14539.1608505137265,14539.0990640375203,30.2185210883808288,120.006117005410744,5733.15820920444821,588.909730453834186,680.326142610714442,0.642291244010749551,676.971124682389359,2.86489484353597845,67.4206870579827893,630.597032104139885,255.294271006695794,3.98479763404543519,-0.002314236172230511,0.0114272224982167412,0.0229913719453898116,0.524240948653596717,0.082243131766256708,0.430653228939885613,0.099264352270151332,0.0042110733828670515,0.00295051536641682995,-0.00772755821349416314,1.1014296625508635,0.578600958240168439,0,0,0,2153.476407559373,4695.1362321845063,550.292583136399458,466.857146729067495,0.00151875737221447357,1,-0.257369143362652097,0.015431871174556867,0.578600958240168439
24.89999004,24.8999900399985741,14538.7556849308312,14538.6938997482521,30.218694220837456,120.006198011528696,5752.35100417463673,596.707483751433756,680.019389191711866,0.642000648126584084,676.662582176205888,2.87111671089058973,67.4231136045401911,629.655651416517458,256.794012647369073,4.11890572515881814,-0.00194207840127051255,0.0116050837880992391,0.0230480897876504248,0.524238553192238332,0.082090782418063668,0.433231489602041664,0.0993128683796921236,0.00422212261412368596,0.0113798657652877753,-0.00774268134956897225,1.09966730172123484,0.598748663482224552,0,0,0,2306.57821327373676,4695.08310376510235,550.290939049324493,466.858589601931328,0.00151877734899355044,1,-0.258572373913682096,0.0154220177782382097,0.598748663482224552
24.99999,24.9999899999985651,14538.3370002359152,14538.2752164020367,30.2188670977424536,120.006279493375004,5771.51547018568363,604.551011492678867,679.740694833947828,0.64173651033836987,676.380705496480005,2.87665685775658631,67.4409244505511793,628.736811476612502,258.300849540750619,4.25502456952274599,-0.00160385531889418813,0.01174179867536582,0.0231027622177521277,0.524272523429118231,0.0819494981650945309,0.43582263664373655,0.0993800579412091323,0.00423200415451138907,0.0198799810597518646,-0.00775430096135684959,1.09826738197220219,0.618393818761757919,0,0,0,2460.940475107152,4695.02719757014256,550.289208626347204,466.860080619022028,0.00151879799254745883,1,-0.259761931258930767,0.0153681433312007898,0.618393818761757919
25.09998996,25.0999899599985561,14537.904637735337,14537.8428553149424,30.2190397252546283,120.006361453312863,5790.65228997584927,612.440540973192583,679.490087369275898,0.64149885644783522,676.125951794391653,2.88148031776381686,67.4697948300755286,627.840262899050572,259.815492995682064,4.39234736419124516,-0.00130234616068040042,0.0118224795994324901,0.0231547861548208715,0.524339135085058139,0.0818150895000885475,0.43842401884419957,0.09945953547869682,0.00424066370905356541,0.0284231640135205639,-0.00776244141662069554,1.0971419215042133,0.637530181931705853,0,0,0,2616.13283797523809,4694.96851359962784,550.287391867467477,466.861620345484084,0.00151881931072170252,1,-0.260950178948907152,0.0152740325126045368,0.637530181931705853
25.19998992,25.1999899199985471,14537.4585065320134,14537.3967255843545,30.2192121094669233,120.006443893903793,5809.76213898373953,620.376318579763961,679.267556349328174,0.641287676274827301,675.898781065162098,2.88556364317872749,67.5049952661065049,626.965777397521606,261.338483953349396,4.53032957675659986,-0.00103955830190853799,0.0118414749865259523,0.0232036391310401283,0.524434362605243454,0.081682478445109577,0.441032397983801783,0.0995443092267867119,0.00424806439680920113,0.0369816222689800245,-0.00776715949692974913,1.09619308654459346,0.656152285196458518,0,0,0,2771.73546021426773,4694.90705185355728,550.285488772685198,466.863209105025646,0.00151884130801996256,1,-0.262152345123909614,0.0151439097204841555,0.656152285196458518
25.29998988,25.2999898799985381,14536.9985566884279,14536.9367772702499,30.2193842564132567,120.006526817853043,5828.84568610340011,628.358604533796324,679.073056286676433,0.641102926651525129,675.699596386329972,2.88889321896357387,67.5420277593721039,626.113154213453981,262.870190755468457,4.6686944203430869,-0.000816743401523317399,0.0118023246536804009,0.0232488777960246085,0.524553993161259946,0.0815465022175936166,0.443644422501146274,0.0996277238901643047,0.00425418429746647706,0.0455280975816412872,-0.00776854061854914679,1.09532655933095491,0.674255368439242497,0,0,0,2927.33963046210056,4694.84281233192996,550.283499342000596,466.864847075490275,0.00151886398692719564,1,-0.263384148079309155,0.0149823069654104798,0.674255368439242497
25.39998984,25.3999898399985291,14536.5247536338866,14536.4629758074898,30.2195561720756949,120.006610227956756,5847.90359448353138,636.387667804460875,678.906504794602938,0.640944529603754365,675.52868646095726,2.89146411826425265,67.5771814743021508,625.282214209236145,264.410823752966223,4.80740348803938389,-0.000634429140191933847,0.0117166029705190067,0.0232901336094589115,0.524693737900886581,0.0814026673048452026,0.44625707297338274,0.0997042868347923772,0.00425901481181906964,0.0540365175085793861,-0.00776669938807923385,1.09446336616951823,0.691835415694382672,0,0,0,3082.54913375511705,4694.77579503474863,550.281423575413442,466.86653437999729,0.00151888734917146064,1,-0.264659530983699987,0.0147939328086445221,0.691835415694382672
25.4999898,25.4999897999985201,14536.0370570495725,14535.9752808734429,30.2197278623882966,120.006694127056363,5866.93652194634524,644.4637817182861,678.767776682325916,0.640812366725049043,675.386177744230281,2.89327958625148085,67.6079470738654891,624.47278371561606,265.960463641149829,4.94659888425719174,-0.000492465693372711659,0.011601872845211211,0.023327107457253398,0.52484933453290239,0.0812477657050117014,0.448868028256823315,0.0997702864527620914,0.00426255996114890002,0.0624825995417071511,-0.00776178353947059186,1.09354886665778039,0.708889275464462343,0,0,0,3236.98236839156698,4694.70599996201054,550.279261472924077,466.868271162136637,0.00151891139676504222,1,-0.265988773636868348,0.0145835495652073387,0.708889275464462343
25.59998976,25.5999897599985111,14535.5354065336287,14535.4736320625288,30.2198993332354888,120.006778518003102,5885.9451208176888,652.587220542939804,678.656695503350761,0.640706271162992946,675.272001878926062,2.89435105036767482,67.6332504168813813,623.68467132541889,267.519099050967043,5.08652614176729401,-0.000390084919570801681,0.0114790633981965862,0.0233595646918140394,0.525016636305571271,0.0810802883260282048,0.451475914462554084,0.0998241433051245824,0.00426483646843392201,0.0708443412629618657,-0.0077539793375639007,1.0925580430346058,0.725414836167280308,0,0,0,3390.27507428061972,4694.63342711371843,550.277013034532047,466.870057637017965,0.00151893613271131072,1,-0.267377183751591918,0.0143558649345087424,0.725414836167280308
25.69998972,25.6999897199985021,14535.0197155103087,14534.9579428093966,30.2200705904436937,120.006863403635577,5904.93003698797384,660.758257327012757,678.573024275121156,0.640626018843494793,675.1858819304598,2.89469841928513461,67.6534909426907802,622.917641467057592,269.086668197592815,5.22744883487983003,-0.000325969080767361287,0.0113696299338179579,0.0233873315614972453,0.525191683941805376,0.0809005998287818245,0.454080415803010229,0.0998664712526039638,0.00426587426145253606,0.0791023455211756765,-0.00774351612714805921,1.09149673484490561,0.741411222879207243,0,0,0,3542.08341939729053,4694.55807648987047,550.274678260237579,466.871894112961456,0.00151896156130513983,1,-0.268824485257200929,0.0141154424980049313,0.741411222879207243
25.79998968,25.7999896799984931,14534.4898736327887,14534.4281027568177,30.2202416397655789,120.006948786770309,5923.89190817669078,668.977162990346187,678.516457078698068,0.640571320546748701,675.127338329685358,2.89435037511850624,67.6703945784961292,622.171388727269004,270.66309932607362,5.36956599870629958,-0.000298325055058902642,0.0112928543827433749,0.0234102933290074103,0.525370758942683924,0.0807108705996413128,0.456682244471659671,0.0998998624084951603,0.00426571695160208979,0.0872399537658267027,-0.00773066790999767366,1.09039897366368144,0.756878981007249818,0,0,0,3692.08711846677033,4694.47994809046668,550.272257150040787,466.873780982941128,0.00151898768801451934,1,-0.270324928517926555,0.0138666333524834016,0.756878981007249818
25.89998964,25.8999896399984841,14533.9457568451762,14533.8839878616327,30.2204124868577644,120.007034670204163,5942.83136144926721,677.244206558153564,678.486613026452915,0.640541816237594208,675.09571289011933,2.89334438656942439,67.6867125198882036,621.445516540349331,272.248345256568541,5.51294232388299577,-0.000304959687942998512,0.0112636012755877243,0.0234283937583419678,0.525550418601885561,0.0805147911342877221,0.45928298386248928,0.0999284420197117801,0.0042644218771956564,0.0952431881147349918,-0.00771575054688275041,1.08932102589944191,0.771820216288706118,0,0,0,3839.99223530855579,4694.39904191550704,550.269749703941557,466.875718688751817,0.0015190145189844695,1,-0.271868058559686654,0.0136135288396559834,0.771820216288706118
25.9999896,25.9999895999984751,14533.3872435130179,14533.3254764841295,30.2205831372537119,120.00712105672649,5961.74901022642007,685.559656329615336,678.483033696261828,0.640537072683420861,675.090207128165275,2.89172625836312136,67.705813432676436,620.739523094236574,273.842408406341463,5.65745884980019298,-0.000343352262703220182,0.0112907668214176689,0.0234416352128690927,0.525727514806400009,0.0803171185105633068,0.461884833628449287,0.0999572637703602662,0.00426205943190917803,0.103100527264758934,-0.00769911419915112784,1.08833309901116571,0.786238667806730351,0,0,0,3985.53334820990494,4694.31535796499065,550.267155921939775,466.877707663565502,0.00151904206024169094,1,-0.273440002675886196,0.013359932225758063,0.786238667806730351
26.09998956,26.0999895599984661,14532.8142341934144,14532.7524691830313,30.2207535963337897,120.007207949137197,5980.64545095128688,693.923781618351541,678.505184632145529,0.64055658492005596,675.109929645198235,2.88954915557184222,67.7312259805976709,620.052796240042312,275.445354088420686,5.80278887352498174,-0.00041072100267805007,0.0113765584952830942,0.023450078428448734,0.525899199996002764,0.0801231212972364354,0.464490294839953188,0.0999916301743519614,0.00425871158464546061,0.110802558759000677,-0.00768113168613810716,1.08750987554672429,0.800139700379305707,0,0,0,4128.47483006977745,4694.22889623892024,550.264475804035555,466.87974826152589,0.0015190703167196444,1,-0.275025086293228138,0.0131093455707946352,0.800139700379305707
26.19998952,26.1999895199984572,14532.2266725003719,14532.1649095605517,30.220923869295472,120.007295350267015,5999.52125979504581,702.33685470359012,678.552460972052813,0.640599781616697728,675.153946657430993,2.88687216693364235,67.7661904877039092,619.384617977505059,277.057311465219868,5.94840043650661698,-0.000504081865244712982,0.0115166332125544741,0.0234538411100053516,0.526062924367347473,0.0799379967631277111,0.46710183798779753,0.100036425726834161,0.00425446968653536185,0.118341558612156894,-0.00766218429734113072,1.08692109563023331,0.813530213382869016,0,0,0,4268.61109973062776,4694.13965673729399,550.261709350229012,466.881840683443158,0.00151909929122956097,1,-0.276607559943954084,0.0128649670942247041,0.813530213382869016
26.29998948,26.2999894799984482,14531.6245644725859,14531.5628036668113,30.2210939611258631,120.007383262996527,6018.37698960730449,710.799152661030007,678.624196751719637,0.640666033907701271,675.221329874348839,2.88375856986010604,67.8132733035591002,618.734177880066341,278.678463072598277,6.09358346867773548,-0.00062029938199187546,0.0117010173041848919,0.0234530947917293738,0.526216428499911015,0.0797663323814787328,0.469721595619048193,0.100095542761109296,0.00424943181023534552,0.125711049785218992,-0.00764264708741293434,1.0866233164699941,0.826418473442693924,0,0,0,4405.76582210387369,4694.0476394601128,550.258856560519916,466.883984907820945,0.00151912898350518659,1,-0.278173222178860424,0.0126296941504318166,0.826418473442693924
26.39998944,26.3999894399984392,14531.0079941563308,14530.9462355592823,30.2212638765789698,120.007471690269952,6037.21316739726262,719.310958695063164,678.719677009240627,0.640754666859192357,675.311196713559866,2.8802740121245165,67.8740861775881967,618.100593765615827,280.309025147708326,6.23749684269681381,-0.000756130655957392393,0.0119156432010681136,0.0234480598049950778,0.526357735114013736,0.0796116732619880918,0.472351115496347174,0.10017146319132883,0.00424369994689390365,0.13290538588621148,-0.00762287572164974982,1.08665375839251865,0.838813887227052746,0,0,0,4539.79015516377058,4693.95284440737578,550.255917434908497,466.886180635363075,0.0015191593894340878,1,-0.279710750854240076,0.0124061274088193355,0.838813887227052746
26.4999894,26.4999893999984302,14530.3771338127553,14530.3153774798993,30.2214336201594058,120.007560635101925,6056.03029252690794,727.87256278411769,678.838151523311467,0.640864972464833094,675.422739121738573,2.87648482465550615,67.9491374185709418,617.482937130746109,281.949221952153664,6.37922852302587984,-0.000908264602514113678,0.0121442752874963075,0.0234389986065145599,0.526485142782110893,0.0794762401230291321,0.474991200378103717,0.100265036147393183,0.00423737738704805123,0.139919398360209724,-0.0076031965566696778,1.08702683546934109,0.850726736869747535,0,0,0,4670.56024546719982,4693.855271579082,550.252891973394526,466.888427252622989,0.00151919050055396711,1,-0.281212603278658824,0.0121965728358072369,0.850726736869747535
26.59998936,26.5999893599984212,14529.7322477176785,14529.6704937033337,30.2216031961135023,120.007650100575745,6074.82883572849551,736.48426151736146,678.978848885152388,0.640996222940904969,675.555238850308797,2.87245663240184967,68.0378239525917223,616.88026042591423,283.599257791390016,6.51786087879882814,-0.00107335896212658799,0.0123705664093636831,0.0234262080373148981,0.526597223276240256,0.0793608212352098358,0.477641848265420277,0.100375465139969644,0.0042305665419879665,0.146748135972671695,-0.00758390094887348952,1.08773360771886396,0.862167903727977247,0,0,0,4797.97424770688212,4693.7549209752342,550.249780175978117,466.890723818471827,0.00151922230386490587,1,-0.28267540730260432,0.0120030393985732856,0.862167903727977247
26.69998932,26.6999893199984122,14529.0736895464361,14529.0119379169464,30.2217726084275853,120.007740089832538,6093.609238908527,745.146357049688845,679.140989635211099,0.641147683122744172,675.708068719801531,2.86825335133181625,68.1385558429474116,616.291623187464893,285.259290461413912,6.65253313438190474,-0.00124807747885620425,0.0125799885390543778,0.0234100112475481258,0.526692823022911538,0.0792648392419593867,0.480302293881107956,0.10050049220179616,0.00422336734475256461,0.153386715173561616,-0.0075652439470380228,1.08874402712417973,0.873148606088281487,0,0,0,4921.94917966406774,4693.65179259582965,550.246582042659384,466.893069073411482,0.00151925478195792944,1,-0.284099831885789245,0.0118272318447947295,0.873148606088281487
26.79998928,26.7999892799984032,14528.401893991977,14528.3401447982596,30.2219418608331978,120.007830606053076,6112.37191573047676,753.859155351943059,679.323797376166226,0.641318620936496719,675.880681025723902,2.8639365700187227,68.248989480439775,615.716114343395247,286.929409432502837,6.78249380102094079,-0.00142912899573040936,0.012761413637126736,0.0233907500109251792,0.526771068008650034,0.079186572675043379,0.482971139853519804,0.100636743555279101,0.00421587623582133503,0.159830288678781823,-0.00754744672487130553,1.09001152432109949,0.883680173291274906,0,0,0,5042.41791920953438,4693.54588644087016,550.243297573438099,466.895461469424049,0.00151928791342798258,1,-0.285489989124692256,0.011670539270322848,0.883680173291274906
26.89998924,26.8999892399983942,14527.7173637934029,14527.6556170888252,30.2221109568175379,120.00792165243368,6131.11725276967809,762.622963890619872,679.526507072080449,0.641508315203110691,676.072585637952443,2.8595652348806766,68.3663341789151673,615.15286861431116,288.609621286841616,6.90713760048761571,-0.00161330922241846326,0.012908177899959513,0.0233687779850921054,0.526831370561278711,0.0791234947575440994,0.485646555990700113,0.100780184275073195,0.00420818561904715612,0.166074127251752302,-0.00753070150096468542,1.09147923295405702,0.893773873135361496,0,0,0,5159.32660751499679,4693.43720251035484,550.23992676831449,466.897899216165854,0.00151932167351326135,1,-0.286852472603036701,0.0115340213127576793,0.893773873135361496
26.9999892,26.9999891999983852,14527.0206540822983,14526.9589099217646,30.2222798996374742,120.008013232158689,6149.84561107042919,771.43808897785982,679.748370116157616,0.641716060385043585,676.283321392251992,2.85519550565447844,68.4876904331087104,614.601075747754408,290.299843881374329,7.02602360696045736,-0.00179754479033801778,0.0130185359113583303,0.0233444552028686282,0.526873435815198077,0.0790726805244425651,0.48832651821076023,0.100926619804671283,0.00420038359340536328,0.172113796683499548,-0.0075151773819567471,1.09308699870961812,0.903440802175361712,0,0,0,5272.63264988542687,4693.32574080428458,550.236469627288329,466.900380336712715,0.00151935603486689228,1,-0.288195173394928061,0.0114183945883301087,0.903440802175361712
27.09998916,27.0999891599983762,14526.312355838716,14526.2506142770217,30.2224486923351172,120.008105348372794,6168.55732786770659,780.304833107762079,679.988656147004463,0.641941168261103368,676.512424961860688,2.85088063157809302,68.6103770610271368,614.059982242334854,291.999909551466033,7.13887379687835733,-0.00197893814545880599,0.0130954909053994824,0.0233181437747940028,0.526897265407875515,0.0790312283981207259,0.491009055748060363,0.101072180704416648,0.0041925537400061292,0.177945400079299737,-0.0075010255871634365,1.09477828187720028,0.912691840629981654,0,0,0,5382.3034137787281,4693.21150132265848,550.232926150359731,466.902902726476668,0.00151939096837259177,1,-0.289526032399400002,0.0113240223502495164,0.912691840629981654
27.19998912,27.1999891199983672,14525.5930804572999,14525.5313415382043,30.2226173377527516,120.008198004155531,6187.25271824388528,789.223492500678958,680.246651966192303,0.642182966867401617,676.759401466918916,2.84667071959626128,68.7322086300584942,613.528886122048448,293.70957655158378,7.24555359801382792,-0.00215481103239258901,0.0131460634597671284,0.0232902045183535078,0.52690315606398197,0.0789966442765629995,0.493692476286654636,0.101213733296744712,0.00418477477254664519,0.183565846780880643,-0.00748838283700778169,1.09650613291855303,0.9215376660436565,0,0,0,5488.31562534239129,4693.09448406547654,550.229296337528808,466.905464208169008,0.00151942644390564785,1,-0.290851884443261266,0.0112509102639879593,0.9215376660436565
27.29998908,27.2999890799983582,14524.8634469620883,14524.8017107213454,30.2227858385457715,120.008291202500445,6205.93207656614595,798.194355097635821,680.52165821509243,0.642440797329377089,677.02370062667876,2.84261231626169319,68.8516931149538038,613.007126103651331,295.428546979494683,7.34603808496562749,-0.0023227439277362402,0.0131801245921541483,0.0232609940615015956,0.526891691175040311,0.0789671442449206423,0.496375543304277689,0.101349171666820753,0.00417711993209399397,0.18897310574106696,-0.00747737222358117997,1.09823758506893099,0.929988813501045009,0,0,0,5590.6553742069118,4692.97468903273875,550.225580188795334,466.908062577330725,0.00151946243096334906,1,-0.292177528075715287,0.0111987106953850141,0.929988813501045009
27.39998904,27.3999890399983492,14524.1240731701255,14524.0623396516476,30.2229541971917364,120.008384946301007,6224.59567748557947,807.217699204641121,680.812984674067593,0.642714009402898911,677.304701349493484,2.83874779131531341,68.9681313482020073,612.494067074603663,297.156488754754605,7.4403689537646045,-0.00248060883979493068,0.0132089635768786566,0.0232308619293890399,0.526863724205281603,0.0789418448362520925,0.499057587355071441,0.101477563809113866,0.00416965610379923298,0.19416640399074081,-0.00746810150432643868,1.09995604079725084,0.938055765751599546,0,0,0,5689.31856255843104,4692.85211622444604,550.221777704159422,466.910695633800685,0.00151949889910070707,1,-0.293505118498543105,0.0111667370698387662,0.938055765751599546
27.499989,27.4999889999983402,14523.3755713142455,14523.3138405663813,30.2231224159955154,120.008479238343199,6243.24377651004215,816.293792778660873,681.119945133996339,0.643001956622559767,677.601706419782658,2.83511457718213933,69.0816129058309656,611.989084109037321,298.89305888491532,7.52860818067428994,-0.00262659337518964106,0.0132437817378919763,0.0232001472137123091,0.526820353641787253,0.0789208254900743283,0.501738542198845727,0.101599144197131896,0.00416244273022055647,0.199146339649526299,-0.00746065933784369195,1.10166149774159705,0.945749054476537232,0,0,0,5784.31158715643778,4692.72676564059748,550.217888883621072,466.91336119730363,0.00151953581814628837,1,-0.294833935475438791,0.0111539888091933947,0.945749054476537232
27.59998896,27.5999889599983312,14522.6185482740402,14522.5568203313032,30.2232904970898986,120.008574081305582,6261.87661007054976,825.422893434614252,681.441852755965556,0.643303991922138052,677.91394755729516,2.83174436982727684,69.1929159567064289,611.491547272301887,300.637925272947257,7.61079428095902699,-0.00275921477671578269,0.0132942999668886255,0.0231691746146988654,0.526762890130378691,0.0789050644042804256,0.504418906377850917,0.101715164202667213,0.00415553067126251535,0.203914892152079252,-0.0074551104020045408,1.10336873033575311,0.953079354228815734,0,0,0,5875.65202636951835,4692.59863728119399,550.213913727180284,466.916057106627818,0.00151957315819078228,1,-0.296160528920966726,0.0111591862396881614,0.953079354228815734
27.69998892,27.6999889199983222,14521.8536097891629,14521.7918846795601,30.2234584424323884,120.008669477765991,6280.49439516880102,834.605249089916811,681.778016691916719,0.643619464455253865,678.240599786437997,2.82866242200299212,69.3033297511648527,611.000809214396213,302.390784671172241,7.68690637831922885,-0.00287732360797323013,0.013367641728704938,0.0231382498865693453,0.526692817268429092,0.0788962642959326887,0.507099639840034255,0.101827628307866638,0.00414896119871957254,0.208475327380138548,-0.00745149053030537151,1.10510378292142564,0.960057553100962191,0,0,0,5963.36911892085118,4692.46773114623466,550.209852234837172,466.918781204620416,0.00151961088937912678,1,-0.297479198862487471,0.0111808138459133163,0.960057553100962191
27.79998888,27.7999888799983133,14521.0813677385449,14521.0196455037294,30.2236262537992921,120.008765430212534,6299.09732871569395,843.841099023577954,682.127740511526895,0.643947718128747071,678.580802939114164,2.82588705557378717,69.4144266000744636,610.51619707455086,304.151375006171349,7.75684000378310401,-0.0029800977277011434,0.0134676093886974043,0.0231076549504344309,0.526611748152724046,0.0788965969062353639,0.509782012461086675,0.101938956105969605,0.00414276530769345022,0.212832009574295877,-0.0074498029545768743,1.10689931191131841,0.966694788475801592,0,0,0,6047.50386299385355,4692.33404723571948,550.205704406591508,466.92153131226496,0.00151964898155139308,1,-0.298782728490549487,0.0112171694562299366,0.966694788475801592
27.89998884,27.8999888399983043,14520.3024490959942,14520.2407297565951,30.223793932778122,120.008861941057731,6317.68558670032962,853.130675237636979,682.490322701943114,0.644288092097051068,678.933687354824997,2.82342948787976411,69.527814596102715,610.037009584311363,305.919481093058664,7.82039685610495638,-0.00306702800473994614,0.0135944162581966514,0.0230776431115628892,0.526521380134045591,0.0789084031039025829,0.512467426053814457,0.102051616496416558,0.00413696348147433481,0.216990143137997693,-0.00745001648464248527,1.10878942020929605,0.973002441649298055,0,0,0,6128.10862672051735,4692.19758554964847,550.201470242443406,466.924305196788396,0.00151968740380092936,1,-0.300063263556779536,0.0112664164742797262,0.973002441649298055
27.9999888,27.9999887999982953,14519.51750523597,14519.4557888207219,30.2239614807600354,120.008959012653406,6336.25932333601304,862.474203891107663,682.865059214431653,0.644639923189799791,679.298400505955897,2.82129401619516784,69.6449026566433673,609.56251955082962,307.694933618220887,7.87728890242996727,-0.00313789776007198339,0.0137448772424986349,0.0230484348949830317,0.526423450286651162,0.0789338884591599399,0.515157233254728952,0.102167780826022125,0.00413156597287580273,0.220955474496791399,-0.00745206606025560891,1.11080464831124548,0.978992090947306659,0,0,0,6205.24623443895871,4692.05834608802161,550.19714974239298,466.927100538521529,0.00151972612401520143,1,-0.301313220348363608,0.0113266361532353629,0.978992090947306659
28.09998876,28.0999887599982863,14518.7272201962769,14518.6655067211632,30.2241288989335821,120.009056647304305,6354.81867038078235,871.87190661077193,683.251247762319736,0.645002549990137619,679.674131369411043,2.81947854587684787,69.7667059329367305,609.091981215889518,309.477602088312324,7.92715541273160795,-0.00319275813176511658,0.0139130048382795201,0.0230202149817495122,0.526319693882009942,0.0789748521257369329,0.517852575510365454,0.102289036349481874,0.00412657358049945636,0.224733986859805446,-0.00745585566837802388,1.11296772601438265,0.984675428449280798,0,0,0,6278.98856740935207,4691.91632885083982,550.192742906439889,466.929914901473808,0.00151976510846801556,1,-0.302526108672565242,0.0113958771239850223,0.984675428449280798
28.19998872,28.1999887199982773,14517.9323165789247,14517.870606063887,30.2242961882811585,120.009154847278424,6373.36373673830985,881.32400148591978,683.64819335930531,0.645375318078122873,680.060129838181069,2.81797539413986442,69.8937128974872053,608.624641402399106,311.267383122930312,7.96959001741560513,-0.00323190145072707385,0.0140909110923970737,0.0229931305990762301,0.52621180771887599,0.0790324803435852319,0.520554258579724927,0.102416191293685968,0.00412197882102030826,0.228331619383711992,-0.00746126322055953341,1.11529055830424362,0.990064149930111492,0,0,0,6349.41478314719006,4691.7715338381031,550.188249734584588,466.932745712319104,0.00151980432152822248,1,-0.303697174108517043,0.0114721998721971016,0.990064149930111492
28.29998868,28.2999886799982683,14517.1350544504821,14517.07334691904,30.2244633953770467,120.009253645024671,6391.89968545860393,890.833611661820783,684.281049430852249,0.645970780857078819,680.6943119130176,2.8163850333131677,69.9133486166702482,608.356447619948653,313.175957656464846,7.98791558423874193,-0.00325039769058167076,0.0121762258726437478,0.0229659095453061748,0.52609474658364852,0.0789615886464090644,0.523177764116166788,0.102349983728833679,0.00411584244125974899,0.228246206820624714,-0.00746450096794502426,1.1160198361817486,0.990598103202312563,0,0,0,11514.1055462365657,4691.62126043468652,550.183596481576728,466.935584922510941,0.00151984365171564445,1,-0.305263207203287146,0.0115617847254136687,0.990598103202312563
28.39998864,28.3999886399982593,14516.3360462337732,14516.2743416855992,30.2246305326127498,120.009353049539044,6410.42789021405406,900.401602785823229,685.029716121445063,0.646675562210063171,681.457465942860836,2.81476450403823719,69.8105377500343565,608.184470091182561,315.140236117280665,7.99961807084898169,-0.00324571555498691247,0.0100589076578989564,0.0229380406058073555,0.525968940395825424,0.0787317584795275971,0.525705296178245463,0.102086861035542709,0.00410897857190723869,0.519184134171986389,-0.00746653120832534937,1.11406982315712733,0.991017339360429794,0,0,0,11515.7281162879281,4691.46686566107746,550.178807773552194,466.938430351090574,0.001519883068824554,1,-0.30732371770449729,0.0116643184052869497,0.991017339360429794
28.4999886,28.4999885999982503,14515.5348528474569,14515.4731512886428,30.2247976033953343,120.009453062421713,6428.94872869852134,910.028128595639373,685.739395620568303,0.647343529655915795,682.189052490728272,2.81333755781361106,69.6326108920982421,607.975821503698057,317.079724814460405,8.02292244458887183,-0.00321885990896196138,0.00869214034158217672,0.0229097711322598166,0.525838744722671114,0.0783948760888899809,0.528167023787697754,0.101720018542122412,0.00410264521479190847,0.518421490518838457,-0.00746881521725212532,1.11072853980335973,0.988974090194884692,0,0,0,11517.2762990148167,4691.31152635928356,550.17398271030936,466.941283561716432,0.00151992259452175794,1,-0.309729765187205408,0.0117746983786893647,0.988974090194884692
28.59998856,28.5999885599982413,14514.7301591522992,14514.668460602461,30.2249645982622219,120.009553675717171,6447.46115192804245,919.712423041510419,686.371513329815343,0.647938265645011224,682.843556990550724,2.81230038812321936,69.4451002856239796,607.698074094811432,318.973168053198549,8.06369110420639146,-0.00317305280090692064,0.00890977583556091038,0.022881746229390227,0.525709718337088683,0.0780301301944883868,0.530609048816611639,0.101351406291141963,0.00409735573590977974,0.51766052052905609,-0.00747382557132849311,1.10674763550936395,0.989133045378358444,0,0,0,11518.6762547950311,4691.15645400878202,550.169163182587567,466.944149237865872,0.00151996229369613222,1,-0.312247713489875234,0.0118862780386691184,0.989133045378358444
28.69998852,28.6999885199982323,14513.9208731502295,14513.8591776349567,30.2251315166172532,120.009654887238426,6465.96509381192027,929.454275321185719,687.004039332587126,0.648533372063177738,683.493275990924531,2.81174218952679666,69.3079060450129987,607.41848067879323,320.860557513231697,8.1143096721338992,-0.00311266476844105581,0.00985334697535953513,0.0228546579253029146,0.52558713971968829,0.0777154985215161714,0.533076831743907853,0.101057042433477087,0.0040927707529676725,0.516936687906139225,-0.00748230810527598066,1.10374370467846794,0.989156634656342293,0,0,0,11520.0780864868411,4691.00130458095373,550.164341149290181,466.947031268367027,0.00152000222023290386,1,-0.314643184698739253,0.0119926330108388931,0.989156634656342293
28.79998848,28.7999884799982233,14513.1062021963298,14513.044509730933,30.2252983577191827,120.009756695326161,6484.46047217889463,939.253525433952177,687.636103576826827,0.649128025585245627,684.133289745888987,2.81166638652149459,69.2614419133685715,607.135201857155835,322.743707134047781,8.1705026505629732,-0.00304220210534280342,0.0113701585239110222,0.0228290468032858358,0.525475035028718174,0.0775081983812945519,0.535603801570968763,0.100895916705101993,0.00408889848375097818,0.516294258691541996,-0.00749448803539410572,1.10261655454255547,0.98906162294501887,0,0,0,11521.4803044930522,4690.84611790851704,550.159517860043252,466.949932475992341,0.00152004241325252366,1,-0.31674082522149094,0.0120887544806934661,0.98906162294501887
28.89998844,28.8999884399982143,14512.2858915776014,14512.2242021862694,30.225465120203463,120.009859099050814,6502.94713575953938,949.110083638436095,688.266556308254508,0.64972114018399596,684.759893876022943,2.81201720343983652,69.3313264734568264,606.84558943014224,324.625349039126149,8.22592747551924219,-0.00296612084476299744,0.0132457337052488879,0.0228052953547968652,0.525376384460887635,0.0774495590373221604,0.5382141936002377,0.100905236665180378,0.00408566274361801558,0.515765375290357597,-0.00751007568119980897,1.10396373241103007,0.98887078838079856,0,0,0,11522.8807578361393,4690.69092802677733,550.154694389632027,466.952853767830732,0.00152008288533822446,1,-0.318410207756942509,0.0121708200678436861,0.98887078838079856
28.9999884,28.9999883999982053,14511.4602398872375,14511.3985535897355,30.2256317975137527,120.009962095399203,6521.42435774113437,959.023659660282306,688.816419087764416,0.650238161450017449,685.292371720486472,2.81272657082979549,69.5306625586077303,606.479813999569387,326.468602430678231,8.27925376457298512,-0.00288863538510051405,0.0160100160439076156,0.0227836447760189666,0.525293203231208872,0.0775664993438600903,0.540923900296172877,0.101115284903663533,0.00408343109957974484,0.515401314153436596,-0.00752884357400737583,1.10780795265950949,0.990944527297121014,0,0,0,11524.1275753857917,4690.5360318643252,550.149877286356173,466.95579408053618,0.00152012362177478765,1,-0.319562274135540836,0.0122361191868927809,0.990944527297121014
29.09998836,29.0999883599981963,14510.6306178309023,14510.5689346566196,30.2257983909475954,120.010065688470362,6539.892281964213,968.9946478258247,689.323838048959146,0.650715103056394462,685.769652836530213,2.81366669062987285,69.8528469768162239,606.068670218455622,328.296988241858173,8.31914620054520526,-0.00281324388796628166,0.0186098095380742394,0.0227641010989488371,0.525226138448712909,0.0778623321258962164,0.543735131168732178,0.101510400822962643,0.00408178906403871503,0.223851085958834989,-0.0075491918197478124,1.11469629922809554,0.990632694821971915,0,0,0,11525.2937561002764,4690.38097440270576,550.145055116545109,466.958748532752395,0.0015201645549478011,1,-0.320176972037849228,0.012283549558043479,0.990632694821971915
29.19998832,29.1999883199981873,14509.798890478909,14509.7372104297501,30.2259648923298911,120.010169877486106,6558.3500021665368,979.02297303708724,689.943021106718447,0.651297540326293722,686.348884258838211,2.81468538568634585,70.2755931792339794,605.742415108162959,330.194139249986165,8.32642286678193955,-0.00274253219923258941,0.0200349185755792948,0.0227465104468219902,0.525174582209886553,0.0783187464730660254,0.546637524569549837,0.102034902031900201,0.00407960238329199611,0.223512414888352967,-0.00757040085790816261,1.12388526264824296,0.990292831431717091,0,0,0,6371.16066986457099,4690.2257686042949,550.140228015383514,466.961710482588728,0.00152020559284485519,1,-0.320299568401321122,0.0123135219493173374,0.990292831431717091
29.29998828,29.2999882799981783,14508.9676894918084,14508.9060125623491,30.2261312971686174,120.010274665529565,6576.79702037851894,989.108931879870397,690.556668010163548,0.651874749173040113,686.915948350736244,2.81568318901190651,70.7606074231061939,605.39877841674172,332.102180917821045,8.30495360871365307,-0.00267784042929759087,0.0209029596073666175,0.0227305109733058931,0.525136632681032167,0.0788946627710940401,0.549607458451883191,0.102649964135927363,0.00407742205879093982,0.223274742097720663,-0.00759134390427422881,1.13458489765271331,0.98994311520075251,0,0,0,6368.38913903395041,4690.07041152480178,550.135399200288248,466.964670558168791,0.00152024660562076453,1,-0.320044907562480552,0.0123280302630736829,0.98994311520075251
29.39998824,29.3999882399981693,14508.1400436609983,14508.0783698351242,30.2262976004985191,120.010380056208135,6595.23278617129745,999.252871414320111,691.164348435797592,0.652446330967619059,687.474873603576043,2.81656596742050169,71.263747225212029,605.036547294398133,334.022210068007837,8.25204023486562477,-0.00261957369433941803,0.021132492778043882,0.0227156589764104348,0.52510964433504681,0.0795381270363455933,0.55261494120430088,0.103291232876490863,0.0040751143622890177,0.223107663861294547,-0.00761106411701974444,1.14585898347797044,0.989594023130562883,0,0,0,6365.60158053802479,4689.91500142702989,550.130568736433929,466.96761797334932,0.00152028744382391593,1,-0.319562590425642556,0.0123300081147341735,0.989594023130562883
29.4999882,29.4999881999981604,14507.3191158957779,14507.2574451539549,30.2264637971684174,120.0104860532863,6613.65672850283136,1009.45515382471899,691.766047659061428,0.653012279762451908,688.0302044313039,2.81727326967376257,71.7409607921514691,604.65558407626736,335.954130983010998,8.16769335105055916,-0.00256738395951564826,0.0207273657662794646,0.0227014942393363728,0.525090585511547525,0.0801935404028422671,0.555627797024025982,0.103894637366880815,0.00407259226888712772,0.222967825386950563,-0.00762885506509122964,1.15675248178163126,0.989247776276096835,0,0,0,6362.83384918393403,4689.75953779046358,550.125736609861178,466.970541464362498,0.0015203279513724638,1,-0.319015776126050699,0.0123229105598625568,0.989247776276096835
29.59998816,29.5999881599981514,14506.5079374834895,14506.4462697776926,30.2266298821336363,120.010592660318096,6632.06828813683569,1019.7161210352125,692.362132474425607,0.653572949453142704,688.586381918174538,2.81777894972378817,72.1538442715449264,604.256774293628382,337.896727545284818,8.05448440192425608,-0.00252040696251222291,0.0197705792984123642,0.0226875967302993496,0.525076422331605897,0.0808088703555026044,0.558615851862654833,0.104404457434866385,0.00406981635222801539,0.22279677067074119,-0.00764430162849648581,1.16641352625369077,0.9888987211610899,0,0,0,6360.04171438962021,4689.60402026333304,550.120902806886647,466.973430236169577,0.00152036797866681372,1,-0.318559677779945205,0.0123102566607318758,0.9888987211610899
29.69998812,29.6999881199981424,14505.7091731540859,14505.6475084320646,30.2267958507087897,120.010699880318811,6650.46694566865153,1030.03606310322652,692.953278010931058,0.654128984100819655,689.147158141354112,2.81808718936565583,72.4741217013585697,603.8418552524912,339.847876496151059,7.91708231491482195,-0.00247752354952608927,0.0184085055470589523,0.0226736289225077589,0.525064484143355603,0.0813419328608983305,0.561554591294890826,0.104779799309096117,0.00406678927246209316,0.222553440294853216,-0.00765728273355849223,1.17419450800109604,0.988536426516345434,0,0,0,6356.96237274551368,4689.44845095025266,550.116067371580925,466.976274799114549,0.00152040739418374759,1,-0.318322492605686236,0.0122951866614007515,0.988536426516345434
29.79998808,29.7999880799981334,14504.9249460287392,14504.8632842355019,30.226961698789971,120.010807715543351,6668.8522461539078,1040.41519688174822,693.540272970969113,0.65468113363781455,689.715037986182551,2.8182251544033079,72.6865476917447637,603.413073334974342,341.804814672632119,7.7615609058313666,-0.00243761487282326099,0.0168281584582953385,0.0226593604815816183,0.525052761326952333,0.0817650092764937164,0.564427859933300358,0.104998775347621087,0.00406354615614828562,0.221632053970329757,-0.00766793805217145814,1.17972253776588598,0.988135704701800899,0,0,0,6353.56793332967209,4689.29283586904785,550.111230197541545,466.979067592318017,0.00152044609311687527,1,-0.318391025723189669,0.0122800937226009311,0.988135704701800899
29.89998804,29.8999880399981244,14504.1567263863981,14504.0950674503783,30.2271274225910176,120.010916167080339,6687.22376987205007,1050.85362694772766,694.124401716705734,0.655230614259484812,690.291505727016329,2.81823329193991867,72.7899700564267391,602.97328529956394,343.764782334107679,7.59451778644459097,-0.00239978577186842658,0.015229325390019333,0.0226446734508719619,0.525040093355212623,0.082067335960672394,0.567229329038208663,0.105059911198359057,0.00406013825180390111,0.222228457736755092,-0.00767675432315049599,1.18292823832985894,0.987694049937583918,0,0,0,6339.66895779010247,4689.13717694054503,550.10639161928259,466.981803379803807,0.0015204840028687867,1,-0.318802489105114883,0.0122663826154243254,0.987694049937583918
29.999988,29.9999879999981154,14503.4054092653096,14503.3437531095933,30.2272930212921658,120.011025236763132,6705.58142594490437,1061.35152953990132,694.705970102691822,0.65577771704339638,690.875611496984106,2.81815694358516566,72.79651314748385,602.524481864717359,345.724662609059806,7.422352310933924,-0.0023635184080869967,0.0138051836058548059,0.0226295559160275689,0.525026218378398468,0.0822552185296747812,0.56996258312215764,0.104981105614037978,0.00405662941483329528,0.222738952587120315,-0.00768364794188887076,1.18411353308480161,0.986416011152146388,0,0,0,6354.99757837735979,4688.98149036720042,550.101558635082256,466.984478974144395,0.00152052107922492777,1,-0.319543257394622082,0.0122543923974967675,0.986416011152146388
30.09998796,30.0999879599981064,14502.6709263399243,14502.6092728995136,30.2274584841687037,120.011134917824393,6723.92402547110669,1071.90825305412864,695.246952201439626,0.656286546922438707,691.425724214063621,2.81807138605176988,72.7382355718891205,602.036134765634415,347.66104258871917,7.25371959553379497,-0.00232919375759466302,0.0134780862411880541,0.0226141888189716825,0.525012226216106881,0.0823612245649002206,0.572646479852547907,0.104814829299802889,0.00405334981159613788,0.514306839949022931,-0.00769045599242623029,1.18329326214058761,0.988951404206606655,0,0,0,11538.5116188973734,4688.82627103586765,550.096740486730482,466.987094618648086,0.00152055732551030108,1,-0.320520632251218296,0.0122428337998537161,0.988951404206606655
30.19998792,30.1999879199980974,14501.9534026347101,14501.8917518427479,30.2276238180731021,120.011245215577077,6742.25232808840883,1082.52430861639618,695.631566215498992,0.656647811336902532,691.823956715501708,2.81796654028460125,72.6288365218227057,601.411872558471714,349.509100313089391,7.1010041174181282,-0.00229673415613552197,0.0143360034516420553,0.02259852567227328,0.524998345146554413,0.0823986862211827792,0.575288734041607963,0.104598530627610653,0.00405095798468590226,0.222804549512873346,-0.00769642753803253046,1.18146594045407149,0.990614003799195175,0,0,0,11539.4162382578324,4688.67109880499265,550.09191171118016,466.989649868064475,0.00152059273550924148,1,-0.321697556849785793,0.0122314226729377407,0.990614003799195175
30.29998788,30.2999878799980884,14501.2523784935474,14501.1907302743275,30.2277890201017883,120.011356127653485,6760.56601191645859,1093.19946807527754,696.209400633636847,0.657191506801866887,692.417267035596069,2.81781743128863127,72.5115007879979743,600.946203247972448,351.458495231506674,6.93660306631170442,-0.0022675121601115596,0.0140527405498154026,0.0225828102184607235,0.524986700323653355,0.0824198242912025508,0.577919683859463018,0.104341938008853802,0.00404738160959890701,0.221811163772661413,-0.0077019867109860635,1.17975209587678354,0.9898497602501245,0,0,0,6383.72914082167063,4688.51550932553891,550.087072339733709,466.99214635931105,0.00152062733186160946,1,-0.322918834585166625,0.0122175713035011461,0.9898497602501245
30.39998784,30.3999878399980794,14500.5672553256154,14500.5056096074295,30.22795408464183,120.011467649519531,6778.86445472342712,1103.93329476551799,696.786494538741863,0.657734540232182918,693.007216680755278,2.81765977347470198,72.4187640973089088,600.475659238510616,353.404137742317005,6.77621282677575465,-0.00224272957227814691,0.0141521128077435939,0.0225671764372329942,0.524978899672682187,0.0824658500289674051,0.580563285166487586,0.104121384887406465,0.0040438031948055609,0.220775274153952455,-0.00770774097879025222,1.17853982760696341,0.988991800605755311,0,0,0,6374.344107177767,4688.3597922609315,550.082231925464612,466.994586224081445,0.00152066114406664509,1,-0.324060755652472332,0.012199288812902458,0.988991800605755311
30.4999878,30.4999877999980704,14499.8975604176521,14499.8359171411466,30.2281190057946461,120.01157977665514,6797.14700261714188,1114.72535337977615,697.363128316526854,0.658277175215634003,693.590434425118474,2.81750351706426727,72.3857975249253656,599.999812240227129,355.347388907703589,6.61749526499609431,-0.00222402245453036385,0.0145283339095274664,0.0225517858401065967,0.524976822797860732,0.0825839220933581586,0.583246974174933208,0.103987445239250881,0.00404023537799381473,0.219734375939658139,-0.00771408368102753563,1.17862321539881543,0.988039517549436863,0,0,0,6363.64893996873798,4688.2039516376044,550.077387590340777,466.996971145793907,0.00152069419541408873,1,-0.324979626355582196,0.0121742260718157077,0.988039517549436863
30.59998776,30.5999877599980614,14499.2433372661471,14499.1816963645124,30.2282837827822917,120.011692509078088,6815.41356935329986,1125.5756453933177,697.938901790974796,0.658819034214093158,694.165246723903465,2.81730510003757217,72.4250209934907474,599.517305692304717,357.289825588278006,6.45688312808535869,-0.00221232435816079692,0.0150595704459791143,0.02253660105051742,0.524981039009837835,0.0827944845412855041,0.585982673984334013,0.103957852142560939,0.00403661802461224503,0.220436129927423508,-0.0077207215571851286,1.18039280066087438,0.98622620662731364,0,0,0,6362.19697831116628,4688.04799041719707,550.072545172966102,466.999300969537899,0.00152072648371908911,1,-0.325610335984743371,0.0121415903198927675,0.98622620662731364
30.69998772,30.6999877199980524,14498.6048845611513,14498.5432459679705,30.2284484103973377,120.011805844301293,6833.66357765404064,1136.48393120383571,698.394416662605636,0.659247412396558374,694.612774818407274,2.81699764656667639,72.5252977162664649,598.927487810698153,359.166997291914925,6.30028781697956219,-0.00220783208976076855,0.0171969009649618268,0.0225214349996238281,0.52499070511849788,0.0830892056192913536,0.588765584571550926,0.104034163579947256,0.00403354496812780364,0.512207774225155732,-0.00772790534342998343,1.1826369302275721,0.990602847950587395,0,0,0,11545.4990330046439,4687.89294057322149,550.067729062834132,467.001574631605934,0.00152075799420249959,1,-0.325973280272531807,0.0121022796930543731,0.990602847950587395
30.79998768,30.7999876799980434,14497.9836118593812,14497.9219754998594,30.2286129022776251,120.011919795263211,6851.89853936174677,1147.4514559245215,698.846358524688526,0.659672458984687626,695.052604788041322,2.81647069103712511,72.6648256959504977,598.326596282561468,361.045565074991316,6.1332653474429577,-0.00221013636238022318,0.0184647208988003193,0.0225059290620534258,0.525004348732159065,0.0834475411190284955,0.591583803816400855,0.104167382425979171,0.00403018243002279796,0.220317700295554142,-0.00773347040928978619,1.18661497732509646,0.989491225711947586,0,0,0,6386.875769896159,4687.73750987177937,550.062891583971236,467.00378711226449,0.00152078865725763538,1,-0.326124375419463819,0.0120579480172503771,0.989491225711947586
30.89998764,30.8999876399980344,14497.3800305649638,14497.3183963692791,30.2287772365396208,120.012034348432934,6870.11602854471766,1158.47691701885424,699.412270015352419,0.660205128891450888,695.600317975219582,2.81579653797643914,72.8683221342338356,597.811073215451302,362.993295097893451,5.94238192917711672,-0.0022208521276159787,0.0186870824006684227,0.02249033071477732,0.525023203943283057,0.0839052449923596844,0.59445813595313779,0.104375333935593728,0.00402595760078828992,0.219451212528737782,-0.00773890904946906901,1.19209939353347338,0.988328664762924802,0,0,0,6373.42863103689706,4687.58163351698749,550.058045967101634,467.005936590286581,0.00152081844760407073,1,-0.325951102680825056,0.0120070095022419103,0.988328664762924802
30.9999876,30.9999875999980254,14496.7956592999399,14496.7340271872163,30.2289414093348192,120.012149504771443,6888.31561857100587,1169.5604068035716,699.975617191643778,0.660735424184355935,696.140997028429297,2.81498058421516362,73.1139713283142498,597.283032668931469,364.946508485906804,5.73493614374625338,-0.0022393295254121209,0.0185646052581033838,0.0224744362522197663,0.52504560567324754,0.0844384591042128263,0.597374704003119317,0.104643890015471433,0.00402155175525484906,0.219206267576032232,-0.00774394106581709034,1.19862814964038322,0.987119275206394531,0,0,0,6349.4401544170878,4687.42559930459447,550.053194943162794,467.008017657533003,0.0015208472902476667,1,-0.32552076431425675,0.0119513987403220227,0.987119275206394531
31.09998756,31.0999875599980165,14496.2322633191943,14496.1706331946316,30.2291054177974665,120.012265266445382,6906.49699175504884,1180.70213364715505,700.417557909574157,0.661151169758993795,696.55916925119368,2.81400125550663915,73.3632098332168425,596.643905271008748,366.838293135504557,5.52018300428071029,-0.00226407558163362835,0.0196584581029073981,0.022457971044300945,0.52506873884971117,0.0850003939112145696,0.600306265385276761,0.104935426722153599,0.00401761605486273318,0.512218456551716383,-0.00774848474491095663,1.20461842907053485,0.990587175907577389,0,0,0,11549.9353640482186,4687.27037366942386,550.048379456768998,467.010024027553186,0.00152087509801796298,1,-0.324970714175019437,0.0118944688350968129,0.990587175907577389
31.19998752,31.1999875199980075,14495.6922444440424,14495.6306162202509,30.2292692749354792,120.0123816483149,6924.66159010223782,1191.90352765112129,700.854514109301817,0.661562267447324048,696.977559317792839,2.81275542695652803,73.5623556019395579,595.990182271833646,368.73403946147846,5.2877902183322405,-0.00229265141632524136,0.0196474104627569375,0.0224404619710396359,0.525088801761363633,0.0855250586483664033,0.603214389098561066,0.105155484042502509,0.00401333361077862213,0.220417420611383919,-0.00775082393295992156,1.21034593291893566,0.989370860306246991,0,0,0,6391.03520900333024,4687.1148197980956,550.043538051222868,467.011947146950035,0.00152090175232122535,1,-0.324496459757956102,0.0118407861515115211,0.989370860306246991
31.29998748,31.2999874799979985,14495.1764324903488,14495.1148060505093,30.2294329552981687,120.012498634618737,6942.80659224155352,1203.16307164466366,701.405353340283796,0.662080922698672247,697.512252717956358,2.81141867781383326,73.7443077650622314,595.420129167715118,370.700749430081828,5.02929898548650556,-0.00232590171317913989,0.0185051173289570402,0.0224223782376071872,0.525107199775472377,0.0860509145806327702,0.606121345191375727,0.10533344922247663,0.00400827594572895213,0.219457652458725977,-0.00775287629221619538,1.21580888700573153,0.9881126454231558,0,0,0,6376.29004321722641,4686.95873374393341,550.038685836194759,467.013784060563864,0.00152092721215193322,1,-0.32398208564424702,0.0117886984221959382,0.9881126454231558
31.39998744,31.3999874399979895,14494.6864888072014,14494.6248640512658,30.2295964606557348,120.012616230556702,6960.93219441138172,1214.48126592835251,701.95380868622874,0.662597391035991024,698.049378108825636,2.8100176596400388,73.8804375442979904,594.838545940562994,372.670922302798999,4.7578842357014679,-0.00236165699626587899,0.0171277949958113136,0.0224035568666905716,0.525121502500098702,0.0865378926205336574,0.609003711002841674,0.105445854360001992,0.00400314825571485705,0.220197371190090502,-0.00775400123064546275,1.22043324604331316,0.986038464444368379,0,0,0,6371.21391204241809,4686.80250618964783,550.033834987925502,467.015528851971908,0.00152095139546036973,1,-0.323549150764323334,0.011741213694398003,0.986038464444368379
31.4999874,31.4999873999979805,14494.2235896624625,14494.1619664732498,30.229759789300104,120.012734437841559,6979.0382072577122,1225.85827516811628,702.264663191097497,0.662889646933909282,698.356074348182233,2.80856454920802889,73.9362059688937592,594.053744968420915,374.507105304188713,4.49814768286692868,-0.0023974550728529543,0.0180203421824403319,0.0223838306060120118,0.525128914743115738,0.0869375550416313092,0.611833184889090886,0.105478860302755509,0.00399930707515693245,0.220958074216553252,-0.00775453431588043855,1.22239777542840522,0.990179637857859896,0,0,0,6405.55845672303894,4686.64755029992921,550.029015778362464,467.017177332226197,0.0015209742441389066,1,-0.323345536022377422,0.0117018047553155442,0.990179637857859896
31.59998736,31.5999873599979715,14493.7887475006282,14493.7271257546599,30.2299229460491397,120.012853262655312,6997.12516487077937,1237.29469417158634,702.806571640370862,0.663400071449896211,698.902436418777597,2.80704855018410626,73.9228110073287468,593.451280118809336,376.476977300068143,4.21198637721647628,-0.00243266963119890536,0.0165601708334687861,0.0223633949126478618,0.52512967769718355,0.0872600784588099393,0.614615590355942709,0.105378058845712871,0.00399406625768611648,0.219902935582683784,-0.00775355449009970318,1.2236905615587037,0.988810819092914128,0,0,0,6389.34819143350705,4686.49148557663557,550.024164134342755,467.018725895788066,0.00152099570816630037,1,-0.323342306271040048,0.0116702851152732968,0.988810819092914128
31.69998732,31.6999873199979625,14493.3817727975547,14493.3201523894513,30.2300859145784173,120.012972693161501,7015.19125758432892,1248.7893834975589,703.348481308757641,0.663910565966448596,699.452327051710085,2.80564918293760002,73.875954639826233,592.842490732943247,378.446127769155737,3.92373768587368232,-0.00246746545722290739,0.0151632920982186833,0.0223427181809446387,0.525125605438137799,0.0875438979760254504,0.617373179891489876,0.105229574125154796,0.00398899933410890289,0.218214854951332859,-0.0077530374770537723,1.22426207531698927,0.987347268968311154,0,0,0,6371.9317920603271,4686.33521937845398,550.019306155294657,467.020175217579947,0.0015210157968526788,1,-0.32342749065475429,0.0116446052772820711,0.987347268968311154
31.79998728,31.7999872799979535,14493.0027209557593,14492.941101756649,30.2302486930223928,120.01309272843605,7033.23627858670989,1260.3422539927833,703.656927771389178,0.664200757416942067,699.770957077609523,2.80440676127335564,73.7957650144887793,592.038143474279764,380.276914068747374,3.65749894714663526,-0.00250069643684859826,0.0162901628927711872,0.0223219068740933418,0.525116430508471455,0.0877843036661683784,0.620103138002543464,0.105068679794383668,0.00398548507780827847,0.221075183458369962,-0.00775345568837422592,1.22334768748197531,0.990495724321632909,0,0,0,11556.9080308440443,4686.17992149549173,550.014484941410728,467.021525100290432,0.00152103450742142117,1,-0.323618321769747919,0.0116252137192654741,0.990495724321632909
31.89998724,31.8999872399979445,14492.6521173119545,14492.5904992039268,30.2304112975494519,120.013213381998156,7051.26202024661416,1271.95460662115488,704.196092548649858,0.664708801053510157,700.326726493678507,2.80313915027778648,73.6665143083291269,591.417217766474323,382.238716939967787,3.37261949179135456,-0.00253114501264910252,0.0153080003541298214,0.022300858912323869,0.525101177056657931,0.0879615147220310506,0.622793959916857709,0.104803375856364692,0.00398063349510576273,0.219727302576581823,-0.00775325560338904936,1.22207487648398616,0.988900740241066223,0,0,0,6394.57418709621106,4686.02390406952054,550.009631586069304,467.02277367307488,0.00152105181390170627,1,-0.323974520097716379,0.0116133587829912264,0.988900740241066223
31.9999872,31.9999871999979355,14492.3287889771163,14492.2671718415295,30.2305737050101193,120.013334634629885,7069.26591629493669,1283.62459148508219,704.736339498704865,0.665217933999388666,700.881099716473273,2.80206667200133097,73.5604560387340598,590.792484731215382,384.1978597901238,3.09074875057941512,-0.00256090931265004571,0.0144994257859931176,0.022280312365597358,0.525084442395465034,0.0881629594131658478,0.62549649205895308,0.104571414607358346,0.00397606012060064146,0.217721149326877611,-0.00775465332363972377,1.22132376774780815,0.98719234377472953,0,0,0,6373.95877609598392,4685.86754411421498,550.004770494613922,467.023925112825907,0.00152106777415353411,1,-0.324235059785334401,0.0116035961806498812,0.98719234377472953
32.09998716,32.0999871599979301,14492.0326089300215,14491.9709926574724,30.2307359182081612,120.013456488415486,7087.24827754667785,1295.35240896766231,705.042612484746883,0.665506281078499295,701.198926211592834,2.80114494777365053,73.4663520668317744,589.973655229079327,386.015731111059438,2.8331766182449698,-0.00258895506383387654,0.0162529621985465153,0.022260169440021918,0.525065659472002233,0.0883740667932085971,0.62820227355816205,0.104391615622101488,0.00397302555547535304,0.220304990725234573,-0.00775725567409902856,1.22008876296214508,0.990105825508617032,0,0,0,6412.70048896967273,4685.712332346925,549.999948768817376,467.024979871883716,0.00152108239441449454,1,-0.324444234877223014,0.0115966749629888548,0.990105825508617032
32.19998712,32.1999871199979211,14491.7638836167753,14491.7022680872633,30.2308979489642127,120.013578953343014,7105.21041439221608,1307.13902016811426,705.579710669705605,0.666012578302744851,701.7483502815885,2.80018948343337115,73.37669878559106,589.336904281910392,387.966764451284973,2.55559021772918982,-0.00261512204960474793,0.0158106571683599394,0.0222403442463720395,0.525044756999029416,0.0885898343850185233,0.630908486945338298,0.104184101823309935,0.00396864704536476105,0.218799870424200904,-0.00775928552723902359,1.21969516764416541,0.988277421876040618,0,0,0,6390.47291593840146,4685.55615500149634,549.995093251096023,467.025936858921398,0.00152109565952773503,1,-0.324614194847469228,0.0115926799662571748,0.988277421876040618
32.29998708,32.2999870799979121,14491.5214742049575,14491.4598593064384,30.2310597690934557,120.01370200607397,7123.1492023644505,1318.98217862808588,706.157528169419265,0.666557377206730695,702.330193727302458,2.79943195135484757,73.3683634141022196,588.727304004668554,389.940309120341624,2.27407846634564237,-0.00264215359125806893,0.0153702026538313219,0.0222215545872938708,0.525026910307201389,0.0889061201606093643,0.633670932922772101,0.104086673209336761,0.00396432689915289949,0.511088327552286503,-0.00776322704785947001,1.22099971359883286,0.987123769731660161,0,0,0,6397.34717375175933,4685.39974650875956,549.990242623792369,467.026800129551873,0.00152110762568284153,1,-0.324456183543029963,0.0115854123092109466,0.987123769731660161
32.39998704,32.3999870399979031,14491.3067150823772,14491.2451007044801,30.2312214039954839,120.013825669055194,7141.06745716633577,1330.88404457671186,706.419595022441399,0.666804201803913976,702.596395271986239,2.79859381246780003,73.3424669284705715,587.856805766462003,391.725604478063758,2.0176575571610087,-0.0026664289002949872,0.0173293974323208422,0.0222028350110471603,0.525006229628962373,0.089204815784752714,0.636421006229013209,0.104011059822112534,0.00396166973959243864,0.219311317654223986,-0.00776631527407104644,1.2215020221472932,0.989070453606716748,0,0,0,6403.15883494980699,4685.2445517382439,549.98540911497912,467.027564931734389,0.00152111822698578901,1,-0.324321703765852287,0.011581943939922618,0.989070453606716748
32.499987,32.4999869999978941,14491.119052387774,14491.0574384108459,30.2313828287896484,120.013949922610522,7158.96242062022338,1342.84272407023013,706.954447316427263,0.667308582597149869,703.129531886580708,2.79781508235879528,73.3868121681130106,587.19892894128418,393.67373931655743,1.73072331783661326,-0.00269170040569057271,0.0167633323810306573,0.0221850090394019074,0.524988758173579373,0.0895983321994369974,0.639224180703182432,0.103995151190615226,0.0039575709529716778,0.217273085785569559,-0.00777005179498625395,1.22423323977176857,0.987022190597362958,0,0,0,6378.03920760154233,4685.08803160724347,549.980542765722134,467.028233237878737,0.00152112749075549759,1,-0.323869616266359572,0.0115749764738665752,0.987022190597362958
32.59998696,32.5999869599978851,14490.9595217816532,14490.8979080869158,30.2315440497840768,120.014074774047202,7176.83479201893624,1354.85892022645089,707.253278455914938,0.667590249296986071,703.424642625323031,2.79701758123945865,73.438060477703516,586.344159734600225,395.481476980595858,1.45862846951408898,-0.00271531358913621292,0.0184237505798907873,0.0221674378237827971,0.524970678003137015,0.0900089671150814535,0.642035297885368506,0.104023905806448685,0.0039547711653623906,0.219867061106336664,-0.00777374313830078364,1.22643405329770627,0.989638264142082669,0,0,0,6412.86528494334561,4684.93277133853826,549.975719288716618,467.028801359775741,0.00152113536584859129,1,-0.323331903186004077,0.0115691187914013643,0.989638264142082669
32.69998692,32.6999869199978761,14490.8290693685412,14490.7674558295075,30.2317050690655549,120.014200227501448,7194.684802695695,1366.93303096618843,707.782759203136948,0.668089704280354524,703.951483802299776,2.79611075299652612,73.4909820481613281,585.66618733025723,397.429508754455867,1.15620691817900934,-0.00273759476578230897,0.0175156463597562241,0.0221500828971864724,0.524952063029693106,0.0904345453119671377,0.644853183421834841,0.10402098144790968,0.00395053141611893636,0.218390089319719732,-0.00777631521227042759,1.2294910804735848,0.987525232358178129,0,0,0,6386.8521348439217,4684.7763890093056,549.970857165928351,467.029265928144412,0.00152114180554461468,1,-0.322711079699446179,0.0115642438660785024,0.987525232358178129
32.79998688,32.7999868799978671,14490.7277975380421,14490.6661840423858,30.2318658664833997,120.014326267838584,7212.51021881673387,1379.06359947934357,708.078527540710184,0.668368627615372968,704.241223505900734,2.79530527722965871,73.5641661921027037,584.793563116963696,399.237945095218606,0.867696567643690742,-0.00275870971522321944,0.0187338258541164884,0.0221331128893717428,0.524934189734551082,0.0908949632902720517,0.647689386161034553,0.104081291437804077,0.00394774368827139482,0.220404861063464352,-0.00777980004267613164,1.23233745303847186,0.990030355682659513,0,0,0,6420.24069787832104,4684.62093633837503,549.966027620734167,467.029626578349962,0.00152114680477515377,1,-0.321948202826503049,0.0115588668812191958,0.990030355682659513
32.89998684,32.8999868399978581,14490.6576278097928,14490.5960142195345,30.232026465357805,120.014452917831861,7230.31362557097054,1391.25281741984054,708.603057421968629,0.668863562285496704,704.766731989208893,2.79431693597024378,73.582187123472039,584.095529556987799,401.186245779239584,0.549123722929991231,-0.0027762321360236741,0.0174349878300572962,0.0221158679898575267,0.524912471581995499,0.0912999775047301093,0.650491485538234882,0.1040295363996597,0.0039434266461868487,0.218869917107967493,-0.00778122802292237261,1.23475177797055702,0.987844321057590458,0,0,0,6393.24145814705298,4684.46462582150161,549.961167667950804,467.029876467455381,0.00152115026867420699,1,-0.32131131418990716,0.01155848539500463,0.987844321057590458
32.9999868,32.9999867999978491,14490.6177970319986,14490.5561832102539,30.2321868288381879,120.01458014724038,7248.09093783812386,1403.4977740828142,708.895833106623286,0.669139817066684128,705.05691709570101,2.79354331087648688,73.6222925968040016,583.205698495003048,402.994236670364558,0.24627090611478053,-0.00279251300883045931,0.0182685606271609513,0.0220991427631588404,0.524891914811703608,0.0917395987648913225,0.653311782639320437,0.104043297700817661,0.00394070667460648481,0.220808211110243457,-0.00778434976770721408,1.23699266972511612,0.990245682916585546,0,0,0,11567.531272019145,4684.30894031224398,549.956333800904531,467.030018313201822,0.00152115223490645671,1,-0.320532516195329409,0.0115571495376779621,0.990245682916585546
33.09998676,33.0999867599978401,14490.6105559766293,14490.5489417989065,30.2323469930906903,120.014707989829247,7265.84616486055347,1415.80171901911808,709.416714394694736,0.669631468009403763,705.585706489591189,2.79258929309588666,73.5736835097196433,582.490160310472788,404.941083135907832,-0.0836227324802294447,-0.0028035786387431141,0.0167008708946457841,0.0220819511621539628,0.52486548427317814,0.09207829468874347,0.656071498516505369,0.103897734716525345,0.00393646843762107679,0.219158196467019895,-0.00778515026549264893,1.23802031822816083,0.987966407134339142,0,0,0,6397.05194312181538,4684.15273651520511,549.951474090162492,467.030044100117493,0.00152115259235880221,1,-0.320017410451407136,0.0115633272177871668,0.987966407134339142
33.19998672,33.1999867199978311,14490.6344028450549,14490.5727881782641,30.2325069134556088,120.014836407248879,7283.57435582481867,1428.16096110883018,709.707170136334867,0.669905695426403658,705.88033119203044,2.79193751305314208,73.5488304738911722,581.585903038135257,406.745558782953367,-0.393878895512457916,-0.00281313585035287842,0.017355369461272023,0.0220654610936701842,0.524840503049160856,0.0924482926809354483,0.658847485627516272,0.103819850144196757,0.00393393899882626876,0.220963518667026654,-0.00778821400897390485,1.23889173630485683,0.990252290688156678,0,0,0,11569.0874743796012,4683.99697827462751,549.946637869852566,467.029959176421642,0.00152115141516613464,1,-0.319372424459280879,0.0115682914648349081,0.990252290688156678
33.29998668,33.2999866799978221,14490.6913919597864,14490.6297766494117,30.2326666306495966,120.014965436749392,7301.28002443072,1440.57908529256201,710.22610591633088,0.670395674147914788,706.41433315119491,2.79114592419625751,73.431062555690005,580.856807766336033,408.688098102279241,-0.72723181903259615,-0.00281698898338540813,0.0157291240546542158,0.0220486251316291057,0.524809499990265826,0.0927065984097007467,0.661556640463070722,0.103577004099819167,0.003929950033663792,0.219164727219250927,-0.00778915008558300325,1.23842614743456503,0.987850530522279557,0,0,0,6397.76188102081142,4683.84073511422685,549.941776836043118,467.029756226242228,0.001521148601920421,1,-0.319026297916548796,0.0115810380008674833,0.987850530522279557
33.39998664,33.3999866399978131,14490.7795914895833,14490.7179754199624,30.2328261006732895,120.015095039150808,7318.95829306426094,1453.05232053312011,710.515017542967144,0.670668608749723894,706.714099633493333,2.79068890591310037,73.3415543108692134,579.941507926111854,410.485520912459151,-1.03665794619788443,-0.00281915128436425284,0.0164437523114798548,0.0220326620370755663,0.524780436285219309,0.0929958981734286816,0.664281909172242169,0.103408080299775412,0.0039277087919332215,0.22081642872495108,-0.00779255237597323985,1.23788066673338792,0.990006167548292848,0,0,0,6426.61887764312905,4683.68507751765083,549.93694064055876,467.029442129236884,0.00152114424799245718,1,-0.318554569609200366,0.0115920698347546144,0.990006167548292848
33.4999866,33.4999865999978041,14490.9005172736943,14490.8389002937693,30.232985360428561,120.015225247815508,7336.61325253342056,1465.58387757584819,711.033557839727905,0.671158378209831041,707.251913244490424,2.79014059312072504,73.1824207149517747,579.202533520322618,412.421239457672641,-1.36630233045385552,-0.00281644249377366969,0.0149404333219881631,0.0220166934191986415,0.524747138341326136,0.0931978666840024145,0.6669545801200506,0.103107390712595851,0.00392407323531194976,0.218874082317107227,-0.00779428072680950212,1.23650599129098437,0.987454776003937162,0,0,0,6394.82619102064382,4683.52866224582613,549.932077134645397,467.029011487187404,0.0015211382785640258,1,-0.318311326423553198,0.0116087946886179252,0.987454776003937162
33.59998656,33.5999865599977952,14491.0523139871657,14490.9906959750679,30.2331443746911255,120.015356030393704,7354.24099799923715,1478.170642756402,711.321251729879918,0.671430326643576714,707.554515533051017,2.78988224529905438,73.0530442104233231,578.278478175781856,414.209052151807384,-1.66911855976435675,-0.00281196061950500205,0.0158722133648737072,0.0220016356789578711,0.524716185499761067,0.0934288269191222431,0.669642278788019851,0.102882687860872762,0.00392212293860568113,0.220389969503965444,-0.00779814529859529284,1.23506599494834868,0.989473596045134851,0,0,0,6421.89220751258108,4683.37309758436731,549.927243715616214,467.02847090729847,0.00152113078523624244,1,-0.317951210644743076,0.0116233652914422714,0.989473596045134851
33.69998652,33.6999865199977862,14491.2354047521949,14491.1737855754254,30.2333031598399486,120.015487401486482,7371.84334517160278,1490.81402115187984,711.841944415027683,0.671922287901407622,708.091455668540561,2.78965070104743518,72.9223017103871314,577.532637572205317,416.138242770785098,-1.99230296450021882,-0.00280580688611523727,0.0144937259284649688,0.0219872819361555498,0.524685982869323664,0.0936557432581930083,0.672325955513379925,0.102622521917250936,0.00391892872220347879,0.218348322114909177,-0.00780162467431392854,1.23435619683157305,0.986733554261514545,0,0,0,6387.5638179335956,4683.21634131563496,549.922369455416856,467.027818882748193,0.00152112174713943588,1,-0.317570114068594478,0.0116376199137709444,0.986733554261514545
33.79998648,33.7999864799977772,14491.4494873732328,14491.3878669025526,30.2334617140020825,120.015619359079295,7389.42008642178644,1503.51381868601652,712.127770677288368,0.672192633859396316,708.393810655243442,2.78947891986422292,72.7762983566994421,576.599362386041207,417.916138812903796,-2.28866457336400231,-0.00279664732176171989,0.0156161569127279184,0.0219733436270606632,0.524655567284498914,0.0938570921017352344,0.674993097522397889,0.102375079564318391,0.00391711455200251767,0.219768531284091073,-0.00780528287423521913,1.23254771736113256,0.988626624261522924,0,0,0,6413.04721099866674,4683.0609698130902,549.917541940349906,467.027056489724032,0.00152111117921223111,1,-0.317235785969986361,0.01165276482025163,0.988626624261522924
33.89998644,33.8999864399977682,14491.6930961199105,14491.631474219037,30.2336200116484548,120.015751879230606,7406.96839168611223,1516.26773096753982,712.533997308687049,0.672576704549181059,708.808934648789204,2.78952043856844512,72.7104535707716195,575.755676664606881,419.765846442918189,-2.59466168064386693,-0.00278924208967579104,0.0158695612689542902,0.0219607692139745653,0.524631722081082552,0.0941538142118075322,0.67771415529390211,0.10222361307651559,0.00391493960264663581,0.511649804943666631,-0.00781084319808398025,1.23259950016071773,0.990377992523862827,0,0,0,11574.2784512296239,4682.90472819168463,549.912693144660011,467.026188948005256,0.00152109915383246926,1,-0.316582429042486568,0.0116605564652362253,0.990377992523862827
33.9999864,33.9999863999977592,14491.9684272743762,14491.9068038229452,30.2337781012009721,120.0158850071507,7424.49362884163747,1529.08010899758733,712.934640305745233,0.672955586822915564,709.226199442160691,2.78929004165615879,72.5687207671071945,574.902713197618027,421.609133292967101,-2.90007411164987161,-0.00277790929275496378,0.0154463473391773347,0.0219479213174582598,0.524604220198814475,0.094357248737176852,0.680379542425724848,0.101966121883090427,0.00391241637019812058,0.219026054912619089,-0.00781316382847970815,1.23166973295029658,0.987470842871118526,0,0,0,6400.15149501374981,4682.74864479238477,549.907833783931437,467.025208436179241,0.0015210855626116022,1,-0.316174840079879282,0.0116732487803321589,0.987470842871118526
34.09998636,34.0999863599977502,14492.2730540186167,14492.2114288815101,30.2339359310757914,120.016018694878909,7441.99007948605413,1541.9463367267615,713.221399621115211,0.673227047519894262,709.52184822621507,2.78925002443037329,72.4964264737203621,573.956841267518598,423.377038470434627,-3.19257509214217094,-0.00276786171983773319,0.0165172951551913159,0.0219360664190865993,0.52458279406519448,0.0946422745035774421,0.683090933399816636,0.101823089827899879,0.00391078721956805101,0.220374274438351281,-0.00781744910566672425,1.23161091414562929,0.989126096488434525,0,0,0,6422.45752894372163,4682.59301412084915,549.90299801766605,467.024123596661013,0.00152107052537598861,1,-0.315489763496834719,0.011679137010317751,0.989126096488434525
34.19998632,34.1999863199977412,14492.6076473556459,14492.5460204097963,30.2340935139151306,120.016152954747085,7459.45914508970418,1554.86760085117317,713.742857619646884,0.673720123882421751,710.049427941823069,2.78919347930161621,72.4630739224075597,573.186922947782364,425.292011510798716,-3.51042872181985643,-0.00275952454198316859,0.0150535286990292529,0.0219249531874681526,0.524565835193550267,0.0949786356029562046,0.685830896795551648,0.101701466918882585,0.00390785077376042123,0.219924371577499556,-0.0078213597926716158,1.23333247717245276,0.98522788039602216,0,0,0,6393.43960974918627,4682.43593895470804,549.898119839145238,467.022932039877958,0.00152105400903637016,1,-0.314612976071507955,0.0116800241959927609,0.98522788039602216
34.29998628,34.2999862799977322,14492.973448894918,14492.9118200136782,30.2342508693451855,120.016287806245231,7476.90300133963774,1567.84577697812301,714.024682761799454,0.673987085833872013,710.343715926021559,2.78890042045469499,72.3551993428577589,572.226180863536456,427.052641199635673,-3.8062017596151847,-0.00274800084431417804,0.0159773414446039257,0.0219133365479485358,0.524545535862421031,0.0952246380650782626,0.688517050100949546,0.101509322054277998,0.0039058979038959986,0.219486123760464946,-0.00782330177329455465,1.23244143076340129,0.987591248190502702,0,0,0,6404.55771336264479,4682.28072005947433,549.893290512618591,467.021629344209714,0.00152103595234170225,1,-0.313971531278811555,0.0116853137446587315,0.987591248190502702
34.39998624,34.3999862399977232,14493.3688768334687,14493.3072458860552,30.2344079614715184,120.016423215843176,7494.31766910524675,1580.8776379281112,714.31006250268922,0.674257479978849328,710.635358146480257,2.78875476042765058,72.3082014124652517,571.263175653489952,428.812799328301139,-4.10276335071311138,-0.00273850989096337087,0.0167288426727355173,0.0219024102812364757,0.524531073814582527,0.0955452428540916887,0.69124529997441797,0.101402491454781807,0.00390413350073242835,0.22075554187481225,-0.00782651568342924812,1.23308422709436738,0.989055144570867739,0,0,0,6424.35463967119176,4682.12501654108473,549.888452326564902,467.020221142798448,0.00152101643341394886,1,-0.313070136133612231,0.0116839351588672313,0.989055144570867739
34.4999862,34.4999861999977142,14493.7943224869668,14493.7326893442278,30.2345647923744281,120.016559186424033,7511.70337899840524,1593.96346103954579,714.791631291233898,0.674713140833256841,711.120470119136598,2.78863354032949928,72.2978330553492583,570.444866569568944,430.697312502682905,-4.42214556250609547,-0.00273161297092155281,0.0156591493636694529,0.0218920859540901666,0.524521039616116624,0.0959156262942237187,0.694001324287267241,0.101319358342187429,0.00390133360868538366,0.512297839242467523,-0.00782997787822884046,1.23497489142527961,0.988082134855735261,0,0,0,11578.1340412151039,4681.96828768771047,549.88359099500542,467.018706042099438,0.00152099543298070449,1,-0.311979558904778242,0.0116774755652870616,0.988082134855735261
34.59998616,34.5999861599977052,14494.2520498223603,14494.1904143522715,30.2347214013026644,120.016695756873702,7529.06448199325769,1607.10698861534752,715.110877256355707,0.675015664646028135,711.454989097692646,2.78816869161414616,72.1636430185162681,569.496104154150316,432.475897277194008,-4.727832260752173,-0.00272062558611218218,0.0154058260583783985,0.021880702682171748,0.524504277824902276,0.0961373329389030723,0.696669732831082356,0.101085354886181478,0.00389894189065742363,0.219656645020583158,-0.0078298720494040519,1.23411461820212698,0.987141095793102497,0,0,0,6401.47024837017671,4681.81251087368128,549.878737935723507,467.017075979667766,0.00152097283933923699,1,-0.311297031881820119,0.011679368532672792,0.987141095793102497
34.69998612,34.6999861199976962,14494.7398426309228,14494.6782047059296,30.2348777408341398,120.01683288184357,7546.39572104638137,1620.30385606851269,715.3939103639824,0.675284084409972563,711.749629761583492,2.78786702284969579,72.0634395347700263,568.515400369526674,434.227367729998605,-5.02788651652409158,-0.00271075212775994919,0.0158475159012362657,0.0218696798332327288,0.524491223760936709,0.0963972411685487668,0.69935908053919793,0.100904439018863007,0.00389697764933060213,0.220776934015253473,-0.00783129247934277219,1.23366287295014754,0.988435194781024151,0,0,0,6419.03982711866047,4681.65690994757097,549.873902799467828,467.015338847899216,0.00152094876193525235,1,-0.310465005981962971,0.0116771064026709274,0.988435194781024151
34.79998608,34.7999860799976872,14495.2576455250382,14495.1960050171638,30.2350338105513501,120.016970561056937,7563.69704987104251,1633.55403662571121,715.67976899976361,0.675555249587087903,712.044358441079908,2.78768644097470997,71.9902227534599888,567.531979850031803,435.977743154163988,-5.32832781084895402,-0.00270292408840436,0.0161277474646973722,0.0218591217875094973,0.524481530127405615,0.0966899212165509142,0.702066277208352463,0.100761170848344267,0.00389516877663166746,0.221852946030789339,-0.00783365122346646112,1.23387820644345414,0.98961503610268875,0,0,0,6435.14011589631082,4681.5009078269004,549.869055104004133,467.013494844055685,0.00152092320355675065,1,-0.309497597033782434,0.0116710321863419553,0.98961503610268875
34.89998604,34.8999860399976782,14495.8065134100616,14495.7448701905396,30.2351896298050917,120.017108813999769,7580.97061362628938,1646.85940549914244,716.197494057734048,0.676045363195561633,712.576347124009317,2.787371589024076,71.8751039902275295,566.7200739879205,437.875844372867846,-5.65271160172422071,-0.00269518168590550129,0.0139651923055761854,0.021848455209316938,0.524470436391768713,0.0969332300983622441,0.70474363120972916,0.100526529862881256,0.00389191340220846086,0.218782227736724399,-0.00783442629284070158,1.23391657136473487,0.986056192361595252,0,0,0,6390.09323105813837,4681.34382526495574,549.864170038128805,467.011540211415763,0.00152089611219275388,1,-0.308639959772815609,0.0116668220700592434,0.986056192361595252
34.999986,34.9999859999976692,14496.3866549134254,14496.3250088446403,30.2353452044483113,120.017247646467609,7598.21706114604149,1660.22052029623228,716.478147194971825,0.676311778058986901,712.878621259383749,2.78693942005685358,71.6745403049696677,565.724330357648682,439.615204258388246,-5.94891874085990224,-0.0026840588300999094,0.0143169642291108897,0.0218370813975639899,0.524454382107069184,0.0970652479035472027,0.707355023075248668,0.100205671100289759,0.00388978569536763434,0.220265117904032581,-0.00783385245160112507,1.23123676494527889,0.987187972934393088,0,0,0,6405.53223528384206,4681.1885230436219,549.859344052528854,467.00947420703136,0.00152086747760884133,1,-0.308084012682172337,0.0116688708788582618,0.987187972934393088
35.09998596,35.0999859599976602,14496.9961097687483,14496.9344607279436,30.2355005055113892,120.017387028957643,7615.43318095978339,1673.63454147163952,716.762160658136736,0.676581441673151374,713.180821108819828,2.78669576972208688,71.5076616912978551,564.728543304688628,441.351037090185571,-6.23934192866501292,-0.00267403559044357376,0.0146892229097088049,0.0218261281828523619,0.524441481660217534,0.0972296065300335549,0.70998393053706943,0.0999318362517897518,0.00388790444475863332,0.221127130450454512,-0.00783482515365823903,1.22933969238791274,0.9881890036113542,0,0,0,6419.28473602645863,4681.0328745769566,549.854507201908632,467.007303811836209,0.00152083739662448904,1,-0.307399946277196023,0.0116674195410958279,0.9881890036113542
35.19998592,35.1999859199976513,14497.6344062499702,14497.5727541184278,30.2356555328302825,120.017526960465716,7632.61895488151185,1687.10137223243714,717.049044158546508,0.676853890129358704,713.482792089138229,2.78658619966830656,71.3713672191072419,563.731590847491816,443.084005021935923,-6.526078681894802,-0.00266604191020453855,0.0150178093043371614,0.0218157237848286417,0.524431628143370632,0.0974254541384630135,0.712629928262897061,0.0997006915859225823,0.00388619612069885821,0.221941818440711841,-0.00783683770337771819,1.22816646116906836,0.989074636866976054,0,0,0,6431.54326742560261,4680.87691678032934,549.849660645217341,467.005030705762863,0.00152080589258815494,1,-0.306588693549912583,0.0116625338386483948,0.989074636866976054
35.29998588,35.2999858799976423,14498.301268119365,14498.2396127697448,30.2358102859394293,120.017667440170143,7649.77433129724886,1700.62093335628674,717.338302467032577,0.677128655355555664,713.784757896824431,2.78654825912548176,71.2586466981743314,562.732452471233387,444.814611613162469,-6.81090430313439299,-0.00266057332730099518,0.0152492436617278175,0.0218058920832023412,0.524424340478349627,0.097646750026785023,0.715289583468481038,0.0995024334250898534,0.00388457615840629485,0.222710410769284023,-0.00783933327248110927,1.22756715753370371,0.989854395527131836,0,0,0,6442.42770452001514,4680.72068356532782,549.844805443618952,467.00265587256979,0.00152077297920154156,1,-0.305666838021381226,0.0116547351884049525,0.989854395527131836
35.39998584,35.3999858399976333,14498.9978900440037,14498.936231358668,30.2359647920260315,120.017808495352327,7666.90232408078828,1714.19585026714731,717.857353100169462,0.677620410981488397,714.324251821951862,2.78624978453120775,71.0793885112150861,561.902426192460666,446.692505409768728,-7.11677242514106467,-0.00265420427058458757,0.0131651650217222554,0.0217957164421485085,0.524413269676178739,0.0977848981570483139,0.717899820252818177,0.0991792972234544212,0.00388135159202380835,0.219893858718284735,-0.0078391634624766348,1.22618837310464679,0.985935312630388028,0,0,0,6392.66219421016194,4680.56371884805685,549.839923747567241,467.000175057820115,0.00152073859757291454,1,-0.304959846117281441,0.0116516376487525823,0.985935312630388028
35.4999858,35.4999857999976243,14499.723366457969,14499.6617043063889,30.2361190410340015,120.017950115170308,7684.00181845024508,1727.82507936769343,718.140761346997579,0.677889808924040271,714.631498113132466,2.78588422653916723,70.853467534776172,560.892930228399223,448.409012808313946,-7.39128947603929731,-0.00264542336672414849,0.0136347062897019828,0.0217850826942448117,0.52439922907066483,0.0978548421464976725,0.720469189052336367,0.0988238861041165484,0.00387931080365394717,0.220526724297066989,-0.00783832922959570681,1.22296780308358621,0.986672796243675765,0,0,0,6402.94141119857159,4680.40842354432334,549.835097657291385,466.997591486442275,0.00152070279247159081,1,-0.304429424855542141,0.0116523902032493118,0.986672796243675765
35.59998576,35.5999857599976153,14500.4759206138551,14500.4142548955551,30.2362730127201544,120.01809227766492,7701.07057031485419,1741.50650714509675,718.427039940053646,0.678161987852771042,714.9371416866652,2.78565216375795899,70.6720262618189565,559.883577386545767,450.121243981677537,-7.65879927002680461,-0.00263793436400994782,0.0141518519159719823,0.0217748307681701267,0.524388615105199407,0.0979685118722896098,0.72306276370157041,0.098530587937157188,0.00387744195176254912,0.221117983550732894,-0.00783878459218525885,1.22076978110920109,0.987294764466434716,0,0,0,6411.73722868019104,4680.25290218887585,549.830264449724041,466.994911485821603,0.00152066565166181678,1,-0.303739412173711809,0.0116492720349793463,0.987294764466434716
35.69998572,35.6999857199976063,14501.2549928613007,14501.1933234503558,30.236426706914262,120.018234981620836,7718.1085608002777,1755.24001648976946,718.715544727066003,0.678436338376960935,715.240840755812087,2.78550342354861868,70.5323678740458035,558.87286035137231,451.830057163225547,-7.92209813592162959,-0.00263260597965201673,0.0146302207204128641,0.021765028503612921,0.524381418002891286,0.0981265272310624936,0.725680969628945127,0.098295644447498956,0.00387567851767085152,0.221679628372937643,-0.00784008868568486679,1.219549943334721,0.987813689340509393,0,0,0,6419.18834654929833,4680.09718850753325,549.825425181490232,466.992137049009102,0.00152062720283841412,1,-0.302885781409492627,0.0116422256133264426,0.987813689340509393
35.79998568,35.7999856799975973,14502.0602893903852,14501.9986161874913,30.2365801230516489,120.018378226079463,7735.11572730821081,1769.02551501316066,719.005707068452466,0.67871232306665763,715.542857409330963,2.78538405693603863,70.426327769879407,557.859440825210299,453.536193704403161,-8.18364706663018637,-0.00262989557668005065,0.014995151750663932,0.0217556540417518408,0.524377151216798842,0.0983224176833199376,0.728320114078120029,0.0981076509623492327,0.00387394842140517106,0.222213978867435491,-0.00784175739439344627,1.21913600188922433,0.988240720981390597,0,0,0,6425.43773219654668,4679.94131268044111,549.820580799328695,466.989269222343523,0.00152058746057730427,1,-0.301885801606382731,0.0116317714127720049,0.988240720981390597
35.89998564,35.8999856399975883,14502.8917324505746,14502.8300553341505,30.2367332602411096,120.018522010283903,7752.09197104033501,1782.86292974879484,719.297077047639618,0.678989517114621965,715.843950148863541,2.78524504529582373,70.3417834191531028,556.842300864902427,455.240172380942681,-8.44526301123616463,-0.0026298333648123208,0.0151930126617163021,0.0217466141241499343,0.524374952455191612,0.0985440333438394739,0.730973193957389911,0.097949676189576021,0.00387218590820029339,0.222717502745621604,-0.00784333582016371808,1.21926027389413694,0.988584795441140751,0,0,0,6430.60130416322681,4679.7853018459582,549.815732153802287,466.986308282732125,0.00152054642879336172,1,-0.30077414846551348,0.0116188951236307261,0.988584795441140751
35.9999856,35.9999855999975793,14503.7493849508464,14503.6877038132752,30.2368861173676038,120.018666333596869,7769.037168384908,1796.75219924957401,719.589347854345647,0.679267631160464735,716.145208563947335,2.78504903181351438,70.2645949126110452,555.82084082110805,456.942222372400863,-8.70791982796993835,-0.00263206441831520576,0.0151969701572174879,0.0217377703567270888,0.524373726305399246,0.0987756261900946259,0.733631096079721878,0.0978019803917274666,0.00387034076206732927,0.223181936268500941,-0.00784445680856523872,1.21960290920711367,0.988852087997451834,0,0,0,6434.76030117916707,4679.62918084281682,549.810880021880394,466.983254006165282,0.00152050410446233266,1,-0.299596929610001339,0.0116048824069431393,0.988852087997451834
36.09998556,36.0999855599975703,14504.6333615668118,14504.5716763045311,30.2370386932136093,120.018811195404112,7785.95118437009114,1810.69326428951013,719.882360021858744,0.679546515062782852,716.447855322705891,2.78477440598339854,70.1806804301865128,554.794914585520019,458.64226147269062,-8.97167832141683164,-0.00263593646623279387,0.0150086864089620988,0.0217289685820967055,0.524372307741792443,0.099000269016427625,0.736283997947799529,0.0976449177774057209,0.0038683839277868959,0.223595990795632665,-0.007844879702147858,1.21983916288502159,0.989045865294443161,0,0,0,6437.95879916850572,4679.47297307282588,549.806025133589515,466.980105984282773,0.00152046048200820587,1,-0.298404590179414564,0.0115911254559149645,0.989045865294443161
36.19998552,36.1999855199975613,14505.5437393821776,14505.4820498724494,30.2371909865812611,120.018956595018693,7802.83388620133701,1824.68605864747701,720.176086349246702,0.679826143436916053,716.753043675879098,2.78441651051389272,70.0779334411123358,553.764801503093736,460.339918936663423,-9.23574571665974986,-0.00264061715219587228,0.0146560020336347248,0.0217200667245714199,0.524369624151182046,0.099202257540671801,0.738922763494137991,0.0974616135755960178,0.00386630922683318771,0.223947429439541129,-0.00784450666263484392,1.21968396789159828,0.989166728398150896,0,0,0,6440.20634691286705,4679.31670135865625,549.801168198831533,466.976863942597561,0.00152041555771303396,1,-0.297244748246556556,0.0115789280464970099,0.989166728398150896
36.29998548,36.2999854799975523,14506.480480261147,14506.4187863974366,30.2373429963988656,120.019102531598222,7819.68515507388383,1838.73050113876411,720.470600919485605,0.68010658620938802,717.061678753311867,2.7839861555384573,69.9477310128978615,552.731122992325481,462.03459628724363,-9.49864719901748344,-0.00264522249483320482,0.0141872103379081568,0.0217109572333945185,0.52436483443252857,0.099369168883396683,0.741540143414931241,0.0972400664315760527,0.00386413141658305649,0.224225194832658126,-0.00784337706295983213,1.2189279032248086,0.989213185994835764,0,0,0,6441.48499241408445,4679.16038868106443,549.796309930731354,466.97352801694359,0.00152036933354730884,1,-0.296155943594974713,0.0115693350925044174,0.989213185994835764
36.39998544,36.3999854399975433,14507.4433747604489,14507.3816764338626,30.2374947217986332,120.019249004086191,7836.50489478344571,1852.82648996704188,720.766037559288293,0.680387969260447756,717.374286708964291,2.78350597614638673,69.7858564624861657,551.694718938986057,463.725554719606521,-9.75847804441107769,-0.00264893862253325584,0.013662950897823321,0.0217015814224784873,0.524357427480252936,0.099493320146733219,0.744131629926880311,0.0969744304333171325,0.00386188131798114332,0.22442123230447894,-0.00784164330250616652,1.2174602450195755,0.989182456095226703,0,0,0,6441.75942161106559,4679.00405870495433,549.791451062615465,466.970098953216336,0.00152032181993689728,1,-0.29516308763477217,0.0115630086075573478,0.989182456095226703
36.4999854,36.4999853999975343,14508.4320136122406,14508.3703107146393,30.2376461621571089,120.019396011183233,7853.29303621568488,1866.97389995641652,721.062544153866384,0.680670431224182804,717.690947608947681,2.78300542064880574,69.592752371535255,550.65650344414064,465.412014994042522,-10.0131960684210597,-0.00265112136666844451,0.013147003342090147,0.0216919344389349261,0.524347268707217151,0.0995724713498395836,0.746695873769876894,0.0966653610032410376,0.00385959907740818188,0.2245317091797632,-0.00783953361161592206,1.21527686226523657,0.989071370516166892,0,0,0,6440.98859378315046,4678.8477360393972,549.786592356817323,466.966578208927615,0.00152027303716911017,1,-0.294275112808725536,0.0115601646435185314,0.989071370516166892
36.59998536,36.5999853599975253,14509.4457886330783,14509.3840810565671,30.2377973170956516,120.019543551350012,7870.04953739391749,1881.17258283046476,721.360239342128693,0.680954082611018086,718.011297307454242,2.78251527977880642,69.3731176416159627,549.617321057707841,467.093255135323489,-10.2609114687194634,-0.00265136261388145868,0.0126973215381928628,0.0216820611021862515,0.524334591319767007,0.0996097316303798108,0.749234637908001821,0.0963194454159975733,0.00385732679484613542,0.224557466553768958,-0.0078373086876523182,1.21247295446152337,0.988877251264109525,0,0,0,6439.13716562322861,4678.69144621757641,549.781734604765461,466.962967949968345,0.0015202230153465255,1,-0.293484982819044893,0.0115605762421823448,0.988877251264109525
36.69998532,36.6999853199975163,14510.483920879662,14510.422208514643,30.2379481864435675,120.019691622838934,7886.77437939150059,1895.42237026465978,721.65917732543744,0.681238972659146236,718.334592571534245,2.78206264671001691,69.1349510779083403,548.577823182744964,468.768692751993797,-10.500134556030126,-0.00264951782395455963,0.01235851965278815,0.0216720442258341549,0.524319937418650683,0.0996127396845602614,0.751752327861711533,0.0959478626371642052,0.00385510172282908618,0.224503708954334164,-0.00783521917198537476,1.20922270677790844,0.988598641146598123,0,0,0,6436.18514540896831,4678.53521542249291,549.776878619058152,466.959270950339601,0.00152017179299638889,1,-0.292771889984450751,0.0115636373706628354,0.988598641146598123
36.79998528,36.7999852799975073,14511.5455100797117,14511.4837928370398,30.238098770172023,120.019840223748091,7903.46755901096003,1909.72307908007156,721.95932499869582,0.68152506787277134,718.659824580115696,2.78166704183018965,68.888212456981023,547.53838027186373,470.437941969924452,-10.7299504630089046,-0.00264569499017142671,0.0121567356996367063,0.0216619880560828815,0.524304061116978248,0.0995922837241343534,0.754255193949756042,0.095564512404909846,0.00385295102914889973,0.224379084436447773,-0.00783347005964427252,1.20574958476179761,0.988235799381068869,0,0,0,6432.13457364813166,4678.37907001788062,549.77202521929803,466.955490416119119,0.00152011941463044294,1,-0.292105179038563034,0.0115684740823511299,0.988235799381068869
36.89998524,36.8999852399974984,14512.6295970976353,14512.5678748819992,30.2382490683100329,120.019989352088416,7920.12907946664745,1924.07451770954458,722.260553618274685,0.681812244316682192,718.985860190801077,2.78133817675535511,68.6433122497526256,546.499039475538893,472.100839258278995,-10.9501021419389275,-0.00264021065689304911,0.0120974056659160206,0.0216519999776964116,0.524287810496960605,0.099560591124409431,0.756750338974044423,0.0951839089677218309,0.00385088876454704699,0.224194392685141186,-0.00783219636540029469,1.20229201024035737,0.987790911653283255,0,0,0,6427.01252402475438,4678.2230359666346,549.76717521419971,466.951629763008043,0.00152006592766197992,1,-0.291449333133375954,0.0115740832859370889,0.987790911653283255
36.9999852,36.9999851999974894,14513.7352298013866,14513.673502520478,30.2383990808552916,120.020139005853778,7936.75894049981616,1938.47649294576263,722.562645065658103,0.682100293698159943,719.311588604720555,2.78107552059231011,68.409649627682569,545.459530486309063,473.757437135318071,-11.1609768797525177,-0.00263352263060012562,0.0121660435428223579,0.0216421735922400042,0.524272006765365228,0.0995295466246761268,0.759244681969436064,0.0948191458558194505,0.00384891525480925102,0.223961171272084342,-0.00783145213845169372,1.19906945837552437,0.987268006935729581,0,0,0,6420.87027944310285,4678.0671382287901,549.762329382822031,466.947692381765535,0.0015200113791555695,1,-0.290769260174140121,0.0115794772995422551,0.987268006935729581
37.09998516,37.0999851599974804,14514.8615231141448,14514.7997906779128,30.2385488076928404,120.0202891830846,7953.3571293660907,1952.92881606680476,722.865310756778285,0.682388941371845581,719.636052873983431,2.78086952685134747,68.194396134298529,544.419315476459246,475.407969203747541,-11.3635051461193584,-0.00262615122204620279,0.0123317029056875232,0.0216325757180341229,0.524257337532313961,0.0995090890594996641,0.761744023736382725,0.09448020616557333,0.0038470187249999236,0.223690367869577356,-0.00783121266044013026,1.1962536023969581,0.986672614212559473,0,0,0,6413.77907926875832,4677.91140022722357,549.75748845769192,466.943681424352746,0.00151995581286420143,1,-0.290035131270971969,0.0115838137344470224,0.986672614212559473
37.19998512,37.1999851199974714,14516.0077053569257,14515.9459676801598,30.2386982485325895,120.020439881916658,7969.92361390445512,1967.43130753465607,723.168219650366723,0.682677872899266514,719.958550088436255,2.78070413403742123,68.0016746217078776,543.377673200989875,477.052793601176347,-11.5589920093772704,-0.00261860110223468808,0.0125524503483306384,0.0216232389471833313,0.524244277414732229,0.099505994023729824,0.764252335265322214,0.0941728255034157691,0.00384517863312199741,0.223391241129637347,-0.00783138775642109111,1.19394811401163659,0.986011225605407327,0,0,0,6405.82328098945891,4677.75584345324751,549.752653112115468,466.939599638897334,0.00151989926694327706,1,-0.289226138728272242,0.011586494422790812,0.986011225605407327
37.29998508,37.2999850799974624,14517.1731454916298,14517.111402488903,30.2388474028728886,120.020591100609764,7986.458338499825,1981.98379975633338,723.471030813554989,0.682966764861688391,720.278689888846884,2.78056000117459234,67.8322180421223067,542.333803279310928,478.692324337719128,-11.7489091909809105,-0.00261129435975821292,0.0127819522510620662,0.0216141603250182245,0.524233044108583179,0.0995231818281309411,0.766771350682436403,0.0938980237355654529,0.00384336998754918795,0.223070573514982051,-0.00783184284091719557,1.19217928443400156,0.985290654218788253,0,0,0,6397.09207649834661,4677.60048725934939,549.747823953216312,466.935449272675896,0.0015198417726072441,1,-0.288332735225032,0.0115872229658150368,0.985290654218788253
37.39998504,37.3999850399974534,14518.3573589548469,14518.2956105587,30.238996269993784,120.02074283755411,8002.96122334065603,1996.58613769551721,723.773425702939903,0.68325531534957018,720.59640720295954,2.78041789313442678,67.6835205666426845,541.286934825575599,480.326960904748489,-11.934679254607083,-0.00260452257877738947,0.0129761872561115488,0.0216053056939160999,0.524223592612936939,0.0995596077319859524,0.769300498509066566,0.0936523212101707386,0.00384156786245900585,0.222732238714687641,-0.00783242370115548939,1.19089799020341092,0.984517383154324577,0,0,0,6387.67101964069479,4677.44534885667963,549.743001521331166,466.931232051338668,0.00151978335384264662,1,-0.287357156538857517,0.0115860169333568998,0.984517383154324577
37.499985,37.4999849999974444,14519.5599927566946,14519.4982388809149,30.239144848979052,120.020895091255753,8019.43216685480638,2011.23817747421799,724.075135706212336,0.683543269924716146,720.91193110880829,2.78026168048523914,67.550424705746039,540.236424074649108,481.957025962234184,-12.1174822732920049,-0.00259842229436190245,0.0130993499703789332,0.0215966184263165321,0.524215645151331788,0.0996107070867317673,0.771837156000431346,0.0934285596567281523,0.00383975139495948328,0.222377140312212257,-0.00783298104629983651,1.18999192788433827,0.983696996437559479,0,0,0,6377.63455496554434,4677.29044350501408,549.738186295449282,466.926949231975811,0.00151972402814412946,1,-0.286312281066731955,0.0115831769176998629,0.983696996437559479
37.59998496,37.5999849599974354,14520.7807934619486,14520.7190340435882,30.2392931387617416,120.021047860304222,8035.87105076159241,2025.93978325457306,724.375961461827728,0.683830439776696331,721.225717038155153,2.78008054128321191,67.4260319070484968,539.181828222127251,483.582719033407102,-12.2981100600274686,-0.00259297458804943429,0.0131281896313627001,0.0215880307550196208,0.524208750014108271,0.0996692934570052314,0.774377167920275111,0.0932171703223939191,0.00383790671430286889,0.222003513865788177,-0.00783339140252087285,1.18930569962950883,0.982833764815294719,0,0,0,6367.04051089458153,4677.13578485711514,549.733378703577841,466.92260171714338,0.00151966380809472274,1,-0.285219104914325339,0.0115792199321838613,0.982833764815294719
37.69998492,37.6999849199974264,14522.0195637308061,14521.9577986797176,30.2394411381860984,120.021201143329108,8052.27774693499214,2040.69082305884308,724.675781857804395,0.68411671010654429,721.538353754625177,2.77987011821238639,67.3027874193286664,538.122946861704122,485.204091306413034,-12.4768846918334759,-0.00258802632752250022,0.0130542975301115288,0.0215794757209405962,0.52420235936199655,0.0997267526088711359,0.776915538872004929,0.0930076815323233608,0.00383602847715153921,0.22160755081295011,-0.00783357185181188069,1.18866541578428864,0.981930432798869157,0,0,0,6355.92717733971313,4676.98138540079162,549.728579136304347,466.918190209630382,0.00151960270351019552,1,-0.284103282372789867,0.0115747886398199495,0.981930432798869157
37.79998488,37.7999848799974174,14523.2761141844094,14523.2143434283498,30.2395888460756233,120.021354938952058,8068.65212495089236,2055.49116414744822,724.974552186567053,0.684402038261193169,721.850459267440442,2.77963256434838968,67.1735767717186434,537.059827476270584,486.82104332314816,-12.6536479733490879,-0.00258332797029056996,0.0128841752442122835,0.0215708978758945499,0.524195914217375658,0.0997743457315451443,0.779447190886884078,0.0927902397983734056,0.0038341199236533465,0.221184259335356737,-0.00783348723764968474,1.18790408928177582,0.980988222218778683,0,0,0,6344.31318430679221,4676.82725693277007,549.723787961522476,466.913715383875228,0.00151954072381364313,1,-0.282991278285649461,0.0115705502965705864,0.980988222218778683
37.89998484,37.8999848399974084,14524.5502177402377,14524.4884412088559,30.2397362612979492,120.021509245741768,8084.99405927871521,2070.34066868566333,725.2722924700862,0.684686442594422573,722.162580682748967,2.77937557925201872,67.0326812669448202,535.992736658486251,488.433344024171618,-12.8278181904087702,-0.00257858116084510583,0.0126372348345437958,0.0215622612434815952,0.524188924590599181,0.0998044336663463649,0.781967676734739103,0.0925569330707046306,0.00383219159336737432,0.22072843567439418,-0.00783314964020513996,1.18688424862796227,0.980007036523204977,0,0,0,6332.19999420340537,4676.67341099901751,549.719005538276519,466.909178048586682,0.00151947788028781354,1,-0.281906692781292989,0.0115670998701426116,0.980007036523204977
37.9999848,37.9999847999973994,14525.8415724188089,14525.7797900381647,30.2398833828178759,120.021664062177436,8101.30343515464028,2085.23919022442215,725.569068258452035,0.684969984243962271,722.47511172835118,2.77911067422502356,66.8764703793880244,534.922103372569381,490.040666778984701,-12.9985014410355859,-0.00257348866584134351,0.0123421577802740254,0.0215535535790251503,0.524181033997365264,0.0998114584993233661,0.784473753425196985,0.0923027474302368783,0.00383025902171156302,0.220235595733337647,-0.0078326110169310726,1.18551483394382506,0.978985823383643261,0,0,0,6319.57647218909005,4676.51985924579822,549.71423222795886,466.904579279196184,0.00151941418790919273,1,-0.280867254512752074,0.0115648804532072543,0.978985823383643261
38.09998476,38.0999847599973904,14527.1497772596776,14527.0879889614043,30.2400302097318452,120.02181938662595,8117.58015241245903,2100.18657150418085,725.864967083772626,0.685252744840536776,722.78823842265956,2.77885099702155003,66.7037542011791658,533.84844402067813,491.64263602537352,-13.1646381738647875,-0.0025677995230002533,0.0120322363548928703,0.021544786594915738,0.524172060379576421,0.0997925643658212208,0.786963746619464666,0.0920260515409879604,0.00382833985788065198,0.219702723484527629,-0.00783195078162577003,1.18376044170672978,0.977923034263745494,0,0,0,6306.42474984953515,4676.36661364232168,549.709468401593199,466.899920503625708,0.00151934966653517723,1,-0.279882849763524677,0.0115641309670764247,0.977923034263745494
38.19998472,38.1999847199973814,14528.4743236973882,14528.4125294070291,30.2401767412809548,120.021975217334059,8133.82412692026992,2115.18264370095085,726.160074126313475,0.685534803512851898,723.101918607673269,2.77860908369189019,66.515771758244739,532.772280945079729,493.238877185837055,-13.3251620689740662,-0.0025613435303183333,0.0117404175022940982,0.0215359924423919741,0.524162009261997852,0.0997477979151329408,0.789437670682947124,0.0917285763337748333,0.00382645089328585361,0.219128731137702371,-0.00783126065365668568,1.18164218333723703,0.976817110549804024,0,0,0,6292.72647524568583,4676.21368655665265,549.704714442579416,466.89520353299946,0.00151928434132851372,1,-0.278954784552073398,0.0115648666845296205,0.976817110549804024
38.29998468,38.2999846799973724,14529.8146024756134,14529.7528021269627,30.2403229768416963,120.022131552436434,8150.03528955769707,2130.2272272020291,726.454450504019974,0.685816216409109836,723.415895670539157,2.77839488656087497,66.3158432815532422,531.694066125231871,494.829062671870588,-13.4791483259710461,-0.00255405116572050232,0.0114947587491491393,0.0215272172794994006,0.524151059256904306,0.099679891521985059,0.791897105604485452,0.0914149297985402953,0.00382460546313603215,0.218514586059011362,-0.00783062928480401238,1.17923064023763291,0.975666927207615053,0,0,0,6278.46855497506658,4676.06109068830483,549.699970744950178,466.890430537020848,0.00151921824241535702,1,-0.27807629145354984,0.0115668929982327157,0.975666927207615053
38.39998464,38.3999846399973634,14531.1699240058661,14531.1081175382096,30.240468915897889,120.022288389976339,8166.21358309916195,2145.32013359678695,726.748116986982723,0.686097001374608939,723.72974170866496,2.77821435809204331,66.1087591429045034,530.614120311383999,496.412947917160352,-13.6259315459879318,-0.00254595739791177141,0.0113148972830539197,0.0215185131344132752,0.524139524058164219,0.0995936900218653831,0.794344865723485838,0.091091748412914883,0.00382281159031306987,0.217863123277335591,-0.0078301289604386197,1.17663246175483982,0.974472135796653482,0,0,0,6263.64763014881919,4675.90883888064855,549.695237707810747,466.885603971471085,0.00151915140388034654,1,-0.277234119226415721,0.0115698479758278537,0.974472135796653482
38.4999846,38.4999845999973545,14532.5395484082401,14532.4777357662206,30.2406145579988426,120.02244572793596,8182.35895758061906,2160.46116859652284,727.041044982761719,0.686377129518514262,724.042921497926727,2.7780687634797232,65.9000095016583458,529.532594991089809,497.99039325818859,-13.7651790465412915,-0.00253719026237430451,0.0112099491032126228,0.0215099294437505785,0.524127798189159555,0.0994953268301239507,0.796784521629371301,0.0907666298275471295,0.00382107109756779206,0.217178613067711052,-0.00782980613322179636,1.17397292600347103,0.973233366851267601,0,0,0,6248.27276045956751,4675.75694385116003,549.690515727116122,466.880726471227888,0.001519083862284408,1,-0.276410904696894499,0.0115732653740175245,0.973233366851267601
38.59998456,38.5999845599973455,14533.9227202944458,14533.8609014117828,30.2407599027105718,120.022603564270739,8198.47136488864999,2175.65013534019681,727.333155494699213,0.68665652432003832,724.354866433118787,2.77795476894618787,65.6949733528883257,528.449460896007508,499.561369782501401,-13.896912665286024,-0.00252794717029049959,0.0111780261269453871,0.0215015055909478676,0.524116295535556498,0.0993912824193843025,0.799219852557822019,0.090447011299038288,0.00381937974633593004,0.216466180389565388,-0.00782967679382637685,1.17137717936685015,0.971952274075991607,0,0,0,6232.36607949790687,4675.60541788610681,549.685805186214225,466.875800726396051,0.00151901565494899941,1,-0.2755879395958023,0.0115766474956578418,0.971952274075991607
38.69998452,38.6999845199973365,14535.3187031708658,14535.2568779909943,30.2409049495676534,120.022761896943507,8214.55075342792588,2190.88683768103238,727.62432559617514,0.686935067829435586,724.665047258649906,2.77786522930398405,65.4981827662051614,527.364522795954599,501.125949637799408,-14.0214797755906346,-0.00251846340017711483,0.0112073203959237588,0.0214932655123398139,0.524105389946172506,0.099287464793999608,0.801654310630404932,0.0901391539092968597,0.00381772829675518363,0.215731176356466936,-0.00782972685615943541,1.16895286067289339,0.970631426066551173,0,0,0,6215.96148547870507,4675.45427254748392,549.681106446652961,466.870829359791628,0.0015189468182594504,1,-0.274747918281501691,0.0115795367851588733,0.970631426066551173
38.79998448,38.7999844799973275,14536.7268087044358,14536.664977193479,30.2410496980322812,120.022920723953007,8230.59706357623145,2206.1710829326712,727.914400951743687,0.68721261256468924,724.973035681921147,2.77779049722573745,65.31275929731774,526.2774566695158,502.684283406818849,-14.1394812555010319,-0.00250897792168513047,0.0112784899847348501,0.0214852150343460037,0.524095366053862421,0.0991884383507633388,0.804090570674119487,0.0898473661994832196,0.00381610425017620989,0.214978588269974263,-0.00782991697406272384,1.166776430318198,0.969274072061141356,0,0,0,6199.10170139097318,4675.30351843461631,549.676419840585481,466.865814822720552,0.00151887738622196507,1,-0.273877285189079833,0.0115815762405569733,0.969274072061141356
38.89998444,38.8999844399973185,14538.1464171744883,14538.0845792743839,30.2411941474658228,120.023080043353943,8246.61022453421538,2221.50268379984254,728.203212181499225,0.687488997013989023,725.278547430768526,2.7777200123442185,65.1400885760914434,525.187862479660907,504.236568734719299,-14.2516695911289659,-0.00249970159153594263,0.0113679190268706626,0.0214773421319349005,0.524086386296785167,0.099096897620455926,0.80653022202505209,0.0895735577309442338,0.00381449395172802491,0.21421255358203628,-0.00783019062264165774,1.16488484306992968,0.967883823831034884,0,0,0,6181.83424153948363,4675.15316503169743,549.671745665782282,466.860759322145213,0.00151880738945551715,1,-0.27296788441668457,0.0115825511874268986,0.967883823831034884
38.9999844,38.9999843999973095,14539.5769868791103,14539.5151425432123,30.2413382971161973,120.02323985326646,8262.59015292644472,2236.88145929102348,728.490592490175004,0.687764062303886314,725.581462476100114,2.77764390747825018,64.9797610956903497,524.095324067171418,505.783015272211287,-14.3588335098256081,-0.00249079194742616271,0.0114513333042622154,0.0214696198388502207,0.524078477353876138,0.0990134411995575586,0.808973634791364749,0.0893171604708233868,0.00381288470489050913,0.213436021786036462,-0.00783048393400676869,1.16327334150158657,0.966464304437264721,0,0,0,6164.20693394472983,4675.00322065804721,549.667084183811767,466.855664787187436,0.00151873685472859164,1,-0.272017732919561828,0.0115824081917110418,0.966464304437264721
39.09998436,39.0999843599973005,14541.0180520936847,14540.9562012827082,30.2414821461214416,120.023400151874384,8278.53675319769172,2252.30723454878171,728.776393993804504,0.688037667608379699,725.881821517962408,2.77755439055806619,64.8297680389618165,522.999467267112436,507.323811103068351,-14.4616862359950673,-0.00248233750500420798,0.0115072407370788703,0.0214620111651402552,0.524071536293406859,0.0989366552557837953,0.811420006339072963,0.0890754018053134949,0.00381126658026451634,0.212650589273364277,-0.00783073569097945781,1.16189923726709687,0.965018815510413575,0,0,0,6146.26366105866691,4674.85369252206146,549.662435621458258,466.850532876398177,0.00151866580506043064,1,-0.271030874042396119,0.0115812503563035955,0.965018815510413575
39.19998432,39.1999843199972915,14542.469210665673,14542.4073533294832,30.2416256935282703,120.023560937413933,8294.44991966730413,2267.77983976335054,729.060500545183004,0.688309702225792908,726.179801026277005,2.77744671608820681,64.686906143120197,521.900008221239204,508.85909520375219,-14.5607727226984736,-0.00247435287846704734,0.0115197289670924789,0.0214544751356606604,0.52406535405441379,0.0988634720750694862,0.813867568191671165,0.088843865065347305,0.00380963367559517029,0.211856514537464652,-0.00783089602856677607,1.16069072019465103,0.963550068373032698,0,0,0,6128.04090054258086,4674.70458686517304,549.657800174989688,466.845365021935322,0.00151859426033322704,1,-0.270016399805710461,0.0115793114870896049,0.963550068373032698
39.29998428,39.2999842799972825,14543.9301037751138,14543.868239875148,30.2417689383217656,120.023722208154936,8310.32953982218896,2283.29910836371437,729.342835508162921,0.688580092866554638,726.475671804133071,2.77731963698545314,64.5473196922597623,520.796785792052447,510.388939277116663,-14.6564074497768004,-0.00246678443982869915,0.011480275963251697,0.0214469729753400916,0.524059651735228949,0.0987897332052367072,0.816313912582167012,0.0886172379604897031,0.00380798468701412781,0.211052902480167087,-0.00783093272108529095,1.15955910033708554,0.9620600121168984,0,0,0,6109.56549177094803,4674.55590917057816,549.653178016513607,466.84016250164035,0.00151852223829043623,1,-0.268986840029352414,0.011576914262516556,0.9620600121168984
39.39998424,39.3999842399972735,14545.4003913290799,14545.3385208282525,30.2419118794613091,120.023883962378264,8326.17549830163262,2298.86487484471445,729.623363749608416,0.688848805470441916,726.769747927356661,2.77717531275607143,64.4070937411555065,519.689774637482969,511.913340724246893,-14.7486492627757286,-0.00245952481686418332,0.0113883926115614202,0.0214394735283538786,0.524054123761660495,0.0987108632938988734,0.81875638415317753,0.0883901303296931312,0.00380632276424219991,0.210238026466706224,-0.00783083437862488498,1.15841252103507286,0.960549775790533689,0,0,0,6090.85384991135652,4674.40766440434709,549.648569301427756,466.834926526663651,0.00151844975575009451,1,-0.267956190420211737,0.0115744193310267085,0.960549775790533689
39.4999842,39.4999841999972645,14546.8797266930342,14546.8178495562315,30.2420545159174239,120.024046198352522,8341.98768097924221,2314.4769725229803,729.902087980226611,0.689115841686664399,727.062333801782415,2.77701873043571368,64.2628117309766651,518.579078457188757,513.432226818293088,-14.8373140694861476,-0.00245243346709985788,0.0112510929408221882,0.0214319571840717489,0.524048481474226002,0.0986225521086817603,0.821192477172050572,0.0881578416084643074,0.00380465472824345532,0.209409737961016418,-0.00783061037040034581,1.15716911518721188,0.959019724638835891,0,0,0,6071.91262995486522,4674.25985725452483,549.643974175897029,466.829658331451014,0.00151837682985058635,1,-0.266937882411327432,0.0115721730267156781,0.959019724638835891
39.59998416,39.5999841599972555,14548.3677344918251,14548.3058506805883,30.2421968467042497,120.024208914313945,8357.7659785617725,2330.13523160071236,730.179040357681174,0.689381230888761021,727.353676864753652,2.77685676004097104,64.1120019615831325,517.464905738085349,514.945468570277853,-14.9220208442389435,-0.00244535995966650797,0.0110813522686789828,0.0214244178547683128,0.524042491040369485,0.0985213486058345161,0.823620182217285723,0.0879169742316004976,0.00380298981491029647,0.208565900673233856,-0.00783028776826902306,1.15576780008015989,0.957469614365763166,0,0,0,6052.74063972032582,4674.11249233677972,549.639392783364201,466.824359252798217,0.00151830347914480644,1,-0.265942983349626683,0.0115704610801450492,0.957469614365763166
39.69998412,39.6999841199972465,14549.8639942705631,14549.8021037488779,30.242338870903442,120.024372108451729,8373.51028924566344,2345.83947775352271,730.454270863439092,0.689645019158498296,727.643932182455501,2.77669700912736062,63.9534184732297035,516.347532622427593,516.452901541677988,-15.0022620478313797,-0.00243816649227318735,0.0108958438417182096,0.0214168628640352583,0.524036000787589273,0.0984050903061036569,0.826038237478284643,0.087665818411176516,0.0038013381633704396,0.207704783813320998,-0.00782990600074190933,1.15417536723241221,0.955898814812065734,0,0,0,6033.33164094543918,4673.96557434227179,549.634825269316593,466.819030788038049,0.00151822972440525633,1,-0.264978862272312099,0.0115694743824789475,0.955898814812065734
39.79998408,39.7999840799972375,14551.3680319152772,14551.306134650813,30.2424805876768836,120.024535778900599,8389.22052011597407,2361.58953141474785,730.727834307747685,0.689907256994494289,727.933143071592667,2.7765466574399511,63.7871290987630388,515.227259010098464,517.954350109284064,-15.0774867899447784,-0.00243074654868826118,0.0107123246665615669,0.0214093109149187562,0.524028954876399555,0.0982731199833174751,0.828446256483043264,0.0874044712853397077,0.00379970928749616714,0.206825358924102365,-0.00782951017845828767,1.15238914072056087,0.954306566779625998,0,0,0,6013.67758015152958,4673.81910811340094,549.630271783837316,466.813674625592455,0.00151815558904645179,1,-0.264048473811971052,0.0115692907511665451,0.954306566779625998
39.89998404,39.8999840399972285,14552.8793195821345,14552.8174155443703,30.2426219962669727,120.024699923741082,8404.89658718625833,2377.38520780139925,730.999777875024392,0.690167987552999351,728.221239262934546,2.77641144218648606,63.6144125115885402,514.104364533307603,519.449651491204577,-15.1471841213200236,-0.00242303738387522963,0.0105470634511885802,0.0214017885709117915,0.524021392399249386,0.0981262750580921828,0.830844723492942472,0.0871346934470148549,0.00379811075390892438,0.205927464871173721,-0.0078291441656388825,1.15043515270670671,0.952692233718054338,0,0,0,5993.77176513172981,4673.67309864427898,549.625732481807972,466.808292645224697,0.00151808109912787465,1,-0.2631503147223474,0.0115698740813815187,0.952692233718054338
39.999984,39.9999839999972195,14554.3972833715379,14554.3353725418347,30.2427630959857474,120.02486454100702,8420.5384141882696,2393.22631763796926,731.270130906879558,0.690427237021328244,728.508051465961898,2.77629493031315633,63.4374927963909485,512.979070597713871,520.938676180832772,-15.2109547442696709,-0.00241502507788343918,0.0104126689592479275,0.0213943258670926638,0.524013433158941,0.0979666680883116842,0.833234867048175953,0.0868595425310004082,0.00379654724357637863,0.205011830672959167,-0.00782884442176523705,1.14836241902829039,0.951055513498220373,0,0,0,5973.61154711927611,4673.52755101354069,549.621207520981784,466.802886890710283,0.00151800628297520655,1,-0.262279009184013312,0.0115710896592286783,0.951055513498220373
40.09998396,40.0999839599972105,14555.8898450545967,14555.8279275300629,30.2429039094458467,120.025029574441305,8436.14850787906653,2409.10744555538213,731.389832092534903,0.690544184139449402,728.426494898345709,2.60530433945416462,65.7201674355415832,512.017579308212021,522.06798436126121,-14.6323160393494405,-0.072763153011143028,0.0664367507412625541,0.0207150275055984733,0.521154784455048925,0.0998800974806483416,0.836786092908189505,0.0899784844052101823,0.0035621357241333051,0.136819676957939257,-0.00734434030709249942,0.941216677920505895,0.95211480924291958,0,0,0,5983.52975829014304,4673.38217264964442,549.616689612119103,466.797571598640275,0.00151793272158174861,1,-0.516647276706881264,-0.400000000000000022,0.95211480924291958
40.19998392,40.1999839199972016,14557.3335551805794,14557.271631170508,30.2430444446820346,120.025194969716821,8451.72775896374515,2425.02336232171183,731.465503969946781,0.690619433260050264,727.924060181369441,1.94110026551521742,71.8650000823591597,510.924289313230815,523.252663274407155,-14.3109910215272578,-0.143417642346359592,0.117245983550865171,0.020454212334979599,0.511231266169835274,0.106772776318086418,0.843096842251679579,0.0984070661475802688,0.00265371713806884183,0.141365237488441625,-0.00298722702695370431,1.07902755367886605,0.954226843776665223,0,0,0,6009.00443985130551,4673.23631678714719,549.612157790678907,466.792430276850041,0.00151786157045808758,1,-0.499518041393631318,-0.400000000000000022,0.954226843776665223
40.29998388,40.2999838799971926,14558.7693035975099,14558.7073731431865,30.2431846482632523,120.025360758391059,8467.27024425716809,2440.97710665671229,731.473241407896353,0.690630521017797316,727.018176603256734,0.685357123722155848,80.6052359953328619,509.590273606898336,524.557409869625417,-14.5044714447166712,-0.206130227892969697,0.151041093194994314,0.0201929754264233811,0.494872551622808354,0.117562114667210657,0.851412579350377174,0.1104200370786763,0.000936954607772618082,0.151039681352681421,0.00581886679551979306,1.2823874142437004,0.957636780152174794,0,0,0,6050.11360448152209,4673.08969254408112,549.60760302600238,466.787317308900356,0.00151779081425570755,1,-0.470234863840408301,-0.400000000000000022,0.957636780152174794
40.39998384,40.3999838399971836,14560.2564660906792,14560.1945289706437,30.2433244449699572,120.025526979747639,8482.76762517621501,2456.97246148028717,731.378169955654243,0.690544675390842189,725.770521587688904,-1.20715239702781219,90.3865048837838856,507.957760145482325,525.982099239459444,-15.3548909249751517,-0.259319277560681682,0.164222660254945946,0.0190521385967495904,0.472877565674355682,0.130703717257748486,0.860629620807575546,0.123900748924252943,-0.00165051815149288954,0.162936332373751713,0.0190935157545408275,1.51628980686646342,0.963060688992894987,0,0,0,6115.96317082098085,4672.94182582119902,549.603011140300737,466.782021246575653,0.0015177175269481878,1,-0.433279843426048084,-0.400000000000000022,0.963060688992894987
40.4999838,40.4999837999971746,14561.8637478426099,14561.80180354207,30.2434637521074308,120.025693667019141,8498.21073446800619,2473.01262751599688,731.167185895736225,0.690349703414860127,724.340239831507461,-3.66036892263633717,99.6156232268543533,506.033999931979679,527.493362095283828,-16.9055490577813998,-0.301859203351565963,0.156363519458826317,0.0159907826496064366,0.446123482647655056,0.144457062556929416,0.86951847396602111,0.136668689991893522,-0.00500622057827571423,0.180784818471197456,0.0358610891311307786,1.74278791089293073,0.970838420162725479,0,0,0,6211.94502932747309,4672.79205016256674,549.598361771823988,466.776297418071067,0.00151763832322428802,1,-0.393807376314659341,-0.400000000000000022,0.970838420162725479
40.59998376,40.5999837599971656,14563.6591568812728,14563.5972046115348,30.2436024983285314,120.025860839797303,8513.5916628301602,2489.0994923105718,730.857552079342327,0.690062081101831315,722.968668799456282,-6.44974510646630961,106.899327190643945,503.890832942608711,529.038727115951588,-19.1001340138258655,-0.333565739024245966,0.130051819277192171,0.0101479215318021586,0.415509317251706312,0.157121781606774813,0.876927994136625699,0.146797980883969725,-0.00882501495335692374,0.20230295036359125,0.0539842287911956945,1.92793059472695871,0.980683908977656782,0,0,0,6335.59012250189062,4672.63970776547285,549.59363395480284,466.769903634439061,0.00151754985270641544,1,-0.35693822132222891,-0.400000000000000022,0.980683908977656782
40.69998372,40.6999837199971566,14565.7005439512432,14565.6385826643018,30.2437406381145344,120.026028498590279,8528.90536420860008,2505.23310600510285,730.597813324264393,0.689822212483714781,722.021422402909934,-9.23252815943595806,111.233946478854335,501.7142043135687,530.641270386872975,-21.8143115042590523,-0.355537188760388922,0.0895557377112010528,0.00117385728321243868,0.381885147539973935,0.167258921510374831,0.881961430079368336,0.152857311758605646,-0.0126372865293489754,0.512142285608123804,0.0705374442922820782,2.04649796934386874,0.991971755887154139,0,0,0,11591.8775067766783,4672.48431886250637,549.588816910771698,466.762633878882582,0.00151744926619497766,1,-0.32708713226007291,-0.400000000000000022,0.991971755887154139
40.79998368,40.7999836799971476,14568.0354602411389,14567.9734886904207,30.2438782369123977,120.026196730478944,8544.1590938250356,2521.4218485193187,730.877434970187892,0.690092374882411486,722.173550640907024,-11.6184569486877081,111.85794187914432,499.919178062721414,532.580331175674587,-24.9164844731962063,-0.370238277302051721,0.0365980337805160219,-0.010684911863542217,0.345948863069468815,0.173523940010854943,0.883960676775406018,0.153669529005713595,-0.0158972568887342861,0.51666767082779641,0.0825186399342595911,2.0820635465922197,0.989424164445248389,0,0,0,6466.75117145342392,4672.32379301566834,549.58383873667492,466.754318813424049,0.0015173342227166541,1,-0.308453369630036778,-0.400000000000000022,0.989424164445248389
40.89998364,40.8999836399971386,14570.6822742782533,14570.6202911404071,30.244015339670721,120.026365522364898,8559.3578345223541,2537.66445802113503,730.892549489283851,0.690113614192358837,722.636216183041597,-13.255008546365957,108.743380065350635,498.10425639365684,534.14603060326499,-28.0015473187403785,-0.381149376790800132,-0.0123491753935146328,-0.0244232705071624895,0.308207271578617825,0.175359218339249806,0.882800104110063932,0.149360816659171836,-0.0181363666113456903,0.222090484729562554,0.0874427311501123211,2.02737952711098046,0.991449697760572568,0,0,0,11591.2900689022226,4672.16303213300853,549.578830497493868,466.744893025091983,0.0015172038198490328,1,-0.302924448505126787,-0.400000000000000022,0.991449697760572568
40.9999836,40.9999835999971296,14573.6314023211598,14573.5694063080791,30.2441520077020378,120.026534820935467,8574.5083831951415,2553.95580164188959,731.268718984747125,0.690476564300149143,723.907638106193644,-13.9245168242737805,102.556222084843384,496.753125803945409,535.755821335626706,-30.9187851409271701,-0.392122160710534906,-0.0549450764274586195,-0.0385058522044124246,0.268920396761332503,0.173077393783622385,0.878852267672025511,0.14073376913856539,-0.019042737728743233,0.503369528254091536,0.0844342844821807798,1.89816537827311738,0.989372231385378553,0,0,0,11591.3294926581821,4672.00229278353981,549.573846281962005,466.734390644171583,0.00151705853275459061,1,-0.309777835251230704,-0.396601293527112153,0.989372231385378553
41.09998356,41.0999835599971206,14576.8489786013961,14576.7869685743899,30.2442883158630522,120.026704549113134,8589.61903819638246,2570.28845880554582,731.348338431803882,0.690560219067463565,725.109190751701817,-13.5760536095304474,94.3543553990142811,495.503995247186481,536.874459895888776,-33.3466210062386494,-0.402247534064853862,-0.0805853416456644989,-0.0512303357386859684,0.228188947545442805,0.167571306808641129,0.872783232650598206,0.129397276391828991,-0.018564113302728804,0.201123548458114143,0.0741223920294564881,1.71678086809405883,0.990137251135443375,0,0,0,6459.80435866966218,4671.84292413623007,549.568877223125014,466.722932273677372,0.00151690003290043526,1,-0.326517271894676275,-0.352628874624110245,0.990137251135443375
41.19998352,41.1999835199971116,14580.2836298979819,14580.2216049334038,30.2444243399915251,120.026874614824195,8604.69820663804785,2586.65356553528909,731.692147801027886,0.690893906990644568,726.57606460961938,-12.2637674535440055,85.499833321035581,494.723818976144287,537.939285931871609,-35.2571516496769419,-0.408883330519064392,-0.0906295821987517791,-0.0618616931860317479,0.186423724232719912,0.160276068839120933,0.865404422509982507,0.117136297305678497,-0.0167616145173277581,0.484764006978715578,0.063744640778025316,1.51583773426707769,0.988703839918914085,0,0,0,6464.08343346485526,4671.68425757054501,549.563955303976968,466.71070086372697,0.00151673085382681913,1,-0.348957946618758896,-0.306588409079873225,0.988703839918914085
41.29998348,41.2999834799971026,14583.8780257478356,14583.8159851726959,30.244560168804167,120.027044953905175,8619.75572334848221,2603.04494384101281,731.837954305968765,0.691041060022976827,727.677246944698027,-10.1209885716843928,77.2669478629898094,494.096702043890502,538.627185016172916,-36.5512784133376982,-0.413052727135377995,-0.0821107340171058908,-0.0697007619746422835,0.144083805458352393,0.152708892022713233,0.857376912162246763,0.105786605875327275,-0.0138299894904795259,0.190140422117013846,0.0476167533237627921,1.32524193141256919,0.988066948626482922,0,0,0,6437.65729100942826,4671.52655869033606,549.55904261527678,466.697900579051691,0.00151655382180525332,1,-0.372593469252950116,-0.259015696380361593,0.988066948626482922
41.39998344,41.3999834399970936,14587.5757680237293,14587.5137113923975,30.2446958647480066,120.027215485110261,8634.79851099271582,2619.45477225170362,732.154568472998903,0.69134977788623686,728.682508608093713,-7.45129097436682741,70.8279044396622055,493.829947955966873,539.246217328710145,-37.3605638925339179,-0.416818937909909704,-0.0601184933976541963,-0.0733068352877738194,0.101401639252209894,0.146435840992473004,0.849276972921665596,0.0968955654840996383,-0.0101773859371925724,0.479727313404098965,0.0276636658236730504,1.1741324823632433,0.987042364097157066,0,0,0,6446.48711274270954,4671.36898807216767,549.554156357214538,466.684732263922797,0.00151637171630172657,1,-0.392693329209854114,-0.210181306328054124,0.987042364097157066
41.4999834,41.4999833999970846,14591.334306165576,14591.2722332148787,30.2448315090023776,120.027386175037719,8649.83556882968878,2635.87983372191957,732.216574999536419,0.691418243863986204,729.143991267937508,-4.68576588386571302,66.8445682160879358,493.604477655463143,539.508221694680628,-37.770505243803882,-0.420796144605509292,-0.0268272717129432701,-0.0719677640458773055,0.058424447068704595,0.142502846134172495,0.841536397617280052,0.0914198639902644855,-0.00639946981107816348,0.188601874589271384,0.00694313910416771447,1.07852341534760665,0.987895751493400587,0,0,0,6437.94425311328723,4671.21281078004722,549.549291323551984,466.671347448730046,0.00151618663394866905,1,-0.406022504521157623,-0.160135786375674438,0.987895751493400587
41.59998336,41.5999833599970756,14595.124368224293,14595.0622788324144,30.2449671259669621,120.027556938167578,8664.86960172688305,2652.31189639643344,732.353719572467071,0.691557747578459669,729.394733228885798,-2.29931620710163998,65.7267590450800014,493.600076518787773,539.680870873736808,-38.0196349961343003,-0.423947384789060744,0.00953876721784079062,-0.0657201365941090521,0.0151866302848076423,0.141749034691438847,0.834473475336907078,0.0898686487360778885,-0.00313963037690102777,0.19154521233434596,-0.0111179226694331397,1.0497648310879848,0.988733204029295765,0,0,0,6449.09662262221991,4671.0564593506424,549.544432457580911,466.657850376208216,0.00151600001682626086,1,-0.409919516896832314,-0.108914802659803536,0.988733204029295765
41.69998332,41.6999833199970666,14598.9393365345895,14598.877230593449,30.2451027629688411,120.02772773602527,8679.90585620080492,2668.74725586924433,732.496759513287657,0.691702888250346981,729.401841207467669,-0.716347849080591459,67.2602675164340269,493.743711257319035,539.723760920400309,-38.3002896758543159,-0.423824014765453949,0.0431394545710758678,-0.0555091961825374056,-0.0281275276244540469,0.14425532644635547,0.828252835016921596,0.0919528681331638065,-0.000977953764248275063,0.195103486925149561,-0.023420620688404805,1.08440617430950148,0.989375005119004891,0,0,0,6457.06680218878591,4670.89989992872052,549.539566930213027,466.644264613127916,0.00151581219117127982,1,-0.403978045157686205,-0.0567360529077414327,0.989375005119004891
41.79998328,41.7999832799970577,14602.7915401533246,14602.7294174985655,30.2452384591142192,120.027898529120307,8694.9486674322543,2685.18211016627629,732.812172913745826,0.692010907700371214,729.380481716784971,-0.216400765171272269,70.8360560157409225,494.130661965979073,539.76120234060636,-38.812551107237141,-0.416711903333707501,0.0674855777416842606,-0.043167824213459223,-0.0710442811806213936,0.14958243497714635,0.822927951339761155,0.0968144923435604182,-0.000295301819913793852,0.489231440625623015,-0.0250146642758302812,1.16967268261551283,0.988044751524511211,0,0,0,11587.5395080768558,4670.74254187034967,549.534685665334791,466.630546253703187,0.00151562255041250431,1,-0.389363639964653285,-0.00417145344542430019,0.988044751524511211
41.89998324,41.8999832399970487,14606.7104825042188,14606.6483428503961,30.245374276291578,120.028069314077726,8710.00489616916821,2701.61613273292232,732.923662469222222,0.692126539942886421,729.02936399631858,-0.784713147323941485,75.4497558889223683,494.48860523940283,539.526190633310648,-39.6182270728654657,-0.396636717757046675,0.0819618762957469577,-0.0322040112845983842,-0.112605277095951015,0.156681823986173807,0.818407490442456753,0.103126293089128712,-0.00107066170384220185,0.202634667771168647,-0.0146994300946222036,1.28230235059858022,0.98759877498300952,0,0,0,6431.85608984773535,4670.58616203958081,549.529814083932706,466.616590231374971,0.00151542964285947528,1,-0.369110287146935612,0.0476108398081983436,0.98759877498300952
41.9999832,41.9999831999970397,14610.727480314672,14610.6653232482549,30.2455101946628595,120.028239989813699,8725.07234323087687,2718.03959495199842,732.945231376039033,0.692157518172948238,728.526968596356937,-2.12718710788109888,80.3283468004059387,494.89428059506622,539.096563350187353,-40.7830677510214628,-0.361655398327789923,0.0851613709416772641,-0.0243641920521492604,-0.151424031223982625,0.16468294353073154,0.814436540622404448,0.109817717418416172,-0.00290224972215937958,0.208651351663206724,-7.95294177179668011e-05,1.40400637461813993,0.990484544337268291,0,0,0,11585.9568589969022,4670.42959312472703,549.524952981499155,466.602285022265505,0.00151523192815666711,1,-0.345765791169339309,0.0969040871891191785,0.990484544337268291
42.09998316,42.0999831599970307,14614.8822886571288,14614.8201135907311,30.2456462733810447,120.028410549734105,8740.15756611777397,2734.45186050887014,733.132900765836325,0.69234572117455595,728.240206577589674,-3.81130376057552667,84.4720407756533405,495.523965940073879,538.653689523979665,-42.3326366596036507,-0.31257320964682711,0.0748880854070237273,-0.020384869593472351,-0.186050023786995977,0.172240447311302974,0.810846174616711601,0.115478681862865223,-0.00519867669856717042,0.211640252638221643,0.0152106220881526102,1.51149749128979027,0.989998291305464573,0,0,0,6459.63571228248929,4670.27224653932535,549.520059000492097,466.58748905231954,0.00151502745132778781,1,-0.323359634919935468,0.141895809113387616,0.989998291305464573
42.19998312,42.1999831199970217,14619.2056310735643,14619.1434372886633,30.2457825275765089,120.028580934404289,8755.26224213155365,2750.84720850323356,733.269001755697559,0.692485675493881514,728.040849492509551,-5.36489691201569485,87.242009875665417,496.22416388602835,538.048273400115932,-44.1482004453541919,-0.252212077108931954,0.0559734030358766885,-0.0200449202273343813,-0.215198631302716104,0.178342622240005522,0.807521297665727111,0.119262520579694095,-0.00731647562357099369,0.215472630750910582,0.0276465987842982354,1.58753966534766278,0.990551074028445666,0,0,0,11584.6144008514239,4670.11451846264663,549.515160014103003,466.572092910499975,0.00151481470267711004,1,-0.304979879387294872,0.180945182377229508,0.990551074028445666
42.29998308,42.2999830799970127,14623.7198523543775,14623.6576390421305,30.2459189941663062,120.028751119312318,8770.39046377228806,2767.22327867044532,733.565571939443771,0.69277768592513489,728.212668586193104,-6.38870704127739941,88.2266516862065373,497.123781527283882,537.454495376595105,-46.1417335429249391,-0.184861965459412303,0.030571864578457366,-0.0223594757130175549,-0.237924198237422418,0.182196004745236811,0.804438033991354051,0.120567436094271868,-0.00870922525664562241,0.507711359487929226,0.0346182869365685569,1.62142269623321367,0.98943943945371382,0,0,0,11584.1377205977478,4669.95643553766513,549.510252758748038,466.556017024086373,0.00151459258549761604,1,-0.29310515911955326,0.212796142472263805,0.98943943945371382
42.39998304,42.3999830399970037,14628.4327383823693,14628.3705047013809,30.2460556944594323,120.028921077129823,8785.54459328569465,2783.57744010008537,733.700330003485533,0.692917414364116802,728.45156678353419,-6.64115520908811163,87.3520701261652732,497.976009861217108,536.67615691801393,-48.1120613322265456,-0.115467622161992745,0.00509446489940380658,-0.0258650241054286592,-0.253740761471280996,0.183451777451146464,0.801612910991779781,0.11934486180793849,-0.00905171447695894173,0.217528828979941691,0.0349846751832425668,1.60990705564605019,0.988477824599860222,0,0,0,6427.39998265816212,4669.79849337114683,549.505332282494578,466.539233667166855,0.00151436071993140461,1,-0.288905676356034813,0.236730601202268104,0.988477824599860222
42.499983,42.4999829999969947,14633.3373358547688,14633.2750809834797,30.2461926357469437,120.029090785219594,8800.7254389335576,2799.90751379100311,733.813708542174936,0.693037463646470342,728.86346957196622,-6.07219497970240241,84.8747902269211636,498.846556249561957,535.85429514334021,-49.9484388024959998,-0.0487407268770902111,-0.0166372409311886446,-0.029038078411117961,-0.262655601146280504,0.18225570441438213,0.79905622195109749,0.115926022314612631,-0.00827493982208267649,0.217176887505219324,0.0291622742079019753,1.55778769191874944,0.989511061247379642,0,0,0,6450.7948489435621,4669.64094306233983,549.500436763612242,466.521767602529678,0.00151411945145188821,1,-0.292071550758606691,0.252618408065855671,0.989511061247379642
42.59998296,42.5999829599969857,14638.4154935590923,14638.3532167575231,30.2463298277832884,120.02926024645069,8815.93408206367712,2816.2137755835638,733.96488835132925,0.693193678283525405,729.43963170463735,-4.80302028067947617,81.2355342652804211,499.747046962349032,535.069521019303579,-51.5553494912437174,0.0115807783221122118,-0.0323619901012370328,-0.0306754660986606961,-0.265110384818452949,0.179088805094305054,0.796776128124731753,0.110910024070889318,-0.00654398410280713095,0.21652577006482962,0.0187833588514389992,1.47578548542732424,0.989777619166060552,0,0,0,6454.82311919848598,4669.48339104407205,549.495540285753805,466.503683470493229,0.0015138696762506303,1,-0.301269799700298102,0.260856041009290995,0.989777619166060552
42.69998292,42.6999829199969767,14643.6403732672334,14643.5780739133825,30.2464672732764335,120.029429475070998,8831.17082287380799,2832.49759669046898,734.16595678407225,0.693397405820401547,730.108832379349451,-3.06669050943273191,77.0151958489666697,500.66254570927282,534.360829001160027,-52.8693848439335312,0.0631211297964439644,-0.0401833955500803322,-0.0301041073341453622,-0.261866777898691838,0.174708660921994968,0.794759731516098022,0.105095891733220856,-0.00417712017183467614,0.215738605640921621,0.006065342609131265,1.377849310955507,0.989020886183403336,0,0,0,6445.70998819510351,4669.32600901943624,549.490648129354668,466.48507684711285,0.00151361271738354288,1,-0.314305066294612301,0.262236768063317416,0.989020886183403336
42.79998288,42.7999828799969677,14648.9800819940865,14648.9177596042191,30.2466049597763273,120.029598481544028,8846.4342811936076,2848.75998451812984,734.417279979146087,0.693648910833650767,730.791953305012726,-1.13541935364995084,72.8736779605839899,501.57856710545235,533.746427109456477,-53.8742396725775876,0.104905506853661804,-0.039644532587481178,-0.0272218682182408592,-0.253865832869886232,0.170053742859085255,0.79296897515784337,0.0993902036053442017,-0.00154601455726662961,0.212110703948812068,-0.00680218969429395755,1.28044012708011623,0.9872055611312609,0,0,0,6422.61747365085557,4669.16862149314511,549.485754936919307,466.466061309053089,0.00151335014585044642,1,-0.3283951748776619,0.257786693236875752,0.9872055611312609
42.89998284,42.8999828399969587,14654.4038784690201,14654.3415326728245,30.2467428738715149,120.02976728243685,8861.72297027871537,2865.00253395143318,734.476064287184158,0.693718794524209814,731.190445589333649,0.742638578569653873,69.3907038269910004,502.319270897465287,533.060656901459197,-54.559831007943373,0.137128812410139106,-0.0292391571066139763,-0.0223864272380897115,-0.242087989709414336,0.166006136274607724,0.79138218352461831,0.0946176296769127428,0.00101111355593311129,0.211081364096929847,-0.0181297651173795878,1.19700101689224314,0.989203549673277616,0,0,0,6448.77728253585883,4669.01246997823728,549.480903210755628,466.446746331330075,0.00151308347525142581,1,-0.34088300264328919,0.248598639147785044,0.989203549673277616
42.9999828,42.9999827999969497,14659.8862210214138,14659.8238515787307,30.2468810003538273,120.029935893125312,8877.03520420294262,2881.22672527660779,734.791566506050231,0.694031313750750667,731.723241351098636,2.38522422285910807,67.0377131207784203,503.197145999143856,532.614058891544346,-55.077606500336401,0.160764736894146387,-0.0158017404967998251,-0.0162279895313885182,-0.227455292895515859,0.163339611999958695,0.789985582188643787,0.0913611694451194889,0.00324612927064278243,0.206616791842284125,-0.0269338895655886999,1.14109504366912495,0.985222141766200599,0,0,0,6417.34227383198868,4668.85487222994834,549.476008710849214,466.427222872176856,0.00151281396280617702,1,-0.349391239872054671,0.235714480081831185,0.985222141766200599
43.09998276,43.0999827599969407,14665.4126663170755,14665.3502730307337,30.2470193499868323,120.030104356055361,8892.37217618029172,2897.43664342023385,734.87750310660897,0.694127127498878504,731.90548387760964,3.68582477520141083,65.9220899078044908,503.874809994522195,532.053903890860511,-55.4415347883094896,0.177185381490209543,0.00287961649170681176,-0.00942933130774089093,-0.210756294883180567,0.162340162674521504,0.788852544711892256,0.0898267479505532596,0.00501558452007863382,0.203749654874823355,-0.0327870143554641821,1.11392989707623302,0.987318266509415454,0,0,0,6423.69906371741854,4668.69923108099101,549.471165876996452,466.407542366800214,0.00151254231958139278,1,-0.352984991019424266,0.220032790903954001,0.987318266509415454
43.19998272,43.1999827199969317,14670.9741624779999,14670.9117452136506,30.247157881660037,120.030272649340745,8907.72932884442343,2913.63018307429775,734.965342497649317,0.69422483580540606,731.963994014225818,4.60990130030137379,66.1930128444913066,504.515252373511998,531.531099134662895,-55.7952099008139726,0.187811561867428728,0.0212831113674165837,-0.00265070837920749819,-0.192646955869374914,0.163340049048788044,0.787998850660435624,0.0901867474482616061,0.00627231144235050175,0.20416637362797585,-0.0358303176682926924,1.12075181837867288,0.988571192133066101,0,0,0,6439.18781879807284,4668.54322598638737,549.466318040307328,466.387737050527107,0.00151226899130788776,1,-0.350572297038242331,0.202307306883124122,0.988571192133066101
43.29998268,43.2999826799969227,14676.5748062469065,14676.5123648219924,30.2472965832539806,120.030440780826908,8923.1053186707868,2929.80809967089999,735.044261313723155,0.694314226071603868,731.907618880860582,5.17753874343659959,67.6350250014444043,505.110542399072301,531.027762350865487,-56.2398582873782118,0.193919367960436823,0.036546454444687404,0.00363040720754302356,-0.173634713842693883,0.166164442126812584,0.78750234455304291,0.0921475352199772335,0.00704390447145824584,0.206263200413691228,-0.0364914414147921792,1.15686656324694503,0.98996996078656152,0,0,0,6456.35295123134802,4668.3868372317811,549.461458384460911,466.367792334457647,0.00151199377740063269,1,-0.342581550529315049,0.183124885584650315,0.98996996078656152
43.39998264,43.3999826399969137,14682.2307048030198,14682.1682389769503,30.2474354741179816,120.030608793032002,8938.50229066296924,2945.97448481744686,735.332081081371143,0.694601096628910342,731.995368981912065,5.43759936694306134,69.760173233867306,505.808821289378045,530.692251575968953,-56.8897169138564465,0.196542446526903863,0.0443896543131272955,0.00913808391328539346,-0.154103882372567308,0.170226747573201137,0.787464196395646687,0.095014427857097683,0.00739482074136600404,0.206594672730886775,-0.0353049653842176028,1.21157586798691264,0.987115437989992239,0,0,0,6418.31756154803952,4668.22976847166865,549.456574172586784,466.347650858828899,0.00151171588732757541,1,-0.330696314773977762,0.162933316389509281,0.987115437989992239
43.4999826,43.4999825999969048,14687.9586493968964,14687.8961588787824,30.2475745142150103,120.030776661497285,8953.91580645185604,2962.12698561671141,735.3652102612524,0.694647582838478383,731.793704614371904,5.44762300378278042,72.1823368488307722,506.278554433979991,530.202021522643236,-57.7047151983120017,0.196449381122047184,0.0483688017374161172,0.0137104765828726036,-0.134355656764548803,0.175019350466413481,0.787920888797273289,0.0983195091877785005,0.00740811879033760005,0.212012604458727799,-0.0327631714389340356,1.2742750547948738,0.989351490622807583,0,0,0,6446.07106068979283,4668.07375273558046,549.451726764519776,466.327252827929556,0.00151143449740952923,1,-0.316394365281614132,0.142087270942005822,0.989351490622807583
43.59998256,43.5999825599968958,14693.7809215113521,14693.7184059019764,30.2477136957323474,120.030944403088313,8969.34499994600264,2978.26722552721549,735.608158569451007,0.694892527343522914,731.815832638047027,5.26634916659520513,74.4124695241068537,506.83568334676761,529.889204916084964,-58.7740040643246147,0.194181053135375037,0.0436496223194089636,0.0173222250733942838,-0.114627878119441584,0.179856095940500366,0.78888804110785582,0.101333682366170866,0.00715923837036428531,0.214942081435320009,-0.029340027769828074,1.3345503462654682,0.987351012940671069,0,0,0,6418.96447872865883,4667.91646594772556,549.446836453488345,466.306518894697206,0.00151114851480156197,1,-0.301714927452152559,0.120870692146053185,0.987351012940671069
43.69998252,43.6999825199968868,14699.7173892296851,14699.6548480289403,30.2478529968418712,120.031112023781048,8984.78745135718236,2994.39578035298427,735.600299750800673,0.69490085578480254,731.644311652153874,4.94004007274804735,76.0262995587279136,507.150836072218397,529.441346881713343,-59.980752552758247,0.190114127993483067,0.0359286377878874977,0.0200127318657943448,-0.0951195703462490993,0.184082339619838858,0.790341257350862025,0.103539962516866188,0.00671570852793514691,0.221550651367198786,-0.0253347061775173084,1.38025704295502205,0.990371135066348662,0,0,0,11570.4319024409579,4667.76020642975618,549.441985108416588,466.285378306703535,0.00151085696583968718,1,-0.288642023838232564,0.0995251623002811753,0.990371135066348662
43.79998248,43.7999824799968778,14705.7850998789072,14705.7225325362961,30.2479924139951137,120.031279556634118,9000.24276731051941,3010.51583193568422,735.811280087003297,0.695116269201119574,731.788755634320523,4.50606380849609423,76.7017106680214624,507.545764013275459,529.199056504286773,-61.3505984520750474,0.184510566191360748,0.022281097359656013,0.021851057825548921,-0.0760083509296691356,0.187154101217161306,0.792209695238661582,0.10443268782278603,0.00612397784023765383,0.22389969372422816,-0.0210063420775169866,1.40471934259806508,0.988973356684523797,0,0,0,6438.08648882744728,4667.60326354763947,549.437102989457458,466.263770356790474,0.00151055901598106269,1,-0.278852540560009798,0.0782703284668165022,0.988973356684523797
43.89998244,43.8999824399968688,14711.9908350780606,14711.9282410078049,30.2481319108142763,120.031447001026081,9015.7069150901898,3026.62732155815365,736.021697713643334,0.695331527881760558,732.038254426165395,3.99381915557609091,76.3674208712002951,507.866044381709742,529.018631762330187,-62.7639045762842471,0.177554283419251724,0.00716182329111664153,0.0228884772714758426,-0.057460376902928427,0.188849105218650892,0.794377725937098544,0.103945633805086105,0.00542625138251693825,0.224895324316353895,-0.0165395315427327577,1.4048788952819149,0.987581920902034116,0,0,0,6419.32078225847545,4667.44607826632819,549.432216349480996,466.241670895518951,0.00151025433522032756,1,-0.273078567983831733,0.0573154736928989939,0.987581920902034116
43.9999824,43.9999823999968598,14718.334395378828,14718.2717739816671,30.2482714641839934,120.03161437398235,9031.1773322035915,3042.73188854383898,736.124917308760473,0.695445889108879722,732.278454909621132,3.42961191760429074,75.0759356924843928,508.041312259574738,528.831767420637334,-64.1161499714695395,0.169374022861399298,-0.00560580455925884045,0.0231774677862222507,-0.03963068823532679,0.189116849999049125,0.796717152210054458,0.102166788757547686,0.00465902490797385702,0.516995606192559354,-0.0121031034409166995,1.38064258109185833,0.990659597296526195,0,0,0,11567.1227499778779,4667.28960420130625,549.427361221855108,466.219080634027705,0.0015099429364917212,1,-0.271544908928840312,0.0368597267164366346,0.990659597296526195
44.09998236,44.0999823599968508,14724.8104675002396,14724.7478182277664,30.2484110800498627,120.031781726671724,9046.65467776013065,3058.83445745408108,736.242181074353425,0.695573876707607064,732.612401359165574,2.84108946729202216,72.9626396076564845,508.162934034237992,528.726020809952161,-65.358829436501793,0.160042827380102642,-0.016351466463719818,0.0227790704903431847,-0.0226651779357103927,0.188044955726786839,0.799098979998234427,0.0992650884757027147,0.0038589157094722536,0.225916075031036334,-0.00788389383450775923,1.33647614677324933,0.98877868421989179,0,0,0,6433.98637723532283,4667.13299265975456,549.42248623819296,466.196018494494126,0.00150962508376470276,1,-0.274056559131822808,0.0170942489069827869,0.98877868421989179
44.19998232,44.1999823199968418,14731.4019989185035,14731.3393212709434,30.2485507138649439,120.031949048095854,9062.13401343629994,3074.93397111809418,736.501393185530674,0.695836288683728821,733.121437743017395,2.25855076000982535,70.4425910533055912,508.328169848453456,528.7906553259063,-66.4621451861724495,0.149574386115207569,-0.0238492645090798566,0.0217381794105883271,-0.0067027877977445631,0.186133068996424983,0.801402924955188389,0.0957917660635639462,0.00306659881545845664,0.224851338670180478,-0.00408330127986140153,1.28142202628185231,0.985596031670362027,0,0,0,6412.81209035932716,4666.97567358948618,549.417600834722634,466.172545204006269,0.00150930161693913671,1,-0.279167570462336312,-0.00179531398020344422,0.985596031670362027
44.29998228,44.2999822799968328,14738.0933435335755,14738.0306370908293,30.2486903760698738,120.032116387647065,9077.61649664462311,3091.035182967119,736.548984658406084,0.695899038347213894,733.423055392815058,1.71250064436242155,67.7650054315631962,508.304694113146184,528.769232617250168,-67.3338204859497722,0.137933315387602173,-0.0241837164297688777,0.0201591349175681903,0.00812458653412662969,0.183695630421637779,0.803544454073653824,0.0921339349709676125,0.00232503502541673733,0.223409470125540216,-0.000875344010183941594,1.2203250103199923,0.988157185752075895,0,0,0,6425.39072697726078,4666.82010325717329,549.41276078407941,466.148716481062934,0.00150897330641718312,1,-0.285968978936171903,-0.0196290798703499282,0.988157185752075895
44.39998224,44.3999822399968238,14744.8626136220992,14744.7998780505714,30.2488300304991924,120.032283733918959,9093.09811820761752,3107.13699631251484,736.625062861166725,0.695988914078879639,733.714052429217645,1.2329245908148323,65.4114087913294782,508.266662466787238,528.823595790323452,-68.0226991193628976,0.125045989810068869,-0.0200809694749426691,0.0181446543526339495,0.0216873292128396677,0.181406847892655515,0.805470693811923932,0.0889160232013261193,0.00167374859835165129,0.223627156998597865,0.00157375453610815387,1.16602242750657403,0.989362001846778583,0,0,0,6440.61984246820975,4666.66409307232243,549.407912771693418,466.124610271218444,0.00150864122829573173,1,-0.292443841808128324,-0.0362272947432826856,0.989362001846778583
44.4999822,44.4999821999968148,14751.6929170824587,14751.6301521210644,30.2489696727530522,120.032451107713612,9108.57839036954283,3123.24141338015397,736.723633648702389,0.696100209535515324,733.969228925944662,0.843349770569830071,63.6409626543025126,508.216501401118876,528.939509441799487,-68.5616177727943636,0.110830253029797071,-0.0125189204280945019,0.015854136971043948,0.0338553357500909133,0.179678786483080111,0.807163791095980687,0.0864916209516912865,0.00114473042025508903,0.223924993018814383,0.00317905089184783701,1.1249265386821572,0.990088108247371812,0,0,0,11560.5382761898636,4666.50771133022317,549.403055818058874,466.100286729821448,0.00150830621296601359,1,-0.29733611723574549,-0.051407026311824533,0.990088108247371812
44.59998216,44.5999821599968058,14758.5753127373755,14758.5125181688582,30.2491093387044643,120.03261857338245,9124.06128989274839,3139.35462648747762,737.060999094561566,0.6964372831112563,734.408104118122992,0.553872113986642489,62.4767654218658492,508.30608518622364,529.261504402624837,-69.03694740064401,0.0952425619278017277,-0.00493453303197458754,0.0134761787077456157,0.0444952800653477115,0.178619389886820829,0.80862510384309394,0.0848665750372432498,0.000751460417516292066,0.220884198785872454,0.00397407880335409573,1.09854756663701925,0.985945429992774791,0,0,0,6395.40248716779479,4666.35134504866983,549.398189445409912,466.075777697887133,0.00150796870039043808,1,-0.300289546976066912,-0.0649788369882865063,0.985945429992774791
44.69998212,44.6999821199967968,14765.4982343502343,14765.435409994865,30.2492489869383796,120.032786098227831,9139.54222564351585,3155.4734899484597,737.172394517875887,0.696560961615591223,734.551760737462928,0.360556504333544581,62.1024962116579502,508.22035154966494,529.449195548804255,-69.4173093880608292,0.0783379867995987189,0.00570199954952134869,0.0111641352170989711,0.0534787963222313964,0.17855769919579062,0.809886156236375832,0.0843441744495438406,0.000489107461688266846,0.221563837272728131,0.00407396246749552621,1.09035010637476093,0.986301973464307702,0,0,0,6399.19507164903098,4666.19622287545553,549.393368323609593,466.051124364489965,0.00150762925894039877,1,-0.300274860400476851,-0.0767566129254602103,0.986301973464307702
44.79998208,44.7999820799967878,14772.4590864814818,14772.3962321778945,30.2493886088320245,120.032953686033593,9155.02024173100654,3171.59836819652492,737.284199322568838,0.696685134940949857,734.632243180715363,0.246973966213147378,62.4771706613839797,508.113758632354575,529.656149891359519,-69.8051698764818411,0.0602883318989439546,0.0153407894222527055,0.00905760923452823309,0.060688252808275979,0.179528058863166778,0.810980415356669981,0.0848413536787796518,0.000334977978720969315,0.222572240815457734,0.00368112259230037302,1.10043925246827956,0.986615285419496724,0,0,0,6402.25494023835472,4666.04102812311066,549.388544900738111,466.026335972571644,0.0015072880168646777,1,-0.297136634230004137,-0.0865646705474262534,0.986615285419496724
44.89998204,44.8999820399967788,14779.4613124877214,14779.3984280645891,30.2495281979311272,120.033121341044634,9170.49462265415423,3187.72966997263575,737.389868832457864,0.696803627902215394,734.657142912560744,0.184841046442784318,63.4244973026220862,507.981328069395715,529.871128244395891,-70.2522344314633074,0.0414078441579188647,0.022573098775349465,0.00725081006779074774,0.0660281523895423217,0.181365936694933144,0.811936265680665792,0.0861185742686374628,0.000250669362560138238,0.224046266372412511,0.00306001823485221825,1.12488598578109866,0.98702019357388493,0,0,0,6406.35469924167137,4665.88575443190894,549.38371908866327,466.001400260227456,0.00150694480636625705,1,-0.291321064237964777,-0.0942517700540324715,0.98702019357388493
44.999982,44.9999819999967698,14786.5127730183303,14786.4498582713168,30.2496677467243629,120.033289064394907,9185.96453573499821,3203.86750464506622,737.485231242659438,0.696912518748255216,734.641964004862075,0.139487726602567363,64.6964571463687435,507.820607270958874,530.085727892071191,-70.7941962107506981,0.0221508663145136495,0.026459644379736455,0.00577460077763129048,0.0694387260764720571,0.183784926921347291,0.812772215213080296,0.0878386796161263889,0.000189139689210046083,0.226063963996971207,0.00248880886301518873,1.15791330406758375,0.987606204095740736,0,0,0,6412.70046105160873,4665.73036008219879,549.378889665382076,465.976289235127922,0.00150659924331760279,1,-0.283651942640596955,-0.0997080300851825863,0.987606204095740736
45.09998196,45.0999819599967608,14793.6239134036005,14793.5609680712441,30.2498072475237834,120.033456855003649,9201.42912871111548,3220.0117684394063,737.568883836099531,0.697010509013534452,734.608563695166254,0.0770838807508198443,66.0159875108292056,507.632906540174758,530.294320588605274,-71.4466524917224604,0.0030804923745740391,0.0266379341564159933,0.00459476084320967204,0.070908381211516186,0.186429931546809091,0.813494620513369071,0.0896247824934993803,0.00010451075496871687,0.228567881016743218,0.00220518267477835166,1.1929034598017163,0.988408319816976189,0,0,0,6421.8050409645939,4665.57478330640606,549.374054743101055,465.950965700698589,0.00150625081723938271,1,-0.275175702542744982,-0.102880729196937304,0.988408319816976189
45.19998192,45.1999819199967519,14800.8056893460453,14800.7427131258537,30.2499466935771508,120.033624710409683,9216.88765305207744,3236.16222470023104,737.642120299185876,0.697098849656249575,734.581978795227769,-0.0281581521868474738,67.1208855415707717,507.423712313581234,530.493734911884872,-72.2043699551574321,-0.0151873591209439416,0.0233345984662974501,0.0036247574027906365,0.0704824888991291421,0.188936609702147124,0.814099120148941924,0.0911198751084399128,-3.8173189164232159e-05,0.231305092711208443,0.00235909406958936156,1.22346470760156922,0.989406913861399451,0,0,0,6433.47454290517544,4665.41895917589318,549.369212292195698,465.925390642980915,0.00150589899302711288,1,-0.266984776373400567,-0.103785924945476365,0.989406913861399451
45.29998188,45.2999818799967429,14808.0687640234828,14808.0057565735751,30.2500860916703473,120.033792641520833,9232.3408610169281,3252.31992301081937,737.938430732804818,0.697398231211301622,734.819567486310916,-0.188690347234341971,67.7738532737977266,507.357828563068722,530.847760913830029,-73.087728661763137,-0.0320558235359692106,0.0150056687811584086,0.00274938366609588092,0.0682658328649648899,0.19094926136213336,0.81457199410713399,0.0919717617034284396,-0.000255699312343886668,0.231909243598043296,0.00298667420696168339,1.24454693024706131,0.985138933657396354,0,0,0,6397.44829084769754,4665.26189255209465,549.364334053698485,465.899526089838787,0.00150554325030403859,1,-0.260163081546142261,-0.10251257544740669,0.985138933657396354
45.39998184,45.3999818399967339,14815.4211284890771,14815.3580894261031,30.2502254578763718,120.03396066684482,9247.79053440668031,3268.48664407555361,737.990701600518719,0.697467228788653193,734.873582370044232,-0.401032448389400997,67.7564222522046293,507.128437428870711,531.018406207718158,-73.9626653683640711,-0.0470182972226230178,0.00776886680739746326,0.00185295752570309468,0.0644174297602913976,0.192109374212716955,0.814891418075810114,0.0919415198625811864,-0.000543411275042981383,0.232072013999706173,0.00399760741889739184,1.24875170907806754,0.987269371823089825,0,0,0,6403.64783808996435,4665.10682693196304,549.359509054755904,465.873343584947349,0.00150518319993798479,1,-0.255823489933062642,-0.0992174466878875672,0.987269371823089825
45.4999818,45.4999817999967249,14822.8609937243164,14822.7979226838124,30.2503647634163286,120.034128746064297,9263.23348288568377,3284.65850855987264,738.046891789025835,0.697540168281102546,734.980450632433644,-0.648257519292087636,67.2051443698730679,506.912601774228108,531.181144997385559,-74.8292712859824007,-0.0596985811950071985,0.000405271455007836221,0.000860162817657164668,0.0591471517568347496,0.192538902889382219,0.815063851325966704,0.0911844385054964984,-0.000878342026580695816,0.233343560229690161,0.00522578864998258803,1.24014932873328565,0.988551698834730819,0,0,0,6419.21200629557643,4664.9513930483572,549.354678972670058,465.846849499845803,0.00150481893191511777,1,-0.253638880152543433,-0.0941221376208296323,0.988551698834730819
45.59998176,45.5999817599967159,14830.3854645825922,14830.3223611942431,30.2505040127148241,120.034296875870822,9278.6701969520509,3300.83519790884975,738.11127132939987,0.697621078189802013,735.137101350933108,-0.905512137186804011,66.1881494575893043,506.721094076525276,531.337220619461277,-75.6487915685243308,-0.0698939100176720479,-0.00597940808087711693,-0.00026159311194393905,0.0526932056350693928,0.19227647243293633,0.815086898301159879,0.0897930015327475517,-0.00122679655425538166,0.234019596565957694,0.00646583677364624947,1.22004917265639867,0.989665120502108753,0,0,0,6432.69409806967906,4664.79561661737353,549.34983811613165,465.820054145088648,0.00150445059032697638,1,-0.253529238427728176,-0.087486800896866862,0.989665120502108753
45.69998172,45.6999817199967069,14837.9900324828923,14837.9268964066669,30.2506432315594189,120.034465076185541,9294.10353532848239,3317.01862853161811,738.415881446679805,0.697929265908685759,735.567604745402832,-1.14571837647679331,64.7842585138527625,506.717099022777404,531.651862868108765,-76.4335805748182509,-0.0775661922812286297,-0.01273896888511113,-0.00149981334047529728,0.0453072014561482633,0.191384999213711271,0.814960428051069941,0.0878471576654956815,-0.00155159018782045043,0.23017568753893991,0.0075235385442176117,1.19086426992168026,0.985921561379540679,0,0,0,6383.61978478118363,4664.63883500514567,549.344962146030525,465.792973576794907,0.00150407839814398702,1,-0.2553377036355306,-0.0795926255039584585,0.985921561379540679
45.79998168,45.7999816799966979,14845.6659998297691,14845.6028307718916,30.2507824357966797,120.034633352608239,9309.53525471343164,3333.20933881817973,738.495892704134008,0.698025372148588064,735.790397538324441,-1.3441264564602875,63.1416483419562269,506.591561538507619,531.791293475619796,-77.0661631481627438,-0.0828147863860465294,-0.0143855389916834973,-0.00279841173126964531,0.037239350107459622,0.190025647509217438,0.81469119617384389,0.0856049964954679471,-0.00182008757510842721,0.230669942625764901,0.00823663726781141518,1.15451506162291273,0.986662700100652601,0,0,0,6392.38548245185666,4664.48397572890372,549.340149501105543,465.765638768494398,0.00150370278315783371,1,-0.258610440969050392,-0.0707241466963537124,0.986662700100652601
45.89998164,45.8999816399966889,14853.3995690979064,14853.3363668107286,30.250921611330913,120.034801672769419,9324.96379250426799,3349.40421389719631,738.59108442882075,0.698135987334404406,736.017451615434538,-1.48532737659201075,61.5864816160757584,506.508514769898511,531.926911882795025,-77.5865637734154916,-0.0858259744950462811,-0.0132940500506708078,-0.00406443698913258513,0.0287285569924820641,0.188630874459507741,0.814300753753999906,0.0834808312782839151,-0.00201102938970758056,0.230506967534888446,0.00854468059471274501,1.11962435023324214,0.987074724349391697,0,0,0,6396.90002010395528,4664.32896822373823,549.335331986663959,465.738098854919031,0.00150332442234067686,1,-0.262059571796444568,-0.0611572360852912708,0.987074724349391697
45.9999816,45.9999815999966799,14861.1800408512354,14861.1168051291224,30.251060769646358,120.034970035123962,9340.39042180501383,3365.6031046672706,738.699483087029421,0.698259218783862878,736.23283523202565,-1.56417126932990413,60.2966998060229855,506.466059925689478,532.056292782122796,-78.0074212324487206,-0.0868317616802015968,-0.009857194529536175,-0.00521358750210688515,0.0199911692766185402,0.187457165437911355,0.813803992256197484,0.0817165776177353892,-0.00211746789325640509,0.230368808377292317,0.0084570772792831074,1.09056580215709764,0.987197608469964516,0,0,0,6397.6379782731301,4664.17390805984542,549.330512602100271,465.710391938105772,0.00150294384062843738,1,-0.264909774080773985,-0.0511452140448732662,0.987197608469964516
46.09998156,46.0999815599966709,14868.998600628227,14868.9353313111587,30.2511999213369016,120.03513843711427,9355.81631701831066,3381.80576460727252,738.817681752615272,0.698391823653510491,736.424449246972699,-1.58423443550168486,59.397707218839372,506.459812170844941,532.175543161969472,-78.3531542852210237,-0.0860685975283137089,-0.00479425236218643247,-0.00617814079932299098,0.0112196276900805164,0.186706029011239671,0.813215677424252159,0.0804826660970471147,-0.00214428496863367261,0.230322044889840011,0.00803969260310582155,1.070518709776483,0.987095321739131948,0,0,0,6395.39571854389851,4664.01887571774841,549.325693897968108,465.682549407434692,0.00150256147038247789,1,-0.266539299099756044,-0.0409167625196768178,0.987095321739131948
46.19998152,46.1999815199966619,14876.8492804281414,14876.7859773773798,30.2513390755801552,120.035306874783402,9371.24249554598282,3398.01181256339032,738.941506971486433,0.698529841696859166,736.584935167127014,-1.55516539785884333,58.9471413277694296,506.484033363162325,532.279812730000913,-78.6554234213358541,-0.0837537599383108844,0.000982829203126216536,-0.00691720084025455265,0.00258314352893562315,0.186497438756131895,0.81255005743000519,0.0798574327579725796,-0.00210458680590091098,0.230410947415334466,0.00738867014674854643,1.06107291324058051,0.986849010757940404,0,0,0,6391.20487109472379,4663.86392930542388,549.320877744146628,465.654592515725312,0.00150217760446657591,1,-0.266563224113365749,-0.030676262784649494,0.986849010757940404
46.29998148,46.2999814799966529,14884.7294194623828,14884.6660825536255,30.2514782399162669,120.035475342578678,9386.66979326241199,3414.22071385751542,739.06668918816581,0.698669230170238964,736.711935821079578,-1.48935469635995332,58.9311166439495651,506.532710964685236,532.363999192813935,-78.9478065164403802,-0.0800768615225134345,0.00652257623778546101,-0.00741911660540105732,-0.00576975576005402981,0.186857660111070134,0.811821233325789704,0.0798221114019367628,-0.00201518445653867161,0.230678744982173806,0.00660385250245192068,1.0621050026565213,0.986543723153933794,0,0,0,6386.16084935421259,4663.70910111183912,549.316065211983755,465.626530738503675,0.00150179237385814242,1,-0.264874466632727623,-0.0206064134726663718,0.986543723153933794
46.39998144,46.3999814399966439,14892.6395901739597,14892.5762192820839,30.251617420301212,120.035643833401522,9402.09887042726223,3430.43178508426763,739.189502394048986,0.698806468330643193,736.808001986404179,-1.39883680981677117,59.2716788520815498,506.600451958972144,532.423576001510355,-79.2605718014385161,-0.0752037083551548857,0.0109816784585518579,-0.00769716537184180535,-0.0137083080263049537,0.187722252503390474,0.811043950013896731,0.0802710062614461622,-0.00189239381808732469,0.231167385662576108,0.00576797311504274879,1.07192409657856413,0.986255438092900283,0,0,0,6381.25401124919699,4663.55439831689364,549.311256585846991,465.598362037496429,0.00150140575142142024,1,-0.261639437113257378,-0.0108713536746396291,0.986255438092900283
46.4999814,46.4999813999966349,14900.5830401964486,14900.5196351770119,30.2517566213664608,120.035812338918987,9417.53024047037979,3446.644224086539,739.307276471270711,0.698939040396812872,736.880134630458997,-1.29308712851735663,59.8434971909454418,506.683079792827698,532.45539132624765,-79.6163421832182792,-0.0692875140237260989,0.0137451949038675594,-0.0077809053139564913,-0.0211173500272652456,0.188952675783351454,0.810234362729034041,0.0810341450573449085,-0.00174905324074287613,0.231898195929532397,0.00493508785747401313,1.08764559059240562,0.986040381720001413,0,0,0,6377.22948398597964,4663.39980741924956,549.306451492082829,465.570074847897388,0.0015010175793304071,1,-0.257252320851005301,-0.00161893447632753887,0.986040381720001413
46.59998136,46.5999813599966259,14908.5647713541985,14908.5013320465659,30.2518958467969412,120.035980850103641,9432.96431188951283,3462.85716190354287,739.418711534149338,0.699065730429912935,736.938811229008479,-1.17803748838821321,60.4965428671193877,506.777898020576743,532.458291322833247,-80.0272518973155087,-0.0624818867371462056,0.0145030207234425265,-0.00770611319786650671,-0.0278964844203636216,0.190362971609721099,0.80941037712682995,0.0819080126138438946,-0.00159319471954789526,0.232848864228973662,0.00412891340312231993,1.1057195934332309,0.985928126226139345,0,0,0,6374.49507235252349,4663.24530140473689,549.301649116179306,465.541651358145884,0.00150062761419238666,1,-0.25225799300031404,0.00701858130641672476,0.985928126226139345
46.69998132,46.6999813199966169,14916.5904239080846,14916.5269501265884,30.2520350997383538,120.036149357927314,9448.40143341102339,3479.06972952484784,739.523958731565244,0.69918669594469407,736.99640647198737,-1.05628473692564739,61.0808206226597292,506.883648747631469,532.433451784192812,-80.4939226989395422,-0.0549508312795240483,0.0132742011088910969,-0.0075060029921590575,-0.0339606033710512442,0.191751706968958657,0.808591320979224149,0.0826890655010457665,-0.00142833113601504571,0.233944071477927812,0.00334935180896052962,1.12252205255360993,0.985919290056764708,0,0,0,6373.08777891357568,4663.0908483432604,549.296848467952941,465.513071483223598,0.00150023558163147361,1,-0.247257638130241597,0.0149254468790770735,0.985919290056764708
46.79998128,46.799981279996608,14924.6651514992118,14924.6016430312775,30.252174383158831,120.036317854104198,9463.84193406741724,3495.28112939499943,739.624470619576982,0.699303323640342311,737.065148285441751,-0.92817881512587519,61.4692053498049802,507.000236688169934,532.384353646678846,-81.0062808036348372,-0.0468728074262339325,0.0103792571965081355,-0.00720562850124794371,-0.0392413452178699759,0.192933911508292283,0.807796928333609499,0.0832047059486743373,-0.00125493286880183023,0.235068238731056312,0.00258383811384360835,1.13491317132424352,0.985987888153801784,0,0,0,6372.6998117612975,4662.93641999308147,549.292048650605921,465.484316871058866,0.00149984123126202669,1,-0.242812769732842576,0.022004501224110927,0.985987888153801784
46.89998124,46.899981239996599,14932.7926598452032,14932.7291164577491,30.2523137001128113,120.036486331768785,9479.2861524667278,3511.4907006498488,739.72266013053877,0.699417904568094606,737.15500353450625,-0.793305825639833984,61.5750382907678784,507.128308472878757,532.316401086610199,-81.5459489504915496,-0.0384381110598171066,0.00636863619166719644,-0.00682024112398102976,-0.043688806647146361,0.19376812790968212,0.80704583671016239,0.0833371868313123182,-0.00107243703682967828,0.236095739264323395,0.00181948906612338594,1.14067960437348415,0.986087649326856219,0,0,0,6372.75592613526442,4662.78199909701652,549.287249092262755,465.455374325779417,0.00149944438360111198,1,-0.239362437905996706,0.0281795787961520196,0.986087649326856219
46.9999812,46.99998119999659,14940.9745437391102,14940.9109652122279,30.2524530538797976,120.036654785984084,9494.73445216256914,3527.69796802115616,739.821434725509562,0.699533192017809391,737.272005135368545,-0.651858384653337453,61.362209898527027,507.268776115600986,532.236245557794632,-82.0897251307045792,-0.0298409025343691313,0.00192151762691553291,-0.00635720053883757821,-0.0472728041302150417,0.194174806238740172,0.806353951763925991,0.0830373453495398123,-0.000881102436886434834,0.236924577777661544,0.00105245233727036458,1.13880130299778259,0.986161038310065963,0,0,0,6372.52670680614938,4662.62758434288298,549.282449707116939,465.426238168677287,0.00149904496236226534,1,-0.237165292521304472,0.0333974083947954081,0.986161038310065963
47.09998116,47.099981159996581,14949.2100008241832,14949.1463869294475,30.2525924479733987,120.03682321400413,9510.18722266485565,3543.90266709966136,739.923687452225749,0.699651919581852577,737.417436963191449,-0.505503009312064933,60.8467861291306065,507.422360709604447,532.150933071114537,-82.6135311939477788,-0.0212685853347362591,-0.00226732934783452095,-0.00582013018301260482,-0.0499831537884394064,0.194143882986405364,0.805733079636055227,0.0823268526453475175,-0.000683182681143269669,0.237498796818739283,0.000292197434651448684,1.12951575122996783,0.986149379522684444,0,0,0,6371.25785871318021,4662.47319238120053,549.277650966119154,465.396911257442866,0.001498643008320313,1,-0.236273482828973286,0.0376283485771979898,0.986149379522684444
47.19998112,47.199981119996572,14957.4959368929267,14957.4322874061618,30.2527318860346455,120.036991615258373,9525.64486760369255,3560.10474283420172,740.031827577047579,0.699776357597287957,737.588027826084272,-0.357564586702608267,60.0905914617165422,507.589214458898766,532.067023945677761,-83.0961925819263172,-0.0128916405901826746,-0.00559447684207634369,-0.0052135970926826241,-0.0518287467799991922,0.193731204509269977,0.805190156385086175,0.0812895161032655827,-0.000483174624780693333,0.237812048293008699,-0.00043969188517942355,1.11418573260568765,0.986002420215055242,0,0,0,6368.294308562271,4662.3188567830075,549.272853872271639,465.367404611156076,0.00149823867405332514,1,-0.236539972632115097,0.0408656693239399307,0.986002420215055242
47.29998108,47.299981079996563,14965.8274168036878,14965.7637315440097,30.2528713716368856,120.037159991073082,9541.10778311029571,3576.30432272552207,740.147421032218404,0.699907974273231481,737.776998926462738,-0.21257790652418862,59.1883394457039174,507.768660440446979,531.989836660138963,-83.5224881422767851,-0.00485646249807426475,-0.00763275769557954491,-0.00454673871471905893,-0.0528355341940661763,0.19304518378243371,0.804727243878589849,0.0800537928884481054,-0.000287210227862858447,0.237894854843784614,-0.0011149657792024661,1.09500622088165489,0.98568588325299844,0,0,0,6363.18004759001087,4662.16462430546562,549.268059850765098,465.337735804518445,0.00149783220182873877,1,-0.237655628163687488,0.0431234934570128084,0.98568588325299844
47.39998104,47.399981039996554,14974.1983662135899,14974.134645001941,30.2530109080381031,120.0373283441902,9556.5763303547883,3592.50167052780171,740.270988220229697,0.700047246230795284,737.975596476458577,-0.0754344104962569872,58.2507451919745449,507.959071634899942,531.922939395610683,-83.885064755890042,0.00271747985700020091,-0.00818295777187082012,-0.00383483708832931067,-0.0530437980577993656,0.192226459603769634,0.804342265072536144,0.0787698396975238802,-0.000101901076534374499,0.23779519064032173,-0.00170607673601236125,1.07460741214415401,0.985185987977453159,0,0,0,6355.71973145768607,4662.01054923598531,549.26327057702008,465.307926468923881,0.00149742388928243101,1,-0.239208183532664237,0.0444338319909366383,0.985185987977453159
47.499981,47.499980999996545,14982.6023985259235,14982.538641219604,30.2531504979180248,120.037496678172516,9572.05080640352207,3608.6971290114534,740.401903345589517,0.700193565355285541,738.174619919233237,0.0495657065970362964,57.3864664194278191,508.157842333089889,531.867907031031791,-84.1850059308666232,0.00973624187656301973,-0.00728689366259720195,-0.00309861092181901209,-0.0525052044214670138,0.191424177565833464,0.804030277091950629,0.0775849968306438348,6.69443263315367863e-05,0.237469315605307457,-0.00219296031102017216,1.05562907283719798,0.984511408902662755,0,0,0,6346.00131399612928,4661.85668682535106,549.258487773967317,465.277999347647608,0.00149701404903420862,1,-0.240752472387050054,0.0448433000213221411,0.984511408902662755
47.59998096,47.599980959996536,14991.0336282663047,14990.9698347507347,30.2532901430727961,120.03766499672021,9587.5314103697965,3624.89105419814086,740.538043305972565,0.700344908746800332,738.36528913632344,0.159466424616937275,56.6856944257666271,508.361205615910251,531.824106134318299,-84.4310271322696053,0.0161270040627615775,-0.00520241193100612603,-0.00236169932886583916,-0.0512800964129686773,0.190772785126444799,0.803784970626544304,0.0766215861128777403,0.000215338600482241815,0.236895617188997404,-0.00256732978141873628,1.04030969928471362,0.983701741467851387,0,0,0,6334.51122932706585,4661.70308511983603,549.253712965207342,465.247975399376742,0.00149660296901567161,1,-0.241880304145844993,0.0444100637837043233,0.983701741467851387
47.69998092,47.699980919996527,14999.4873556792736,14999.4235258657791,30.2534298442345317,120.037833303157441,9603.01822341547449,3641.08376595742629,740.677263418944904,0.700499236002091519,738.541415627782271,0.253022874786154262,56.2078457843153387,508.565320423293883,531.789971147636606,-84.637757504112102,0.0218325449577701294,-0.00234966127430329737,-0.00164725425413801132,-0.0494353244022307028,0.190372738684083109,0.803600069595568733,0.0759601258339970276,0.000341610161677432351,0.236325966938941368,-0.00283337930598725205,1.03016068358869384,0.982799266096981539,0,0,0,6321.79765097449126,4661.5497788054372,549.248947262832758,465.217871360343963,0.00149619087912563329,1,-0.242279662213065738,0.0432013840556736556,0.982799266096981539
47.79998088,47.799980879996518,15007.9605309553444,15007.8966647523903,30.2535696010729147,120.038001600200161,9618.51120892334438,3657.275525661747,740.817278172324791,0.700654377673283868,738.699510685492214,0.330623702539867281,55.9746660520030446,508.766279222440801,531.763253664837521,-84.8230795042853032,0.0268064417409749241,0.000765597556852958406,-0.000974678911036978802,-0.0470426964649022228,0.19027771799743956,0.803470360434327624,0.0756300785329450387,0.000446295899484361379,0.235799782316887641,-0.00300539332498209275,1.02582110566842433,0.981849068398521707,0,0,0,6308.43453056230283,4661.39678937837562,549.244191370455496,465.187698091216248,0.00149577792866742269,1,-0.241775164785570623,0.041291867791275555,0.981849068398521707
47.89998084,47.899980839996509,15016.4519327506423,15016.3880300857345,30.2537094121992673,120.038169889810021,9634.01021294776365,3673.46652212810613,740.955856883835736,0.700808220787512814,738.838834562072748,0.393837230835515584,55.9696639765946884,508.96034477286787,531.741540916996314,-85.005193737568149,0.0310103190324893946,0.00363560035763987963,-0.00035738291141015606,-0.0441779406277040126,0.190489959136291825,0.803392183261386061,0.0756091396173786678,0.000531525927922762314,0.235353851082811011,-0.00310310142725562111,1.02700874639887529,0.980896189409472541,0,0,0,6295.00032751168965,4661.24412442401263,549.239445559452861,465.157459941404511,0.00149536417773556921,1,-0.240344575580060033,0.0387623091869655628,0.980896189409472541
47.9999808,47.9999807999965,15024.9620591290295,15024.8981199190785,30.253849275260599,120.038338173237435,9649.51497464592103,3689.65687575990341,741.091153099659323,0.700959020128752996,738.96130745557366,0.444742738651825675,56.1434367493498883,509.144286796362223,531.722836994167551,-85.1998652820532101,0.0344136940815567768,0.00582803297875515713,0.000197954898957869105,-0.0409199406735733032,0.190963747346936913,0.803363367087404412,0.0758304687787837856,0.000600118842988206112,0.235017577160748059,-0.00314625611864336645,1.03263058806739205,0.979978896725795745,0,0,0,6281.99131707593551,4661.09177870821622,549.234709697564767,465.127155137448199,0.00149494960262222813,1,-0.238110827811364084,0.0356988419087623937,0.979978896725795745
48.09998076,48.099980759996491,15033.4927686080337,15033.4287927647583,30.2539891871190463,120.038506451226468,9665.02514616453482,3705.84665826022183,741.221952772444752,0.701105632084747521,739.071121066158412,0.485246639836191207,56.4236281490898079,509.315662479910145,531.705993574843546,-85.418239393206818,0.0369961165224853075,0.00704628886425658248,0.000690575040435726295,-0.0373499706454007777,0.191615933275915279,0.80338271279707707,0.0761961716871470823,0.00065465772118876637,0.23480475479204288,-0.0031499598520786415,1.04100873280524753,0.979123452769660507,0,0,0,6269.75378938207359,4660.93973709292368,549.229983335393968,465.096777061284456,0.00149453411338732194,1,-0.235312591643636798,0.0321920748964271697,0.979123452769660507
48.19998072,48.199980719996482,15042.0467440150678,15041.9827314429513,30.2541291440966873,120.038674724324352,9680.54031978107196,3722.03592241090701,741.347809148510919,0.701247640900007241,739.174052537325338,0.516566656988175055,56.7276594240694578,509.473006123468394,531.690933834064026,-85.6655183809359073,0.0387506375526360802,0.00716461639285540918,0.00112364703492494507,-0.0335507014912520066,0.192341360737875361,0.803449214325200889,0.0765945188593256526,0.000696793991179692597,0.234706922252796185,-0.00312189337717411674,1.05017910480870991,0.97834107073545673,0,0,0,6258.44395065289336,4660.78797869232039,549.225265833194044,465.066316159487087,0.0014941175800341057,1,-0.23225942764899285,0.0283359370679114528,0.97834107073545673
48.29998068,48.299980679996473,15050.626873575151,15050.5628241593531,30.2542691422571011,120.038842993226609,9696.06005911596367,3738.22473527706552,741.469051520460084,0.701385365413966233,739.276531434605545,0.539004438151778231,56.9760818842882486,509.615903472014338,531.678654612632045,-85.9406395156244116,0.0396873077253041551,0.00623463245878533214,0.00150174439385873312,-0.0296048611870357685,0.193030501410371702,0.803561242455226976,0.0769180017097709778,0.000726941312680203281,0.234692853391987449,-0.00306199095841530643,1.05821209497628876,0.977627372901599623,0,0,0,6248.01953521804899,4660.63648154768089,549.220556505720424,465.035762147237278,0.00149369986268076452,1,-0.22927947189691833,0.0242260823755759136,0.977627372901599623
48.39998064,48.399980639996464,15059.2356495670974,15059.1715631866973,30.2544091776899755,120.039011259090472,9711.58393068773876,3754.413208359696,741.586675018011874,0.701519753311786509,739.384590169672492,0.55203794225690217,57.1044625051853529,509.744940040656843,531.67103030993303,-86.2369305830848418,0.0398354504861021183,0.00446430382351653554,0.00182850988522580767,-0.025593561789330567,0.193586452129310499,0.803715894742869197,0.0770794091393326164,0.000744401176338892277,0.234715487873018491,-0.00296440939479668784,1.06350445165447205,0.976964265124098841,0,0,0,6238.26212412414498,4660.48522707759821,549.215854761965375,465.0051061497212,0.00149328084083848525,1,-0.226668158640455503,0.019957864364932798,0.976964265124098841
48.4999806,48.4999805999964551,15067.8746747858822,15067.8105513129067,30.2545492467647961,120.039179523761661,9727.11153202865535,3770.60151941045524,741.702136338726064,0.701652186661791855,739.502892093208629,0.55467483470232537,57.0720945036904084,509.861529365672482,531.670471415185716,-86.5435713815974452,0.0392438473423898787,0.00217463052779185437,0.00210511464552797737,-0.0215944266400557514,0.193938754162160221,0.803908650166257788,0.0770236164950690999,0.000747840486400804449,0.234723733073916807,-0.00282103073502368209,1.06499974887219317,0.976323777476332366,0,0,0,6228.82465263602717,4660.33420364857557,549.21116021907244,464.974342459618242,0.00149286043740611105,1,-0.224645710535021859,0.015624034824116154,0.976323777476332366
48.59998056,48.5999805599964461,15076.5443439893425,15076.4801832893954,30.2546893463233282,120.039347789878931,9742.64251302646335,3786.78992248527584,741.817093137799247,0.701784234583562205,739.634037616834576,0.545942073870207878,56.8664401671612438,509.967644871532229,531.679507782590349,-86.8475783177612186,0.0379785698702754526,-0.000257701304913246607,0.0023298383532092729,-0.0176797283616801637,0.194052163845519321,0.80413337865929202,0.0767336043308830401,0.000735952471577165342,0.234674338708884211,-0.00262538472308344439,1.06230890600711025,0.975673148474837326,0,0,0,6219.29517246243813,4660.18340878853178,549.206472775044062,464.943469671459468,0.00149243863412084872,1,-0.223329225067083581,0.0113124176693022299,0.975673148474837326
48.69998052,48.6999805199964371,15085.2437358126044,15085.1795377589769,30.2548294737895453,120.039516060844932,9758.17658811200999,3802.97874513418992,741.933130956380751,0.701917394642809334,739.778285431327731,0.525361756559959758,56.5029486845392626,510.065494998599604,531.700370828018094,-87.1359700922609761,0.0361188221627248354,-0.0024618918377756786,0.00249875623253331637,-0.0139147661768414116,0.193929411640382854,0.804382667903194015,0.0762302169366215615,0.000708098585361455809,0.234539499301846366,-0.00237586400968114965,1.05571978482414841,0.974980286956838915,0,0,0,6209.26604755840071,4660.03284980235458,549.201792632101615,464.912491066503264,0.00149201547675179708,1,-0.222722530597094681,0.00710383521135106097,0.974980286956838915
48.79998048,48.7999804799964281,15093.9707158617675,15093.9064803331494,30.2549696271882382,120.039684340673517,9773.71353832000932,3819.16837370575149,742.051520483270224,0.702052863460470133,739.933716901191474,0.493282609197990496,56.0206240289070365,510.157191800774967,531.734640969045927,-87.3977705608125888,0.0337516367427269301,-0.00412910675549636209,0.00260721631314319701,-0.0103566688745063799,0.193607975251418152,0.804648363959967416,0.0755661644243417058,0.000664755252043635367,0.234308399284628627,-0.00207741260670444997,1.04610278048245231,0.974218746659054835,0,0,0,6198.39761984316101,4659.88254280741148,549.197120270588812,464.881414245598705,0.00149159107001707722,1,-0.222724038954231762,0.00307051746402394951,0.974218746659054835
48.89998044,48.8999804399964191,15102.7222193516791,15102.6579462510635,30.2551098050777263,120.039852633742527,9789.25320383038888,3835.35922955604292,742.173040249358451,0.702191369666376186,740.096761485092202,0.450989832112327349,55.4743356916109462,510.244465317266815,531.783009540284183,-87.6255559203476366,0.0309664774266245058,-0.00505491968210113139,0.00265161058343071389,-0.00705372308342367468,0.193151803897552682,0.804922191431868606,0.0748156137904172763,0.000607661334229604505,0.233983920256003758,-0.00174137447011140137,1.03473471043394749,0.973371484583040014,0,0,0,6186.46693828593106,4659.73251044806966,549.192456380893418,464.85025012269432,0.00149116556377828537,1,-0.22315005870785995,-0.000724876070514780813,0.973371484583040014
48.9999804,48.9999803999964101,15111.4946569129825,15111.4303461511117,30.255250006415519,120.040020944493179,9804.79546907792246,3851.55174012374755,742.297887230211018,0.702333090326063725,740.26293034552873,0.40058375218228548,54.9252844812258445,510.328468305735896,531.845181743396438,-87.8163451726977797,0.0278507152638458079,-0.00516267494634970511,0.00263092298538732811,-0.00404522218602925126,0.192639630838792347,0.805196324719885004,0.0740612860751333757,0.000539653659961795572,0.233577521128307763,-0.00138372099148203966,1.02307402946024628,0.972432914351574529,0,0,0,6173.39508675136676,4659.58277873511815,549.187801766852544,464.819011479745768,0.00149073913326594021,1,-0.223768864814609475,-0.00422961711596478353,0.972432914351574529
49.09998036,49.0999803599964011,15120.2843725122511,15120.2200240136917,30.2553902303863111,120.040189277121755,9820.34024367918573,3867.74630926447298,742.425682644894664,0.702477657565541591,740.427591909070543,0.344678846915883241,54.4312096775847749,510.40969948881343,531.919922994291596,-87.9717479661699002,0.0244866196168106592,-0.004505649057216796,0.00254765900537499198,-0.00136173855393365213,0.192151908672274913,0.805463816615626049,0.0733812120807407348,0.000464260420073086427,0.233105146438868815,-0.00102227506230997685,1.01252523518082538,0.97140906421220985,0,0,0,6159.25043128982907,4659.43337356103257,549.183157237601222,464.787711336056532,0.00149031195679832939,1,-0.224339533297087029,-0.00740075921113872437,0.97140906421220985
49.19998032,49.1999803199963921,15129.088079854846,15129.0236935506218,30.2555304762261912,120.040357635306179,9835.88744294846947,3883.94329094451587,742.555565073374964,0.702624247763509624,740.586657102673144,0.286013580007079327,54.0378454340917926,510.488051672364804,532.005229194487811,-88.0974030883565149,0.0209500651264062504,-0.00324927432105909372,0.00240797022257644138,0.000974336237030760054,0.191758459237944934,0.805718839912706208,0.0728371886875448377,0.000385174659691570368,0.232585376290046913,-0.000673723888439101137,1.00422905366816106,0.970315954692720362,0,0,0,6144.22906622733444,4659.284317452496,549.178523505401017,464.756361394249893,0.00148988419457518335,1,-0.224649272819232415,-0.0102046578708129918,0.970315954692720362
49.29998028,49.2999802799963831,15137.9032126702368,15137.8387885299853,30.2556707430754734,120.040526022001686,9851.43697158620489,3900.14296958190926,742.686350224038961,0.702771733599215298,740.737096130466284,0.227071656946634448,53.7728338826468644,510.562968612649058,532.098585107011786,-88.2018458857808412,0.017310729026725636,-0.00163761996101482641,0.00222101273704367573,0.00294815141498464342,0.191508664630305497,0.805956746987056771,0.0724665655114973273,0.000305743683610022136,0.232039115193790418,-0.000351155253928330533,0.998908311199449117,0.969176575148311015,0,0,0,6128.61720471078752,4659.13562704179731,549.173901104717629,464.724970792912302,0.00148945597168253043,1,-0.224543682969905317,-0.0126163587806344991,0.969176575148311015
49.39998024,49.3999802399963741,15146.7281418479979,15146.6636798153049,30.2558110298858622,120.040694439326131,9866.98871338082608,3916.34554901399406,742.816728038548945,0.702918871105713494,740.877255850333881,0.16979916001133688,53.6428409558978672,510.633675997870114,532.197266046155733,-88.2950191335571049,0.0136332471599745833,4.96001021057078536e-05,0.00199776046568400645,0.00455179631700234743,0.191425502746155496,0.806173989548802927,0.0722783632822521505,0.000228588230556468747,0.23148909286994504,-6.26208715471003385e-05,0.996788738013264508,0.968017024303583828,0,0,0,6112.74270097917088,4658.98731158856481,549.169290343300759,464.6935453333856,0.00148902736758632355,1,-0.223945861315777817,-0.014619020618292268,0.968017024303583828
49.4999802,49.4999801999963651,15155.5622363016009,15155.4977363456219,30.2559513353961478,120.040862888541824,9882.54252851905039,3932.55115074989635,742.945464305174028,0.703064490607460346,741.006973735988709,0.115467976570585051,53.6340794030135726,510.699440825648139,532.298636902573321,-88.3866801258179464,0.00997866674764280245,0.00154225289984254968,0.00174959579092996589,0.00578382071066372173,0.191504048786264341,0.806367959636660525,0.0722539922978385207,0.000155419182945590138,0.230957785359533874,0.00018908441922306591,0.997601201923523528,0.966862465398867776,0,0,0,6096.92399936932907,4658.83937269341277,549.164691290180372,464.662087263046487,0.00148859841322748548,1,-0.222862281616239416,-0.0162034724126186788,0.966862465398867776
49.59998016,49.5999801599963561,15164.4057699181139,15164.3412319887702,30.2560916581773895,120.041031370125879,9898.09825859310695,3948.75982074058265,743.071575695360252,0.703207662131244748,741.127494759203273,0.06469490328908023,53.7159094952532428,510.759811379400674,532.400408153816898,-88.4849539962246183,0.00640558264702663274,0.00262020123942897183,0.00148701036108413935,0.00664889105842042874,0.191714338367535986,0.806536812821752491,0.0723521201702597011,8.70641610941345787e-05,0.230463664878083258,0.000405548631426580117,1.00065907345032468,0.96573352662259826,0,0,0,6081.42452546171717,4658.69180514968775,549.160103799392004,464.630595606671591,0.00148816909559211703,1,-0.221375533035918337,-0.017367926054947927,0.96573352662259826
49.69998012,49.6999801199963471,15173.2597000896931,15173.1951241438273,30.2562319967366875,120.041199883910693,9913.65573810460046,3964.97154289424452,743.194453483739835,0.703347811939070477,741.241204815652281,0.0175882667015798688,53.8467423628191852,510.814796550871563,532.500819033499397,-88.5952427748734408,0.00297053260079842112,0.00314311168105500371,0.00121867963196187071,0.00715753948611240563,0.19200783164410487,0.806679319616025792,0.072516640485897052,2.36657669076730388e-05,0.230017041608263667,0.000591130946978014491,1.00499348029595437,0.964643663086793057,0,0,0,6066.41904505730145,4658.54459871001109,549.15552756288298,464.599066955095111,0.00148773936850796445,1,-0.219626003825846766,-0.0181177943719971271,0.964643663086793057
49.79998008,49.7999800799963381,15182.1253610514104,15182.0607470438044,30.256372349656079,120.041368429266157,9929.21480986383904,3981.18625660674434,743.313861598954645,0.7034847199188341,741.351151066920806,-0.0260320376847857915,53.9811724514623847,510.864915744655434,532.59868869645527,-88.7196229994955559,-0.00027250840224153915,0.0030659660805006741,0.000951052897107115998,0.00732592575446061166,0.192326226679941925,0.806794768167322429,0.0726863007635352582,-3.50215959031213039e-05,0.229564615525891802,0.000751092619845868722,1.0095253520540568,0.963598691304517807,0,0,0,6051.98380193895537,4658.39774039177246,549.150962181612613,464.567496557235529,0.0014873091675602218,1,-0.217786119622846719,-0.0184655200812422204,0.963598691304517807
49.89998004,49.8999800399963291,15191.0041231997311,15190.9394710708202,30.2565127157147806,120.041537005262356,9944.77533853853674,3997.40387241471262,743.429815083632434,0.703618403695056571,741.460413625542628,-0.0664049061401783547,54.0771723734857517,510.911115178381351,532.693339397304271,-88.8567864837323356,-0.00327342570787773164,0.00243894905199821838,0.000688460900538140591,0.00717552371771498689,0.192611120022502469,0.806882918179731123,0.0728044175440313857,-8.93223608754645579e-05,0.229108703900860661,0.000889944982563126933,1.01323006860191089,0.962599796659590945,0,0,0,6038.13995383912152,4658.25121615220087,549.14640722026445,464.535879533257798,0.00148687842663782778,1,-0.216031568326564505,-0.0184303086285512799,0.962599796659590945
49.99998,49.9999799999963201,15199.8970770761371,15199.8323867684285,30.2566530940386826,120.04170561087129,9960.33722722710081,4013.62429140275162,743.542911734410609,0.703749431707836437,741.571977118403538,-0.10364575498783779,54.1022513463615553,510.954945449487411,532.784805917039648,-89.0025611717958327,-0.0059877426141817713,0.0013921767943719473,0.000433619977285666452,0.00673266078483498315,0.192812933450227486,0.806943988252870836,0.0728271430587769247,-0.000139394450122218403,0.228680454151547558,0.00101034942167138792,1.01529183040391402,0.961636388019405097,0,0,0,6024.76419643296231,4658.10501325007863,549.141862275306039,464.504211999898189,0.00148644709326158564,1,-0.214514258419761739,-0.0180376767363911381,0.961636388019405097
50.09997996,50.0999799599963112,15208.8047868944705,15208.7400583372619,30.2567934842247723,120.041874245147739,9975.90043125455486,4029.84742260367784,743.653993797512726,0.703878602431162625,741.688058020676181,-0.13764826885619641,54.0376547739018065,510.998239224977453,532.873534413718858,-89.1507617544307607,-0.00837845916683954174,0.00011021559325799762,0.000188334537610149665,0.00602787435215325004,0.192897815595710009,0.806978651753813447,0.0727291516322935289,-0.000185097196801541216,0.228257055681769766,0.00111277510308839729,1.01521703380442041,0.960692370481894931,0,0,0,6011.65904512723318,4657.95912293426227,549.137327062810073,464.47249194814043,0.00148601514051983148,1,-0.213340961142842511,-0.0173187699959061643,0.960692370481894931
50.19997992,50.1999799199963022,15217.7271435298026,15217.6623766728098,30.2569338863858448,120.042042907325964,9991.46496312223644,4046.07319230282974,743.763977528484133,0.704006782684654664,741.809781036511822,-0.168080043482348174,53.8801890925860505,511.042881660013109,532.960181219207243,-89.2943033368388797,-0.0104175473396124416,-0.00120007344659612278,-4.5817124129407889e-05,0.00509509238189005936,0.192851650680825687,0.806988018971397603,0.0725061045030938045,-0.000225985729332447895,0.227817891164464076,0.00119584382946807933,1.01288187030588106,0.959749739670698432,0,0,0,5998.60135104609071,4657.81354144208944,549.132801452410945,464.440719766708639,0.00148558257416656308,1,-0.21256036775044404,-0.0163094544643154933,0.959749739670698432
50.29997988,50.2999798799962932,15226.6633334197104,15226.5985281906778,30.2570743011349883,120.042211596855921,10007.0308907984745,4062.30154752279896,743.873708025074393,0.704134770147748168,741.937086667442259,-0.19445649186764058,53.6415427171384636,511.090595070997153,533.045421351548725,-89.4263713738720867,-0.0120868147578462141,-0.00234273719951881348,-0.000266988945737811048,0.00397068354084864541,0.192680757911944972,0.806973592604269929,0.0721737339510543641,-0.000261410629229820869,0.227347851275401025,0.00125715455382931001,1.0085234829301557,0.958791504891251867,0,0,0,5985.37869703633805,4657.66827011253554,549.128285473006144,464.408898352798531,0.00148514943409218262,1,-0.212159970346897792,-0.0150492337236884689,0.958791504891251867
50.39997984,50.3999798399962842,15235.6119193807244,15235.5470757408493,30.2572147295144518,120.042380313380903,10022.5983298226929,4078.53245387456809,743.98383575430023,0.704263176683672776,742.068844764185542,-0.216259597737689546,53.3453908582085603,511.142754322292149,533.129776957476224,-89.5414624002439012,-0.0133780187661677735,-0.00316179199506495291,-0.000472860374232659641,0.00269244700472225009,0.192409421464885294,0.806937196504041165,0.0717639372781418705,-0.000290677821735006411,0.226838605290648865,0.00129428599974325503,1.00267674493169578,0.957804236666369047,0,0,0,5971.82138531489181,4657.52331470364061,549.123779293449275,464.377032824282765,0.00148471579036930576,1,-0.212072510061538017,-0.0135800737101442383,0.957804236666369047
50.4999798,50.4999797999962752,15244.5710127055645,15244.5061305989457,30.2573551728810592,120.04254905666788,10038.1674306050718,4094.76588885781803,744.094731909639449,0.704392348644381383,742.203131812661127,-0.233061924587673275,53.022890012663936,511.200259565030422,533.213489975338916,-89.6361466409774295,-0.0142922880546446241,-0.00356202086058135829,-0.000660719224374328945,0.00129861857385941168,0.192074864890564967,0.80688088858732665,0.0713186989735083293,-0.000313215399066538592,0.226288214048015413,0.00130567835018446932,0.996070391730763394,0.956779882287090433,0,0,0,5957.82548889897771,4657.37868407976293,549.119283183112884,464.345129906871364,0.00148428173488178829,1,-0.212190293370052907,-0.0119452269805822332,0.956779882287090433
50.59997976,50.5999797599962662,15253.5385032817721,15253.4735826681808,30.257495632766723,120.042717826506362,10053.7383629734941,4111.00183213317086,744.206452583775786,0.704522333528685984,742.337603533112542,-0.244621669039531753,52.7073676850040442,511.263481681707503,533.296455692280347,-89.7094572053466948,-0.014839042398522127,-0.00351895447765916735,-0.000827758092866632731,-0.000173041020393192721,0.19172062749774163,0.806806874659113604,0.0708829294568132928,-0.000328701360483033922,0.225699946065136797,0.0012911789212856511,0.989501390517222523,0.955716627714840006,0,0,0,5943.36412254005336,4657.23438851754054,549.114797459888223,464.313197114663865,0.00148384737015478632,1,-0.212384604830994667,-0.0101881365965553194,0.955716627714840006
50.69997972,50.6999797199962572,15262.5123084634542,15262.4473493244968,30.257636110734019,120.042886622597166,10069.311300147725,4127.24025482390698,744.318753587526771,0.704652894631962567,742.469888964998859,-0.250928182646873665,52.4290754966999373,511.332282881537537,533.378223940013982,-89.7628745742969016,-0.0150346640728099244,-0.0030773246120621889,-0.000971463446013875998,-0.0016860324523419643,0.191389472092081153,0.806717439277127912,0.070497392605000278,-0.000337124634023466872,0.225081059733679117,0.0012521648816507375,0.983708310380539963,0.954618745431007887,0,0,0,5928.48609795837001,4657.09043791899603,549.110322434541899,464.281241863927335,0.00148341279729181409,1,-0.212526875387266195,-0.00835147361598169262,0.954618745431007887
50.79997968,50.7999796799962482,15271.4906012453139,15271.4256035569724,30.257776608247049,120.043055444451781,10084.8864044327602,4143.48110983609877,744.431149909308488,0.704783567906714037,742.597943515726342,-0.252194189118540635,52.2108000283512581,511.40610273343691,533.458063955717421,-89.7999389916864175,-0.0149011628053749307,-0.00233908807969918173,-0.00108997194515978867,-0.00320576255834336549,0.191116940265527196,0.806614903666152627,0.0701927931212469186,-0.000338774370166049904,0.224441838993256593,0.00119128545837471778,0.979263037842746709,0.953495526480816924,0,0,0,5913.30312545349079,4656.94684021233388,549.105858360222669,464.249270660581431,0.00148297810493006076,1,-0.212508248100589076,-0.00647633040091082079,0.953495526480816924
50.89997964,50.8999796399962392,15280.4719844758511,15280.4069482313371,30.257917126572675,120.043224291320655,10100.4638162705414,4159.7243249621115,744.543007000696434,0.704913748821862307,742.72031730879462,-0.248805802632830364,52.0649366275909813,511.484090226816022,533.535078838392906,-89.8255774676415228,-0.0144650065276475913,-0.00144362425612608531,-0.00118229868906533,-0.00470005492780541882,0.190926489271606603,0.806501611597684964,0.0699858380811774899,-0.000334172512432637703,0.223793544816851459,0.00111196127544675402,0.97649602276051839,0.952359527025281483,0,0,0,5897.9683939274255,4656.80360017028397,549.101405394437165,464.217288479840249,0.00148254336082238153,1,-0.212254678533826513,-0.00460156362175756419,0.952359527025281483
50.9999796,50.9999795999962302,15289.4555869027972,15289.3905120857125,30.2580576666957199,120.04339316213175,10116.0436448349828,4175.96979697108236,744.653291573725255,0.705042456652787974,742.835958956035938,-0.241250647677134111,51.9923507025314393,511.56501301736688,533.608093652897992,-89.8452252278595012,-0.0137561915831130588,-0.000543297227375503719,-0.00124839216597322526,-0.0061395487845938802,0.190826847980898912,0.806379935159590389,0.0698777409147356282,-0.000323977151014278263,0.222984178572246283,0.00101787153922232266,0.975474608395460407,0.951230728644526735,0,0,0,5882.71627615162015,4656.66071824724077,549.09696356524762,464.185298424206451,0.00148210860721316321,1,-0.211735558311008459,-0.00276326244856614153,0.951230728644526735
51.09997956,51.0999795599962212,15298.4410735704005,15298.3759601740821,30.2581982292800866,120.043562055479995,10131.6259637254061,4192.21739059625543,744.76147099796367,0.705169186030328299,742.945050006009524,-0.230047192025949698,51.9831552804180035,511.647953486172185,533.676372056490436,-89.8640655940121462,-0.0128075346215888539,0.000219746689130527863,-0.00128902747825773495,-0.00749801311359991982,0.190811816806150752,0.806252286416395458,0.0698551970313118498,-0.000308887079477772276,0.222326380539454221,0.000912278656621419437,0.975972708214961737,0.950122026652482687,0,0,0,5867.72589428081392,4656.51818942152931,549.09253272717433,464.153301686455734,0.00148167386036397709,1,-0.210965067268162637,-0.000994311502358560459,0.950122026652482687
51.19997952,51.1999795199962122,15307.4285837002099,15307.3634317156339,30.2583388147975789,120.043730969816338,10147.2108252424314,4208.46695672300393,744.867445243972156,0.705293842415335659,743.048783018986569,-0.215692623745098899,52.0189438087402607,511.732327090189926,533.739632563355258,-89.8862671728852263,-0.0116540953621121646,0.000734697814316210142,-0.0013055882539207335,-0.00875259809575353216,0.190862268553694814,0.806121120048937878,0.0698934063094116265,-0.000289571826687662684,0.221789055961222892,0.000798034191273465365,0.977576281131207536,0.949035887397677747,0,0,0,5853.02801938066023,4656.3760069241207,549.088112671592967,464.121297770847036,0.00148123911358730024,1,-0.209996867765536055,0.000675976486283553363,0.949035887397677747
51.29997948,51.2999794799962032,15316.4185966290534,15316.3534060480433,30.2584794235752597,120.043899903538858,10162.7982656449276,4224.71834115600359,744.971175461757184,0.705416390107369451,743.148761410306747,-0.198639398322313809,52.076205944639355,511.817672619638699,533.797830175031095,-89.9143968645589098,-0.010332620314799942,0.000937266563770018483,-0.00129980909666097336,-0.00988403509010458113,0.190950052040775475,0.805988913815585239,0.0699607111779100288,-0.000266640384512825505,0.221327635318532695,0.000677437344072823319,0.979738422553251942,0.947973646207089571,0,0,0,5838.63918476889921,4656.23416347557304,549.083703173165873,464.089284970515223,0.00148080434375507546,1,-0.208912932801975315,0.00222217069491563619,0.947973646207089571
51.39997944,51.3999794399961942,15325.4117563962936,15325.3465271986606,30.2586200558334184,120.04406885507224,10178.3883093527638,4240.97139226531363,745.072669275755175,0.705536837856210242,743.246716455686283,-0.179300571590488289,52.1303062607968002,511.903663963899021,533.851167914268217,-89.949162523094941,-0.00888091450231199425,0.00081601937315461232,-0.00127355278236512088,-0.0108767845531152554,0.191043002459649003,0.805858121315281339,0.0700239540813125394,-0.000240648437011353473,0.220862590942784348,0.000552404892579014652,0.981875120830016157,0.946935543183597184,0,0,0,5824.56086617962319,4656.09265164716999,549.079304001023047,464.057260992107558,0.00148036951979759368,1,-0.207808822750478739,0.0036229731539789943,0.946935543183597184
51.4999794,51.4999793999961852,15334.4086848460138,15334.3434170188066,30.2587607117085682,120.044237822928807,10193.9809715016236,4257.22596685918052,745.171873371507104,0.705655136646736403,743.344132615935678,-0.158075141451092804,52.1593364769265122,511.99003531551466,533.900012846362642,-89.9894487385790427,-0.00733709178711209383,0.000410242948487454383,-0.0012286723302684223,-0.0117191218325755769,0.191110197562839673,0.805731099821988872,0.0700536696172339574,-0.000212132460020874171,0.220355594976349295,0.000424719903657585823,0.983453022564711121,0.945923311831681879,0,0,0,5810.81437773319794,4655.95146378189474,549.074914918371178,464.025223621314922,0.00147993461174602777,1,-0.20677796345430885,0.004861397396549616,0.945923311831681879
51.59997936,51.5999793599961762,15343.4098160751164,15343.3445096001014,30.258901391308342,120.044406805804215,10209.5762640204102,4273.481939390972,745.269108786885681,0.705771591462298731,743.442457518646734,-0.135380114905558457,52.1472774251774069,512.076860039881467,533.945173082835481,-90.032694423944406,-0.00573871396706345394,-0.000200479472772778923,-0.00116697650827310298,-0.0124031467016767084,0.191126604030240482,0.805610023790945373,0.0700282937339092582,-0.000181652659494316608,0.219865113733453105,0.000296289226761336795,0.984064358326686706,0.944931538213299005,0,0,0,5797.34060191753451,4655.81059254429056,549.07053569366667,463.99317131238837,0.00147949959873125187,1,-0.205897505233607364,0.00592485644601774795,0.944931538213299005
51.69997932,51.6999793199961672,15352.415275964886,15352.3499308225182,30.2590420947838084,120.044575802689096,10225.1742036577562,4289.73921269961193,745.364766108590402,0.705886572359393782,743.542651678850234,-0.111675347908146705,52.0859599039347358,512.164308100743369,533.987622807529419,-90.0753837192169158,-0.00412187896554112865,-0.000911106490985465135,-0.00109028195907820598,-0.0129247046792308889,0.191076449015767674,0.805496798865689478,0.0699368245231103414,-0.000149826438549002978,0.21930207148616504,0.000169358935621716239,0.983494658472290006,0.943952410303377176,0,0,0,5784.04061489091328,4655.67003270284749,549.06616615842961,463.961103617113906,0.00147906447479371605,1,-0.205217809373304666,0.00680514412332588331,0.943952410303377176
51.79997928,51.7999792799961583,15361.4248144216835,15361.3594305938932,30.2591828222981363,120.044744812847313,10240.7748085032727,4305.9977159183245,745.458865402575839,0.706000097518809766,743.644698373778851,-0.0874716721759227767,51.9757148731383438,512.252304741085368,534.0281181437432,-90.1136245336659272,-0.00252035364824222587,-0.00160862665308685059,-0.0010005128995412252,-0.0132832159030772338,0.190954980435061372,0.805392990717206714,0.069779731302123657,-0.000117339368322369873,0.218593404886624404,4.64834876935067627e-05,0.981730709185982375,0.942985529546706225,0,0,0,5770.90402203774829,4655.52978030549093,549.061806189180629,463.929021426092959,0.00147862925213951626,1,-0.204756645706236695,0.00749830276475172211,0.942985529546706225
51.89997924,51.8999792399961493,15370.4378029257059,15370.3723804009624,30.2593235739992465,120.044913835790211,10256.3780949538414,4322.25740199758275,745.551552560116534,0.706112303266838381,743.748150725300434,-0.0633187420509671028,51.8247219793108513,512.340833330878127,534.06748169561115,-90.143846278765551,-0.000964845024492115783,-0.0021906633540151022,-0.00089980053736416312,-0.0134814173115143845,0.190768396100206655,0.805299781770832723,0.0695680243364605044,-8.49287241233127009e-05,0.217798196774225267,-6.96249044343079875e-05,0.978941390589285199,0.942028485154193018,0,0,0,5757.90413766581787,4655.38983161456417,549.057455668151533,463.896926977465171,0.00147819396123823228,1,-0.204498848452759535,0.00800438245762246856,0.942028485154193018
51.9999792,51.9999791999961403,15379.4532945528626,15379.3878333174489,30.25946435002421,120.045082871278893,10271.9840782048395,4338.51824792358093,745.642963280349591,0.706223315430787868,743.852136029226813,-0.0397751041533069838,51.6471376960869577,512.429810930844269,534.106442657775233,-90.1633266374784199,0.000517521899171893905,-0.00258018582644537484,-0.000790537677536730723,-0.0135250335832506202,0.190532064573261883,0.805217962387719588,0.0693207438577849167,-5.3343364225132016e-05,0.216940286554746703,-0.000176315206730904363,0.97544775007953699,0.941078749619194688,0,0,0,5745.0093148408414,4655.25018367085795,549.053114501484515,463.864823643170155,0.00147775864790442826,1,-0.204401151906558276,0.0083271087658495415,0.941078749619194688
52.09997916,52.0999791599961313,15388.4701286256313,15388.4046286729244,30.2596051504721153,120.045251919279707,10287.5927692421992,4354.78025043602975,745.733181371992487,0.706333210124935884,743.955507754871064,-0.0173685366323752532,51.4604700592502411,512.519040708048692,534.145561940563539,-90.1705571131423795,0.00190348811173592135,-0.00273532836971181236,-0.000675363337418919958,-0.0134223994979565334,0.190267493595212056,0.805147954765847995,0.0690614294171933846,-2.32905509206269341e-05,0.216052480935470914,-0.000271288532041502226,0.971659013423547657,0.940134800400524551,0,0,0,5732.19994289211718,4655.11083409809817,549.048782614153993,463.832715556291305,0.00147732336822888814,1,-0.204400910860741691,0.00847348497123899536,0.940134800400524551
52.19997912,52.1999791199961223,15397.4870617240667,15397.4215230555692,30.2597459753711853,120.045420979905998,10303.2041711938,4371.04342042385633,745.822232184352629,0.706442007874581446,744.057049355184972,0.00344330324287511758,51.28264144376638,512.60820303806031,534.185204988743067,-90.1653978512587173,0.00317372247286290109,-0.00265312836255630078,-0.000557074890586195352,-0.0131840586648131926,0.189998589222410891,0.80508986242066749,0.0688141697649562872,4.61678814910445408e-06,0.215166362606777656,-0.000352839479760638634,0.968003528138183911,0.939196243257376051,0,0,0,5719.47000892524466,4654.97178080374306,549.04445994075536,463.800607144535149,0.0014768881822446523,1,-0.204427123696265617,0.00845335808737593397,0.939196243257376051
52.29997908,52.2999790799961133,15406.5029025115073,15406.4373251268371,30.2598868246394055,120.045590053347908,10318.8182749681328,4387.30777617112199,745.90999591362197,0.706549591852956627,744.15557896127882,0.0223026722194390459,51.1292069883194529,512.696806409086093,534.225480944832611,-90.149000055719128,0.00431271342678508657,-0.00236692428907362426,-0.000438486312402261208,-0.0128223612292747181,0.189747834929502396,0.805043533745449791,0.0685998728684188569,2.98999508586085079e-05,0.214279410933587988,-0.000419999306468893288,0.964863485380130004,0.938265461325177186,0,0,0,5706.84429244898911,4654.83302152304805,549.040146412335616,463.76850265012979,0.00147645314741759112,1,-0.204411887579991541,0.00827897557647183646,0.938265461325177186
52.39997904,52.3999790399961043,15415.5166298374534,15415.4510137447669,30.2600276980498464,120.045759139805625,10334.4350554082703,4403.57333693517103,745.996373536682654,0.706655865361267455,744.250259794932504,0.0389659431745030815,51.0111615895239083,512.784324876321762,534.266383651471301,-90.1235640162754521,0.0053085619371957939,-0.00193870213272321354,-0.000322264736165953449,-0.0123510771856741725,0.189532978906129912,0.805008627088201867,0.0684333067086924651,5.22334217356697152e-05,0.213463593496171777,-0.000472548862746021369,0.962513052370055688,0.937344888737278392,0,0,0,5694.35476267892136,4654.69455319933786,549.035841935744088,463.736405709273583,0.00147601831295248094,1,-0.204300507429851924,0.00796455290841120885,0.937344888737278392
52.499979,52.4999789999960953,15424.5274788662791,15424.4618240846012,30.2601685952330151,120.045928239467443,10350.0544715542783,4419.84012083512425,746.08129626761297,0.7067607610245078,744.340693249167543,0.0533006184815008055,50.9335859011933394,512.870237170266819,534.307835550661821,-90.0919382322466333,0.006152746738854643,-0.00144743159601711121,-0.000210780877967942472,-0.0117850341627905534,0.18936467705841048,0.804984666762313616,0.0683212841408357141,7.14407649588383049e-05,0.212733636565145795,-0.000510914041406131136,0.961092216573759317,0.936436158368116556,0,0,0,5682.0202787106291,4654.55637229253171,549.031546402031267,463.704319045443356,0.00147558371564877476,1,-0.204058877205574696,0.00752586303060350827,0.936436158368116556
52.59997896,52.5999789599960863,15433.5349822193384,15433.4692887598412,30.2603095156773634,120.046097352487294,10365.6764666986746,4436.10814268986269,746.164689368683639,0.70686420662596039,744.426898496139984,0.0652678422061967467,50.895306229461454,512.954038835607548,534.349706282691955,-90.0571435173396821,0.00683991418991857902,-0.000975615028121218559,-0.000106003013131877294,-0.0111397814643561972,0.189245409800010977,0.804971082545523187,0.0682622148244955984,8.7471094812390757e-05,0.212092091508917113,-0.000535979042886954742,0.960592337191900736,0.935541067574516938,0,0,0,5669.86203611398287,4654.41847480837532,549.02725968826428,463.672244322895381,0.00147514937793098971,1,-0.203677121316513415,0.00697985040798958147,0.935541067574516938
52.69997892,52.6999789199960773,15442.53896381706,15442.4732316883255,30.2604504587406495,120.04626647897696,10381.3009696429781,4452.37741326823198,746.246489788511212,0.70696614180013917,744.509282913053084,0.0748962740655656489,50.8895428208398926,513.035290349442676,534.391868988184001,-90.0219125382999437,0.0073677183259032936,-0.000596400676642712423,-9.45084947500639871e-06,-0.0104312769122926041,0.1891697335888399,0.804967230666328137,0.0682469794266118979,0.000100363988596487741,0.211529906011011765,-0.000548867189315484162,0.960868680979592549,0.934661221629921046,0,0,0,5657.89912923047268,4654.28085630358873,549.022981657426499,463.640182168597732,0.00147471530816178096,1,-0.203169246820632532,0.00634426598166298438,0.934661221629921046
52.79997888,52.7999788799960683,15451.5394900292158,15451.4737192511602,30.2605914236734534,120.046435619014957,10396.9278973087276,4468.64794014285781,746.326660557704372,0.707066531541290733,744.588558269183409,0.0822544429782965381,50.9053669865977554,513.113657016185016,534.434246333927945,-89.9883080637592911,0.00773670729265514123,-0.000363104288986910355,7.77900967673236316e-05,-0.009675590872689167,0.189125724855086524,0.80497239879995508,0.0682608891852518468,0.000110212387539997009,0.211028574829233428,-0.000550743424992449892,0.961672837417109072,0.933797734815920322,0,0,0,5646.14491241651558,4654.14351198093573,549.018712161162398,463.60813234618314,0.00147428150301202789,1,-0.202569170123824971,0.00563731669355792275,0.933797734815920322
52.89997884,52.8999788399960593,15460.5367889329791,15460.470979508189,30.2607324096520642,120.046604772667209,10412.5571583836245,4484.91972967852234,746.405199966362602,0.707165374684092685,744.665617774239081,0.0874280147316994771,50.9296828782478315,513.188935362897382,534.476839839076774,-89.9574723608640454,0.007950229304228092,-0.000302558638819201448,0.000155007019573971352,-0.00888862266371923636,0.189097305194515924,0.804985800881719893,0.0682863488108466782,0.000117132108586002904,0.210563499317269587,-0.000542678920541352235,0.96269854371799668,0.932951030866049691,0,0,0,5634.60454484039838,4654.0064368519761,549.014451044693487,463.576094043464536,0.00147384795136427872,1,-0.201924000413648858,0.00487732410039359854,0.932951030866049691
52.9999788,52.9999787999960503,15469.5311522930861,15469.4653042557511,30.2608734158161887,120.046773940014162,10428.1886574981345,4501.19278963983015,746.482144486150446,0.707262706412150499,744.741393644276172,0.0905061991015259082,50.9493909487761414,513.261062959911101,534.519739405488281,-89.9295361479894382,0.00801431970450909061,-0.000413017689797338125,0.000221773581251944097,-0.00808582755047997093,0.189067025546130391,0.805006569022546525,0.0683057621377236857,0.000121243622492226268,0.21010804926582427,-0.000525597037731658661,0.963632886852137327,0.932120766355542196,0,0,0,5623.2740081022157,4653.86962593658154,549.010198152965359,463.544066221474282,0.0014734146390432269,1,-0.201285814609620223,0.00408239014337623187,0.932120766355542196
53.09997876,53.0999787599960413,15478.5228367112577,15478.4569500576345,30.2610144413071183,120.046943121177648,10443.8222994571806,4517.46713177413221,746.557565432228898,0.707358594833023657,744.816717276701979,0.0915785361262351216,50.9533883331206994,513.330111124639757,534.563113420876334,-89.9036889490151339,0.00793753212332952776,-0.000666590589156735983,0.00027786348622011554,-0.0072819564986983977,0.189018848888173663,0.805033749371958041,0.0683042177484495111,0.000122667749409094835,0.209637712775850166,-0.000500296617921698193,0.964204637163934453,0.931305880111022555,0,0,0,5612.14063950938817,4653.73307446501349,549.005953336961738,463.512047966459306,0.00147298155357976552,1,-0.200703295707105961,0.00327007291041257059,0.931305880111022555
53.19997872,53.1999787199960323,15487.5119788683951,15487.4460536058468,30.2611554853016536,120.047112316341909,10459.4579930049531,4533.74277383393292,746.631560321740039,0.707453132565402099,744.892203489013582,0.0907403998263589529,50.9341124977948425,513.396262459900527,534.607182851821904,-89.8783878578160511,0.00773068915784088598,-0.00101548974511190431,0.000323184218391865425,-0.00649081447958005462,0.188940506097319105,0.805066306803937426,0.0682715605352895438,0.000121533035665722102,0.209133686771060562,-0.000467529343319127361,0.964222535772725764,0.930504752151548931,0,0,0,5601.18498880085463,4653.59677805052343,549.001716459178624,463.480038791692095,0.00147254868829005381,1,-0.200214523347019918,0.00245707965922772279,0.930504752151548931
53.29997868,53.2999786799960233,15496.4985369853675,15496.4325731298795,30.2612965470383486,120.047281525764802,10475.0956537304592,4550.01974065320246,746.704240633193649,0.707546424985225131,744.968175996905529,0.0881034786939380865,50.8884266726244903,513.45977727915988,534.652184957895656,-89.8516622872310649,0.00740654691284173532,-0.0014008480357093438,0.000357742489919424559,-0.00572504534614591814,0.188825097120814023,0.805103140486916224,0.0682035789616583094,0.000117989793152441632,0.20858534445434973,-0.000428097234639373257,0.963598443310977437,0.929715440001535831,0,0,0,5590.38361717000407,4653.46073280732708,548.997487397455757,463.448038845919143,0.00147211604508693731,1,-0.199841931575515275,0.00165898718823669251,0.929715440001535831
53.39997864,53.3999786399960144,15505.48226525262,15505.4162628117756,30.2614376258334481,120.047450749776544,10490.7352058340839,4566.2980640262258,746.7757181038927,0.707638577173501426,745.044643788668509,0.0838066725237354149,50.817761539075093,513.520954385246341,534.698333393727694,-89.8214608143309761,0.00697938739381077835,-0.00176256159289927476,0.000381642432465923982,-0.00499595158420824016,0.188671749878261963,0.805143109521638145,0.0681021935347884688,0.000112224688976820232,0.207991222187609182,-0.000382935905763151431,0.962352962181138194,0.928935950593538839,0,0,0,5579.71234065415774,4653.32493539906409,548.993266046671351,463.416049004410752,0.00147168363570089372,1,-0.199590040386645851,0.000890000148466334011,0.928935950593538839
53.4999786,53.4999785999960054,15514.4627227410674,15514.3966817354849,30.2615787210861278,120.047619988766272,10506.3765827106745,4582.57778141352264,746.84609177474465,0.707729681663378796,745.121328778398492,0.0780233366940024098,50.7275478520597858,513.580092200820673,534.745781461272486,-89.7859838926985532,0.00646456793697733779,-0.00204857495220409731,0.000395108292909786187,-0.00431335559807441687,0.188485307633652399,0.805185065563639779,0.067974693440245898,0.000104470436004451003,0.207358454800195463,-0.000333157806343270795,0.960604006403552035,0.928164503488055903,0,0,0,5569.14938806392183,4653.18938301457092,548.98905231817173,463.384070837227796,0.00147125148124019008,1,-0.199446097451394466,0.000162756067931078309,0.928164503488055903
53.59997856,53.5999785599959964,15523.4393127560616,15523.3732331980118,30.2617198322735597,120.047789243158334,10522.0197264017697,4598.85893366093296,746.915437717233544,0.707819808809277307,745.197736205495175,0.0709623055968222616,50.6260804218831879,513.637455835920832,534.79459423843798,-89.7439526434702941,0.00587806415820438157,-0.00222223109229842744,0.000398517636922850866,-0.0036855061402249591,0.188275166352656648,0.805227888110005674,0.0678322102748978029,9.50071482261185879e-05,0.206700880293940709,-0.000280043897789400659,0.95854136287093783,0.927399745668146203,0,0,0,5558.67799581831514,4653.05407327919147,548.984846137165391,463.352106469084504,0.0014708196102871851,1,-0.199383311097081822,-0.000511817701832113607,0.927399745668146203
53.69997852,53.6999785199959874,15532.4113442227244,15532.3452261287148,30.2618609589385414,120.047958513381502,10537.6645862217574,4615.14156203664515,746.983802823511041,0.707909001064652821,745.27325267656397,0.0628621054182758598,50.5230301340318704,513.693254409872225,534.844733491550528,-89.6947775002586383,0.0052360413761673762,-0.00226670976777056934,0.000392429850000814763,-0.00311902985736942301,0.188053504279946299,0.805270518026438342,0.0676877200959230957,8.41545763842035705e-05,0.206036256275464541,-0.000224987527802237929,0.956392195994467342,0.926640888516247152,0,0,0,5548.28808413127172,4652.91900411911229,548.980647438601068,463.320158360762036,0.00147038805593760914,1,-0.199365983681606324,-0.00112459424159630332,0.926640888516247152
53.79997848,53.7999784799959784,15541.3781042136252,15541.3119476094726,30.2620021006722624,120.048127799835825,10553.3111168528994,4631.42570504283958,747.051203314224153,0.7079972717601698,745.347253696252892,0.0539796375912828807,50.4278580437710957,513.747631054654448,534.896057021097818,-89.6386085470081042,0.00455448060374849615,-0.00218609719829190776,0.000377597739195494227,-0.0026189245762378785,0.187833220454323407,0.80531198573616869,0.0675539149586140697,7.22569449038821426e-05,0.205383134319303634,-0.00016940651429764322,0.95438345432318139,0.925887751707398343,0,0,0,5537.97682679749323,4652.78417360202548,548.976456162247246,463.288229050846951,0.0014699568523080938,1,-0.199355616559374949,-0.00166828770678415861,0.925887751707398343
53.89997844,53.8999784399959694,15550.3389294445515,15550.2727343557854,30.2621432570964188,120.048297102861483,10568.9592763569326,4647.71139541889715,747.117627845777633,0.708084608238146562,745.419203100570485,0.0445759047525484675,50.3483813026901714,513.800665851667077,534.948331774105895,-89.5762688460888228,0.0038488721853817175,-0.00200317993571222592,0.000354955886750260737,-0.00218858858115121655,0.187625919266281915,0.805351431912029181,0.0674412791059785799,5.96638375506201412e-05,0.204757920837567886,-0.00011464585671357924,0.952707158242046992,0.925140714178680268,0,0,0,5527.74811095809491,4652.64957977931044,548.97227224775429,463.256320901144932,0.00146952603109803265,1,-0.199316980016448236,-0.00213745048325493427,0.925140714178680268
53.9999784,53.9999783999959604,15559.2932660765946,15559.2270325305617,30.2622844278475149,120.04846642271356,10584.6090244396146,4663.99865771476652,747.18304440260863,0.708170978543399721,745.488730191677405,0.0349018099241220625,50.2896985655602862,513.852389871379842,535.001258039939898,-89.5090898283740302,0.00313397677435742683,-0.00175454919209288066,0.000325586154190549864,-0.00182987909270475768,0.187440245476539397,0.805388120070266056,0.0673566482026663194,4.67111910505399247e-05,0.204172545496305813,-6.18932477824591677e-05,0.9514936539968607,0.924400586566247906,0,0,0,5517.6110535708649,4652.51522055274472,548.968095630424045,463.224435883735964,0.00146909561871811419,1,-0.199223223502432101,-0.00252843436413903921,0.924400586566247906
54.09997836,54.0999783599959514,15568.2407093979418,15568.1744374129958,30.2624256125663251,120.048635759545832,10600.2603212757094,4680.2875067311752,747.24740975667703,0.708256340494109682,745.555675483596929,0.0251866901977564339,50.2536118890105286,513.902806998351934,535.054500773169593,-89.4386813521009856,0.00242364290141511545,-0.0014839680248579048,0.00029066650391891026,-0.00154319340835976202,0.187280797444252772,0.805421441814430872,0.0673024350365067636,3.37059585268109936e-05,0.203633007040735919,-1.21237095275328261e-05,0.950796316558307542,0.923668430450981459,0,0,0,5507.57784326845285,4652.38109358339716,548.963926238252611,463.192575439675352,0.00146866563438954119,1,-0.199059318357139137,-0.00283932308837489111,0.923668430450981459
54.19997832,54.1999783199959424,15577.1810189820826,15577.1147086038418,30.2625668108937269,120.048805113404782,10615.9131270565795,4696.57794694414497,747.310679085260972,0.708340650837933294,745.620100532415563,0.0156312645236198478,50.2385958459038591,513.951917999098555,535.107722074292269,-89.3666763194417229,0.00173066493194857173,-0.00123514646770918053,0.000251412756309923663,-0.00132756739452589805,0.187147740438418975,0.805450916047259158,0.0672765893767971884,2.09166882827005221e-05,0.203138910830744618,3.39194444232040061e-05,0.950589171062838356,0.922945352993954415,0,0,0,5497.66147094866301,4652.24719625162834,548.959763990555643,463.160740425019867,0.0014682360894239107,1,-0.198823434471481902,-0.00306984222474024002,0.922945352993954415
54.29997828,54.2999782799959334,15586.1141086891294,15586.047759937399,30.2627080224733298,120.04897448423381,10631.5674022716703,4712.86997290975432,747.372816621625361,0.708423875320568053,745.682265792435373,0.0064054208929746892,50.2402773337498729,513.999745657433095,535.160613656052647,-89.2944913480696414,0.00106666519413695939,-0.00104507289270462482,0.000209023493168786862,-0.00118078756109870372,0.187037126553158933,0.805476184715395949,0.0672732424146746388,8.57058318231019863e-06,0.202683971718640776,7.57097056730468148e-05,0.950776812200545773,0.922232328848456739,0,0,0,5487.87323409133751,4652.11352567084941,548.955608798251546,463.128931146434297,0.00146780698771236035,1,-0.198526195651396981,-0.00322125062379118813,0.922232328848456739
54.39997824,54.3999782399959244,15595.0400150828063,15594.9736279835906,30.2628492469598243,120.0491438718864,10647.2231086433221,4729.16357053147931,747.433799216804914,0.708505991977881444,745.742575673117472,-0.00234990224083730936,50.2523137235462798,514.046349242457381,535.212917274599704,-89.2231375602617618,0.00044198849781499315,-0.000938875322440837416,0.000164636320399389,-0.00109951465534567595,0.186941817641641111,0.805497005450760306,0.0672838854736085429,-3.14396036585917728e-06,0.202253516491772506,0.000112898483102985854,0.951214438588283473,0.921530042258787763,0,0,0,5478.22106643228562,4651.98007874648374,548.951460565599632,463.097147473655184,0.00146737832725047919,1,-0.198188091719937037,-0.00329621566814936864,0.921530042258787763
54.4999782,54.4999781999959154,15603.958850286901,15603.8924248797775,30.2629904840274264,120.049313276140637,10662.880210055675,4745.45871845608781,747.493582487870526,0.708586958920069288,745.801470710260219,-0.0105182884680061761,50.267504775246806,514.091808952029055,535.264413197487102,-89.1531034149633399,-0.000134395796775536923,-0.000926839923760593783,0.000119300000049866469,-0.00107941745070744667,0.186852828014006073,0.805513243850461524,0.06729886484117098,-1.40714097281550445e-05,0.201822980579092787,0.000145266346478599597,0.951733874126326818,0.920839604635942166,0,0,0,5468.71725560909908,4651.84685218534196,548.947319190934763,463.065389007363194,0.00146695010240819094,1,-0.19783557205195762,-0.00329867369664145135,0.920839604635942166
54.59997816,54.5999781599959064,15612.8707480877638,15612.8042844036663,30.2631317333808383,120.049482696718414,10678.5386737716253,4761.75538992204474,747.552176170111466,0.708666785614122108,745.859425214187922,-0.0180027099711992378,50.2789577431055079,514.136277154789013,535.314977681291339,-89.0843384562772655,-0.000654981971346287701,-0.00100406416041478415,7.3962726584959429e-05,-0.00111531595175495281,0.186760846282069959,0.805524864799927909,0.0673089373324410739,-2.40822119804018878e-05,0.201395744742561167,0.000172677177956077568,0.952168903207827211,0.920161182570066627,0,0,0,5459.36492962051761,4651.71384248334653,548.943184565509569,463.033655271103726,0.00146652230652075761,1,-0.197496528216352663,-0.00323367634168694133,0.920161182570066627
54.69997812,54.6999781199958974,15621.7758123986423,15621.70931046035,30.2632729947750896,120.049652133316471,10694.1984726370192,4778.0535557452049,747.609625836655368,0.70874551542212838,745.91686021239093,-0.0247213079142625247,50.2811066243500022,514.179958924291668,535.364566343216552,-89.0163110675433273,-0.00111379894357682891,-0.00115233619286799057,2.94731959335176613e-05,-0.00120133267967946966,0.186657684368107785,0.805531923788157966,0.0673066380643503881,-3.30671343230792643e-05,0.200959662967492181,0.000195046660335350733,0.952383047101732272,0.919494125271829166,0,0,0,5450.15634268607391,4651.58104623502913,548.939056583015599,463.001945894796677,0.00146609493436295163,1,-0.197195920226647531,-0.00310722420910318226,0.919494125271829166
54.79997808,54.7999780799958884,15630.6740749292076,15630.6075347686419,30.2634142680254143,120.04982158562629,10709.8595861673421,4794.35318623285821,747.665990152077597,0.708823203926951084,745.97407003743956,-0.0306051056485898698,50.2704557885786869,514.223084048011401,535.41318811020767,-88.9481346622956863,-0.00150645413082144196,-0.00134389813392303331,-1.34110280146928579e-05,-0.00133104995397756573,0.186537449771888492,0.805534557935018158,0.0672872785986450422,-4.09341952960996975e-05,0.200505981134200123,0.000212329261954322118,0.952286964628445198,0.918837495360145695,0,0,0,5441.08046629944056,4651.44846025575316,548.93493514382169,462.970260765467344,0.00146566798417829065,1,-0.196952167849523074,-0.00292609026243565839,0.918837495360145695
54.89997804,54.8999780399958794,15639.5654680728912,15639.4988897156109,30.2635555530111695,120.049991053348137,10725.5220009877758,4810.65425253457306,747.721333885296985,0.708899912235907981,746.031189748483143,-0.0355979191978121889,50.2459530953356932,514.265886475226353,535.460886242035372,-88.8787402023196478,-0.00183014143604870493,-0.0015464079865701811,-5.40137551701466164e-05,-0.00149767009647307821,0.186397279156771845,0.805532976630002118,0.0672494466225756204,-4.76085375634348015e-05,0.200030421893254401,0.000224522233527499153,0.951848457353898114,0.918190219864775337,0,0,0,5432.12436577523931,4651.31608163776764,548.930820156794539,462.938600123788376,0.00146524145897561093,1,-0.196774811626545948,-0.00269763651491148693,0.918190219864775337
54.999978,54.9999779999958704,15648.4498159922659,15648.3831994689353,30.2636968496741261,120.050160536198675,10741.1857106460211,4826.95672737522636,747.775720429682792,0.708975699865420084,746.088189582469568,-0.0396580294829504965,50.2089619184123421,514.308582648467336,535.507717391658389,-88.8070633014713309,-0.00208360818631574607,-0.00172822482631961537,-9.17337370043378863e-05,-0.00169417471032482165,0.186237553793172889,0.805527451841138054,0.0671949678798149791,-5.30346578767672169e-05,0.199533500584869183,0.000231681021848419605,0.951093001352590894,0.917551218315103334,0,0,0,5423.27509475756051,4651.18390776813612,548.92671153996605,462.906964595821592,0.00146481536695124799,1,-0.196663706607074884,-0.00242962863137211483,0.917551218315103334
55.09997796,55.0999779599958615,15657.3268439471722,15657.2601892838939,30.2638381580108593,120.05033003391209,10756.8507147614891,4843.26058516333615,747.829205220370568,0.709050618524622367,746.144895547823126,-0.042760714883570472,50.1628667440411107,514.351352354400092,535.553732413603143,-88.7322163004502329,-0.00226708083423766363,-0.00186318597240368801,-0.000126044060005517795,-0.00191347883453238127,0.186061603358324917,0.805518308351027779,0.0671283769544628178,-5.71797873209176923e-05,0.19902005772214848,0.00023393809129170634,0.950095433412463164,0.916919547825403525,0,0,0,5414.5212162887201,4651.05193630987196,548.922609220033223,462.875355159800904,0.00146438972103602317,1,-0.196609755360306532,-0.00213005354687134359,0.916919547825403525
55.19997792,55.1999779199958525,15666.1962030045688,15666.1295102387394,30.2639794780605378,120.050499546235557,10772.5170176755109,4859.56580155537358,747.881830669964415,0.709124707379385932,746.201030534948927,-0.0449005977100114251,50.1124002495775187,514.394324365133912,535.598961300835299,-88.6536201215799906,-0.00238215415611367932,-0.00193418574515560166,-0.000156497372308191102,-0.00214857596030056282,0.185874982045960979,0.805505914124938327,0.0670560149185588372,-6.00370217535066512e-05,0.198498139241997884,0.00023151741050799168,0.948964738974226174,0.916294512926133953,0,0,0,5405.85415402030048,4650.92016515051546,548.918513130837823,462.84377305814337,0.00146396453770555163,1,-0.196596951831169403,-0.00180694506823315688,0.916294512926133953
55.29997788,55.2999778799958435,15675.0575051084161,15674.9907742734067,30.2641208098898602,120.050669072921323,10788.1846267829278,4875.87235269476332,747.933623428890087,0.709197990547956292,746.256267929347587,-0.0460929218808132646,50.0628156127192767,514.437568894149081,535.643404469139568,-88.5710788827623219,-0.00243165232947416049,-0.00193510089522046409,-0.000182734895388776052,-0.00239267052263252705,0.185684459941202473,0.805490671177960027,0.0669849198072546698,-6.16270220593599655e-05,0.197977483171876745,0.000224739173042801988,0.947824787460751605,0.91567572242843509,0,0,0,5397.26888422421962,4650.78859232917966,548.914423211137546,462.812219672571416,0.00146353983529568768,1,-0.196605324578850271,-0.00146822174632090701,0.91567572242843509
55.39997784,55.3999778399958345,15683.9103624783456,15683.8435936146325,30.2642621535766025,120.050838613716721,10803.8535507065644,4892.18021425131519,747.984594175161419,0.709270477006471833,746.310288290580957,-0.0463732586696892213,50.0190420193328862,514.481097457832107,535.68703118552412,-88.4847902275008096,-0.00241947193882721418,-0.00187089466101847315,-0.000204496036699738438,-0.00263929543648661145,0.185496905140503709,0.80547300714522696,0.0669216948837775827,-6.19976120638350358e-05,0.197467871670614775,0.000214012732987183479,0.946794258542301814,0.915063102404647388,0,0,0,5388.76411538828688,4650.65721595419836,548.910339402055797,462.780696383821123,0.00146311563211279968,1,-0.196614262153638614,-0.0011215402163087273,0.915063102404647388
55.4999778,55.4999777999958255,15692.7544249072671,15692.6876180427389,30.2644035091943486,120.051008168355082,10819.5237976027038,4908.48936054814567,748.03473977217152,0.70934216273436157,746.362830156042946,-0.04579559651767795,49.9849534384637764,514.524869621460198,535.729784803412485,-88.3952946798004575,-0.00235041656962405943,-0.00175602210293484802,-0.000221625362278154395,-0.00288241329179957225,0.18531823542298595,0.805453367581497881,0.0668715289742427971,-6.12212162235047471e-05,0.196977620461181058,0.000199819158261951835,0.945968883605236788,0.914456859691056168,0,0,0,5380.34188464718954,4650.52603412432836,548.906261644609231,462.749204438833146,0.00146269194464724878,1,-0.196605684394028701,-0.000774165985779344708,0.914456859691056168
55.59997776,55.5999777599958165,15701.5894093737006,15701.5225645518367,30.2645448767997962,120.051177736548993,10835.1953737551157,4924.79976391275613,748.084047282577444,0.709413034599438386,746.413727824360876,-0.0444291736901618606,49.9628536021616014,514.56880512405337,535.771593416622636,-88.3033763776836338,-0.00223003066646075771,-0.00161150903812721158,-0.00023407455370995573,-0.0031165007588419614,0.185152594074052684,0.805432208812564276,0.0668375067135390938,-5.93906177757299239e-05,0.196512418509670272,0.00018268731168002327,0.945408534350749008,0.913857406574370201,0,0,0,5372.00669369088882,4650.39504486487385,548.902189877672186,462.717744845309653,0.00146226878615727694,1,-0.196566587703827289,-0.000432862542318695163,0.913857406574370201
55.69997772,55.6999777199958075,15710.4151181764901,15710.3482354386997,30.2646862564238823,120.051347317987762,10850.8682825971246,4941.11139443409047,748.132499083504058,0.709483075256938767,746.462931610602027,-0.0423546598509005889,49.9532393576004381,514.612799209034392,535.812383784345798,-88.2099340126082296,-0.00206443755094111187,-0.00146125075290160227,-0.000241898380878900732,-0.0033366164415468344,0.18500185852757009,0.805409991012791981,0.0668202918640853766,-5.66138483830234618e-05,0.196074656017489163,0.000163168438161789885,0.945130759106979634,0.913265261145337015,0,0,0,5363.76435209739429,4650.26424608693651,548.89812403664348,462.686318307141505,0.00146184616580434003,1,-0.196490623708940326,-0.000103798829344233477,0.913265261145337015
55.79997768,55.7999776799957985,15719.2314434610307,15719.1645228357411,30.2648276480671719,120.05151691233921,10866.542524189259,4957.4242201351226,748.180078287567085,0.709552268302474642,746.510509098761077,-0.0396603429325068646,49.9548574070196025,514.65673880468637,535.852096106446311,-88.1158439289104365,-0.00186018377953095027,-0.00132815399234982655,-0.000245245204624720652,-0.0035384527961642041,0.184865531510485764,0.805387171164986704,0.0668182036797991402,-5.30090871195814127e-05,0.195663295389823244,0.000141813810198489128,0.94511126228635145,0.91268094181081072,0,0,0,5355.62069363019236,4650.13363557384673,548.894064052951762,462.654925208292411,0.00146142408844099824,1,-0.196378543894308283,0.000207525326445799282,0.91268094181081072
55.89997764,55.8999776399957895,15728.0383586399257,15727.9714001732737,30.2649690516997829,120.051686519256052,10882.2180952185572,4973.73820758688635,748.226773204051824,0.709620602479929641,746.556628282894962,-0.0364388490480678229,49.9650235508124752,514.700516628516198,535.89069656016386,-88.0218367499237786,-0.0016240900582132076,-0.00123072212375054525,-0.000244343668838696776,-0.0037183728559740622,0.18474100216664241,0.805364195505871683,0.0668276448676204671,-4.8700274258342014e-05,0.195274260138051048,0.000119158419507619235,0.945290728069888675,0.912104864130260817,0,0,0,5347.58057357592315,4650.00321099411485,548.89000985439975,462.623565643349821,0.00146100255502631341,1,-0.196237528779193982,0.000496336414763772805,0.912104864130260817
55.9999776,55.9999775999957805,15736.8358989134431,15736.7689026497465,30.2651104672644813,120.05185613838583,10897.8949893432637,4990.05332286424709,748.272581368686588,0.709688075451255784,746.601527564000662,-0.0327846791465162823,49.9801359784382839,514.744042995688801,535.92818728056011,-87.928405575153036,-0.00136310807403114214,-0.00118057025750803891,-0.000239487791861581873,-0.00387343239759037339,0.184624109602423508,0.805341491733653325,0.066843789270850551,-4.38138186181272126e-05,0.194901248108854813,9.57116063812653555e-05,0.945586461968073055,0.911537274785768736,0,0,0,5339.64678083194667,4649.8729699365731,548.885961366195602,462.592239486888275,0.00146058156356220566,1,-0.196079587573247865,0.000758627535054586574,0.911537274785768736
56.09997756,56.0999775599957715,15745.6241346821189,15745.5571006494429,30.265251894682514,120.05202576938288,10913.5731978288732,5006.36953269705282,748.317510603206074,0.709754694730420632,746.645476030542454,-0.0287925711802472506,49.9962895572458024,514.787251261503343,535.964609452456671,-87.8357568875906338,-0.00108418283781200916,-0.00118117825160732543,-0.000231022565007710565,-0.00400138815465329086,0.184509899537481203,0.805319460559041689,0.0668614048008104311,-3.8476409785122226e-05,0.194536818303536557,7.19535477229533304e-05,0.94590671314263175,0.910978212301075785,0,0,0,5331.819659307851,4649.74290996066429,548.881918512494281,462.560946488142349,0.00146016111036861504,1,-0.195919344195934625,0.000991182226321060157,0.910978212301075785
56.19997752,56.1999775199957625,15754.4031423926353,15754.3360706398798,30.2653933338603451,120.052195411920835,10929.2527103092416,5022.68680567319188,748.361579532219366,0.709820478095726459,746.688733018177686,-0.0245564716734634203,50.0098900283393277,514.830100039873173,536.000042724972445,-87.7438089651930113,-0.00079412112793605721,-0.00122797771108077271,-0.00021933153900163501,-0.00410069251146740962,0.184393444743261997,0.805298467770067972,0.0668756759955096008,-3.28136456353355445e-05,0.194173581028242254,4.83352004206469608e-05,0.946165292281719084,0.910427491959972079,0,0,0,5324.09706311642822,4649.61302865168818,548.877881218112407,462.529686374818652,0.00145974119147969589,1,-0.195771591685415358,0.00119158207856126172,0.910427491959972079
56.29997748,56.2999774799957535,15763.1729775033891,15763.1058680684164,30.2655347846961327,120.052365065703754,10944.933515493607,5039.00511330901463,748.404815742860478,0.709885451772039433,746.731511352935513,-0.0201687796805458674,50.0181744257610319,514.872569905115824,536.034598564850398,-87.6522340150339119,-0.000499467890888890837,-0.00130965839303350245,-0.00020482697952093243,-0.0041704752999678291,0.184270598971007282,0.805278836842113765,0.0668829009367926247,-2.69490244567276949e-05,0.193805296760480722,2.52788877495882888e-05,0.946294228210891042,0.909884749825680128,0,0,0,5316.47469949856077,4649.48332367264356,548.873849410159664,462.498458949359303,0.00145932180393681899,1,-0.195649006552041371,0.00135819861069414165,0.909884749825680128
56.39997744,56.3999774399957445,15771.9336534589529,15771.8665063835451,30.2656762470849152,120.05253473047452,10960.61560174652,5055.32443085723116,748.447252265908219,0.709949647036825504,746.773949892952487,-0.0157195281022950439,50.0195655575155058,514.914656019435597,536.06840912819564,-87.5605343493291173,-0.000206393484036665323,-0.00141040252257381283,-0.000187942290147107265,-0.00421051348552778891,0.184138574613696149,0.805260842813314448,0.0668809658965821979,-2.10028536491519018e-05,0.193427720721915941,3.17720315366795255e-06,0.946252692805172213,0.909349492884020894,0,0,0,5308.94673737871835,4649.35379280442794,548.86982301932369,462.467264163808977,0.00145890294679259331,1,-0.19556035897932203,0.00149017010800596731,0.909349492884020894
56.4999774,56.4999773999957355,15780.6851294189692,15780.6179447338818,30.2658177209214614,120.052704406019572,10976.2989574032199,5071.64473776210252,748.488924220323611,0.71001309700439974,746.816100148599958,-0.0112952731903988024,50.0138192078006512,514.956359939772597,536.101615181409556,-87.4681386887279331,7.94049317108749293e-05,-0.00151263623815525022,-0.000169125778950678947,-0.00422118982868330012,0.183996269776327187,0.805244708338573201,0.066869542278964994,-1.50907686477704831e-05,0.193039084703962971,-1.76109831569169919e-05,0.946031112460153034,0.90882117855652389,0,0,0,5301.50668916019367,4649.22443396873496,548.86580198063109,462.436102163508451,0.00145848462169515121,1,-0.195509453004029748,0.00158736449365862132,0.90882117855652389
56.59997736,56.5999773599957265,15789.4273079000413,15789.3600856488283,30.2659592061007956,120.052874092169546,10991.9835708254323,5087.96601772094618,748.529864789087583,0.710075832802257834,746.857926719721718,-0.00697762787086730896,50.0019572457027266,514.997680260844049,536.134352897393001,-87.37450208898764,0.000352784870091044219,-0.00159983995193738377,-0.000148834621271967362,-0.00420344204070178303,0.183844313580705077,0.805230601829546644,0.0668499969117283127,-9.32177618983103945e-06,0.192640162735770504,-3.67672937820259167e-05,0.945650212092598141,0.908299280014514432,0,0,0,5294.14834808327578,4649.09524523112395,548.861786233597172,462.404973295490947,0.00145806683299797555,1,-0.195494903826880007,0.00165032985246281764,0.908299280014514432
56.69997732,56.6999773199957176,15798.1600420363247,15798.0927822549929,30.266100702516205,120.053043788795861,11007.6694301830921,5104.28825835599037,748.570101720521393,0.710137880271437538,746.899320979319555,-0.00284154295155758518,49.9860130679466863,515.038604501559462,536.166742222154539,-87.2791941212340419,0.000609220886937020516,-0.00165898519134092767,-0.000127528053008007613,-0.00415870421168711927,0.183684844291491733,0.805218637905300683,0.0668250510718501056,-3.79596105299073073e-06,0.192233931415861065,-5.40221250492644399e-05,0.945155512520318486,0.90778337804895648,0,0,0,5286.8665029493086,4648.96622478564586,548.857775721788585,462.373878082627755,0.00145764958741005711,1,-0.195510722333893383,0.00168023457142774243,0.90778337804895648
56.79997728,56.7999772799957086,15806.8831504136324,15806.8158531423887,30.2662422100554203,120.053213495804272,11023.3565230323511,5120.61145059371393,748.609654417221122,0.710199257244409909,746.940124422675581,0.00104643720300146015,49.9686422970869444,515.079103619028956,536.198878412953263,-87.181962792459899,0.000844847249509406975,-0.00168225436028834733,-0.000105659309067645147,-0.00408884248643451038,0.183521074436086701,0.805208880088457035,0.0667982591876076226,1.39784091325462939e-06,0.191823234725818748,-6.91625280020267437e-05,0.944608592224226662,0.907273198148830562,0,0,0,5279.65765251539415,4648.83737092337378,548.853770391885178,462.342817170806882,0.0014572328932847883,1,-0.195547556236131403,0.00167879933572621237,0.907273198148830562
56.89997724,56.8999772399956996,15815.5964367203414,15815.5291020048498,30.2663837285941035,120.053383213124263,11039.0448355876415,5136.9355876450436,748.648515183749169,0.710259955806679444,746.980140460545726,0.0046296712390585526,49.9526678260721155,515.119117352772946,536.230814572100371,-87.0827641299333663,0.00105648175702651543,-0.00166781808182456292,-8.36664251394734251e-05,-0.00399608705998077355,0.183356725820109312,0.805201344822683907,0.0667734012481707023,6.18403849762761985e-06,0.191408564448252105,-8.20377967115830056e-05,0.944076540080501903,0.906768995236220898,0,0,0,5272.52405657143572,4648.70868195673575,548.849770191558491,462.311791258960341,0.0014568167596797734,1,-0.195594347451966966,0.00164822337558193218,0.906768995236220898
56.9999772,56.9999771999956906,15824.2997108399868,15824.2323387220767,30.2665252579898016,120.053552940698495,11054.7343520570321,5153.26066398961302,748.686683232818723,0.710319974613672245,747.019198146876306,0.00786243211587134283,49.9406366433102562,515.158579053798576,536.262585862020387,-86.9817634231108627,0.00124163272698332976,-0.00161970502571601302,-6.19625525352237113e-05,-0.00388296236377863374,0.18319542953087542,0.805196006766354166,0.0667538864787016878,1.05016321140720535e-05,0.191002700046022794,-9.25611838599500481e-05,0.943620394613070013,0.906270949484046073,0,0,0,5265.46808799363953,4648.58015612609415,548.845775066246802,462.280801023958588,0.00145640119534905807,1,-0.19564012416941759,0.00159110715763241799,0.906270949484046073
57.09997716,57.0999771599956816,15832.9928083084524,15832.9253988274777,30.2666667980808732,120.053722678477854,11070.4250545228497,5169.58667489995696,748.724158571866951,0.710379313144753111,747.057170829135089,0.0107102934904332869,49.9344473005181442,515.197414670118519,536.294207365648731,-86.8793000802016309,0.00139849181322546415,-0.00154673769089117225,-4.09267538272167747e-05,-0.00375221717192563472,0.183040181594116502,0.805192804259544204,0.0667422553597075002,1.43047254027806502e-05,0.190609895942165819,-0.00010070748192911361,0.943287403506663735,0.90577918950107128,0,0,0,5258.49094460479955,4648.45179164790443,548.841784960577797,462.249847051328288,0.00145598620781473833,1,-0.195675654717311742,0.00151037358063853527,0.90577918950107128
57.19997712,57.1999771199956726,15841.6756049059331,15841.6081581007656,30.2668083486845063,120.05389242641489,11086.1169227198934,5185.91361580984994,748.76093681635632,0.710437966822107025,747.093987071610059,0.0131498790234445551,49.9351059940105415,515.235544448983546,536.325675246380456,-86.7758284452704203,0.00152591536208924734,-0.00146081744541671295,-2.08962989697202653e-05,-0.00360675599730388499,0.18289293845511545,0.805191644788471939,0.0667398538612516828,1.75621862433586214e-05,0.190232881532008652,-0.000106506837914665712,0.943104342278868968,0.905293936573010272,0,0,0,5251.5949633664768,4648.32358669972473,548.837799818035251,462.218929783294243,0.00145557180267196699,1,-0.195694705376134342,0.00140918933414327201,0.905293936573010272
57.29997708,57.2999770799956636,15850.3480246327817,15850.2805405593208,30.2669499095960219,120.054062184458857,11101.8099339552646,5202.24148183711168,748.797011937213938,0.710495929638862878,747.129639225228402,0.015168086671110359,49.9426375676057148,515.272890783573075,536.356974667783788,-86.6718462279812627,0.00162339664211411756,-0.00137488294262544299,-2.16124090611546213e-06,-0.00344957290307617735,0.182754401298362845,0.805192409864447178,0.0667467144024007225,2.02566068378215096e-05,0.1898725605061099,-0.000110035986922592138,0.943074946552065807,0.904815450767067375,0,0,0,5244.78296900173882,4648.19553940319565,548.833819580392401,462.188049490380422,0.0014551579832105387,1,-0.195694746533065872,0.00129088781008790182,0.904815450767067375
57.39997704,57.3999770399956546,15859.0100403875113,15858.9425190858492,30.2670914805906328,120.054231952553835,11117.5040633114113,5218.57026760303143,748.832379070788306,0.710553196827109712,747.164181748772535,0.0167609833787309981,49.9561525297285982,515.309386071427525,536.388087979786292,-86.5678216149399589,0.0016910305874803847,-0.00130086535553645142,1.50383631645153387e-05,-0.00328368858396380298,0.182624007438683539,0.805194959246311237,0.0667616456204131042,2.23828240452541557e-05,0.189528005483812545,-0.000111408559639985315,0.943181043873965619,0.904343974449951404,0,0,0,5238.0576214344801,4648.06764782126629,548.829844187588265,462.157206268995878,0.00145474475038506572,1,-0.195677042373669841,0.00115889465127234741,0.904343974449951404
57.499977,57.4999769999956456,15867.6616677008569,15867.5941092071826,30.2672330614271488,120.054401730638659,11133.1992840512685,5234.89996722535579,748.867036910946354,0.710609767110918611,747.197720263734595,0.0179325935974929962,49.9740480937921916,515.344979359081094,536.41900180521327,-86.4641302373074154,0.00172947197104363006,-0.00124795155609317885,3.0512689710527418e-05,-0.00311209141151048453,0.182500114412989273,0.805199134525442561,0.0667825014910637116,2.39462984953620447e-05,0.189196726386980596,-0.000110766041406939187,0.943386931820097141,0.903879682976234555,0,0,0,5231.42084148863705,4647.93990996892262,548.825873578029359,462.12640006374761,0.00145433210311636529,1,-0.195646157158680001,0.00101665684342282236,0.903879682976234555
57.59997696,57.5999769599956366,15876.3029530867934,15876.2353574499939,30.2673746518532099,120.054571518649439,11148.8955681991847,5251.23057456005699,748.900989347935479,0.710665644230286664,747.230393660607206,0.0186937764765957581,49.9943025421217442,515.379640865124202,536.449712023068969,-86.361010833010269,0.00173988738282719428,-0.00122139590724582459,4.41203540055750483e-05,-0.00293768304269331629,0.182380334207654538,0.805204762249484784,0.0668065753130162726,2.4961612742444942e-05,0.188875152849405342,-0.000108270535270490955,0.943646090139843241,0.90342264957370455,0,0,0,5224.87339685245934,4647.81232383468887,548.821907689234308,462.095630708919487,0.00145392003884909325,1,-0.195608997286019964,0.000867576156472944955,0.90342264957370455
57.69997692,57.6999769199956276,15884.9339591525495,15884.8663264142815,30.2675162516114291,120.054741316522652,11164.5928872218428,5267.56208349914868,748.934246158724818,0.710720837556359064,747.262352440990639,0.0190613154298375775,50.0148111099144899,515.413363844250625,536.480226065649617,-86.2585449291854331,0.00172390117009921175,-0.00122201966769112979,5.57653316697573855e-05,-0.00276322915214213642,0.182261955462603598,0.805211656833720202,0.0668310492237433051,2.54512536042526094e-05,0.188559243835986018,-0.000104099830735286816,0.943909029271871924,0.902972828758862978,0,0,0,5218.41469962601695,4647.68488740867724,548.817946458693996,462.064897981492379,0.00145350855426316103,1,-0.195573569861453217,0.000714947705211519888,0.902972828758862978
57.79997688,57.7999768799956186,15893.5547488965094,15893.4870791019093,30.2676578604456381,120.054911124199023,11180.2912127197869,5283.89448834363702,748.966822712809062,0.710775361770186298,747.293736829805766,0.0190572532834494268,50.0337091997625976,515.446163680445352,536.51056241945173,-86.1566618153929369,0.00168353562670409433,-0.0012464219564280142,6.53933838140462621e-05,-0.00259131583004181551,0.182142382834291877,0.80521962350777132,0.0668534267327296344,2.5444722927083921e-05,0.188245124231323085,-9.84445961032242174e-05,0.944130995978314735,0.902530059465759926,0,0,0,5212.04283063424282,4647.55759871230566,548.813989824797432,462.034201657055064,0.0014530976460229131,1,-0.195547667886132204,0.000561904388614762988,0.902530059465759926
57.89997684,57.8999768399956096,15902.1653717011213,15902.0976648981796,30.2677994781066033,120.055080941626471,11195.9905170645343,5300.22778408630438,748.998738810267582,0.710829235722502895,747.324657996060409,0.0187084220577276028,50.0496347682745863,515.478074510450369,536.540747668352196,-86.0551661382075395,0.00162114613120309501,-0.00128781628652340418,7.29886236567317261e-05,-0.00242431215521610481,0.182019525459580472,0.805228461482481728,0.0668718838354096651,2.49779086269090187e-05,0.187929650069061621,-9.15069750094915749e-05,0.944278375959654359,0.902094085977835691,0,0,0,5205.75476996573161,4647.43045582490049,548.810037727671215,462.003541559679945,0.0014526873114445644,1,-0.195537687396103665,0.000411367938600940616,0.902094085977835691
57.9999768,57.9999767999956006,15910.7658529877663,15910.6981092109399,30.267941104356435,120.055250768762008,11211.6907738855916,5316.56196659467241,749.03001689247651,0.710882480707890174,747.355185027616926,0.0180460593669522495,50.0618946167625722,515.509144018044026,536.57081177574662,-85.953782213208882,0.0015393524833647134,-0.00133731816748281656,7.85705876997517806e-05,-0.00226433937917270818,0.181892079353183078,0.805237967420889156,0.0668854915245600534,2.409257167498613e-05,0.187610820895209834,-8.34995957885540795e-05,0.944332919644177537,0.901664592180860813,0,0,0,5199.54678336068173,4647.30345690325248,548.806090109810043,461.972917598758841,0.00145227754898832819,1,-0.195547746280897022,0.000266007229895566088,0.901664592180860813
58.09997676,58.0999767599955916,15919.3561887741089,15919.2884080714175,30.2680827389715255,120.055420605571953,11227.391958393966,5332.89703263136835,749.060679943663331,0.710935118458585036,747.385339241933593,0.0171053848029032451,50.0705165869993039,515.539427259619288,536.600782523787984,-85.8522070588282986,0.0014409682091295437,-0.00138545400831223127,8.21918605677783738e-05,-0.00211324703004330677,0.181759668863933049,0.805247939185837702,0.0668942856259051172,2.28357798805784352e-05,0.187287986607379608,-7.46440329391086607e-05,0.944293314555807672,0.901241242957607325,0,0,0,5193.41489415513661,4647.17660019154573,548.802146916411061,461.942329788382494,0.00145186835851638676,1,-0.195579215820668478,0.000128204357804878426,0.901241242957607325
58.19997672,58.1999767199955826,15927.9363456517458,15927.8685280637892,30.2682243817437033,120.05559045203033,11243.0940475121406,5349.23297969949181,749.090749424972728,0.710987169183591727,747.415096168369814,0.0159250294949515592,50.0761883542184876,515.568980457072371,536.630680090386363,-85.7501634386670588,0.00132892994885829441,-0.00142364539206548519,8.39360349288776247e-05,-0.00197259607015591414,0.181622836363966395,0.805258179740110491,0.0668991848957544849,2.12591458489851931e-05,0.186961831853925897,-6.51680476288404571e-05,0.94417406693585415,0.900823725915460782,0,0,0,5187.35536275014056,4647.04988402073104,548.798208095382734,461.91177824741942,0.00145145974129245211,1,-0.195630704884512868,2.87846624374629712e-08,0.900823725915460782
58.29997668,58.2999766799955736,15936.5062657147646,15936.4384112840326,30.2683660324797259,120.055760308115765,11258.7970198182611,5365.56980574454337,749.12024355248991,0.711038649947449253,747.444394322943708,0.0145462604498334258,50.0801006763758494,515.59785562379011,536.660512652050897,-85.6474448590265922,0.00120622912308953234,-0.00144544521123533918,8.39156291684931823e-05,-0.00184364903598841119,0.181482893211593138,0.80526850101086922,0.0669017812875423584,1.94177911703013555e-05,0.186634157275155699,-5.53013728785438491e-05,0.944002066675493134,0.900411787091312865,0,0,0,5181.3651003356681,4646.92330679811403,548.79427359704323,461.881263181966858,0.00145105169974560637,1,-0.195698464969017411,-0.000116780389960555089,0.900411787091312865
58.39997664,58.3999766399955647,15945.0658752843738,15944.9979840618635,30.2685076909996127,120.055930173807113,11274.5008553596672,5381.90750873331945,749.149176154372071,0.71108957360877878,747.473148910584314,0.0130120022596997842,50.083726110960356,515.626096693554359,536.690273678624408,-85.543946301249477,0.00107584786817711874,-0.00144735680149046526,8.22695622719982699e-05,-0.0017273668807797004,0.181341665102671384,0.805278727506369085,0.0669040438886618904,1.73690403387332041e-05,0.186307506640097292,-4.52702678812758896e-05,0.943811532825763244,0.90000525567488332,0,0,0,5175.44194826113198,4646.7968669894226,548.790343373580072,461.850784854284029,0.0014506442370537788,1,-0.195777122773952456,-0.000220824234244467246,0.90000525567488332
58.4999766,58.4999765999955557,15953.6150958761573,15953.5471678867834,30.2686493571341444,120.05610004907885,11290.2055353774231,5398.2460862109865,749.177556242273795,0.711139948442815695,747.501267983497428,0.0113657152349446733,50.0885716609037104,515.653737544423052,536.719941284078004,-85.4396771045558694,0.000940700805431465706,-0.00142914334737683619,7.91598861236882936e-05,-0.00162441205488992051,0.181201178447860101,0.805288699487616277,0.0669079879907462649,1.51709232887178719e-05,0.185984713052614797,-3.52914252452987567e-05,0.943638229744421464,0.899604054768969319,0,0,0,5169.58485455634309,4646.67056309594318,548.786417378348233,461.820343543740762,0.00145023735662103289,1,-0.195860604364715779,-0.000311046293232818821,0.899604054768969319
58.59997656,58.5999765599955467,15962.153855483979,15962.0858907860656,30.2687910307219745,120.056269933896132,11305.9110419863246,5414.58553482535808,749.205388300899131,0.711189778446442711,747.528668397096908,0.00965022710511220794,50.0959448502294151,515.680801980743468,536.749479649219438,-85.3347553992845747,0.000803583648388740235,-0.0013936192082119464,7.47676583751103271e-05,-0.0015351572177874646,0.181063339828452019,0.805298275541569075,0.0669153621405747523,1.28806162583327385e-05,0.185668431307909915,-2.55659961471573018e-05,0.943513886767036625,0.899208197668845299,0,0,0,5163.79377121752623,4646.54439363155234,548.782495565151294,461.789939506638916,0.0014498310615404849,1,-0.195943096195594996,-0.00038672801166777333,0.899208197668845299
58.69997652,58.6999765199955377,15970.6820985227823,15970.614097162188,30.2689327116070501,120.056439828211097,11321.6173578856869,5430.92584997150698,749.232673272407283,0.711239064299247992,747.555289236333124,0.00790662785573204019,50.1067677183958153,515.707305535225487,536.778842323633057,-85.2293863457046115,0.000667129089475815133,-0.00134599407107261512,6.92880472345515342e-05,-0.00145969888682936292,0.180929657710550834,0.805307334481599524,0.0669273992992799743,1.0552967239596195e-05,0.185360740942386137,-1.62744783708642022e-05,0.943461653001747891,0.89881776994506335,0,0,0,5158.06953366709877,4646.41835710188479,548.778577887586266,461.759572940808994,0.0014494253541216843,1,-0.196019894341460416,-0.000447477999587181634,0.89881776994506335
58.79997648,58.7999764799955287,15979.1997928991914,15979.1317549191735,30.2690743996367928,120.056609731959924,11337.3244661611734,5447.26702550881055,749.259409705409212,0.711287804473159868,747.581100556694082,0.00617332399161796275,50.1214633109439944,515.733258138101405,536.807976371998166,-85.123828632145532,0.000533769932671237244,-0.00129290330198683222,6.29249371169977124e-05,-0.00139787530456008486,0.180801045357510792,0.805315776445840958,0.0669446650108158903,8.23923451840933279e-06,0.185062859391155687,-7.5730207204456748e-06,0.943493196859154892,0.898432907569886474,0,0,0,5152.41347822338503,4646.29245198890567,548.774664298542575,461.729243960434076,0.00144902023555521257,1,-0.196088021813016322,-0.000493215912319908394,0.898432907569886474
58.89997644,58.8999764399955197,15987.706933464855,15987.6388588992431,30.2692160946610329,120.056779645061781,11353.0323501658131,5463.6090536598349,749.285595496455016,0.711335996894876477,747.606107100331201,0.00448531600795831764,50.1399264523511192,515.758667943024079,536.8368276322567,-85.0183553448719067,0.000405709125407291622,-0.00124129526353999832,5.5885410684727468e-05,-0.00134928778888297458,0.18067772885868208,0.805323523412355469,0.0669670182767762578,5.98612336196489133e-06,0.18477502035180865,4.08596571747707953e-07,0.943607767979057765,0.898053762627287422,0,0,0,5146.82724720076749,4646.16667674279597,548.770754749939101,461.698952583753965,0.00144861570574968796,1,-0.196146537372781565,-0.000524151751937246236,0.898053762627287422
58.9999764,58.9999763999955107,15996.2035414390266,15996.1354303464104,30.2693577965320486,120.056949567419153,11368.74099352351,5479.95192504177976,749.311229448831796,0.711383640424126495,747.630346346529564,0.00287372122130591379,50.1615768455280886,515.783544912758089,536.865345607132667,-84.9132154621942163,0.000284896209079752132,-0.00119735521426039284,4.83745009442060534e-05,-0.00131332489643395879,0.180559266163574067,0.805330519044762938,0.0669936825612462983,3.83515034657464178e-06,0.184496494657306415,7.56735906491684319e-06,0.943793213169013989,0.897680471759738197,0,0,0,5141.31229398701271,4646.04102978154788,548.766849192683367,461.668698735121325,0.00144821176336059568,1,-0.196196512685188673,-0.000540761331874254052,0.897680471759738197
59.09997636,59.0999763599955017,16004.6896603964269,16004.6215128160693,30.2694995051053617,120.05711949891969,11384.4503802187573,5496.29562884421193,749.336312460134195,0.711430735970347228,747.653881647595085,0.00136552435577641518,50.1854802385227572,515.807903611054826,536.893487396700834,-84.8086017732234438,0.000173009724248639315,-0.00116562610089927668,4.05905436688622719e-05,-0.00128918875962931966,0.180444665863139619,0.805336727972007504,0.0670234078452204007,1.82231173515939658e-06,0.184225762961522488,1.38261020850369547e-05,0.944028644969275521,0.897313128274882965,0,0,0,5135.86959586875491,4645.91550949758948,548.762947576861848,461.638482259288367,0.00144780840598230948,1,-0.196240706285055605,-0.000543758623493947098,0.897313128274882965
59.19997632,59.1999763199954927,16013.1653494238853,16013.0971653936012,30.2696412202413754,120.057289439438946,11400.1604947746346,5512.64015309290698,749.36084843355718,0.711477287339493447,747.676792090879189,-1.64907625617161102e-05,50.2105141753468445,515.831765110253514,536.921220568310332,-84.7046296545080963,7.14452197012266577e-05,-0.0011484445829684567,3.27213411027578631e-05,-0.00127592299316273789,0.180332580246604229,0.805342134681407806,0.0670546922970040177,-2.20064373474914473e-08,0.183960803856103305,1.91317380885629587e-05,0.944288229608186813,0.896951778971826763,0,0,0,5130.4996125837315,4645.79011426996385,548.759049852115368,461.608302945774085,0.00144740563047438811,1,-0.196283006485510697,-0.000534065673269986871,0.896951778971826763
59.29997628,59.2999762799954837,16021.6306748464704,16021.5624544183265,30.2697829418068309,120.057459388843611,11415.8713224194962,5528.98548496017156,749.384839399212865,0.711523296579627762,747.699155459674557,-0.00125368856697605224,50.2355496108252453,515.855153580117758,536.948520343068481,-84.6013284143536737,-1.86913471771246354e-05,-0.00114574862284111921,2.49412079540221567e-05,-0.00127244161945041286,0.180221537765682366,0.805346741934825916,0.0670860256336501815,-1.67295693889634591e-06,0.183696777895665853,2.34531110248260013e-05,0.944545614898646746,0.896596473064102839,0,0,0,5125.20267235518986,4645.66484247437074,548.755155967973451,461.578160558325067,0.00144700343335542217,1,-0.196327745103805074,-0.000512780726453236982,0.896596473064102839
59.39997624,59.3999762399954747,16030.0857018381357,16030.0174450529394,30.2699246696758308,120.057629346994162,11431.5828491971843,5545.3316110204878,749.408291488843929,0.711568769630649189,747.72104280954386,-0.00233146596218603008,50.2596208362193977,515.878099811595689,536.975373851793051,-84.4986474439298547,-9.65849220810596277e-05,-0.00115527586105262925,1.74088450926231458e-05,-0.00127755843328733682,0.180110177157668194,0.805350569141188966,0.0671161158329335455,-3.11107574958622999e-06,0.183434555634770152,2.67788588514223538e-05,0.94477743388258173,0.896247221156801221,0,0,0,5119.97898314395388,4645.53969247492023,548.751265873598868,461.54805486478773,0.00144660181120185097,1,-0.19637899437943146,-0.000481145239052030438,0.896247221156801221
59.4999762,59.4999761999954657,16038.5304872095585,16038.4621941056685,30.2700664037322262,120.057799313749413,11447.2950622308254,5561.67851768797027,749.431218816341357,0.711613719989825699,747.742513494719105,-0.00323911650212949098,50.2820568260174241,515.900642684879699,537.001782103374467,-84.3964738887096075,-0.000161707459913163355,-0.00117307816443712573,1.02659000116744478e-05,-0.00129001627495739968,0.179997445950425217,0.805353650677180233,0.0671440644005902587,-4.32209977488723558e-06,0.183172787967971096,2.91155327451794277e-05,0.944967081668282805,0.895903850946685565,0,0,0,5114.82652682468233,4645.41466266269072,548.747379518867433,461.517985662788135,0.001446200760990362,1,-0.19643995994716057,-0.000440510412493855556,0.895903850946685565
59.59997616,59.5999761599954567,16046.9650743529201,16046.8967449794327,30.2702081438705797,120.057969288969417,11463.007949833378,5578.0261914952298,749.453636018109933,0.71165816161569051,747.76360247869286,-0.00396969669628788324,50.3025579180077216,515.922821003112176,537.027751780692256,-84.2946569304084221,-0.000213808951313927085,-0.00119423967964896877,3.63603921341849298e-06,-0.0013085157410959768,0.179882737247964608,0.805356033594790355,0.0671694695214237469,-5.29678756033217882e-06,0.182910547180581473,3.04860531787351844e-05,0.945106512869834603,0.895566174438887197,0,0,0,5109.7430731318409,4645.28975147759775,548.743496855160856,461.487952797732078,0.00144580028033746951,1,-0.196512550756266668,-0.000392303823279075868,0.895566174438887197
59.69997612,59.6999761199954477,16055.3894909024239,16055.3211253032932,30.2703498899960621,120.058139272517238,11478.7215014913982,5594.37461926433843,749.475558515461785,0.711702109170838537,747.784319500798574,-0.00451989590118273554,50.3212112370254658,515.944672246431992,537.053294102433597,-84.1930369730401651,-0.000252903632451031719,-0.00121369492446336282,-2.37562790089605218e-06,-0.00133174271111022703,0.179765949567266325,0.805357776071228271,0.0671924465884763261,-6.03074489869023248e-06,0.182647647452755968,3.09284083072149083e-05,0.945196775849525883,0.89523398303131696,0,0,0,5104.72614603296279,4645.16495741239305,548.739617835489753,461.457956171135152,0.00144540036760987321,1,-0.196597175196070478,-0.000337996912797254795,0.89523398303131696
59.79997608,59.7999760799954387,16063.8037492595613,16063.7353474718038,30.2704916420233161,120.058309264259435,11494.4357077424684,5610.72378815334287,749.497000134384848,0.711745575763115812,747.80464963357349,-0.00488989601763023529,50.3384462706127067,515.966227840485544,537.078419929547636,-84.0914733016133198,-0.000279251806713043209,-0.00122700765097786255,-7.68288625610503534e-06,-0.00135839435302340453,0.179647464945912161,0.805358945122491066,0.0672135689384639051,-6.52423694396130617e-06,0.182384598273234971,3.04944381299779761e-05,0.945247133917275661,0.894907095363638661,0,0,0,5099.77356545007751,4645.04027901216705,548.735742414508195,461.427995738751861,0.00144500102189872026,1,-0.196692781817069895,-0.000279073768223758603,0.894907095363638661
59.89997604,59.8999760399954297,16072.2078496851027,16072.1394117568125,30.2706333998748001,120.058479264065909,11510.150559991218,5627.07368564131684,749.517973320192027,0.711788573157677518,747.824559710481367,-0.00508320036954046373,50.3549421407054467,515.987512310514262,537.103138802029662,-83.9898671959220593,-0.000293337875290741539,-0.00123099586535870172,-1.22185636133488567e-05,-0.00138720306164714447,0.179528055975079953,0.805359615058161338,0.0672337437752469347,-6.78195927318730312e-06,0.182122474737200668,2.92485250390850187e-05,0.945273018814283605,0.894585353763732494,0,0,0,5094.88337680926361,4644.91571486798421,548.731870548312259,461.398071499566186,0.00144460224287215437,1,-0.196797116502892777,-0.000217001888105304228,0.894585353763732494
59.999976,59.9999759999954208,16080.6017853319645,16080.5333113005272,30.2707751634783726,120.058649271808974,11525.866050239134,5643.42429943960269,749.538488082634899,0.71183111078875716,747.844005575598999,-0.00510641281209700537,50.3715040054420626,516.008541171378738,537.127456560907149,-83.8881765248901274,-0.000295845304164292261,-0.00122411976713304727,-1.59344848926486573e-05,-0.00141695807975889465,0.179408740271945782,0.805359865554008181,0.0672540469519572887,-6.81274263206819597e-06,0.181862711131678567,2.72660522823905746e-05,0.945293200081028906,0.894268646485077645,0,0,0,5090.05428123849379,4644.79126360702958,548.728002194157511,461.368183477870957,0.00144420403053594848,1,-0.196907143608193558,-0.000153205275866988766,0.894268646485077645
