Time,/fdm/jsbsim/simulation/sim-time-sec,/fdm/jsbsim/position/h-sl-ft,/fdm/jsbsim/position/h-agl-ft,/fdm/jsbsim/position/lat-geod-deg,/fdm/jsbsim/position/long-gc-deg,/fdm/jsbsim/position/distance-from-start-lat-mt,/fdm/jsbsim/position/distance-from-start-lon-mt,/fdm/jsbsim/velocities/vtrue-fps,/fdm/jsbsim/velocities/mach,/fdm/jsbsim/velocities/u-fps,/fdm/jsbsim/velocities/v-fps,/fdm/jsbsim/velocities/w-fps,/fdm/jsbsim/velocities/v-north-fps,/fdm/jsbsim/velocities/v-east-fps,/fdm/jsbsim/velocities/v-down-fps,/fdm/jsbsim/velocities/p-rad_sec,/fdm/jsbsim/velocities/q-rad_sec,/fdm/jsbsim/velocities/r-rad_sec,/fdm/jsbsim/attitude/phi-rad,/fdm/jsbsim/attitude/theta-rad,/fdm/jsbsim/attitude/psi-rad,/fdm/jsbsim/aero/alpha-rad,/fdm/jsbsim/aero/beta-rad,/fdm/jsbsim/accelerations/Nx,/fdm/jsbsim/accelerations/Ny,/fdm/jsbsim/accelerations/Nz,/fdm/jsbsim/fcs/throttle-cmd-norm,/fdm/jsbsim/fcs/elevator-cmd-norm,/fdm/jsbsim/fcs/aileron-cmd-norm,/fdm/jsbsim/fcs/rudder-cmd-norm,/fdm/jsbsim/propulsion/engine/thrust-lbs,/fdm/jsbsim/propulsion/total-fuel-lbs,/fdm/jsbsim/inertia/mass-slugs,/fdm/jsbsim/atmosphere/T-R,/fdm/jsbsim/atmosphere/rho-slugs_ft3,/fdm/jsbsim/fcs/ap-master-on,/fdm/jsbsim/fcs/ap-elevator-cmd,/fdm/jsbsim/fcs/ap-aileron-cmd,/fdm/jsbsim/fcs/ap-throttle-cmd
0,0,15000.0636124052107,14999.9999999973352,30.1668037799984781,119.999999999999986,0,0,898.500000000000227,0.849762754674277976,898.500000000000227,1.1368683772161603e-13,-1.1368683772161603e-13,898.500000000000455,1.63563607102901238e-13,-2.13440376484186395e-13,0,0,0,2.77555756156289135e-17,2.77555756156289135e-17,3.85185988877447171e-34,-1.26529591231626056e-16,1.26529591231626056e-16,-0.470222001299491543,-9.04328082356514282e-16,0.207149348918260118,0,0,0,0,0,7000,621.929804358786214,465.215819289509739,0.00149616279178179951,0,0,0,0
0.09999996,0.0999999599999999988,14999.9417753592134,14999.8781628449487,30.1670504346302977,120.000000001033214,27.342963470752693,9.95249927895554173e-05,896.901876779696067,0.848250922746822345,896.896340217514535,0.00639755378480477699,3.15141784611546427,896.898749888905513,0.00650731670141263367,2.36832774633039911,-1.06782132700995126e-05,0.0174659348471330224,4.39651867252614906e-06,-2.78869348845046892e-07,0.000873109813459180175,1.21400640589265926e-07,0.00351367793102645883,7.1329472604397768e-06,-0.530038809231881736,-5.04910332628909445e-05,0.314555746507134082,0,0,0,0,0,4700,550.443619949730305,465.216253155583502,0.00149616873021062046,0,0,0,0
0.19999992,0.199999919999999998,14999.6022602953017,14999.5386485942672,30.1672967272770833,120.000000004100386,54.6458000227248561,0.000394967059956349267,896.091316968189176,0.847483229168894958,896.064540363348101,0.0118918239871763191,6.92731605962245567,896.080681979120754,0.0128739045396630246,4.36572604268032372,-4.19576310383679813e-05,0.0195100137089491664,1.6817865607405339e-05,-2.65500271618005474e-06,0.00285868378179650242,1.07544837076723548e-06,0.00773066865992831295,1.32707724785905103e-05,-0.212952935667950899,-9.17329304123114535e-05,0.418820711359986442,0,0,0,0,5449.6857090665153,4699.98350407271937,550.443161209549089,465.217462180883047,0.00149618527852448074,0,0,0,0
0.29999988,0.299999880000000108,14999.0790911838412,14999.0154810768636,30.1675428181410652,120.000000009165149,81.9262689124229837,0.000882823240658688318,895.238237142996127,0.846674728983638381,895.179650760025424,0.015924770427124868,10.2417700843186026,895.217796369396865,0.0191485879507867253,6.04962310826423266,-8.35519452203946984e-05,0.0163381238821966868,3.37818852804984857e-05,-8.70032284351140155e-06,0.00468291460385031506,3.50161807619238743e-06,0.0114405228475013328,1.77883045733010143e-05,-0.302172020817813969,-0.000116134241932058029,0.510529490048320378,0,0,0,0,3860.93193325701168,4699.96116266572335,550.442474012059733,465.219325204898894,0.00149621077860092916,0,0,0,0
0.39999984,0.399999840000000439,14998.4010030142963,14998.3373951510621,30.1677886351131441,120.000000016204453,109.17637646460895,0.00156087184658265134,894.127670799751513,0.845622212360746306,894.033984025351742,0.0182418416800325597,12.9432130779448471,894.096435130911232,0.0253684250315236517,7.47366927471662024,-0.000126813548265480793,0.0116735757276664187,5.19235299668660165e-05,-1.90338464503933845e-05,0.00611759224767990939,7.69517017797488342e-06,0.0144763053253587921,2.04018310550456929e-05,-0.373892043532047358,-0.000123858365331409322,0.584657475708915797,0,0,0,0,2572.45638794040269,4699.93604348317058,550.441700478667713,465.221739901389583,0.00149624383016994729,0,0,0,0
0.4999998,0.499999800000000771,14997.5910348892212,14997.5274298349268,30.1680341151768339,120.000000025205907,136.389136964021446,0.0024279178435379729,892.817768734431297,0.844380753532789186,892.692120731846444,0.0188811041848004693,14.9781639298934124,892.775404445058257,0.031563356238826494,8.69737832023901447,-0.000164764481237839912,0.00599631245248041008,6.84165337134145856e-05,-3.3482388916530649e-05,0.00703542234457882679,1.36436860733283567e-05,0.0167770704523673639,2.11477692843991958e-05,-0.427220883191503809,-0.000117397997180421801,0.639749987030618916,0,0,0,0,1605.22479802943553,4699.90814652506288,550.440840609373367,465.224624227376125,0.00149628331060465804,0,0,0,0
0.59999976,0.599999760000001103,14996.6695574782789,14996.6059557031695,30.168279209580561,120.000000036164678,163.559146038887775,0.00348349443375535516,891.350574077021861,0.842990183931284109,891.205465194812177,0.0181154683185178744,16.0830465448776749,891.297636207534993,0.0377506875604794248,9.7143282414691452,-0.000180917275855641473,-0.00516955831679611569,8.13880180138744911e-05,-5.08199798982585799e-05,0.00714578308982730635,2.11129014507596097e-05,0.0180444370902195263,2.03236177174432484e-05,-0.468538985716571488,-0.000100797202313904146,0.693722034862360615,0,0,0,0,935.677375198488676,4699.87747179139933,550.439894404176471,465.227905642262272,0.00149632822733111628,1,0.0197830916106977103,6.18811020968300672e-05,0
0.69999972,0.699999720000001435,14995.6492102481425,14995.5856121803117,30.1685238843636405,120.000000049081294,190.682638962192527,0.00472765087850103224,889.793683202778766,0.841514476293384384,889.646881321937826,0.0163795964109265738,16.1624550556433633,889.729399638038558,0.0439491455935107425,10.6954268627137505,-0.000179381026756685134,-0.0153947416551525589,8.96762364888342933e-05,-6.89242395690293206e-05,0.00614486084665774677,2.97343937306097343e-05,0.0181652716478592664,1.84083082641067023e-05,-0.491260956760030398,-7.8657953680717394e-05,0.690674033467871373,0,0,0,0,501.691060816368008,4699.85168197662369,550.439061631460731,465.231539136541983,0.001496377964600991,1,0.0164613199298461466,8.48339637536756931e-05,0
0.79999968,0.799999680000001767,14994.5285722985864,14994.4649783565255,30.1687681206576634,120.00000006396148,217.757524065146157,0.00616093743444455413,888.188816114365636,0.839993084880502949,888.053409214903468,0.0141554177065156619,15.5085541573008072,888.111324759921786,0.0501716300485108221,11.7322370681737365,-0.000161534200839532656,-0.0225189733053575668,9.31873604320857625e-05,-8.61217576247163923e-05,0.00425220707011655843,3.90498211852543769e-05,0.0174617626713526423,1.59373969253990464e-05,-0.503985163076765663,-5.56283145474706676e-05,0.663627569716604415,0,0,0,0,236.171245740915396,4699.83291190869204,550.438475266073397,465.235529770197616,0.00149643259204859853,1,0.0103160759839831025,0.000107052938118359936,0
0.89999964,0.899999640000002099,14993.2990530319512,14993.2354636816417,30.1690119088376107,120.000000080814146,244.782734358670155,0.00778421097448516678,886.564758341523998,0.838453207885588303,886.446172020271206,0.0118804500912543139,14.5001621586582132,886.471208224497786,0.0564251696168507413,12.8788407228573067,-0.000130084462958223037,-0.0255773157627394894,9.25636892509126526e-05,-0.000100901229476897,0.00182898507035112378,4.85990238033793184e-05,0.0163561754157423613,1.34005440435443953e-05,-0.509716809324066822,-3.52499034698618112e-05,0.624378466645291064,0,0,0,0,86.3875489700118067,4699.81415846178606,550.43789239113255,465.239908134789061,0.00149649252886749763,1,0.00239017976378756453,0.000126688263262357786,0
0.9999996,0.999999600000002431,14991.9485484808683,14991.8849642350251,30.1692552453270082,120.000000099649284,271.757873365023727,0.0095984323985118733,884.937008033761572,0.836909465761864091,884.83358976462614,0.00989247786285766748,13.5287292134153745,884.823838231339209,0.0627096880320197891,14.1520158564712091,-8.9123146597974503e-05,-0.0243693981871725904,8.88765203922917797e-05,-0.000112086409876222613,-0.000704416346871565677,5.79785729695658694e-05,0.0152883833854588497,1.11787367612116982e-05,-0.513412419402599407,-1.9836963041695636e-05,0.584157495184232656,0,0,0,0,15.896512088837957,4699.79540501488009,550.437309516191817,465.244717333146923,0.00149655836562274372,1,-0.00607797819661817264,0.00014226569991573524,0
1.09999956,1.09999956000000143,14990.4649793207645,14990.4014007428323,30.169498127261555,120.000000120475605,298.682623558151874,0.0116044394088432139,883.296218630202134,0.835352982850821713,883.201380887078585,0.00840941663173232212,12.9433602612697882,883.15961517624487,0.0690165765815968918,15.5338084471624125,-4.33084433706325386e-05,-0.0193328835693519392,8.33468952714085055e-05,-0.000118935789379159585,-0.00293308946742024427,6.6882282792095338e-05,0.0146540008241385685,9.52049431944870298e-06,-0.521841062681574597,-1.04809230007899712e-05,0.554620751762430197,0,0,0,0,0,4699.77665156797411,550.436726641251084,465.250000380384108,0.00149663069180792029,1,-0.0138454550716318927,0.000152814138589701026,0
1.19999952,1.19999952000000043,14988.8398346938193,14988.7762623961007,30.1697405488784938,120.000000143297925,325.556346097461017,0.0138026946506712121,881.637254763017609,0.833778877995293266,881.541738496488051,0.00753570060288314032,12.9773733040444768,881.473852158668137,0.0753310141486685375,16.9732516586263138,2.81679162951250649e-06,-0.011865287806892633,7.7140575083099695e-05,-0.000121168626547564403,-0.00453299736500101767,7.51274275386281315e-05,0.0147201605980550598,8.54739357061366337e-06,-0.528917371806793879,-7.14361215018815473e-06,0.543997696932937425,0,0,0,0,0,4699.75789812106814,550.436143766310238,465.255787584203915,0.00149670992308678576,1,-0.0199213693307860144,0.000157905947379561126,0
1.29999948,1.29999947999999943,14987.0706017501652,14987.0070363378582,30.1699825047204513,120.000000168115989,352.378435999962278,0.0161931721053567776,879.961940330511425,0.832188870966974581,879.855193032959278,0.00728115861826180745,13.706045022443277,879.76945782518078,0.0816361900365684262,18.4040985587028061,4.53165305830543374e-05,-0.00370983452280394333,7.12481170718350478e-05,-0.000118932566810433813,-0.00533982440359754076,8.26636291080181122e-05,0.0155763546622016517,8.27440174925077704e-06,-0.534936148049466098,-9.16717985677224234e-06,0.55506508414740241,0,0,0,0,0,4699.73914467416216,550.435560891369391,465.262087893201056,0.00149679618281908094,1,-0.0237787656955954496,0.000157627034312144082,0
1.39999944,1.39999943999999843,14985.1614912524819,14985.0979333148953,30.170223990005681,120.000000194924411,379.148363178200668,0.0187753516211843392,878.271236887483951,0.830583887457440939,878.142277516520494,0.00758221448086830729,15.0501137696458613,878.048901325908218,0.0879171019759066169,19.7606913534173998,8.11677667378776199e-05,0.00343488175363841066,6.64286931455734716e-05,-0.000112730307109499045,-0.00536452668767599394,8.95602548274160347e-05,0.0171369046370959711,8.63311259951218817e-06,-0.539851429728284926,-1.5415356266939087e-05,0.585697306107530458,0,0,0,0,0,4699.72039122725619,550.434978016428659,465.268886312938946,0.00149688926662575527,1,-0.0254093641422115761,0.000152496611003460214,0
1.4999994,1.49999939999999743,14983.1226578615606,14983.0591079540936,30.1704650006264181,120.000000223713798,405.865672258016161,0.0215483270548237141,876.565921926248961,0.828964697866251488,876.404738420379545,0.00832136216473909618,16.809220311357592,876.314527573818282,0.0941642134808233916,20.991793124723511,0.000108417107037922297,0.00825770260368401295,6.31881615154363798e-05,-0.000103321191828648475,-0.00477265913914827391,9.59770718574747022e-05,0.0191773947217323479,9.49313902892543889e-06,-0.543774591259884366,-2.44595551599857118e-05,0.629869651121865104,0,0,0,0,0,4699.70163778035021,550.434395141487926,465.276146682522494,0.00149698868032921277,1,-0.0252702496516373325,0.000143355090250737749,0
1.59999936,1.59999935999999643,14980.9682502932847,14980.9047089057385,30.1707055330419536,120.000000254472965,432.529970726194904,0.0245110198087654142,874.846473923247117,0.827331802230456992,874.646234936592577,0.00934562975304757335,18.7167454393306798,874.568045364667228,0.100375158480154186,22.069818481163523,0.000126214352887985795,0.0100670664190288146,6.17706303341095607e-05,-9.16115923317845744e-05,-0.00383380114881220471,0.000102124537960136222,0.0213959524568615271,1.06825940685511001e-05,-0.547002795818372634,-3.47492570609984392e-05,0.679360451479650185,0,0,0,0,0,4699.68288433344424,550.433812266547079,465.28381861804786,0.00149709373494986519,1,-0.0241396238687334314,0.000131236403472242827,0
1.69999932,1.69999931999999543,14978.7138317115605,14978.6502992666628,30.1709455840515872,120.000000287191,459.140903765384962,0.0276623773088967989,873.11302980218818,0.825685381723933354,872.872278966722661,0.0104864438034998689,20.5023733219127848,872.810187562790361,0.106554253905465704,22.9940849601596753,0.000134737436328946777,0.00886862022968220275,6.21612764472398319e-05,-7.85464529334243579e-05,-0.00285471255123981218,0.000108222179737565429,0.0234840819708170452,1.20104080981677504e-05,-0.549993187329281041,-4.47847673838173353e-05,0.725712518920142435,0,0,0,0,0,4699.66413088653826,550.433229391606233,465.291846698674021,0.00149720367243459229,1,-0.0229210821004300555,0.000117239519541350635,0
1.79999928,1.79999927999999443,14976.3737785816193,14976.3102554528796,30.1711851505111284,120.000000321859119,485.698122815670388,0.0310015523161290101,871.365420720542375,0.824025324257286695,871.088950362942569,0.0115815004333955432,21.9485044807989311,871.040647425142083,0.112710367723815583,23.7881116747509473,0.000135018173094934261,0.00528956368767493842,6.41097241994075472e-05,-6.50131700291950107e-05,-0.00211190637514141249,0.000114462999213999753,0.0251912981147632623,1.32912095870864999e-05,-0.553256649042876858,-5.32930969800242372e-05,0.762013582984945703,0,0,0,0,0,4699.64537743963228,550.4326465166655,465.300179729409535,0.0014973177924746141,1,-0.0224427568168389761,0.000102412720917935369,0
1.89999924,1.89999923999999343,14973.9591990485787,14973.8956855397391,30.1714242290699559,120.000000358471809,512.201256439862163,0.0345280124271932637,869.60326865697732,0.822351309309512279,869.300915295969389,0.01249621758457619,22.9295304865489697,869.258282608465493,0.118854134334344302,24.4922213968653573,0.000128687266689578674,0.000382566868634687219,6.71825968062814182e-05,-5.17671667119827138e-05,-0.00179768530274155322,0.000120989263411108033,0.0263708626097228192,1.43700214056296353e-05,-0.557206869201185451,-5.93803156036365787e-05,0.78414771805731609,0,0,0,0,0,4699.62662399272631,550.432063641724767,465.308778153859237,0.00149743555403133587,1,-0.0232935345027610839,8.76622316655176767e-05,0
1.9999992,1.99999919999999243,14971.4767415635288,14971.4132379714738,30.1716628159915814,120.000000397026753,538.649890420996257,0.0382415332270431563,867.826118226347717,0.820662928946703785,867.509832320039322,0.0131404275608352217,23.4278067944326835,867.461501267495009,0.124995465569618103,25.1535220334725054,0.000117673820972549298,-0.00463671399161050875,7.08435059768899427e-05,-3.9385473073523785e-05,-0.00198932992538018369,0.000127881550805134241,0.0269992488901424875,1.51417747004360625e-05,-0.56203621332331466,-6.26230175178747511e-05,0.791323302501783621,0,0,0,0,0,4699.60787054582033,550.43148076678392,465.317618296770718,0.00149755663348180861,1,-0.0257261581060233488,7.36932833106796451e-05,0
2.09999916,2.09999915999999409,14968.9284374974668,14968.864944102399,30.1719009070917465,120.00000043752442,565.043560905537106,0.0421421585905802781,866.033573356000375,0.81895981672102891,865.713978305986984,0.0134764028669832892,23.5256830670348904,865.648708166467031,0.131141922135209865,25.8156354035000426,0.000103907734306851699,-0.00865690817048401194,7.45465442804355146e-05,-2.82503590673126725e-05,-0.00264525901610708969,0.000135159803664390555,0.0271682047193058246,1.55610628526839159e-05,-0.567675287663921946,-6.30734719967961235e-05,0.785856829650002475,0,0,0,0,0,4699.58911709891436,550.430897891843074,465.326692924510269,0.00149768093235554296,1,-0.0296398741551786478,6.0986666534351301e-05,0
2.19999912,2.19999911999999576,14966.3124922662973,14966.2490093624547,30.1721384977934797,120.000000479967298,591.381760506507248,0.0462301267654477224,864.225408912369971,0.817241755850275475,863.909155548445597,0.0135167329194260805,23.377942309421428,863.81869741391688,0.13729804794259759,26.5103103928086234,8.90736404565768979e-05,-0.010887440215283083,7.78228540341769704e-05,-1.85603609684956287e-05,-0.00362599338935613901,0.000142793171027965959,0.0270540464530753776,1.56402864120692791e-05,-0.573844294174970404,-6.11791841875764506e-05,0.772346695904531755,0,0,0,0,0,4699.57036365200838,550.430315016902341,465.336008427848355,0.00149780853881017009,1,-0.0346374691483937874,4.98081555319817654e-05,0
2.29999908,2.29999907999999742,14963.6247551999986,14963.5612830857117,30.1723755832746363,120.000000524358754,617.663954656631404,0.0505057608676642428,862.401637742016987,0.815508747319558358,862.090261958774022,0.013313560797773627,23.1725017793649499,861.97092179896697,0.143465443362371076,27.2524158712373357,7.44509975459849095e-05,-0.010985615831237236,8.03421136830141853e-05,-1.03620384867804097e-05,-0.00473290231871213631,0.000150714790704683621,0.0268729673404983667,1.54377730927792314e-05,-0.580158678486448087,-5.76429329759147607e-05,0.756478398397445462,0,0,0,0,0,4699.55161020510241,550.429732141961608,465.345579587701877,0.00149793965598468302,1,-0.0401368377479084937,4.02432851091913768e-05,0
2.39999904,2.39999903999999908,14960.8604911826551,14960.7970301846763,30.1726121586679668,120.000000570702284,643.889603790552087,0.0549693963356654991,860.56252305932162,0.813761027180737506,860.252734659300359,0.0129427932648054494,23.088708017228214,860.105604928628509,0.149643239152211782,28.0389384871165959,6.08523698237984495e-05,-0.00907849884771399357,8.19395766719332173e-05,-3.59347548313547581e-06,-0.00575486711511035125,0.000158838025336926797,0.026833005526042196,1.50399220492212844e-05,-0.586236983914558585,-5.32622034892833452e-05,0.743747715591279612,0,0,0,0,0,4699.53285675819643,550.429149267020762,465.355423266248636,0.0014980745156049826,1,-0.0455083164676790136,3.22470079610690782e-05,0
2.499999,2.49999900000000075,14958.0160599984229,14957.9526104611523,30.1728482192699019,120.000000619000787,670.058186484137423,0.0596213111228752063,858.70853917920499,0.811999034647835516,858.393404170276654,0.0124874316046660883,23.2619599413334299,858.223694186027274,0.15582868734776037,28.8517194356349798,4.86497633793747696e-05,-0.00568713797010201357,8.26096169263863681e-05,1.86971676721472371e-06,-0.00651250610767447301,0.000167071532146350422,0.0270927851684629462,1.45421071706615434e-05,-0.591776226973688035,-4.87845480723766867e-05,0.738370404082056342,0,0,0,0,0,4699.51410331129046,550.428566392079915,465.365552426695956,0.0014982132960591778,1,-0.0502070423573832206,2.56972686925637173e-05,0
2.59999896,2.59999896000000241,14955.0901740044355,14955.0267362699724,30.1730837607166862,120.000000669256124,696.169218987217732,0.0644616832665717981,856.840293628551194,0.810223342297906157,856.510770020285236,0.01202336350130008,23.7610917290971315,856.326674090292727,0.162017708523794629,29.6629376886198592,3.78639084965252151e-05,-0.00157962245299559626,8.24742370513429073e-05,6.17359936775378435e-06,-0.00689128147648755511,0.000175331493584172888,0.0277346179787250346,1.40322106594427982e-05,-0.596589164948387762,-4.48028612681447162e-05,0.742576807019774021,0,0,0,0,0,4699.49534986438448,550.427983517139182,465.375971654639329,0.00149835606101376365,1,-0.0538741127589238075,2.04432043271661187e-05,0
2.69999892,2.69999892000000408,14952.084528747946,14952.0211031619292,30.1733187790940462,120.000000721468595,722.222267374036846,0.0694905402447617004,854.958429913077111,0.80843456599149266,854.604973503448491,0.0116095302157845914,24.5816193083973076,854.416279543651058,0.168205344383196953,30.4419124013897644,2.82858979679879085e-05,0.00240934453979923038,8.17379932880561152e-05,9.45540125547465961e-06,-0.0068580422223159616,0.000183550155875461643,0.0287557926984532732,1.35790581272140964e-05,-0.600616226572320278,-4.1699571286444815e-05,0.756387890603844815,0,0,0,0,0,4699.4765964174785,550.42740064219845,465.386674912390674,0.00149850272860043831,1,-0.0563896074737541761,1.63416919159184693e-05,0
2.79999888,2.79999888000000574,14949.0037512145936,14948.9403380957374,30.1735532709613992,120.000000775636948,748.21695023298048,0.0747077603466780316,853.063532773824136,0.806633275019071894,852.677689627787231,0.0112830182984869354,25.6544037597771535,852.494169295432926,0.174386126616108306,31.1617049489627327,1.96029001615274906e-05,0.00555241342063608149,8.06400826324728454e-05,1.18255022122507401e-05,-0.00645950356488754571,0.000191680469156680256,0.0300777976428772374,1.32264689150736659e-05,-0.603924458082167992,-3.96369472127926624e-05,0.777860309240588021,0,0,0,0,0,4699.45784297057253,550.426817767257603,465.397645723253675,0.00149865307388684257,1,-0.0578721255685977903,1.32793768086275023e-05,0
2.89999884,2.89999884000000741,14945.8547534532845,14945.7913530894348,30.1737872332887953,120.000000831758172,774.152931669248915,0.0801130521431838716,851.156055201546224,0.804819920996407534,850.731940477684361,0.011058657371702918,26.8662545777648347,850.561631486919168,0.180554392024338706,31.8042253274512561,1.15064119106989986e-05,0.00736313952298865704,7.94117582560066647e-05,1.33615185094995013e-05,-0.00580494367800564719,0.000199697117589552173,0.0315696723504821919,1.29925144800802171e-05,-0.606694673638365156,-3.8583869350350808e-05,0.803695297151549082,0,0,0,0,0,4699.43908952366655,550.426234892316756,465.408859473284451,0.00149880676036601742,1,-0.0586307824094061958,1.11803944605021901e-05,0
2.9999988,2.99999880000000907,14942.6456877142191,14942.5823003581554,30.1740206633246402,120.000000889827362,800.029906649371242,0.0857059421700448187,849.23627790874059,0.802994796256838894,848.771685802091156,0.0109321464751687969,28.0870250730841917,848.619382845597897,0.186704568197373383,32.3630022781072597,3.76973884770766265e-06,0.00766714674377847166,7.82442937866283306e-05,1.41122055815891224e-05,-0.00503828261586282064,0.000207594585274363037,0.033079307593571125,1.28729150648054432e-05,-0.609190221115590513,-3.83665450080627939e-05,0.830046243509654391,0,0,0,0,0,4699.42033607676058,550.425652017376024,465.420287132089243,0.00149896339090794454,1,-0.0590844008325324688,1.0002310622637021e-05,0
3.09999876,3.09999876000001073,14939.3847552314401,14939.3213811076857,30.1742535584271252,120.000000949838011,825.847582307615994,0.0914858023051998009,847.304308697254214,0.801158029564265184,846.801110507544536,0.0108854563559241668,29.1971002263593959,846.667508092275398,0.192831442104469009,32.8433416963519846,-3.71066150138034141e-06,0.00660381650205032859,7.72700521176961558e-05,1.41078008435544428e-05,-0.00430623348739647173,0.000215383120078540462,0.0344656355128338462,1.28471627542649864e-05,-0.61170436800117356,-3.87301575791729397e-05,0.853340594948080677,0,0,0,0,0,4699.4015826298546,550.425069142435291,465.431899494808135,0.00149912256587831911,1,-0.059667478924611439,9.72417410704676659e-06,0
3.19999872,3.1999987200000124,14936.079123839736,14936.0157631422098,30.1744859158603163,120.00000101178199,851.605655345252785,0.0974518484020224784,845.359340952695334,0.799308881695329987,844.822958046133976,0.0108931606851411233,30.1095462518871386,844.704775125447782,0.198930228000429365,33.2598653485943601,-1.09085224241243443e-05,0.00456768598378960895,7.65568398937278123e-05,1.33731319536325541e-05,-0.00372922586273672545,0.000223083529788645386,0.0356249876341252769,1.28858346477443644e-05,-0.615224903660560929,-3.94089131804801666e-05,0.871315464758691816,0,0,0,0,0,4699.38282918294863,550.424486267494444,465.443671036542185,0.0014992839359725459,1,-0.0607428834573675719,1.03310059465657562e-05,0
3.29999868,3.29999868000001406,14932.7343038395047,14932.6709567326707,30.1747177320360649,120.000001075649692,877.303727990714833,0.103603153979428167,843.39784198813777,0.797444030678615245,842.835918834463428,0.0109284410683458677,30.7820349113355292,842.727047079390786,0.204996313054091384,33.6303726950772486,-1.7689065234582655e-05,0.00211892947640553598,7.61136064641649874e-05,1.19401837088679668e-05,-0.00337968377310372175,0.000230721693436720292,0.0365057526747631853,1.29576346115495403e-05,-0.619734598762657019,-4.0154451027985097e-05,0.883171520584841829,0,0,0,0,0,4699.36407573604265,550.423903392553598,465.455582134939675,0.00149944723270407291,1,-0.0625350895849823979,1.17986774725309599e-05,0
3.39999864,3.39999864000001573,14929.3538471832871,14929.2905138300739,30.1749490027445475,120.000001141430261,902.941333553166942,0.109938672123419276,841.420316657912622,0.795563966108950971,840.840740396709862,0.0109679381553694777,31.2249652284663739,840.734041112042291,0.21102684237791991,33.9761237725855878,-2.38474126955816242e-05,-0.000168327754984020196,7.59046817677146407e-05,9.85772788608255291e-06,-0.00327211845393974264,0.000238323533415630732,0.0371183532336919822,1.30350289130696057e-05,-0.624358256534855327,-4.07703949093320397e-05,0.888243453408099626,0,0,0,0,0,4699.34532228913667,550.423320517612865,465.467620141419161,0.00149961228312274074,1,-0.0650979047770457175,1.40820927571064866e-05,0
3.4999986,3.49999860000001739,14925.9392422512174,14925.8759227856517,30.1751797238188786,120.000001209112128,928.518010108478165,0.116457287499967019,839.427721388334021,0.793669598157606515,838.836799749645024,0.0109946717585837905,31.4916290480767316,838.725975548002907,0.217019999510326606,34.3160380429034362,-2.91543542224595908e-05,-0.00181509428123181014,7.58675109809135712e-05,7.19666657012133294e-06,-0.00336727333034604354,0.000245911017473354006,0.0375243989692902458,1.30978182859079341e-05,-0.629083625087955456,-4.11490619936080368e-05,0.887993258829016696,0,0,0,0,0,4699.3265688422307,550.422737642672018,465.479779755891514,0.00149977901499133664,1,-0.0683241674073922778,1.71083708515547395e-05,0
3.59999856,3.59999856000001905,14922.4903790615499,14922.4270736302606,30.1754098911498545,120.000001278683357,954.033302119209338,0.123157849205427813,837.420778023833236,0.791761610284209438,836.82198801422669,0.0109991177446272514,31.6625918234602182,836.70305556927508,0.222974738180436782,34.6627544974011599,-3.33989269541515738e-05,-0.00251620747783152946,7.5930172512460683e-05,4.0507952312731101e-06,-0.00358543706770085742,0.000253499581252047111,0.0378186707292437405,1.31345173580472922e-05,-0.633850702618867556,-4.12563282377451636e-05,0.884712760042794311,0,0,0,0,0,4699.30781539532472,550.422154767731172,465.492061370128056,0.00149994743410880853,1,-0.0719830916619478844,2.07754713141343372e-05,0
3.69999852,3.69999852000002072,14919.0062722451985,14918.9429810014881,30.1756395006853673,120.000001350131683,979.486760383405453,0.130039174873146091,835.399911275793556,0.789840402353228055,834.793408771049144,0.0109787646398572247,31.8272887862370339,834.66549463109618,0.228890537959689555,35.0210160235357435,-3.64212245041538291e-05,-0.00218072766276802702,7.60256864373053175e-05,5.33601984909865809e-07,-0.00382605797169060851,0.000261097113159799359,0.0381074893918989591,1.31419269884849081e-05,-0.638573641759339061,-4.11173006491329354e-05,0.880990235169391678,0,0,0,0,0,4699.28906194841875,550.421571892790325,465.504468493211391,0.00150011758903384842,1,-0.0757772206785082697,2.49556088321775248e-05,0
3.79999848,3.79999848000002238,14915.4858603477478,14915.4225834592853,30.1758685484348277,120.0000014234448,1004.87794251455455,0.137100078048370128,833.365249226097831,0.787906093569639143,832.748109606770981,0.0109366841698096684,32.065939007216457,832.613530323069199,0.23476712643892364,35.3877507221538252,-3.81323414348522135e-05,-0.000926746144965173431,7.61015972109936796e-05,-3.22778226141487564e-06,-0.0039892924076541875,0.000268704418650375849,0.0384871540367777917,1.31235183855817336e-05,-0.643162883707947497,-4.07965007191973404e-05,0.879181326511353611,0,0,0,0,0,4699.27030850151277,550.420989017849593,465.517004905174986,0.00150028953206274448,1,-0.0794061842185489614,2.95021861227053756e-05,0
3.89999844,3.89999844000002405,14911.9287196807563,14911.8654572921441,30.1760970304778944,120.000001498610203,1030.20641391633262,0.144339353132294651,831.316681941313618,0.785958580062812273,830.683684095142667,0.010879664153174734,32.4352051584274932,830.547437022291888,0.24060423418542673,35.7536390597273268,-3.85214442572851131e-05,0.000963193560641661126,7.61247070997561398e-05,-7.10018427976703201e-06,-0.00399514486862228169,0.000276316869580514721,0.0390265717767480716,1.30872679326954125e-05,-0.647541715182019972,-4.03776596468848276e-05,0.880985113326338887,0,0,0,0,0,4699.2515550546068,550.42040614290886,465.529672114932055,0.00150046328436109246,1,-0.0826242986332001439,3.4258728814878385e-05,0
3.9999984,3.99999840000002571,14908.3355659618974,14908.2723182266272,30.1763249429752278,120.000001575615428,1055.47174896960701,0.151755798650518386,829.253959284746088,0.783997628856324624,828.598680531246032,0.0108163264313198282,32.9599073771817075,828.467529211876354,0.246401437946564883,36.1056964664488476,-3.76520483222917497e-05,0.00311306764852988232,7.60817385485394965e-05,-1.09523143338108565e-05,-0.00379681311791357128,0.000283926779486821164,0.0397569302198712976,1.30434426155238412e-05,-0.651656708252019157,-3.99464241153643017e-05,0.887193755761555569,0,0,0,0,0,4699.23280160770082,550.419823267968013,465.542467573897852,0.00150063881144383714,1,-0.0852817025885936608,3.90683684161035455e-05,0
4.09999836,4.09999836000002738,14904.7084720321,14904.6452391005714,30.1765522821781147,120.000001654447743,1080.67353210254691,0.159348187141136077,827.176803309399475,0.782022984742864913,826.492815553611308,0.0107554834429304524,33.6316763742273679,826.374150266705101,0.252158120865924373,36.4302637983888076,-3.56505268078756963e-05,0.00513426690599901384,7.59770582012992432e-05,-1.4662020897025263e-05,-0.00338634010356857413,0.000291525965208152876,0.0406695996013313119,1.30026415153357619e-05,-0.655484003899428735,-3.95774375985173086e-05,0.897642682873967424,0,0,0,0,0,4699.21404816079485,550.419240393027167,465.555383900676816,0.00150081601251319955,1,-0.0873430273367398063,4.37826720668211622e-05,0
4.19999832,4.19999832000002904,14901.0507919937372,14900.9875739939962,30.1767790444341273,120.000001735094216,1105.81135841748983,0.167115271998569515,825.085014736166954,0.780034470671905122,824.36700392788498,0.0107048479169131738,34.414012590071593,824.267654071759807,0.2578735465760435,36.7157935288462838,-3.26899593903008304e-05,0.00670001597394435586,7.5828551295321412e-05,-1.81221717973004629e-05,-0.00279234647339360971,0.000299107981412967069,0.0417217597153700728,1.29742362617463507e-05,-0.659032567604790565,-3.93259887146916553e-05,0.91134703151614449,0,0,0,0,0,4699.19529471388887,550.418657518086434,465.568409151203241,0.00150099472413474616,1,-0.088882533664343677,4.82689539869182561e-05,0
4.29999828,4.2999982800000307,14897.3668384663761,14897.3036355179211,30.1770052261868003,120.000001817541673,1130.88483365422212,0.175055783367606327,822.978552876597178,0.778032062291607374,822.223199479416621,0.0106701310182971687,35.2520725466999352,822.148382068116121,0.263547010851123531,36.95493066709696,-2.89720534021362623e-05,0.00760007041548075007,7.56625287615495548e-05,-2.12447579629911269e-05,-0.00207113492080365823,0.000306669641569168208,0.0428478500548111693,1.29652601289550944e-05,-0.662343368459690551,-3.92238253483059962e-05,0.92677660105084203,0,0,0,0,0,4699.17654126698289,550.418074643145701,465.581527968048306,0.00150117473597892893,1,-0.0900592000162731693,5.24155513628997392e-05,0
4.39999824,4.39999824000003237,14893.6614008545876,14893.5982130394259,30.1772308239694382,120.000001901776841,1155.89357350446767,0.183168441830724005,820.857577347342158,0.776015925905310655,820.064051420657279,0.0106545348997861555,36.084813184583254,820.01664358090693,0.269178017937665048,37.1455795761238079,-2.47093685279031235e-05,0.00776769600316142787,7.5508367366937905e-05,-2.39630875996044442e-05,-0.00129355401110886029,0.000314211635179032476,0.043974066212062575,1.29797606723887325e-05,-0.665482593096895503,-3.92786082156063504e-05,0.94220137794599168,0,0,0,0,0,4699.15778782007692,550.417491768204854,465.594723295896586,0.00150135581434070512,1,-0.091078608802943925,5.61348685626579348e-05,0
4.4999982,4.49999820000003403,14889.9392119906843,14889.8760393938937,30.1774558343945323,120.000001987786206,1180.8372024361995,0.191451944721105494,818.722448331149394,0.773986417105176683,817.892420541074785,0.010658635025326324,36.8569628320995548,817.872705624167793,0.274766428230111215,37.2908742156232478,-2.01095953649650783e-05,0.00727704252725155844,7.53934915219356893e-05,-2.6232168887646224e-05,-0.000530530510113485067,0.00032173826518967953,0.0450328719621338885,1.30186182721061717e-05,-0.668528516465630163,-3.94764816404228635e-05,0.9560347357027007,0,0,0,0,0,4699.13903437317094,550.416908893264008,465.607978280866746,0.0015015377281952973,1,-0.0921501664466560788,5.93642699972360448e-05,0
4.59999816,4.5999981600000357,14886.2043680548668,14886.1412107230626,30.1776802603876142,120.000002075558811,1205.71604475696131,0.1999052357448243,816.642857766280827,0.772009431886233499,815.780037190614166,0.0106814613070042586,37.5298274425077807,815.785896960695936,0.280336277060395267,37.4011881132555217,-1.53580368889339895e-05,0.00623540003655099779,7.53425545808894558e-05,-2.8027423557733518e-05,0.000157687787404458662,0.000329256661639028552,0.0459724223424316444,1.30797216993059207e-05,-0.631982241018780089,-3.9273053904631357e-05,0.965409383788221054,0,0,0,0,0,4699.12028092626497,550.416326018323275,465.621278336219518,0.00150172027755245325,1,-0.0934548324853461121,6.20649583751676853e-05,0
4.69999812,4.69999812000003736,14882.4596916921437,14882.3965496750716,30.1779041305385007,120.000002165094216,1230.53326979362646,0.208528271406672377,814.688650745809696,0.770151003377611443,813.798352030446949,0.0107198932045588502,38.0767615697625388,813.825578428678,0.285914180062234347,37.4892491567577792,-1.06114454863382116e-05,0.00481536194254293323,7.5372173825145422e-05,-2.93417832991364321e-05,0.000721926026601125829,0.000336776138533086751,0.0467548403998697126,1.31582699661455012e-05,-0.59249822949702835,-3.91021230278226157e-05,0.97129183879760006,0,0,0,0,0,4699.10152747935899,550.415743143382542,465.634613410350426,0.00150190332460369935,1,-0.0951437889742959703,6.42188660509887776e-05,0
4.79999808,4.79999808000003902,14878.7068682052195,14878.6437415387336,30.1781274792143819,120.000002256395575,1255.29268733268577,0.217321354475368239,812.858025675293788,0.768409428568066488,811.946222238975452,0.010768735193671275,38.4902842367681046,811.989459448612138,0.291503550164764924,37.5659776229420075,-6.00108117998968393e-06,0.00332476492514737192,7.54846855791398022e-05,-3.01830448708572592e-05,0.00113835314062958322,0.000344306254215628372,0.0473695052833694799,1.32479902441019648e-05,-0.553701490325454793,-3.89623322037399778e-05,0.973604153852186349,0,0,0,0,0,4699.08277403245302,550.415160268441696,465.647977501804121,0.00150208678709266722,1,-0.0972946271646407124,6.5825799984830686e-05,0
4.89999804,4.89999804000004069,14874.9464953429997,14874.8833840545794,30.1783503403052613,120.000002349467039,1279.99805425777959,0.226284883519831115,811.149773331556958,0.766783561258207125,810.221887370596733,0.0108226263435543257,38.7872128972309156,810.275853774230313,0.297108214575140694,37.641830432482287,-1.6283626486298812e-06,0.00205450455049795318,7.56724076890729339e-05,-3.05708013853754252e-05,0.00141361738515545271,0.000351855257963323918,0.0478358136772916165,1.33423280135118603e-05,-0.5155540797851631,-3.8811784045028105e-05,0.972784455559840833,0,0,0,0,0,4699.06402058554704,550.414577393500849,465.661368481981356,0.00150227063590658867,1,-0.0998944388845479786,6.69000216485402736e-05,0
4.999998,4.99999800000004235,14871.178229894489,14871.1151340241722,30.1785727472557532,120.000002444314106,1304.65307808317175,0.235419387124949558,809.562714847078155,0.76527228122070301,808.622620952013335,0.0108768031329981585,39.0031541924932412,808.683207097950458,0.302732095512166621,37.7249013467700607,2.43119557885713674e-06,0.00122795019577209429,7.59198494600823288e-05,-3.05334119631511404e-05,0.00158071795994538158,0.000359429226626620604,0.0481967089056107509,1.34354052303161634e-05,-0.477984023990837281,-3.86201250988654838e-05,0.969797749898831829,0,0,0,0,0,4699.04526713864107,550.413994518560116,465.674787573112781,0.00150245488793300844,1,-0.102850699115203781,6.74668104997457627e-05,0
5.09999796,5.09999796000004402,14867.4010930396616,14867.3380126216653,30.178794733102837,120.00000254094347,1329.26142113244032,0.244725508834106847,808.095650162980291,0.763874446392301731,807.145076609788021,0.0109276513271122644,39.1842442506635393,807.210107705357245,0.308379057665932321,37.819661233244716,6.12250178488581175e-06,0.000967647599703709083,7.62069820281742417e-05,-3.0105490043578335e-05,0.00169056018221032259,0.000367031741207615226,0.0485086335908847394,1.35227201448756376e-05,-0.440896527143335992,-3.83707376941003385e-05,0.965908013909733798,0,0,0,0,0,4699.02651369173509,550.413411643619384,465.688238260886294,0.00150263959114898811,1,-0.106015339603189956,6.75595949733295777e-05,0
5.19999792,5.19999792000004568,14863.613863710314,14863.5507987911205,30.1790163305154309,120.000002639363018,1353.82670493049113,0.254204007147432742,806.747334082585326,0.762588871401206347,805.785731119889988,0.0109729617375839417,39.3778675468465167,805.855288113930897,0.314052785683953117,37.9264697287095345,9.40529135599400042e-06,0.00128333380121557392,7.65128670091560538e-05,-2.93260232586641496e-05,0.00180114183835275725,0.000374664058385717732,0.0488300597214814877,1.36014849685254643e-05,-0.404188354010014406,-3.80600745341277353e-05,0.96242308754794037,0,0,0,0,0,4699.00776024482911,550.412828768678537,465.701724893660469,0.00150282480539764163,1,-0.10921637264595134,6.72177984225146843e-05,0
5.29999788,5.29999788000004735,14859.8154814988375,14859.7524321268429,30.1792375718339478,120.000002739581788,1378.35251458073549,0.263855751414000528,805.516483022165517,0.76141433512593526,804.541320056536733,0.0110118783001674214,39.624091419519857,804.617622927705042,0.319756709669814176,38.0418614662720955,1.22496152800966718e-05,0.00208113025634394351,7.68189205614687779e-05,-2.82370913374811414e-05,0.00196652924377040432,0.000382325638480923388,0.0492107731168043155,1.36705809658862043e-05,-0.367761447565337962,-3.76946333597543814e-05,0.960459678669795758,0,0,0,0,0,4698.98900679792314,550.41224589373769,465.715251247674587,0.00150301058268684142,1,-0.112290691611310292,6.64853722354330403e-05,0
5.39999784,5.39999784000004901,14856.00538719818,14855.9423534217731,30.179458489108054,120.000002841609827,1402.8424029646344,0.273681708143318991,804.401805666992686,0.760349610657018449,803.409187713146025,0.0110445924520196914,39.9492420007960618,803.496119133271009,0.325493979806258937,38.1594752552975578,1.46331542219031046e-05,0.00319011020663805944,7.71112282257636601e-05,-2.68830334821085482e-05,0.00222759314205032413,0.00039001484422234757,0.0496837302726947441,1.37301935109516193e-05,-0.331533401261839,-3.72865136536808974e-05,0.960766888643818096,0,0,0,0,0,4698.97025335101716,550.411663018796958,465.728819314355803,0.00150319695052759049,1,-0.115112132808250278,6.540984823532353e-05,0
5.4999978,5.49999780000005067,14852.1837475374341,14852.120729415461,30.1796791141315097,120.000002945458178,1427.29989458841101,0.283682939635083287,803.402051382118088,0.759393511695620527,802.387513933642254,0.0110718861867080964,40.3625262563931528,802.489904301717388,0.331267483704240029,38.2713982063650633,1.65405369107191459e-05,0.0043998277248305873,7.7381578061381216e-05,-2.53098535526203625e-05,0.00260596412003625752,0.00039772962674699435,0.0502606692766521049,1.37812520742400967e-05,-0.295444008366659738,-3.68486954367316425e-05,0.963632304822803265,0,0,0,0,0,4698.95149990411119,550.411080143856225,465.742428500013148,0.00150338390092812969,1,-0.11761031950053466,6.40416629447782893e-05,0
5.59999776,5.59999776000005234,14848.3515361621976,14848.2885337399257,30.1798994784728016,120.000003051138691,1451.72848898901839,0.293860586184869599,802.516063186521251,0.758544942843306425,801.475402041567577,0.0110946475244007026,40.8559845262493582,801.598208636106051,0.337079889587994119,38.3696489549601623,1.79643097927025648e-05,0.00550116763702214202,7.7627178518548882e-05,-2.35646479548668482e-05,0.00310195761255861431,0.000405468054781082585,0.0509318822911846228,1.38248292260979823e-05,-0.259458000908076525,-3.6391112502420287e-05,0.968877996534925234,0,0,0,0,0,4698.93274645720521,550.410497268915378,465.756075337454604,0.00150357138641496837,1,-0.119777869940602577,6.24334977904900519e-05,0
5.69999772,5.699997720000054,14844.5104707591236,14844.4474840652983,30.1801196135013186,120.000003158664114,1476.131663632955,0.304215874294787247,801.742828144456212,0.757802947032438334,800.67283271679355,0.0111134745138412594,41.4074547252922684,800.82034962479463,0.342933701757143661,38.4475292362027332,1.89068166468337324e-05,0.00632308054748194435,7.78493058387177202e-05,-2.16948914530039741e-05,0.00369645249199065506,0.000413228606520817099,0.0516697920176406519,1.38616450613197874e-05,-0.223564209261962354,-3.59182988237217391e-05,0.975937655305843754,0,0,0,0,0,4698.91399301029924,550.409914393974532,465.76975370988697,0.00150375932309043214,1,-0.121665817846092789,6.06394359267734115e-05,0
5.79999768,5.79999768000005567,14840.6628311574459,14840.599860223394,30.1803395504091974,120.000003268047934,1500.51287633582501,0.314750101616688871,801.081514685724414,0.757166740259105908,799.980493833767696,0.0111284509225945683,41.9857420181340331,800.155718313067837,0.348831313271713905,38.5006225766302492,1.93820754661443048e-05,0.00675921603714627582,7.80513260761313353e-05,-1.97475023379638207e-05,0.00435602108228513255,0.000421010211061867456,0.0524353479038048506,1.3891783443933725e-05,-0.187771256936569958,-3.54289516844470348e-05,0.98399328589433388,0,0,0,0,0,4698.89523956339326,550.409331519033799,465.783455498667763,0.00150394759951630449,1,-0.123369158496126369,5.87138374769148347e-05,0
5.89999764,5.89999764000005733,14836.8112013787031,14836.7482462264397,30.1805593202304365,120.000003379304374,1524.87556738559965,0.325464636950874298,800.531492073669142,0.756635729226246889,799.399512777547216,0.0111391277594295734,42.556887205655471,799.603771239051298,0.354775047824564871,38.5273014451739613,1.94168034984303257e-05,0.0067807873055287576,7.82366236490238901e-05,-1.77677061813217298e-05,0.00504011075875042923,0.000428812084212499753,0.0531858620853961281,1.39146652818549566e-05,-0.152100087488590274,-3.49172802471165808e-05,0.992141977379388695,0,0,0,0,0,4698.87648611648729,550.408748644093066,465.797171501885941,0.00150413608932449235,1,-0.12500596599087288,5.67099519213422161e-05,0
5.9999976,5.99999760000005899,14832.9581876546144,14832.895248281684,30.1807789538584466,120.000003492448357,1549.22316148503478,0.336360916138805199,800.092330042665935,0.756209510178685762,798.931135134471333,0.0111446917229069409,43.0903444131423612,799.164029211608977,0.360767187376935472,38.5287016963398372,1.90500085235473352e-05,0.0064347159196571262,7.84069304577311482e-05,-1.57978018547182593e-05,0.00570883388671948599,0.000436633440539648616,0.0538827844663712224,1.39292570429628118e-05,-0.116574275837369956,-3.43756026815979958e-05,0.999561194164256706,0,0,0,0,0,4698.85773266958131,550.40816576915222,465.810892438524434,0.00150432466501125746,1,-0.126694319738812955,5.46783891128285407e-05,0
6.09999756,6.09999756000006066,14829.106249794364,14829.0433262083588,30.1809984769478632,120.000003607492914,1573.55850258964551,0.347440192984125207,799.707048755426513,0.755834231739921147,798.51967262107155,0.0111435307180844934,43.5625543566097804,798.779409751526941,0.366783969179750757,38.5056340765452561,1.8326614290258323e-05,0.00589567875711536141,7.85584753103522502e-05,-1.38761021136517194e-05,0.00633181727276673108,0.000444473068704010659,0.0545001163559449553,1.39345160653362343e-05,-0.113708815469999933,-3.4247584323922804e-05,1.00730432975343143,0,0,0,0,0,4698.83897922267533,550.407582894211373,465.824609548976809,0.00150451320619106083,1,-0.128525586205179093,5.26657762150212661e-05,0
6.19999752,6.19999752000006232,14825.2577646970749,14825.1948568765765,30.1812178939377631,120.000003724440305,1597.88208279484957,0.358702683905967268,799.317794633006883,0.755455219655763788,798.107546026766727,0.0111346036520399982,43.9690990142715918,798.391872951991445,0.372799363645553383,38.4605647620929716,1.72964494548515698e-05,0.00537700980733425184,7.86840753094612572e-05,-1.20364817819442916e-05,0.00690073781383419849,0.000452328628518013727,0.0550360619937742754,1.39301335803644521e-05,-0.11388205853889255,-3.4116085310729018e-05,1.01351933421326867,0,0,0,0,0,4698.82022577576936,550.407000019270527,465.838314368874421,0.00150470159649081789,1,-0.130525904536075266,5.0714130354635468e-05,0
6.29999748,6.29999748000006399,14821.4146742150187,14821.3517821421065,30.1814372041281018,120.000003843290159,1622.19382449368345,0.370148352139399395,798.925137588757707,0.755073018310891797,797.694807795343422,0.0111183178283473239,44.3212021943043624,798.001747112571138,0.378813165605446311,38.3984840467018955,1.6015575100860219e-05,0.00499801056732121496,7.87788933701503958e-05,-1.03074521826150056e-05,0.00742332930528170638,0.000460196964835913539,0.0555045340411510629,1.39165953173816643e-05,-0.114126339813823335,-3.39460715595067773e-05,1.01831637855194024,0,0,0,0,0,4698.80147232886338,550.406417144329794,465.851999983080077,0.00150488974079210748,1,-0.132673389512111217,4.88596487088981639e-05,0
6.39999744,6.39999744000006565,14817.5784808956087,14817.5156045362291,30.1816564067998527,120.000003964041824,1646.49364797958901,0.381777133548401926,798.529207164323338,0.75468775458473325,797.280643544414261,0.0110956545016782093,44.637092207869955,797.608980682038009,0.384824896999152288,38.3231071240565413,1.45379803329486894e-05,0.00484178337417337772,7.88386480991166164e-05,-8.71189675615806827e-06,0.00791772864628108135,0.000468074393942070281,0.0559282877976704437,1.38951141705101888e-05,-0.114417218090959727,-3.37480774143357072e-05,1.02216180459323147,0,0,0,0,0,4698.78271888195741,550.405834269388947,465.865661040853865,0.00150507756545000372,1,-0.134914488563089019,4.71322793784854089e-05,0
6.4999974,6.49999740000006732,14813.7503986023366,14813.6875379261437,30.1818755012226738,120.000004086694645,1670.78147228553894,0.393588963999070951,798.13007154131833,0.754299496517138346,796.863959608081132,0.0110680736001451674,44.9381892578917927,797.213542632076269,0.390833982440954741,38.2364458516077619,1.29130877821272464e-05,0.00494371617555314832,7.88607811107489991e-05,-7.26733346041219048e-06,0.00840825296015968934,0.000475956914679504536,0.0563341346053512701,1.38675060559059909e-05,-0.114720646623916803,-3.35354450950998387e-05,1.02561893883887456,0,0,0,0,0,4698.76396543505143,550.405251394448101,465.879293219480303,0.00150526501092785843,1,-0.137176161666675567,4.55559262960797973e-05,0
6.59999736,6.59999736000006898,14809.9315310828388,14809.8686860476955,30.1820944866604535,120.000004211247671,1695.05721581197849,0.40558375061812818,797.727732274987602,0.753908248852204088,796.443607890562362,0.0110373087485659549,45.2450457954923309,796.815422052713416,0.396839750137407909,38.1387013119672389,1.11845342061255498e-05,0.0052893988179524452,7.88452503951661711e-05,-5.98640557341783688e-06,0.008920453885998509,0.000483840478129025551,0.0567478564552653317,1.38359346207527817e-05,-0.115000114245626769,-3.33221432547050112e-05,1.02924010956381751,0,0,0,0,0,4698.74521198814546,550.404668519507368,465.892892588371296,0.00150545202305918087,1,-0.139380447402459751,4.41489363308565497e-05,0
6.69999732,6.69999732000007064,14806.1230445317924,14806.0602150973737,30.1823133623764512,120.000004337699707,1719.32079688341082,0.417761377267788225,797.322131607660367,0.753513960452172227,796.018599274965027,0.0110051105576710051,45.5737977196712905,796.414624161471465,0.402841437577214689,38.0284852696229549,9.39024067257208483e-06,0.0058215072406992063,7.8794789770353138e-05,-4.87747307340807627e-06,0.0094763853668277543,0.000491721268354008696,0.0571897457568295714,1.38025900972177457e-05,-0.115223471641149891,-3.31205056119447018e-05,1.03347021658565685,0,0,0,0,0,4698.72645854123948,550.404085644566635,465.906454994552803,0.00150563854459862347,1,-0.141458635143693084,4.29247182917076185e-05,0
6.79999728,6.79999728000007231,14802.3263041712344,14802.263490290492,30.1825321276367831,120.000004466049361,1743.57213414572334,0.430121708651924117,796.913169943106709,0.753116541207968448,795.588269703352807,0.0109729977645515175,45.9337067825931626,796.011163844364432,0.408838202169891807,37.903302167964938,7.56350807832073025e-06,0.00645364710104877858,7.87146121953356229e-05,-3.94518117732046025e-06,0.0100909006752373156,0.000499595949396727064,0.0576715017459378462,1.37693768640837527e-05,-0.11536829995398977,-3.29393893975762201e-05,1.03857781974427565,0,0,0,0,0,4698.70770509433351,550.403502769625788,465.919975576287698,0.00150582450853064902,1,-0.143362579112101263,4.18923462677816511e-05,0
6.89999724,6.89999724000007397,14798.5429540239275,14798.4801556339844,30.1827507817122012,120.000004596294957,1767.81114675406616,0.442664582104480953,796.500729490943968,0.75271588461440575,795.152376338681961,0.0109420685764087255,46.326130453817143,795.6050581388821,0.414829136851230906,37.7601835299963824,5.73468242992280261e-06,0.00708810184136100373,7.86116581997956345e-05,-3.19091276079369945e-06,0.0107695407595226333,0.000507461843560867275,0.0581949111375609646,1.37376755244733334e-05,-0.115425147622260652,-3.27831150284696945e-05,1.04462342434653976,0,0,0,0,0,4698.68895164742753,550.402919894684942,465.933448478993512,0.00150600983415723351,1,-0.145071411920222881,4.10570337619916529e-05,0
6.9999972,6.99999720000007564,14794.7749308347702,14794.7121478780355,30.182969323877483,120.000004728434476,1792.03775431352483,0.455389802115270137,796.084699363233312,0.752311891525628162,794.711114706850367,0.0109129066786244899,46.7449740887026337,795.196319144837389,0.420813290386671091,37.5963494893630923,3.93286148750923432e-06,0.00763401616860589008,7.84935765372380984e-05,-2.61307791542581538e-06,0.0115082460340579281,0.000515317020269547379,0.0587523886396569966,1.37082231170819049e-05,-0.115398367278365027,-3.26513480852925602e-05,1.05146721847305802,0,0,0,0,0,4698.67019820052155,550.402337019744209,465.946866805665024,0.00150619442640960465,1,-0.146592879513433305,4.04204195721188044e-05,0
7.09999716,7.0999971600000773,14791.0244154818356,14790.9616478783046,30.1831877534094488,120.000004862465673,1816.25187665450039,0.468297151279366497,795.664997573849291,0.751904490801812875,794.265059947103282,0.0108855931129047123,47.1784144807958796,794.784948698140511,0.426789691673414018,37.409778636701958,2.18716256297149124e-06,0.00802277926596358174,7.83676602715908781e-05,-2.20724509190215319e-06,0.0122947824283925616,0.000523160290691861369,0.0593291191207771865,1.36811260347467446e-05,-0.115304602672852932,-3.25398728611395559e-05,1.05881136826920064,0,0,0,0,0,4698.65144475361558,550.401754144803476,465.960222789902843,0.00150637817822247915,1,-0.147959534372909957,3.99806674702781113e-05,0
7.19999712,7.19999712000007897,14787.2937360443175,14787.2309837205776,30.1834060695836861,120.000004998385918,1840.4534334700088,0.481386375242510878,795.241586343847075,0.751493653489938684,793.815046208192712,0.0108598120657292796,47.6114791434559947,794.370935752296873,0.432757376675819372,37.1995941342317877,5.27217374969197474e-07,0.0082181527860080289,7.8239947449232209e-05,-1.96616254467495142e-06,0.0131114808638172087,0.000530991118295029993,0.0599062845962874332,1.36559911510604044e-05,-0.115169260774687338,-3.2442027787415488e-05,1.06626633772188772,0,0,0,0,0,4698.6326913067096,550.40117126986263,465.973508141097511,0.00150656097527859432,1,-0.149220906465309777,3.97324354772639617e-05,0
7.29999708,7.29999708000008063,14783.5852437540889,14783.5225066122875,30.1836242716708867,120.000005136192328,1864.6423439130624,0.494657195019135909,794.814478613896199,0.751079398617346738,793.362007548317479,0.010835020427042763,48.0289524743712377,793.954256820180262,0.438715415975433065,36.9662145773494117,-1.01723676163630473e-06,0.00821983024107736035,7.81146406963386796e-05,-1.87974734131619578e-06,0.0139386940935799578,0.000538809467414534172,0.060464714413909694,1.36321377112730889e-05,-0.115021596322080852,-3.23504600248618522e-05,1.07342742572209393,0,0,0,0,0,4698.61393785980363,550.400588394921783,465.986714486178926,0.00150674270208486847,1,-0.150433378906926679,3.96668061238807175e-05,0
7.39999704,7.39999704000008229,14779.9011859856546,14779.8384639202104,30.1838423589339726,120.000005275881762,1888.81852626963837,0.508109306992668652,794.383735395406461,0.750661790320473199,792.906810066648745,0.0108106408631883366,48.4180699101133882,793.534879152454096,0.444662940350665281,36.7112639952481885,-2.4175869987944483e-06,0.00806038400860307341,7.79939204887330437e-05,-1.93512743077872915e-06,0.0147583016357256073,0.000546615619449289359,0.0609882812592359089,1.36088396348409661e-05,-0.114889298866059766,-3.22588242938694981e-05,1.07994716765329324,0,0,0,0,0,4698.59518441289765,550.40000551998105,465.999833821913171,0.00150692324819719507,1,-0.151649745405876835,3.97712806448239381e-05,0
7.499997,7.49999700000008396,14776.2435990199447,14776.1808919172436,30.1840603306260853,120.000005417450694,1912.98189774818775,0.521742370598289762,793.949455230332546,0.750240927574936989,792.450106394059958,0.0107862374422321716,48.7705466469470252,793.112765742233819,0.450599161657522451,36.4372781316329792,-3.64813573860398754e-06,0.0077967196555192176,7.78781415580382427e-05,-2.11681032094942945e-06,0.0155566442462738846,0.000554409988701344059,0.0614664700519878121,1.35855467517573581e-05,-0.114793607051804761,-3.216309861051023e-05,1.08559127595770599,0,0,0,0,0,4698.57643096599168,550.399422645040318,466.012858896783484,0.00150710251347952124,1,-0.152910307475912166,4.00299273195844687e-05,0
7.59999696,7.59999696000008562,14772.6142374575138,14772.5515452011023,30.1842781859902445,120.000005560895488,1937.13237443019511,0.535556034326989727,793.511758297027427,0.749816928973507046,791.9922387608392,0.0107616406454149049,49.0836447548571755,792.687880910570925,0.456523386707848033,36.1472765163097591,-4.68808171495611089e-06,0.0074980201180508731,7.77663290148843209e-05,-2.40702419733595359e-06,0.0163264240230575619,0.000562192967250111373,0.0618957423692872016,1.35620430739937465e-05,-0.114745888062029372,-3.2062298374123842e-05,1.09026980036864707,0,0,0,0,0,4698.5576775190857,550.398839770099471,466.0257834623593,0.00150728041156929725,1,-0.154236935589240953,4.04237420809610071e-05,0
7.69999692,7.69999692000008729,14769.0145495943725,14768.951872069294,30.1844959242604176,120.000005706212278,1961.26987139589983,0.549549924776826626,793.07076840775801,0.749389915645523819,791.533206173513804,0.010737002236647919,49.3601773929773913,792.26019522579486,0.462435022785347205,35.8442870972057364,-5.5232951864139283e-06,0.0072326001671845809,7.76568436237672012e-05,-2.78624092160244477e-06,0.0170673283648359805,0.00056996482122846344,0.062279563261175036,1.3538517197566763e-05,-0.114746295326927594,-3.19585109843696866e-05,1.09404028533395636,0,0,0,0,0,4698.53892407217973,550.398256895158625,466.038602360987738,0.00150745687109151501,1,-0.155630873349363708,4.09312363395866662e-05,0
7.79999688,7.79999688000008895,14765.445699069649,14765.3830361258679,30.184713544663726,120.000005853396971,1985.39430296622436,0.563723646653171984,792.626596219809812,0.748959995457196825,791.072697368302443,0.0107127763785667129,49.6075437678179014,791.829688811354117,0.468333574836650945,35.5309107057245726,-6.14754622714588542e-06,0.00705606612942529226,7.7548070292319881e-05,-3.23385355204755808e-06,0.0177853806493597569,0.000577725650706033397,0.0626272030598304247,1.35155398897591573e-05,-0.114784638602919029,-3.18563127229133078e-05,1.09708489327747305,0,0,0,0,0,4698.52017062527375,550.397674020217892,466.051311448705746,0.00150763183460469216,1,-0.157074340161158177,4.15292225706117026e-05,0
7.89999684,7.89999684000009061,14761.9086248278618,14761.8459763388746,30.184931046423312,120.000006002445431,2009.50558302062359,0.578076800560788251,792.179326471077729,0.748527251125321147,790.610177873389148,0.0106896378838714501,49.8360493710127912,791.396352580213147,0.474218635802870547,35.2089978214489747,-6.56296169841089766e-06,0.00700273347055197035,7.7438998521822558e-05,-3.72895107444496078e-06,0.0184912427751095509,0.000585475413694770837,0.0629516308730759949,1.34939621964322167e-05,-0.114843114444643485,-3.17617392621846268e-05,1.0996678314279773,0,0,0,0,0,4698.50141717836777,550.397091145277159,466.063907381709441,0.00150780525566751957,1,-0.158535319233589655,4.21937313512457798e-05,0
7.9999968,7.99999680000009228,14758.404125906527,14758.3414917396585,30.185148428761245,120.000006153353283,2033.60362532094496,0.592608963843468062,791.729011095963301,0.748091733958522687,790.145010027592207,0.0106683589119101474,50.056867917142597,790.960187444374924,0.480089872715497579,34.8794839793488407,-6.77963464936213377e-06,0.00708151105941477212,7.73296003859502565e-05,-4.25111504258520573e-06,0.0191978577647433368,0.000593214003428394832,0.0632669469557599479,1.34747606349111104e-05,-0.114900193249439925,-3.16810431808804178e-05,1.10208228051785473,0,0,0,0,0,4698.4826637314618,550.396508270336312,466.076387314416763,0.00150797709468648887,1,-0.159974415706389428,4.29009705723422353e-05,0
8.09999676,8.09999676000008328,14754.9329538680613,14754.8703338757095,30.1853656909008805,120.000006306116134,2057.68834376817222,0.607319712481838914,791.275668885730283,0.747653463803625962,789.676580916869398,0.0106496703880648025,50.2800319071820923,790.521201957232051,0.48594701172825755,34.5423983266204573,-6.81445795383641876e-06,0.00727657338124213741,7.72209597699636142e-05,-4.7811589434011818e-06,0.0199179013154378998,0.000600941358925838505,0.0635858419201009439,1.34588624510382345e-05,-0.114934817031182815,-3.16194824143663648e-05,1.10459701775628982,0,0,0,0,0,4698.46391028455582,550.395925395395466,466.088748570307303,0.0015081473143863447,1,-0.161352407874205711,4.36282313109727051e-05,0
8.19999672,8.19999672000007429,14751.4958963692188,14751.4332904111943,30.1855828320686612,120.000006460729537,2081.75965260975272,0.622208616987590668,790.819291158701276,0.74721243464419107,789.204414765180445,0.0106341340009276641,50.5127990791942807,790.079409086449914,0.491789825078834675,34.1970283668785697,-6.68937481374661875e-06,0.00755227888575621224,7.71151553811567084e-05,-5.30174065986048615e-06,0.0206615028835731192,0.000608657583508106278,0.0639175227932715223,1.34469835525472661e-05,-0.114930122132421236,-3.15803490854047199e-05,1.10741205438324153,0,0,0,0,0,4698.44515683764985,550.395342520454733,466.100988344322047,0.00150831587571279685,1,-0.162637115578142921,4.43546548283597179e-05,0
8.29999668,8.2999966800000653,14748.093838147819,14748.03124607686,30.185799851494771,120.000006617188888,2105.81746650491323,0.637275232823404147,790.359851909186887,0.746768624364984923,788.728251875015076,0.0106220459487699759,50.7586454829787499,789.634822878244904,0.497618122164737275,33.8421982761033746,-6.42931489225796878e-06,0.00786110224952040262,7.70149412536575269e-05,-5.79779839009030481e-06,0.0214346091245756175,0.000616363045315361578,0.0642664256584661309,1.34395059711487199e-05,-0.114876097577891162,-3.15643837663877119e-05,1.1106301938859342,0,0,0,0,0,4698.42640339074387,550.394759645514,466.113103485681847,0.00150848273484075921,1,-0.1638084508542407,4.50617979665503612e-05,0
8.39999664,8.3999966400000563,14744.7277908399701,14744.6652125064684,30.186016748413131,120.000006775489595,2129.86170052998114,0.652519116826175805,789.897320264382188,0.746322006606791377,788.248083853850972,0.0106133861574261301,51.0170045077163081,789.187455689690523,0.503431745683424969,33.4766022672948935,-6.06010949723374197e-06,0.00815293489880228317,7.69232971742620951e-05,-6.25678651569217443e-06,0.0222382177604400696,0.000624058438088900586,0.0646318695186563069,1.34364124114171367e-05,-0.114770844123323112,-3.15696410814967352e-05,1.11424802215107133,0,0,0,0,0,4698.4076499438379,550.394176770573154,466.125090391704418,0.00150864784171006721,1,-0.164860932605446653,4.57339648844072471e-05,0
8.4999966,8.49999660000004731,14741.3988894112408,14741.3363246554763,30.1862335220605154,120.000006935627013,2153.89227007417685,0.66793982036408972,789.431672873908951,0.745872562461194155,787.764142980632528,0.0106078181025313634,51.2837309286508116,788.737316475820421,0.509230572469628218,33.099130188631996,-5.60665514263913395e-06,0.00838401804896330913,7.68429356384771572e-05,-6.66871542053974699e-06,0.0230685385466885273,0.000631744788636628063,0.0650086288616176372,1.34372846534432254e-05,-0.114620354299111785,-3.15917936068888395e-05,1.11816614610989484,0,0,0,0,0,4698.38889649693192,550.393593895632307,466.136945020512485,0.00150881114019834782,1,-0.165803451045600903,4.63583059359115316e-05,0
8.59999656,8.59999656000003831,14738.1083587631583,14738.0458074229573,30.1864501716756699,120.000007097596452,2177.90909074674619,0.683536890705272349,788.962904082667478,0.745420289985215145,787.276851076955154,0.0106047360114358558,51.5521451003696143,788.284410364180303,0.515014517587289999,32.7091295420646588,-5.09153176830807384e-06,0.00852399175622046458,7.67758517547401803e-05,-7.02602373250484376e-06,0.0239179721301002943,0.000639423407867393363,0.065388245028867184,1.34413620169954391e-05,-0.114436963307950015,-3.16247932134838429e-05,1.1222151721695115,0,0,0,0,0,4698.37014305002594,550.393011020691574,466.148663009951974,0.00150897256975730137,1,-0.166656563917640277,4.69247142328937957e-05,0
8.69999652,8.69999652000002932,14734.8574590347707,14734.794920939501,30.1866666964982748,120.000007261393193,2201.91207826111349,0.699309872386429277,788.491032315390726,0.744965210075791306,786.786739407673394,0.0106033491017885062,51.8144248409789157,787.828739472503457,0.520783539545070617,32.3065641543963977,-4.53419360628001599e-06,0.00856000573754101858,7.67229894344105036e-05,-7.32332942914095959e-06,0.0247766654974315367,0.000647095792959263122,0.065760784398570582,1.34476470467540164e-05,-0.114236813742734769,-3.16617596721448046e-05,1.12619150444701432,0,0,0,0,0,4698.35138960311997,550.392428145750841,466.16023987237935,0.0015091320680951936,1,-0.16744800922166897,4.74255727887191051e-05,0
8.79999648,8.79999648000002033,14731.6474211290479,14731.5848961086194,30.1868830957683656,120.000007427012534,2225.90114836990097,0.715258311318617057,788.016101898424381,0.74450736800578321,786.294355281880144,0.0106027875692972784,52.0630731960895901,787.370304671743384,0.526537644414649786,31.8920512106603624,-3.95075296624174002e-06,0.00849744077984827817,7.66840739993182965e-05,-7.5571155459617339e-06,0.0256343242454116563,0.00065476349704368371,0.0661166999065205124,1.34550392359671609e-05,-0.114036820608463485,-3.16959408792869779e-05,1.12989587932644175,0,0,0,0,0,4698.33263615621399,550.391845270809881,466.171671224260535,0.00150928957434040079,1,-0.168207367291019427,4.78554173491927231e-05,0
8.89999644,8.89999644000001133,14728.4793844521046,14728.4168723340408,30.187099368726301,120.000007594449784,2249.87621686068769,0.731381754787233662,787.538180402670378,0.744046830735407339,785.800172522714092,0.0106022126365450386,52.2922015487484941,786.909107815842276,0.532276886946564609,31.4667810514535233,-3.35428525993897012e-06,0.00835741623182095772,7.66576316823137103e-05,-7.72540622170996458e-06,0.0264819457943094999,0.000662427988153265748,0.0664484649837987496,1.34624744560884065e-05,-0.11385169354433787,-3.17215886148214857e-05,1.13316772439074742,0,0,0,0,0,4698.31388270930802,550.391262395869035,466.182953007889807,0.00150944503209788196,1,-0.168960869702150074,4.82105811417509131e-05,0
8.9999964,8.99999640000000234,14725.3543476499617,14725.2918482389305,30.1873155146132639,120.000007763700253,2273.8371996128717,0.7476797500834379,787.057352357325271,0.74358368083277171,785.304521434240087,0.0106009135106845953,52.4984228551938941,786.44515389179594,0.538001367538256337,31.0323440036514171,-2.7555109338585999e-06,0.00817179883263141789,7.6641185090622137e-05,-7.82748030208297697e-06,0.0273131810784773763,0.000670090520235790241,0.0667517176306131887,1.3469048321896993e-05,-0.113691546900167667,-3.1734617779452355e-05,1.13590978185477387,0,0,0,0,0,4698.29512926240204,550.390679520928302,466.194081666823251,0.00150959839186922979,1,-0.169727238632513461,4.84888785865304943e-05,0
9.09999636,9.09999635999999335,14722.2731397077441,14722.2106528330969,30.1875315326724873,120.00000793475931,2297.78401273399595,0.76415184997841612,786.573710733329449,0.743118008346167036,784.807549484584229,0.0105983772483222993,52.6812355253339888,785.978452604768108,0.54371122480327061,30.5905023809320369,-2.16366639842416743e-06,0.0079767955551169889,7.6631585556684404e-05,-7.86365482790707861e-06,0.0281251222998146165,0.000677752035878090428,0.0670257601448693979,1.34741056102193308e-05,-0.113560498816356256,-3.173296056616269e-05,1.13809962524386177,0,0,0,0,0,4698.27637581549607,550.390096645987569,466.205054248798945,0.00150974961247437776,1,-0.170515184238388906,4.86893679173101983e-05,0
9.19999632,9.19999631999998435,14719.2364148013294,14719.1739402646308,30.1877474221506361,120.000008107622335,2321.71657271125105,0.780797608617625816,786.087347853477468,0.742649902203015966,784.309217522358495,0.0105943227687952946,52.8428770274697968,785.509019084879014,0.549406624387297371,30.1429518127592111,-1.58736639817292063e-06,0.00780636045113115244,7.66254229659474556e-05,-7.83515235605567413e-06,0.0289184312579989812,0.000685413113850938394,0.0672733848300791915,1.3477284423983299e-05,-0.113456450479703319,-3.17165821246954315e-05,1.1397872666488793,0,0,0,0,0,4698.25762236859009,550.389513771046722,466.215868424072369,0.00150989866130798968,1,-0.171322845950057701,4.88122110422685671e-05,0
9.29999628,9.29999627999997536,14716.2446697577834,14716.1822073720778,30.1879631822991179,120.000008282284838,2345.63479655628771,0.797616592469261199,785.598347335304425,0.742179442649296361,783.809329368932367,0.0105886966183910136,52.9877195024051275,785.036873635707479,0.555087745390748788,29.6911139203441579,-1.03528384363765996e-06,0.00768656732878666548,7.66194442978595093e-05,-7.74404752425267322e-06,0.0296968439667033776,0.000693073966163081827,0.0675001147502317933,1.34785118306673558e-05,-0.113371995744694948,-3.16871819437253684e-05,1.14108052100371671,0,0,0,0,0,4698.23886892168412,550.388930896105876,466.22652242323818,0.00151004551348602107,1,-0.172139103419525819,4.88586267901790569e-05,0
9.39999624,9.39999623999996636,14713.2982792109251,14713.235828787514,30.1881788123756181,120.000008458742286,2369.53860197860649,0.814608363901416554,785.106778350402806,0.741706695927807802,783.307586625585827,0.0105816344425528897,53.1213519648925399,784.562040675457297,0.560754766152465112,29.2359931762775069,-5.1652363833312666e-07,0.00763183055804397912,7.6610914798376983e-05,-7.5932726068512382e-06,0.030466191449277702,0.00070073448066509253,0.0677130413631482075,1.34779557821503664e-05,-0.113296198015617022,-3.16476546864619883e-05,1.14212174841783587,0,0,0,0,0,4698.22011547477814,550.388348021165143,466.237014912037523,0.00151019015012309171,1,-0.17294636766539756,4.88309146092952531e-05,0
9.4999962,9.49999619999995737,14710.3975410945714,14710.3351024323347,30.1883943116449238,120.000008636990316,2393.42790747527715,0.831772501710448142,784.612692970343005,0.741231711901614521,782.803656691580954,0.0105733974179157419,53.2495345394347055,784.084547192616583,0.566407851193596379,28.7781167915795564,-4.0634253271884589e-08,0.0076434593892686295,7.65978693312252367e-05,-7.38665140539183802e-06,0.031233147380837871,0.0007083942979784273,0.0679194940321308088,1.34759448999067119e-05,-0.113216833263671782,-3.16014184270518278e-05,1.14306074666854762,0,0,0,0,0,4698.20136202787216,550.38776514622441,466.247344829351221,0.00151033255610144882,1,-0.173724242948369856,4.87325127656849136e-05,0
9.59999616,9.59999615999994838,14707.5427237451077,14707.4802966613479,30.1886096793793683,120.000008817024494,2417.30263237754571,0.849108577855411495,784.116126770591336,0.740754524759499322,782.297240834129525,0.0105642962980563859,53.3772154895484618,783.604421114366346,0.572047140816586142,28.317560519964367,3.82727878042274003e-07,0.00771058687618264918,7.65792229776475085e-05,-7.1289269545367256e-06,0.0320039414665229185,0.000716052906830770964,0.0681257844390199124,1.34728721138352272e-05,-0.113122656026433191,-3.15517319929829341e-05,1.14402879173145156,0,0,0,0,0,4698.18260858096619,550.387182271283564,466.257511219461321,0.0015104727177598675,1,-0.174453354606940697,4.85680497823792279e-05,0
9.69999612,9.69999611999993938,14704.734106592834,14704.6716908815069,30.1888249148588876,120.000008998840528,2441.16269686109035,0.866616177986368585,783.617102290481853,0.740275156400775569,781.788130520189839,0.0105546168328573553,53.5077739069590734,783.121689963327526,0.577672744343239231,27.8540482751422935,7.44402803271442003e-07,0.00781310352218520833,7.65547352665703654e-05,-6.82575138070986545e-06,0.0327832621345407679,0.000723709740396986673,0.0683362345221236733,1.34690996435960334e-05,-0.113005292166403204,-3.15011157546332639e-05,1.1451181717972081,0,0,0,0,0,4698.16385513406021,550.386599396342717,466.26751308714438,0.00151061062089631127,1,-0.175118672006030207,4.83433506211706346e-05,0
9.79999608,9.79999607999993039,14701.9720081761479,14701.9096036473493,30.1890400173708926,120.000009182434042,2465.00802192976016,0.884294879547504631,783.115634495115955,0.739793621674759372,781.276243460721844,0.0105445590468061234,53.6425976571169372,782.636380076205342,0.583284737302179779,27.3871019061320808,1.03647685025491524e-06,0.00792591556146221912,7.65248470132771311e-05,-6.48361479890421419e-06,0.0335735198596781026,0.000731364257933341758,0.0685526294946849218,1.34648812801738437e-05,-0.112860472005635246,-3.1450964352896046e-05,1.14637022316876513,0,0,0,0,0,4698.14510168715424,550.386016521401984,466.277349297908358,0.00151074624939225325,1,-0.175711801773436094,4.80653688249795718e-05,0
9.89999604,9.89999603999992139,14699.2567978538573,14699.1944043066378,30.1892549862098178,120.000009367800843,2488.83852936755238,0.902144277779541981,782.6117371203311,0.739309934407752833,780.761635080610631,0.0105341996349012645,53.7810389801492192,782.148516510139302,0.588883162273724614,26.9162110281466482,1.25303358682118677e-06,0.00802368218072627842,7.64904285568822502e-05,-6.10970252784437039e-06,0.0343745655297965913,0.000739016000278751631,0.0687741522200689959,1.34603138894653044e-05,-0.112688458543763179,-3.14014012462797862e-05,1.14777314748141035,0,0,0,0,0,4698.12634824024826,550.385433646461252,466.287018536283995,0.00151087958463702403,1,-0.17623194927654276,4.77420303902630376e-05,0
9.999996,9.9999959999999124,14696.5888908989727,14696.5265081358939,30.1894698206768766,120.000009554936568,2512.65414170717986,0.920163951506042466,782.105428732353062,0.73882411311309204,780.244485595847095,0.0105234821319171723,53.9207217973378192,781.658123604813454,0.594468032588286954,26.4409920951946944,1.39076716847845482e-06,0.00808518003376982458,7.64524902271707259e-05,-5.71168373584107562e-06,0.0351838721200535762,0.000746664613648772711,0.0689977679719777914,1.34553242384358736e-05,-0.112493670559441247,-3.13513803586207849e-05,1.1492691009030982,0,0,0,0,0,4698.10759479334229,550.384850771520405,466.296519323295911,0.00151101060576810053,1,-0.176685500555030656,4.73819916841441104e-05,0
10.09999596,10.0999959599999034,14693.9687292985618,14693.906357109674,30.1896845200799291,120.000009743836955,2536.45478221983376,0.938353489135796082,781.596737488116219,0.73833618543318591,779.725066880192117,0.0105122344338083873,54.0581170615479323,781.165226031668794,0.600039337791467453,25.9613105168480516,1.44934834827228497e-06,0.00809658339446573359,7.64119084936033149e-05,-5.2974474166409468e-06,0.0359971081070657728,0.000754309842349754501,0.0692189544757097347,1.34496907803241123e-05,-0.112283629662321499,-3.12989977587977198e-05,1.15076850897587812,0,0,0,0,0,4698.08884134643631,550.384267896579559,466.305850084836948,0.00151113929061361335,1,-0.17708441679619491,4.69943292804934538e-05,0
10.19999592,10.1999959199998944,14691.3967529833317,14691.3343911757001,30.1898990837338594,120.000009934497783,2560.24037495613811,0.956712483188578267,781.085703895228221,0.737846190664936397,779.203696317153458,0.0105002085078380047,54.1892642959377326,780.669850068511892,0.605597049697473411,25.477348286763192,1.43147966357184909e-06,0.00805319699021862963,7.63692145126732089e-05,-4.87481115697657194e-06,0.0368089705907304748,0.000761951496485524754,0.0694326225706638489,1.3443093959843776e-05,-0.112067459703515018,-3.1241942576452126e-05,1.15216851490105565,0,0,0,0,0,4698.07008789953034,550.383685021638826,466.315009254123765,0.0015112656171053008,1,-0.177443818799547876,4.65881915004020381e-05,0
10.29999588,10.2999958799998854,14688.8733673207462,14688.8110156879993,30.1901135109611154,120.000010126914646,2584.01084480372901,0.975240508398594996,780.572381274293662,0.737354180104419443,778.680686486281047,0.0104871335817469102,54.3105035098679423,780.172024802312308,0.611141127976000842,24.989610453213416,1.34263089655090506e-06,0.00795948356588848695,7.63244773233659826e-05,-4.45123303973999248e-06,0.0376141135455781289,0.000769589404499267842,0.0696340540706781308,1.34351840183507851e-05,-0.111854225425212714,-3.11779971240945997e-05,1.1533720469196509,0,0,0,0,0,4698.05133445262436,550.383102146698093,466.323995387458467,0.00151138956487559045,1,-0.177779243470637338,4.61724478758502487e-05,0
10.39999584,10.3999958399998764,14686.3989129252732,14686.3365712440464,30.1903278010926037,120.000010321083309,2607.76611758613444,0.993937155927878568,780.056834043641402,0.736860215341462732,778.156299622305369,0.0104727722945571755,54.4190921150942586,779.671782989129269,0.616671524477457988,24.4988747695125433,1.19049898305595848e-06,0.00782753250242817535,7.6277294708908185e-05,-4.03355658251577367e-06,0.0384080050104400189,0.000777223362020205868,0.0698196958329557471,1.34256528983705787e-05,-0.111651406733774605,-3.11054937633089003e-05,1.15430420612090234,0,0,0,0,0,4698.03258100571838,550.382519271757246,466.332807271738716,0.00151151111674142544,1,-0.178104067434613655,4.57553728328671978e-05,0
10.4999958,10.4999957999998674,14683.9736427552998,14683.9113108349284,30.19054195346882,120.000010516999424,2631.50612019451773,1.01280200599558179,779.539134305374205,0.736364364970594321,777.630714338011444,0.0104569694640795352,54.5136122668278063,779.169161381604908,0.622188185858856269,24.0060981277802981,9.84278970801296337e-07,0.00767436760684003533,7.62268845034717792e-05,-3.62781328251910025e-06,0.0391875738147635863,0.000784853087942006394,0.0699876877332961389,1.34142969919156954e-05,-0.111463763454506676,-3.10236501251631269e-05,1.15492343283133647,0,0,0,0,0,4698.01382755881241,550.3819363968164,466.341444006019458,0.00151163025983064086,1,-0.178427520719644794,4.53443940391738806e-05,0
10.59999576,10.5999957599998584,14681.597710262984,14681.5353878851056,30.1907559674119454,120.0000107146586,2655.23077748612195,1.03183463472100567,779.019012766509491,0.73586637481622863,777.103664909023337,0.0104396808560391352,54.594103414969311,778.663855891230241,0.627690776718920151,23.5122900755631647,7.33832504534785929e-07,0.00751908040132635326,7.61722346680440319e-05,-3.23909891442729267e-06,0.03995156540534784,0.000792478195797581921,0.0701380704038711694,1.34010604173541921e-05,-0.111502404508642447,-3.0935529086984688e-05,1.15523988919122989,0,0,0,0,0,4697.99507411190643,550.381353521875667,466.349905043713306,0.00151174698616564481,1,-0.178753542720713976,4.49459261460860755e-05,0
10.69999572,10.6999957199998494,14679.271170143038,14679.2088571114746,30.1909698421123096,120.000010914056332,2678.93999970473533,1.05103460728226561,778.496127492991263,0.735365921814693513,776.574713004455248,0.0104209909328304429,54.6620118092495773,778.155493861580339,0.63317888810182188,23.0184052253803415,4.48928310856549833e-07,0.0073792282033422682,7.61123178740173701e-05,-2.87153029726533906e-06,0.0407006087769969174,0.000800098183740226222,0.0702727026551160511,1.33860536553991784e-05,-0.111570961434691432,-3.08397875602344626e-05,1.15527166409810267,0,0,0,0,0,4697.97632066500046,550.380770646934934,466.358190189924358,0.00151186129262819791,1,-0.179080487740471139,4.45652995642009236e-05,0
10.79999568,10.7999956799998404,14676.9939879663289,14676.9316840617539,30.191183576747104,120.000011115188016,2702.63369563413289,1.07040147928378016,777.970627024654277,0.734863145957391328,776.043836020172193,0.0104011097976076661,54.7198408262172507,777.644199907086204,0.638652498834171189,22.5252522069518051,1.38662369458914208e-07,0.00726715633993144268,7.60463369242295065e-05,-2.52826758400481765e-06,0.041436859575186967,0.000807712450861674852,0.0703947660711560647,1.33695404898466775e-05,-0.11162743941148906,-3.07380573932199131e-05,1.15507741055559077,0,0,0,0,0,4697.95756721809448,550.380187771994088,466.366299567142164,0.00151197318048753595,1,-0.179402105461558103,4.42067677931452072e-05,0
10.89999564,10.8999956399998315,14674.7660594545305,14674.7037644644297,30.1913971705251996,120.000011318049118,2726.3117775714245,1.08993481317806862,777.442632147251175,0.734358160816691474,775.510945760128038,0.0103803371319212134,54.770605058977992,777.130079316332171,0.644111565315353074,22.0334114954787452,-1.88995661298761697e-07,0.00718902042693438104,7.59738655039511411e-05,-2.21159399826971325e-06,0.042163432950072792,0.000815320331587385066,0.0705081123337893828,1.33519010959815141e-05,-0.111672090285359432,-3.06330442296476438e-05,1.15473344541406853,0,0,0,0,0,4697.93881377118851,550.379604897053241,466.374233546602113,0.0015120826544544985,1,-0.179709171416256697,4.38735848191136393e-05,0
10.9999956,10.9999955999998225,14672.5872347615659,14672.5249484860433,30.1916106226813703,120.00001152263502,2749.9741606867392,1.1096341632120954,776.912233468916043,0.733851051326799952,774.975923342988835,0.0103590213741795445,54.817302423887952,776.613215512517854,0.649556018223829246,21.5432142900296597,-5.27378403430311298e-07,0.00714431236973688596,7.5894946541214944e-05,-1.92303185666048113e-06,0.0428837531820928028,0.000822921141255204911,0.0706165847019171039,1.33335799440735036e-05,-0.111704823055739033,-3.05275524768245846e-05,1.15431706771596509,0,0,0,0,0,4697.92006032428253,550.379022022112508,466.381992661815787,0.00151218972148921618,1,-0.179991394874829402,4.35681281185888177e-05,0
11.09999556,11.0999955599998135,14670.4573426805437,14670.3950649079234,30.1918239324704523,120.000011728941033,2773.62076237164911,1.12949907679591743,776.379493891971379,0.733341876188151276,774.43865580843476,0.0103375142397646447,54.8624354063342139,776.093671189125416,0.654985763011124322,21.054763589019224,-8.71072026023016394e-07,0.00712653903684003134,7.58101111469821964e-05,-1.66347025016828481e-06,0.043600909453498933,0.000830514226411294956,0.0707233996954825944,1.33150274078574578e-05,-0.111725325940254819,-3.04240973754382677e-05,1.15389395473445533,0,0,0,0,0,4697.90130687737656,550.378439147171775,466.389577522366778,0.00151229438961203661,1,-0.180239340916688418,4.32920381464780332e-05,0
11.19999552,11.1999955199998045,14668.3762109018862,14668.3139414299421,30.1920370991620821,120.000011936962565,2797.25150166136473,1.14952911092486221,775.844455329272819,0.732830674269491666,773.899068308061032,0.0103161284517707119,54.9076573045011287,775.571492846623755,0.660400684386765691,20.5679901733692034,-1.21569219183016112e-06,0.00712484439306843974,7.57203198877337742e-05,-1.43328380279487118e-06,0.0443171251959372861,0.00083809901193307554,0.070830687318946442,1.32966451989354883e-05,-0.111733212631845588,-3.03245943863431635e-05,1.15350863017583793,0,0,0,0,0,4697.88255343047058,550.377856272230929,466.396988741768496,0.00151239666690808588,1,-0.180446043215954977,4.30463495968316209e-05,0
11.29999548,11.2999954799997955,14666.3436794094741,14666.2814180317109,30.1922501220373114,120.000012146694885,2820.86629885297725,1.16972380891492378,775.307148157266738,0.732317473575130884,773.357146891869206,0.0102951052819191258,54.9535915935672392,775.046717694193603,0.665800654124764524,20.0827310070173652,-1.55755675043168541e-06,0.00712621976835894639,7.56268415527773719e-05,-1.23242725876918219e-06,0.0450334199403655475,0.000845675038188594265,0.0709392529245872205,1.3278744181181429e-05,-0.111728167128448533,-3.02301705315808577e-05,1.15317932259494893,0,0,0,0,0,4697.8637999835646,550.377273397290082,466.404226889758263,0.0015124965608687836,1,-0.18060806444135985,4.28315957706987629e-05,0
11.39999544,11.3999954399997865,14664.3596056252718,14664.2973521321474,30.1924630003869687,120.000012358133247,2844.46507533062004,1.19008271271941291,774.767601576743118,0.731802301045878956,772.812948927978709,0.0102745962579672834,54.999839242065832,774.519381562347576,0.671185541009968856,19.5988149444585602,-1.89333567403291206e-06,0.00711788045213360056,7.55310938440170628e-05,-1.06049785819561137e-06,0.045749503379465678,0.000853241983530756646,0.0710485811353609442,1.32615202769945898e-05,-0.111710064396728287,-3.01411175707432089e-05,1.1528976770590702,0,0,0,0,0,4697.84504653665863,550.37669052234935,466.411292473976914,0.00151259407813872284,1,-0.180725875094072647,4.26478758129327361e-05,0
11.4999954,11.4999953999997775,14662.4238611608744,14662.3616153589192,30.1926757335124378,120.000012571272876,2868.04775364423858,1.21060536156046417,774.225853066099944,0.731285191478867058,772.266600497472837,0.0102546606093208981,55.0451560707093677,773.989526408842153,0.676555221448351229,19.1161407815217217,-2.21975255582500274e-06,0.00708939689325490969,7.54344746525857732e-05,-9.16765099368525168e-07,0.0464638990179165531,0.000860799670088537592,0.0711570599862837716,1.32450506128283894e-05,-0.11167904879279035,-3.00569812122919066e-05,1.15263292946236784,0,0,0,0,0,4697.82629308975265,550.376107647408503,466.418185951536373,0.00151268922467504572,1,-0.180803547121017705,4.24948836746506486e-05,0
11.59999536,11.5999953599997685,14660.5363217256963,14660.4740834047516,30.1928883207282013,120.000012786108968,2891.61425780342506,1.23129129192902487,773.681955427523121,0.730766194154360171,771.718282306631863,0.0102352772303945794,55.0877554733961574,773.457206180863068,0.681909589222403523,18.6347353177323356,-2.53339372334590238e-06,0.00703424672245957054,7.53382115801453473e-05,-8.00174231581743174e-07,0.0471742566914043551,0.000868348053567251994,0.0712623686255992594,1.32293084501851898e-05,-0.11163555891378886,-2.99767581873773649e-05,1.15233944385780207,0,0,0,0,0,4697.80753964284668,550.375524772467656,466.424907764958562,0.0015127820062432705,1,-0.180847873175169011,4.23719058258652487e-05,0
11.69999532,11.6999953199997595,14658.696852568537,14658.6346215160211,30.1931007613655815,120.000013002636621,2915.16451367614582,1.25214003074238067,773.135980463261603,0.730245376267025237,771.168207426309891,0.0102163676548796545,55.1256749383315423,772.922490170057699,0.687248563105142263,18.1547835464583045,-2.83065497398108257e-06,0.00695058031582245547,7.52432518016637054e-05,-7.09334604849627818e-07,0.0478777853524851998,0.000875887200143151399,0.0713619496738221171,1.32141924749839584e-05,-0.111580296747364555,-2.98991577984940823e-05,1.1519660530735667,0,0,0,0,0,4697.7887861959407,550.37494189752681,466.431458394019842,0.00151287242913283231,1,-0.180867108426701673,4.22778006685698107e-05,0
11.79999528,11.7999952799997505,14656.9052923955023,14656.843068420927,30.1933130547771533,120.000013220851017,2938.69844949236176,1.27315111313451967,772.588018967128619,0.729722822872697297,770.616595257090694,0.0101978250267297232,55.1571397184975467,772.385463484606134,0.692572091446409521,17.6766284432591902,-3.10782737771715634e-06,0.00684114215980959582,7.51502056516653041e-05,-6.42506169448316143e-07,0.0485717235701726077,0.000883417255214231749,0.0714534802344576336,1.31995640324053948e-05,-0.111514149468009596,-2.98228779511218505e-05,1.15146548518653669,0,0,0,0,0,4697.77003274903473,550.374359022586077,466.437838413021836,0.00151296050094772692,1,-0.180869577214174182,4.22109754526116669e-05,0
11.89999524,11.8999952399997415,14655.1614387966692,14655.0992216916693,30.1935252003408792,120.000013440747267,2962.21599629291086,1.29432406740264416,772.038177357458949,0.729198633667407781,770.063646396253603,0.0101795435678768698,55.1808634646986889,771.846224773604831,0.697880153379210832,17.2007431075604984,-3.36129754054894541e-06,0.00671243582753190942,7.50593471857716014e-05,-5.9759691445025469e-07,0.0492537662267018769,0.000890938409520376676,0.071535263390416437,1.31852852186850177e-05,-0.111438081495853686,-2.97468481510678001e-05,1.15080230122346117,0,0,0,0,0,4697.75127930212875,550.373776147645344,466.444048542689529,0.00151304623132318813,1,-0.180862387789501589,4.21693761565974362e-05,0
11.9999952,11.9999951999997325,14653.4650375060737,14653.4028270707349,30.1937371974631006,120.000013662320427,2985.71708826571785,1.31565841637566394,771.486571805999461,0.728672917412325982,769.509522551143164,0.0101614435101705647,55.1962415100013573,771.304881786742271,0.703172756837346258,16.7276823555369987,-3.58781847780876716e-06,0.00657333810013175333,7.49706653044994486e-05,-5.72181154425048686e-07,0.0499223803847126321,0.000898450867959934142,0.0716064821429782117,1.31712512982268699e-05,-0.1113530197648082,-2.96704022532483689e-05,1.14995816082757463,0,0,0,0,0,4697.73252585522278,550.373193272704498,466.450089688417961,0.00151312963245403814,1,-0.180850459041846129,4.21505025655150636e-05,0
12.09999516,12.0999951599997235,14651.8157771043479,14651.7535731434255,30.1939490455804247,120.000013885565693,3009.20166295417175,1.3371536965728994,770.933321055362626,0.728145785135559276,768.954334445725408,0.0101434877545691915,55.2034142756758115,770.761545667546329,0.708449934067984732,16.2580236288607907,-3.78479734008640821e-06,0.00643344067706968364,7.48839513706464686e-05,-5.63544093943080819e-07,0.0505769676117040282,0.000905954825415789043,0.0716672856976731804,1.31574125515498776e-05,-0.111259754951102907,-2.95933592190710058e-05,1.14893378408567859,0,0,0,0,0,4697.7137724083168,550.372610397763651,466.455962959137253,0.00151321071935555523,1,-0.180835993227314473,4.21514555492978455e-05,0
12.19999512,12.1999951199997145,14650.2132898196578,14650.1510921323315,30.1941607441597881,120.000014110478162,3032.66966126383295,1.35880943493981876,770.378539227362808,0.727617343342621514,768.39813905994356,0.0101256882824567462,55.2032017981868535,770.216325019710212,0.713711735631412103,15.792307962296654,-3.95054655285458425e-06,0.00630141805449282392,7.47989047268614326e-05,-5.68752918514379343e-07,0.0512178592602630239,0.000913450452288477833,0.0717187084281463438,1.3143782915998248e-05,-0.111158875910987512,-2.95160077708386329e-05,1.14774758289211221,0,0,0,0,0,4697.69501896141082,550.372027522822918,466.461669664460317,0.00151328950982450826,1,-0.180818442951886815,4.21690173777185427e-05,0
12.29999508,12.2999950799997055,14648.6571576930583,14648.5949660773913,30.1943722926970359,120.000014337053045,3056.12102730386823,1.38062516937521895,769.822329808739255,0.727087688354055461,767.840945842502379,0.0101081022982083546,55.1969315965374108,769.669320743104095,0.718958224058444118,15.3309907728127968,-4.08445437199309128e-06,0.00618368902539077458,7.47152365361012445e-05,-5.84749752421279928e-07,0.0518461600280970478,0.000920937890566485935,0.0717624494905604038,1.31304353057804199e-05,-0.111050745862571396,-2.94390074416734614e-05,1.14643148847246956,0,0,0,0,0,4697.67626551450485,550.371444647882186,466.4672112927272,0.00151336602413636536,1,-0.180794934835170923,4.21997599638135456e-05,0
12.39999504,12.3999950399996965,14647.1469229273498,14647.0847371958262,30.1945836907141363,120.000014565285426,3079.55570808012862,1.40260042546713382,769.264781699594323,0.726556902602964461,767.282730056629362,0.0100908197944165057,55.1861977159647381,769.120622430671915,0.724189468247592449,14.8744097292799466,-4.18704699828036824e-06,0.00608356677572902647,7.46327547331270149e-05,-6.08458005262129804e-07,0.0524634788294679744,0.000928417259420866148,0.071800561601356519,1.31174857276209698e-05,-0.110935519570917712,-2.93632311351856606e-05,1.1450249167197879,0,0,0,0,0,4697.65751206759887,550.370861772941339,466.472589474151505,0.00151344028453666529,1,-0.180761039951381153,4.22401712054916396e-05,0
12.499995,12.4999949999996876,14645.6821004077792,14645.6199203716933,30.1947949377560825,120.000014795170529,3102.97365315188745,1.42473474249384835,768.705967790228556,0.726025053326547321,766.723450394095835,0.0100739455309450943,55.1725967360611094,768.57030679615616,0.72940553947925002,14.422773489648911,-4.25993383530728713e-06,0.0060009944663477555,7.45514178222654589e-05,-6.36891451973809219e-07,0.053071601147620294,0.000935888667826239467,0.0718351081825798488,1.31050700181145438e-05,-0.110813193438409827,-2.92895817913419604e-05,1.14356803376192695,0,0,0,0,0,4697.6387586206929,550.370278898000493,466.477805936231789,0.00151351231462544924,1,-0.180711733811701497,4.22867867846134883e-05,0
12.59999496,12.5999949599996786,14644.2621902897954,14644.2000157547773,30.1950060333871129,120.000015026703608,3126.37481421049824,1.44702766247607562,768.145946074095718,0.725492193652962247,766.163067553549354,0.0100575790316849156,55.157486217628616,768.018438228355535,0.734606509531642971,13.9761713148310776,-4.30564669740898922e-06,0.00593285808467433357,7.4471351706599512e-05,-6.67255069757728477e-07,0.0536721618905454251,0.000943352230774068207,0.0718678480567972872,1.30933178562946261e-05,-0.110683675975684695,-2.92188165805897205e-05,1.14209549319685233,0,0,0,0,0,4697.62000517378692,550.36969602305976,466.482862458924956,0.001513582138738233,1,-0.180642371277531411,4.23363141772500009e-05,0
12.69999492,12.6999949199996696,14642.8866886906326,14642.8245194702358,30.1952169771877621,120.000015259879859,3149.75914475342006,1.46947872196618134,767.584762887261263,0.724958365691127038,765.60156063395948,0.0100417962281681428,55.1418032956943307,767.46507120715637,0.739792450995063633,13.5346001350916509,-4.32739958450259254e-06,0.00587377413261027607,7.43928304573687272e-05,-6.97028110635063444e-07,0.0542663724748533582,0.000950808085350775419,0.0718999971139392818,1.30823287719814558e-05,-0.110546864809776754,-2.91514078559570146e-05,1.14063163153058889,0,0,0,0,0,4697.60125172688095,550.369113148119027,466.487760836571624,0.0015136497814200677,1,-0.18054951478548828,4.23857371699245917e-05,0
12.79999488,12.7999948799996606,14641.5550950914621,14641.4929309906674,30.195427768752598,120.000015494694594,3173.12659983559206,1.49208746846975338,767.0224575527958,0.72442360493806901,765.038938849577789,0.0100266357341937118,55.125967870950376,766.910254029045745,0.744963439457118182,13.0980030886134742,-4.32880581421973652e-06,0.00581718092194054119,7.43162278296250367e-05,-7.24022710186518856e-07,0.0548548422095074192,0.000958256403336010961,0.071932099366761218,1.30721540624371067e-05,-0.11040271729238478,-2.90874609574260223e-05,1.13918777879562838,0,0,0,0,0,4697.58249827997497,550.36853027317818,466.492502851536017,0.00151371526706127967,1,-0.180431492582591474,4.24323924035830257e-05,0
12.89999484,12.8999948399996516,14640.2669155448675,14640.2047563896158,30.1956384076891062,120.000015731143066,3196.4771359419301,1.51485344402402689,766.459067543438891,0.723887945163917412,764.475247067669898,0.0100120917304743484,55.1098787890234121,766.35403311732648,0.750119556926817199,12.6663122105794343,-4.3135927116798439e-06,0.00575652778170416841,7.42419505320621821e-05,-7.46414957952687185e-07,0.0554375150439275072,0.000965697397853441009,0.0719640190096249299,1.30627872442668353e-05,-0.110251304238237133,-2.90266979920520449e-05,1.1377619343619283,0,0,0,0,0,4697.56374483306899,550.367947398237334,466.497090262783217,0.0015137786197394166,1,-0.180288618945379342,4.2474013724314464e-05,0
12.9999948,12.9999947999996426,14639.021661799401,14638.9595074080462,30.1958488936177254,120.000015969220598,3219.81071099475002,1.53777619751399763,765.894633271061139,0.723351422932955845,763.910564810636288,0.00999811416769047501,55.0929954181614221,765.796457153956339,0.755260895682500988,12.2394879321652468,-4.28535081147937751e-06,0.00568635885959772793,7.41703662743159882e-05,-7.62749150103743654e-07,0.0560137219864863881,0.000973131322854997637,0.0719950442523432654,1.30541640241993495e-05,-0.110092839714589372,-2.89685049393266701e-05,1.13634064787396283,0,0,0,0,0,4697.54499138616302,550.367364523296601,466.501524808996976,0.00151383986326199065,1,-0.180123069577857065,4.25087446571778665e-05,0
13.09999476,13.0999947599996336,14637.8188468292356,14637.7566970220378,30.1960592261730234,120.000016208922574,3243.12728448267762,1.5608552833038587,765.329201752828112,0.722814081053738566,763.3449994567776,0.00998461574933717788,55.074483749380363,765.237580360838365,0.760387561693532499,11.8175492326874263,-4.24734579286192978e-06,0.00560312363091505523,7.41017393410651234e-05,-7.71919275359946873e-07,0.0565823305480470315,0.000980558465548689523,0.0720240762329119738,1.30461711466813455e-05,-0.10992768389997154,-2.89120294830817444e-05,1.13490259917126557,0,0,0,0,0,4697.52623793925704,550.366781648355868,466.505808224499162,0.00151389902138604417,1,-0.179938462560069373,4.25351233703253473e-05,0
13.19999472,13.1999947199996246,14636.6579780094326,14636.5958326040254,30.1962694050054488,120.000016450244317,3266.42681765381576,1.58409025028933659,764.762828655019007,0.722275970490471875,762.778675252259973,0.00997148410736692359,55.0533974737519429,764.67746445275327,0.765499676904774939,11.400590369761801,-4.20240902771168261e-06,0.00550560587581115733,7.40361841272803517e-05,-7.73134198845681212e-07,0.0571419583564964917,0.000987979133105226217,0.072049864769903868,1.30386620976155603e-05,-0.109756320416463118,-2.88563097819568677e-05,1.13342313984712284,0,0,0,0,0,4697.50748449235107,550.366198773415022,466.509942263553569,0.0015139561181535617,1,-0.179739238754733022,4.25520475041217251e-05,0
13.29999468,13.2999946799996156,14635.5385494120419,14635.4764082372785,30.1964794297835084,120.00001669318128,3289.70927375769452,1.60748065968744891,764.195578524942675,0.721737150560787577,762.211720290121093,0.00995859687613109834,55.0288614299104211,764.116179040993416,0.770597379885149314,10.9887826688036867,-4.15290901241624613e-06,0.00539493479105240988,7.3973643280760343e-05,-7.65874181432727204e-07,0.0576912105120544264,0.000995393635851401061,0.0720712484440354517,1.30314767008141217e-05,-0.109579313727458827,-2.8800411198565573e-05,1.13187896952044609,0,0,0,0,0,4697.48873104544509,550.365615898474175,466.513928727800817,0.00151401117827018659,1,-0.17952996004714486,4.25587277924668647e-05,0
13.39999464,13.3999946399996066,14634.4600345492363,14634.397897434259,30.1966893001958248,120.000016937728972,3312.97461827550978,1.63102607819411882,763.62752333354706,0.721197687539412935,761.644253760003267,0.00994583709075480549,55.0002273447567518,763.553800538847554,0.775680824670748836,10.5823624237115013,-4.10079331962205569e-06,0.00527421321499069954,7.3913892555762964e-05,-7.4984628366146007e-07,0.0582288999444841512,0.00100280226964796272,0.0720873595366946507,1.30244612551658009e-05,-0.109397255389818537,-2.87435486021508854e-05,1.13025217336079487,0,0,0,0,0,4697.46997759853912,550.365033023533442,466.517769492101024,0.00151406422746200352,1,-0.179314646854924681,4.25546394512332085e-05,0
13.4999946,13.4999945999995976,14633.4218809939921,14633.3597477577641,30.1968990159526882,120.000017183882861,3336.22281909071853,1.6547260684050038,763.058739715097886,0.720657652036617025,761.076375530993118,0.00993310651713308346,54.9671789846769343,762.990409861580474,0.780750177935937928,10.1816081249831925,-4.04768097256186514e-06,0.0051478570886912909,7.38565699798902095e-05,-7.2494495775238587e-07,0.058754216383499043,0.00101020530008245533,0.0720977635431497288,1.30174860733818866e-05,-0.109210709402754791,-2.86851762202333694e-05,1.12853302188888338,0,0,0,0,0,4697.45122415163314,550.364450148592709,466.521466523690492,0.00151411529274002462,1,-0.179096259093019905,4.25394789521143043e-05,0
13.59999456,13.5999945599995886,14632.4235075414181,14632.3613780234355,30.1971085767869241,120.000017431638526,3359.45384658192233,1.67858020386827511,762.489305467220674,0.720117115685243947,760.508159569210648,0.00992033502525402344,54.9297740949607487,762.42608938744911,0.785805614904743766,9.78681167600455382,-3.99497963085247417e-06,0.00502077879057609248,7.38012232106875841e-05,-6.91222055947669046e-07,0.0592668209267978377,0.00101760295070007362,0.0721025162690097643,1.30104579230198402e-05,-0.109020166310895089,-2.86250336219341565e-05,1.12672118965447332,0,0,0,0,0,4697.43247070472717,550.363867273651863,466.525021892290681,0.00151416440253972261,1,-0.178876392515685989,4.25131314127490546e-05,0
13.69999452,13.6999945199995796,14631.4643043577671,14631.4021783868575,30.1973179824538178,120.000017680991647,3382.66767362039081,1.70258806771604299,761.919295944121359,0.719576147735185079,759.939651931003141,0.00990748493561710575,54.888421883063927,761.860919729932561,0.790847314600880757,9.39824881410831381,-3.94400110232801502e-06,0.00489756045141115804,7.37473665156198124e-05,-6.48868006179646827e-07,0.0597668572846406579,0.00102499539666810018,0.0721021363801952753,1.30033259278721807e-05,-0.108826013210174669,-2.8563144615489889e-05,1.12482533723907219,0,0,0,0,0,4697.41371725782119,550.363284398711016,466.528437769577238,0.00151421158671359037,1,-0.178655220942050913,4.24756509173008698e-05,0
13.79999448,13.7999944799995706,14630.5436359457672,14630.4815133708526,30.1975272327302164,120.000017931937876,3405.86427546694131,1.72674924034837929,761.348780936385992,0.719034812115183053,759.370873256370601,0.00989455013617657197,54.8438053500678961,761.29497685824856,0.795875455112076469,9.01615361338772914,-3.89605224941832475e-06,0.00478175196575133295,7.3694537967979425e-05,-5.98203444368387806e-07,0.0602548850627425206,0.0010323827643666534,0.0720975051579463982,1.29960806193000683e-05,-0.108628523202162722,-2.84997734556022754e-05,1.12286127102331146,0,0,0,0,0,4697.39496381091521,550.362701523770284,466.531716418620476,0.00151425687638515852,1,-0.178431672420484744,4.24272531335503542e-05,0
13.89999444,13.8999944399995616,14629.660846259445,14629.59872691485,30.1977363274129544,120.000018184472978,3429.04362959782702,1.75106331311761365,760.777822499088757,0.718493165396147715,758.801824958154612,0.00988155062907813964,54.7967658624482965,760.728330003677115,0.800890209505154105,8.64070084796873772,-3.852485261092068e-06,0.0046753962173266125,7.36423481721159998e-05,-5.39678573553597319e-07,0.0607317525870280789,0.00103976513643017077,0.0720897159518206487,1.2988746960178147e-05,-0.108427863943398053,-2.84353492989788078e-05,1.12084910572396779,0,0,0,0,0,4697.37621036400924,550.362118648829551,466.534860175670019,0.00151430030369721939,1,-0.178203790626769054,4.23683171308144051e-05,0
13.9999944,13.9999943999995526,14628.8152650892735,14628.7531488135337,30.1979452663169106,120.000018438592704,3452.20571548893577,1.77552987601240075,760.206473995600504,0.717951255906040142,758.232497774094554,0.00986852382373515358,54.7481719027540521,760.161040626273575,0.805891742887113294,8.27199838632526507,-3.81470017725660205e-06,0.00457883822027794606,7.35905139018238241e-05,-4.73876188273605772e-07,0.0611984350041136702,0.00104714256098798505,0.0720799019735971769,1.29813730369118546e-05,-0.108224121714255689,-2.83703739043536571e-05,1.11880997698181339,0,0,0,0,0,4697.35745691710326,550.361535773888704,466.537871427416633,0.00151434190149752593,1,-0.177969207102322585,4.22993916334954659e-05,0
14.09999436,14.0999943599995436,14628.0062147304416,14627.9441013657688,30.1981540492726772,120.000018694292933,3475.3505143590578,1.80014853134197383,759.634780404738535,0.717409124038565493,757.662881088880454,0.00985551429157305314,54.6987945344437776,759.593162522164334,0.8108802108964277,7.9100899752174243,-3.78410178282003612e-06,0.00449082403772349537,7.35388729762304202e-05,-4.01513870819106545e-07,0.0616558667358362913,0.00105451506333078572,0.0720690720558031378,1.2974016653895778e-05,-0.108017335353012708,-2.83053288265999729e-05,1.11676287398081264,0,0,0,0,0,4697.33870347019729,550.360952898947858,466.540752587245152,0.00151438170301050243,1,-0.177725638574431438,4.2221200339051129e-05,0
14.19999432,14.1999943199995347,14627.2330158241093,14627.1709052250226,30.1983626761248125,120.000018951569601,3498.47800897457091,1.82491888689391701,759.062779731489286,0.716866803601723945,757.092971456844907,0.00984256378241410435,54.6492090287169958,759.024742960128947,0.815855759666144542,7.55496706710983545,-3.76202100335935267e-06,0.0044088481515195399,7.34873799614263457e-05,-3.23441246495800581e-07,0.0621047957260370959,0.00106188265803753797,0.0720579801187023333,1.29667321933129525e-05,-0.107807533560115659,-2.82405969996679228e-05,1.1147220909869302,0,0,0,0,0,4697.31995002329131,550.360370024007011,466.543506074432969,0.00151441974154961417,1,-0.177471327178858218,4.21346412990982776e-05,0
14.29999428,14.2999942799995257,14626.4949917644262,14626.4328837772282,30.1985711467300852,120.000019210418586,3521.5881834569559,1.84984054498681938,758.490505198577921,0.716324323899760751,756.522779029436037,0.00982970309084219007,54.5997361655715281,758.455824578450688,0.820818527071475068,7.20658701206306773,-3.74961660857846735e-06,0.00432967169506659998,7.34360853481827919e-05,-2.40629311751504618e-07,0.0625456810090016663,0.00106924535973981229,0.0720470464143964373,1.29595598412189181e-05,-0.107594769409965402,-2.81764099049494634e-05,1.11269565175695084,0,0,0,0,0,4697.30119657638534,550.359787149066278,466.546134298455399,0.00151445605030024852,1,-0.177205357624117932,4.20407766443586036e-05,0
14.39999424,14.3999942399995167,14625.7914710119367,14625.7293654990772,30.1987794609566933,120.000019470835952,3544.68102319275613,1.87491312573331981,757.917987799875846,0.715781712151017269,755.952331045882374,0.00981694692273582525,54.5504291508031542,757.886447672090185,0.825768644896732629,6.86489415344182419,-3.7477755566774491e-06,0.00424991341835999261,7.33851032085876617e-05,-1.54150420417234138e-07,0.0629786462855969759,0.0010766031911087692,0.0720363387206211514,1.29525187171074657e-05,-0.107379147017938451,-2.81128263605939373e-05,1.11068487251303449,0,0,0,0,0,4697.28244312947936,550.359204274125432,466.548639650747702,0.001514490662205604,1,-0.176927811076645236,4.19408107777846875e-05,0
14.4999942,14.4999941999995077,14625.1217874139547,14625.0596842232844,30.1989876186837982,120.00001973281762,3567.75651478517921,1.90013623556650457,757.345258776202058,0.715238995826973922,755.381672090429788,0.00980429230915669248,54.501104250599667,757.316652467610993,0.830706241437649484,6.52984021126632541,-3.75702964008645807e-06,0.00416661231390348056,7.33345736986798161e-05,-6.51492470506224667e-08,0.0634034921004828361,0.00108395618725400772,0.0720256113297598061,1.29456046576080041e-05,-0.1071608369827248,-2.80497434181586559e-05,1.10868503165471921,0,0,0,0,0,4697.26368968257339,550.358621399184585,466.551024503563724,0.00151452360995060829,1,-0.176639745028847828,4.18360572327382805e-05,0
14.59999416,14.5999941599994987,14624.485278531909,14624.4231775298085,30.1991956198018805,120.000019996359711,3590.81464608976876,1.92550950008177502,756.772351625837473,0.71469620454639482,754.81086136114061,0.00979172050216903234,54.4514064159535565,756.746481018458894,0.835631444049996341,6.20140077475486606,-3.77750252627096319e-06,0.00407767434814133075,7.32846269864872361e-05,2.51933436450158767e-08,0.0638197596014916935,0.0010913043963886222,0.0720143906134500106,1.29387925991295364e-05,-0.106940079204488517,-2.79869344638052071e-05,1.10668694009176272,0,0,0,0,0,4697.24493623566741,550.358038524243852,466.553291215932632,0.00151455492604391059,1,-0.176343017465157459,4.17278963506209738e-05,0
14.69999412,14.6999941199994897,14623.8812827505171,14623.8191837932973,30.1994034642133578,120.00002026145836,3613.85540629034494,1.95103254624737077,756.199303371120777,0.714153371263591796,754.239967649237201,0.0097792017184449298,54.4008963511927846,756.175978444773705,0.840544381201123847,5.87958563171769555,-3.80889572146930126e-06,0.00398214203462318554,7.32353543429550694e-05,1.15700390468047162e-07,0.0642268312266321556,0.0010986478772356974,0.0720020894775456333,1.29320427500025812e-05,-0.106717173697677928,-2.79241059178859314e-05,1.10467908087276978,0,0,0,0,0,4697.22618278876143,550.35745564930312,466.555442143953314,0.00151458464295983644,1,-0.176039996662584408,4.16177274280828894e-05,0
14.79999408,14.7999940799994807,14623.3091355785728,14623.2470385390643,30.1996111518335084,120.000020528109644,3636.87878599117266,1.97670499556231971,755.626154946107249,0.713610532624444849,753.669063031103292,0.00976670168716275988,54.3491432597498942,755.605193370178768,0.84544518371641264,5.56444184932177421,-3.85051541378941917e-06,0.00388025930310583345,7.31867904340772953e-05,2.05239113019212019e-07,0.0646240490464164014,0.00110598669414236511,0.0719881299542471237,1.2925309193580367e-05,-0.106492461857179199,-2.78609613842067381e-05,1.10264992592247446,0,0,0,0,0,4697.20742934185546,550.356872774362273,466.557479653968016,0.00151461279332011081,1,-0.175733212910679892,4.15069198333434372e-05,0
14.89999404,14.8999940399994717,14622.7681660987437,14622.7060708378249,30.199818682591502,120.000020796309798,3659.88477734057824,2.00252648458241111,755.052950722428591,0.713067728508995247,753.09821639268398,0.0097541887564509544,54.2958079934365401,755.034177549297851,0.850333985075810816,5.25604977293797049,-3.90133576260298512e-06,0.00377333918621669019,7.31389086635908259e-05,2.92757563414919284e-07,0.0650108303556860001,0.00111332091114008385,0.0719720536922776738,1.29185492850395929e-05,-0.106266301969323351,-2.77972621414754595e-05,1.10059004509694169,0,0,0,0,0,4697.18867589494948,550.356289899421427,466.559406135205165,0.00151463941006829694,1,-0.175425012510951994,4.13967677039915182e-05,0
14.999994,14.9999939999994627,14622.257694106549,14622.1956004986696,30.2000260564309322,120.000021066055055,3682.87337408179474,2.02849664986766465,754.479737326126838,0.712525000906370054,752.527487835081388,0.00974164031716828749,54.2407042120896676,754.462984810199373,0.855210920789815976,4.95451322203204114,-3.96008895433410193e-06,0.00366347256731646906,7.30916291110312905e-05,3.77314408324111159e-07,0.0653867623263411912,0.00112065058624718572,0.0719536037974818077,1.29117321983533928e-05,-0.106039043462288055,-2.77328741772723125e-05,1.09849369050309287,0,0,0,0,0,4697.16992244804351,550.355707024480694,466.561224009967475,0.00151466452661032022,1,-0.175117268976525187,4.12884522308616469e-05,0
15.09999396,15.0999939599994537,14621.777028363198,14621.7149362856289,30.200233273310424,120.000021337341664,3705.84457162714079,2.05461512935068891,753.906561997327344,0.711982392361044769,751.956924777819609,0.00972904752280379093,54.1838297526122687,753.891669535643814,0.860076127040383054,4.65994597022559276,-4.02536904023107563e-06,0.00355313811579674411,7.30448365935727111e-05,4.58099617074182662e-07,0.0657516624468872379,0.00112797576713962898,0.071932767472670911,1.29048452599996332e-05,-0.105811004195559319,-2.76677951625225419e-05,1.09635965124170287,0,0,0,0,0,4697.15116900113753,550.355124149539961,466.562935739854368,0.00151468817690021706,1,-0.174811192448582786,4.11830143623848118e-05,0
15.19999392,15.1999939199994447,14621.3254663906991,14621.2633757208678,30.2004403332033746,120.000021610165973,3728.79836702622788,2.08088157054697565,753.333470794797222,0.711439944276844871,751.386560233619321,0.00971641763867370223,54.125365824320113,753.320284962554979,0.864929738887567967,4.37245700012938698,-4.09573552571801673e-06,0.00344478389330929143,7.29984049338097988e-05,5.34445084689703756e-07,0.0661055980631497508,0.00113529648898804065,0.0719097760469613739,1.28978971672291243e-05,-0.10558245420450961,-2.76021584333103733e-05,1.09419130797283626,0,0,0,0,0,4697.13241555423156,550.354541274599114,466.564543826491104,0.00151471039544998705,1,-0.174507259050367625,4.10813392902330366e-05,0
15.29999388,15.2999938799994357,14620.9022956266999,14620.8402062348578,30.2006472360974776,120.000021884524315,3751.73475891298858,2.10729561960770129,752.760506945122188,0.71089769536122982,750.816413340449344,0.00970377378608777708,54.0656469553233023,752.748881585321897,0.869771888386129954,4.09213699510225837,-4.16980388202628743e-06,0.00334044937077759624,7.29522228260133803e-05,6.05825564103448949e-07,0.0664488654001295226,0.00114261277482211802,0.0718850660339679787,1.28909177578094667e-05,-0.105353607926683593,-2.75362150410252413e-05,1.09199595041938413,0,0,0,0,0,4697.11366210732558,550.353958399658268,466.566050807416445,0.00151473121727255591,1,-0.174205261196356154,4.0984152466150964e-05,0
15.39999384,15.3999938399994267,14620.5067957937717,14620.4447075701573,30.2008539819938022,120.000022160413081,3774.65374740431434,2.13385692816165085,752.187709587274753,0.710355680446266624,750.246491870110503,0.00969115229789774268,54.0051089881703206,752.177505909161368,0.874602702965200041,3.8190481190829928,-4.24631326012000565e-06,0.00324148416351862376,7.29062168232019536e-05,6.71851405517307147e-07,0.0667819348267162938,0.00114992463833239354,0.0718592107149770287,1.288395459623156e-05,-0.105124625134152799,-2.74702983416383164e-05,1.08978352791978272,0,0,0,0,0,4697.09490866041961,550.353375524717535,466.567459247645047,0.00151475067776496788,1,-0.173904460498613356,4.08920255304817483e-05,0
15.4999938,15.4999937999994177,14620.1382420733571,14620.0761549053623,30.201060570905522,120.000022437828747,3797.5553339598473,2.16056515605192789,751.615113077711612,0.709813929841113467,749.676796143729575,0.00967859824741412744,53.9442252406959142,751.606199723001509,0.879422304344007921,3.55321842558925027,-4.32416597282251627e-06,0.00314839947058158333,7.28603677917707705e-05,7.32255440837868259e-07,0.0671053738767111996,0.00115723208862309433,0.0718328355683679753,1.28770671042652518e-05,-0.104895619870046405,-2.74047781390255662e-05,1.08756508907002059,0,0,0,0,0,4697.07615521351363,550.352792649776802,466.568771728364425,0.00151476881255198305,1,-0.173603810332308733,4.08053894844279518e-05,0
15.59999376,15.5999937599994087,14619.7959086038172,14619.7338223734914,30.2012670028566923,120.000022716767774,3820.43952124318685,2.18741996175722608,751.04274691906619,0.70927246927424914,749.107323614301777,0.00966615997201536459,53.8834419253223018,751.034999965843326,0.884230808157289605,3.2946413948256037,-4.4024380517236546e-06,0.00306086414492273695,7.28147185282334105e-05,7.86876744680496804e-07,0.0674197620447534174,0.00116453513612941434,0.0718065322624845542,1.28703193152917394e-05,-0.104666674667574552,-2.73400121334651878e-05,1.08535117297630723,0,0,0,0,0,4697.05740176660765,550.352209774835956,466.569990834477835,0.00151478565731371934,1,-0.17330220699685786,4.07245519137816226e-05,0
15.69999372,15.6999937199993997,14619.4790717288852,14619.4169863347743,30.2014732778808543,120.000022997226665,3843.30631297143236,2.21442100786535789,750.470636271653575,0.708731320385376118,748.538073338009326,0.00965388350076390456,53.8231230625291914,750.463939160286259,0.889028324347319043,3.04328024429443644,-4.48036457874085859e-06,0.00297783348760719295,7.27693718340240414e-05,8.35643960105000853e-07,0.0677256114623990269,0.00117183379878697098,0.0717807848832898304,1.28637724574951415e-05,-0.104437857676953988,-2.72763026225510801e-05,1.08315041804744161,0,0,0,0,0,4697.03864831970168,550.351626899895109,466.571119143035844,0.00151480124762557854,1,-0.172998727496835286,4.06497150690647549e-05,0
15.79999368,15.7999936799993907,14619.1870126612484,14619.1249279965959,30.2016793960199799,120.000023279201969,3866.15571379582707,2.24156796107322043,749.898802918654951,0.708190501644136217,747.969049643998005,0.00964180772911094053,53.763512724911493,749.893046298974696,0.893814958233201118,2.7990759361237636,-4.55730686929298087e-06,0.0028977789943863178,7.27244799154714482e-05,8.78560434664138827e-07,0.0680233054091660683,0.00117912810753934027,0.0717559189520648733,1.28574784915645324e-05,-0.104209239641521692,-2.7213864558416647e-05,1.08096858437456844,0,0,0,0,0,4697.0198948727957,550.351044024954376,466.572159213750979,0.00151481561882693943,1,-0.172692817627980055,4.05809920888153971e-05,0
15.89999364,15.8999936399993818,14618.9190192148089,14618.8569351744281,30.2018853573237109,120.000023562690274,3888.98772921803493,2.2688604921867408,749.327266496402217,0.707650029516621371,747.400264500347589,0.0096299610098241617,53.7047190388765898,749.322348007989604,0.89859081208696312,2.56195732127118703,-4.63271052279980194e-06,0.00281897424083967516,7.26802272779994419e-05,9.15692691060978044e-07,0.0683130627751160902,0.00118641811043850801,0.0717320792965633475,1.28514755043088754e-05,-0.103980908198894412,-2.71528089755573158e-05,1.07880810711614195,0,0,0,0,0,4697.00114142588973,550.350461150013643,466.573113582828455,0.0015148288059356912,1,-0.17238440508768213,4.05184194815471821e-05,0
15.9999936,15.9999935999993728,14618.6743864789605,14618.6123029737373,30.2020911618487808,120.000023847688212,3911.80236552623956,2.29629827612084192,748.756045776314409,0.707109919677774701,746.831738322782371,0.00961835953263445731,53.6467205693007827,748.751869782215749,0.903355986953881862,2.33185166329825933,-4.70606367541301769e-06,0.00273978722564090617,7.26368101273783219e-05,9.47162880778846726e-07,0.0685949318170798877,0.0011937038748480002,0.0717092377876079323,1.28457854693201382e-05,-0.10375297762041498,-2.70931428741276421e-05,1.07666820386477191,0,0,0,0,0,4696.98238797898375,550.349878275072797,466.573984760565395,0.00151484084361483006,1,-0.172073926254073473,4.04619650125993753e-05,0
16.09999356,16.0999935599993655,14618.4524165205657,14618.3903334441238,30.2022968096589395,120.000024134192344,3934.59962978523708,2.32388098095248008,748.185159795826394,0.706570188078544659,746.263499238132908,0.0096070075823012635,53.5893921524473171,748.181637093554514,0.908110584455134595,2.10869388042104333,-4.77686360031968384e-06,0.00265893284599457011,7.25944155892071618e-05,9.73145002233457557e-07,0.0688688116717535992,0.00120098548756989777,0.0716872271874988976,1.28404145107434809e-05,-0.103525592922732751,-2.70347841838528349e-05,1.07454547027560787,0,0,0,0,0,4696.96363453207778,550.34929540013195,466.574775232411525,0.00151485176618690516,1,-0.171762269763782227,4.04115311795468909e-05,0
16.19999352,16.1999935199993566,14618.2524172179401,14618.1903344845541,30.2025023008250031,120.000024422199431,3957.37952984210324,2.35160829391953419,747.61462867722264,0.706030851715960028,745.695581054242211,0.0095958994407689957,53.5325444592015742,747.611676209700363,0.912854708307723861,1.89243319179978897,-4.84459746106498623e-06,0.00257564948160463958,7.25532038240413527e-05,9.93863956992247889e-07,0.0691344958791463154,0.00120826305304078617,0.0716657935970207993,1.28353553728754546e-05,-0.103298928244974844,-2.69775880690408707e-05,1.07243482768913267,0,0,0,0,0,4696.9448810851718,550.348712525191218,466.575487463122045,0.00151486160769118594,1,-0.171450652838997575,4.03669553224236048e-05,0
16.29999348,16.2999934799993476,14618.0737006664276,14618.0116181794783,30.2027076354252308,120.00002471170616,3980.14207437314553,2.37947989542180149,747.044474036227257,0.705491929014639529,745.128020367237923,0.00958502248645487498,53.4759699284816747,747.042014620350074,0.917588465372590534,1.68303637530110706,-4.9087399324358261e-06,0.00248977867464391864,7.25132954026198341e-05,1.00959602603775461e-06,0.0693917292274133513,0.00121553669000253419,0.0716446577317654404,1.28305915107445728e-05,-0.103073180227068295,-2.69213794743535195e-05,1.07033064386171684,0,0,0,0,0,4696.92612763826583,550.348129650250485,466.576123902435029,0.00151487040196192509,1,-0.171140455317006251,4.03280080296545889e-05,0
16.39999344,16.3999934399993386,14617.9155814163387,14617.8534990933513,30.2029128135455487,120.000025002709293,4002.88727290122824,2.40749547270458608,746.474718954816467,0.704953439796329406,744.560853333604769,0.00957436089091012743,53.4194873631160476,746.472681038122687,0.922311966120000881,1.48048744214879235,-4.96876720919317235e-06,0.0024017438484084299,7.24747653035197456e-05,1.02066917666529316e-06,0.0696402679020659554,0.00122280652724482755,0.0716235747248443189,1.28261020072833411e-05,-0.10284855784144753,-2.686598631607472e-05,1.06822783693419132,0,0,0,0,0,4696.90737419135985,550.347546775309638,466.576686991346946,0.00151487818271488434,1,-0.170833040904068589,4.02943917370116009e-05,0
16.4999934,16.4999933999993296,14617.7773748748004,14617.7152926359468,30.2031178352799685,120.00002529520556,4025.61513584661316,2.43565471028014491,745.905387562730198,0.704415404880370799,743.994112640584945,0.00956389927416356755,53.3629783631612895,745.903705010875001,0.927025324492862235,1.28478410800500598,-5.02418409425902035e-06,0.00231244007604345476,7.24376437695162359e-05,1.0274617266318423e-06,0.0698799332712754101,0.00123007269909059577,0.0716023832696922602,1.2821866464426495e-05,-0.102625270577546113,-2.68112681279914499e-05,1.06612279263806453,0,0,0,0,0,4696.88862074445387,550.346963900368792,466.577179167803308,0.00151488498362578453,1,-0.170529594580314303,4.02657413087138921e-05,0
16.59999336,16.5999933599993206,14617.6583962477744,14617.5963140027052,30.2033227007305989,120.000025589191807,4048.32567452697458,2.46395730361117726,745.336504329563695,0.703877845412316239,743.427825131215741,0.00955362576007989794,53.3064106427417528,745.335116240457069,0.931728657251264747,1.09593190823848374,-5.0745587837303861e-06,0.00222305972037813507,7.24019231834983022e-05,1.03039826038165987e-06,0.0701106514628828947,0.00123733534126262775,0.0715810373719025367,1.28178691166281562e-05,-0.102403516880417322,-2.67571361351589029e-05,1.06401396724377406,0,0,0,0,0,4696.8698672975479,550.346381025428059,466.577602870466762,0.00151489083838221225,1,-0.170231000017051437,4.02416279734270325e-05,0
16.69999332,16.6999933199993116,14617.5579600781202,14617.4958777519096,30.2035274100077231,120.000025884664907,4071.01890116586492,2.49240295090062691,744.768093204012871,0.70334078204981898,742.862010398179336,0.00954353400279017716,53.2498457353390222,744.766943739735552,0.936422082939389555,0.913937086049116942,-5.11955898858238085e-06,0.00213488647016968347,7.23675692963064737e-05,1.02994223061352244e-06,0.0703324737700364161,0.00124459458765245677,0.0715596172447195145,1.28141015842861994e-05,-0.102183474801870525,-2.67035625320770364e-05,1.0619021142282461,0,0,0,0,0,4696.85111385064192,550.345798150487326,466.577960540361801,0.00151489578070617293,1,-0.169937772723454117,4.02215673576882351e-05,0
16.79999328,16.7999932799993026,14617.4753805585206,14617.4132980759077,30.2037319632293304,120.000026181621706,4093.69482884220861,2.52099134761826482,744.2001767502652,0.702804234147908713,742.296680483463433,0.00953362396456602923,53.1934312435934658,744.199214975713062,0.941105720666059686,0.738799486275645734,-5.15898310445220271e-06,0.0020490924698171333,7.23345346234412906e-05,1.02658527747891635e-06,0.0705455763221831539,0.00125185056831561537,0.071538319432216016,1.28105639620481235e-05,-0.101965295868638783,-2.66505784310964343e-05,1.05979012762747171,0,0,0,0,0,4696.83236040373595,550.345215275546479,466.578254619760344,0.00151489984433854212,1,-0.169650054518280857,4.02050316450433147e-05,0
16.89999324,16.8999932399992936,14617.4099724441767,14617.3478897348014,30.2039363605207534,120.000026480059148,4116.35347144722891,2.54972219881578077,743.632775417472658,0.702268219071551236,741.731840636657353,0.00952390144814918571,53.1373801588397896,743.631955135152793,0.94577968890648334,0.570506567433454848,-5.19278124554169547e-06,0.00196656963784073817,7.23027717068791038e-05,1.02083388482440014e-06,0.070750240805755385,0.00125910340879537897,0.0715174294405679922,1.28072642347734908e-05,-0.101749102995007529,-2.6598262024956242e-05,1.05768256390053583,0,0,0,0,0,4696.81360695682997,550.344632400605519,466.578487548931605,0.00151490306299399647,1,-0.169367665068452689,4.01914651768265919e-05,0
16.9999932,16.9999931999992846,14617.3610525950789,14617.2989695913038,30.2041406020137799,120.000026779974206,4138.99484358978589,2.57859521228499311,743.065907092668795,0.701732751777560115,741.167490971567531,0.00951437656555820244,53.0819415605586187,743.065186711978413,0.950444104612463425,0.409029378380857622,-5.22106280116830791e-06,0.00188781831424300107,7.22722441860875034e-05,1.01319441723172118e-06,0.0709468207994401467,0.00126635323068078395,0.0714972825852099175,1.28042162545773064e-05,-0.101534992269924684,-2.65467196158842219e-05,1.05558494254926383,0,0,0,0,0,4696.794853509924,550.344049525664786,466.578661760649595,0.00151490547028497739,1,-0.169090197600555936,4.01803022837889879e-05,0
17.09999316,17.0999931599992756,14617.3279416188598,14617.2658582517197,30.204344687845996,120.000027081363882,4161.61896051974418,2.60761009855783454,742.499586713707913,0.701197844453436248,740.603628420298492,0.00950506149001528744,53.027367937407746,742.498928915085457,0.955099082050307469,0.254320967438850687,-5.24408934930387446e-06,0.00181290550535941758,7.22429341394238174e-05,1.00415786403351253e-06,0.0711357000886744251,0.00127360015298585527,0.0714782200906126236,1.28014367419976067e-05,-0.101323038096368931,-2.64960633436459804e-05,1.05350295521479209,0,0,0,0,0,4696.77610006301802,550.343466650724054,466.578779674342741,0.0015149070996406974,1,-0.168817140543713523,4.01709857743057745e-05,0
17.19999312,17.1999931199992666,14617.3099657036364,14617.2478819076186,30.2045486181599543,120.000027384225206,4184.22583803862381,2.63676657090631794,741.933826663631407,0.700663506894656618,740.040249323134049,0.00949596792086815356,52.9738845028340393,741.9331983358569,0.959744733252434479,0.106317276531036953,-5.26225411015469635e-06,0.00174149319497855868,7.22148449335745463e-05,9.94185660520940526e-07,0.0713172501058790542,0.0012808442942425515,0.071460547608799746,1.27989418730635327e-05,-0.101113300361373462,-2.64463892131037365e-05,1.05144170783004287,0,0,0,0,0,4696.75734661611205,550.342883775783207,466.578843689566611,0.00151490798421682004,1,-0.16854800380246876,4.01629844246914009e-05,0
17.29999308,17.2999930799992576,14617.3064581900835,14617.2443738995007,30.204752393102325,120.000027688555249,4206.8154924038754,2.66606434671085779,741.368636905682934,0.700129746636312777,739.477351290949969,0.00948710468430624676,52.9216649880385717,741.36800883715182,0.964381167524033467,-0.0350598176664647099,-5.27605084079551021e-06,0.00167292636466461527,7.21879995137793924e-05,9.83697787858498087e-07,0.0714917930128176199,0.00128808577442857618,0.071444502332823609,1.27967440383806343e-05,-0.100905832687022121,-2.63977591448540599e-05,1.04940511713975426,0,0,0,0,0,4696.73859316920607,550.342300900842361,466.578856180405808,0.00151490815681796761,1,-0.168282430231359026,4.01558079938726869e-05,0
17.39999304,17.3999930399992486,14617.3167607262731,14617.2546758895041,30.2049560128233487,120.000027994351129,4229.38794026992946,2.69550314746022623,740.804025804531875,0.699596569731654516,738.914935058365927,0.009478475854039492,52.8708171494536145,740.803372633367758,0.969008492558975254,-0.169897946856380599,-5.28603657593910552e-06,0.00160636212377601902,7.21624348750658264e-05,9.73064055272898132e-07,0.0716595756964860942,0.00129532471675276113,0.0714302330411772379,1.27948492774512735e-05,-0.100700690083048591,-2.63501893109436507e-05,1.04739553168233401,0,0,0,0,0,4696.71983972230009,550.341718025901628,466.578819491360832,0.00151490764984076542,1,-0.168020276151215731,4.01490186213532298e-05,0
17.499993,17.4999929999992396,14617.3402240090072,14617.2781385755407,30.2051594774763394,120.000028301609987,4251.94319862989141,2.72508269738317965,740.240000331609053,0.699063980947883357,738.353004930630959,0.00947007965114332606,52.8213793001067984,740.239300057574837,0.973626813938436753,-0.29828899773436035,-5.29279298005288102e-06,0.00154091659623126253,7.21381938995824452e-05,9.62599019787616807e-07,0.0718207576264520836,0.00130256124844460456,0.0714177950417888424,1.27932557645618861e-05,-0.100497935442883476,-2.63036464589743833e-05,1.04541362887532041,0,0,0,0,0,4696.70108627539412,550.341135150960895,466.578735934708675,0.0015149064952372593,1,-0.167761651422749403,4.01422379923877223e-05,0
17.59999296,17.5999929599992306,14617.376207895577,14617.3141218042401,30.2053627872174602,120.000028610329011,4274.4812847929652,2.75480272481676502,739.676566897667158,0.698531984552596019,737.791569094741135,0.0094619082550146949,52.7733275501099683,739.675800603965286,0.978236236362859723,-0.420324003572687843,-5.29689108799306441e-06,0.0014758055977716351,7.2115316156071561e-05,9.52560556231023425e-07,0.0719754133689765735,0.00130979550095708559,0.0714071595483140587,1.27919535087580784e-05,-0.100297643296720695,-2.62580517691630446e-05,1.04345856148665961,0,0,0,0,0,4696.68233282848814,550.340552276020048,466.578607790104115,0.0015149047245093005,1,-0.167506916101355097,4.01351501814710879e-05,0
17.69999292,17.6999929199992216,14617.4240811392665,14617.361994338602,30.205565942205439,120.000028920505343,4297.00221635547496,2.78466295399635211,739.113732407682278,0.698000585309194621,737.230639535691353,0.00945394849251068869,52.7265917164516509,739.112884527091637,0.982836865702488849,-0.536088940773069567,-5.29886319782172911e-06,0.00141045809195175856,7.20938292296341389e-05,9.43151667388968895e-07,0.0721235481060584493,0.00131702760942026134,0.0713982348380384213,1.27909252368671257e-05,-0.100099901224190449,-2.62132914916904733e-05,1.04152832755578895,0,0,0,0,0,4696.66357938158217,550.339969401079202,466.578437305522243,0.00151490236872146031,1,-0.167256637789181761,4.01275005975437887e-05,0
17.79999288,17.7999928799992126,14617.4832207113504,14617.4211331536881,30.2057689426017788,120.000029232136299,4319.5060112185347,2.81466312558039577,738.551503842004195,0.697469788079428832,736.670230091482381,0.00944618323801715842,52.6810766311579073,738.550561670766683,0.98742880744038608,-0.645661974362738533,-5.29918419496897442e-06,0.00134458743607332497,7.20737418803549723e-05,9.34524750271796255e-07,0.0722651225334172281,0.00132425771074445235,0.071390894978068109,1.27901482687868114e-05,-0.0999048085014387355,-2.61692320700814945e-05,1.03962027735423068,0,0,0,0,0,4696.64482593467619,550.339386526138469,466.578226699672541,0.00151489945853430525,1,-0.167011520036789707,4.01190919155362715e-05,0
17.89999284,17.8999928399992037,14617.5530109591782,14617.4909226064174,30.2059717885706682,120.000029545219107,4341.99268758168546,2.84480297202062626,737.989888316390648,0.696939597877754835,736.110354860098255,0.00943859328024021504,52.6366852669505647,737.988841464642064,0.992012166622473823,-0.749112434303420116,-5.29826333587123886e-06,0.00127821315121121049,7.20550400941446254e-05,9.26787424696985271e-07,0.0724000827074490483,0.00133148594148369275,0.0713850111059172732,1.27895970255503326e-05,-0.09971247249825968,-2.61257371446113914e-05,1.03773167013081258,0,0,0,0,0,4696.62607248777022,550.338803651197736,466.577978164997091,0.00151489602424573992,1,-0.166772314592057241,4.01097780278248764e-05,0
17.9999928,17.9999927999991947,14617.6328427381814,14617.570753550337,30.2061744802791452,120.000029859751109,4364.46226396020211,2.87508223671846608,737.428893908649798,0.696410020649603112,735.551027507040544,0.009431159362165209,52.5933400320294595,737.427734662071884,0.996587050139234321,-0.846501517909558743,-5.29644579802335876e-06,0.00121163411624528039,7.20376864963175577e-05,9.20008934643226115e-07,0.0725283898995862236,0.0013387124359119382,0.071380480289765999,1.27892457704411696e-05,-0.0995230036316981648,-2.60826838386985432e-05,1.03586019394895579,0,0,0,0,0,4696.60731904086424,550.33822077625689,466.577693870761721,0.00151489209583363801,1,-0.166539732140400798,4.0099457183643777e-05,0
18.09999276,18.0999927599991857,14617.722112711519,14617.660022637916,30.2063770178970863,120.000030175729592,4386.91475918580181,2.90550065760521559,736.868528803649156,0.695881062462007427,734.992259249819995,0.00942386405526385307,52.5509989942209472,736.867251889556087,1.00115356471263728,-0.937884444389602834,-5.29402174554172844e-06,0.00114536139652941836,7.20216229331866625e-05,9.14226224391773294e-07,0.072650045678164632,0.00134593732352922854,0.0713772477847254422,1.27890711669026821e-05,-0.0993365097029485361,-2.60399759354282584e-05,1.03400437079123253,0,0,0,0,0,4696.58856559395826,550.337637901316043,466.577375965550004,0.00151488770299023387,1,-0.16631436590043,4.00880653932914624e-05,0
18.19999272,18.1999927199991767,14617.8202228844166,14617.7581318974826,30.2065794015972209,120.000030493151982,4409.35019240240126,2.9360579862983589,736.308800732409395,0.69535272897259226,734.434057636049602,0.00941669323057858776,52.5096651253143705,736.307402902910781,1.00571181574121638,-1.02331360027704221,-5.29124019118814047e-06,0.00108002431458247439,7.20067757391382646e-05,9.09449034243868433e-07,0.0727651089589066158,0.00135316072714861124,0.0713753198580765746,1.27890542955190296e-05,-0.0991530904657684925,-2.59975521724689645e-05,1.03216379476708431,0,0,0,0,0,4696.56981214705229,550.33705502637531,466.577026578921505,0.00151488287514496361,1,-0.166096638144894337,4.00755708977331861e-05,0
18.29999268,18.2999926799991677,14617.9265805184841,14617.8644885780323,30.2067816315549216,120.000030812015666,4431.76858305128917,2.96675397031349997,735.749716910863867,0.694825025371443417,733.876426377573466,0.00940963695421215274,52.4693877718904105,735.748196891698967,1.01026190750841582,-1.10284209887979756,-5.28832439959089012e-06,0.00101626631049306208,7.19930627614399254e-05,9.05663666027454332e-07,0.0728737031075827185,0.00136038276185171001,0.0713747660314835858,1.27891818891568029e-05,-0.0989728334236892049,-2.59553890444095737e-05,1.03033918576153027,0,0,0,0,0,4696.55105870014631,550.336472151434577,466.576647821717074,0.00151487764146861843,1,-0.165886775773675221,4.00619701477388648e-05,0
18.39999264,18.3999926399991587,14618.0405983515084,14617.978505427056,30.2069837079479058,120.000031132318114,4454.16995083192342,2.99758836537909312,735.191283537969753,0.694297955907651976,733.319365271033121,0.00940268971853541746,52.4302567253491816,735.189641881064858,1.01480394212892766,-1.17652716603296881,-5.28548566910255795e-06,0.000954647193084758126,7.19804009827841525e-05,9.02835314348189144e-07,0.0729760127450002488,0.00136760353447533422,0.0713757112833888485,1.2789446677799382e-05,-0.0987958111742033573,-2.59134979819961856e-05,1.02853226241707385,0,0,0,0,0,4696.53230525324034,550.335889276493731,466.576241785275784,0.00151487203086247426,1,-0.165684816543505475,4.00472854457170963e-05,0
18.4999926,18.4999925999991497,14618.161695189774,14618.0996012529267,30.2071856309559443,120.000031454056739,4476.55431567049072,3.02856092175339997,734.633505450280268,0.693771523564597259,732.762870691886746,0.00939585004264598123,52.3923904519560324,734.631744364134988,1.01933801877115249,-1.24443284229160156,-5.28293308793410891e-06,0.000895566029990295604,7.19687136425436319e-05,9.00909190692499103e-07,0.073072271628374097,0.00137482314387282734,0.0713783202301140202,1.27898468735687852e-05,-0.0986220806975786762,-2.58719179502441781e-05,1.02674547114482118,0,0,0,0,0,4696.51355180633436,550.335306401552884,466.575810539325914,0.00151486607192908196,1,-0.165490642268807497,4.0031564004115299e-05,0
18.59999256,18.5999925599991407,14618.2892966344953,14618.2272016547831,30.2073874007603322,120.000031777229083,4498.9216976644766,3.05967140201235743,734.076385912117303,0.693245729863634974,732.206936478951093,0.00938911955988952496,52.3559207516154856,734.074509080033295,1.02386423306933261,-1.3066316388412389,-5.28087773725062915e-06,0.00083921456823706983,7.19579358900923551e-05,8.99810851379963653e-07,0.0731627441614957352,0.00138204168182349141,0.0713827763436719054,1.27903849522133786e-05,-0.0984516844857064033,-2.58307048938433261e-05,1.02498162447081742,0,0,0,0,0,4696.49479835942839,550.334723526612152,466.575356129397733,0.00151485979293648548,1,-0.165304031852992556,4.00148779468217759e-05,0
18.69999252,18.6999925199991317,14618.4228359945118,14618.3607399499524,30.2075890175434481,120.000032101832673,4521.27211702931163,3.09091956736656082,733.519926580253809,0.692720574833071479,731.65155506169117,0.00938250178422006531,52.3209764633527357,733.517938994827432,1.02838267683500417,-1.36320497414843089,-5.27953092826727403e-06,0.000785565630390305499,7.19480183088621537e-05,8.99446272105437126e-07,0.0732477038400193847,0.00138925923441295162,0.0713892597545827123,1.27910659881022065e-05,-0.0982846532154545566,-2.57899199550291471e-05,1.02324351110954437,0,0,0,0,0,4696.47604491252241,550.334140651671419,466.574880573573409,0.00151485322177325474,1,-0.165124724422732322,3.99973246119895881e-05,0
18.79999248,18.7999924799991227,14618.5617551319301,14618.4996580040279,30.2077904814882139,120.000032427865108,4543.60559404012292,3.12230518587100425,732.964127752679474,0.6921960572452317,731.096718758717316,0.00937600075776112707,52.287668762087435,732.962035707521522,1.0328934383954782,-1.41424241612492096,-5.27909710716793675e-06,0.000734395287647078348,7.19389280165844239e-05,8.99702217180182792e-07,0.0733274121299626463,0.00139647588371565154,0.0713979271023371109,1.2791895814552781e-05,-0.0981210094582371239,-2.57496182652996104e-05,1.02153353943085601,0,0,0,0,0,4696.45729146561644,550.333557776730572,466.574385859475342,0.00151484638590684514,1,-0.164952482273822532,3.99790264972005226e-05,0
18.89999244,18.8999924399991137,14618.7055052183568,14618.6434069805055,30.2079917927777579,120.000032755323886,4565.92214899817009,3.15382801600561091,732.408987966077689,0.691672174238217696,730.542420166487318,0.00936961980198514066,52.256080057692941,732.40679843512612,1.03739660099345099,-1.45983993315897465,-5.27976283110605043e-06,0.000685332595161511414,7.19306473830790265e-05,9.00447356124178667e-07,0.0734021008172204698,0.00140369170909624558,0.0714088962888096285,1.27928793286117801e-05,-0.0979607716610901291,-2.57098399286570323e-05,1.01985346154967083,0,0,0,0,0,4696.43853801871046,550.332974901789726,466.573873941573197,0.00151483931234634912,1,-0.164787144414189179,3.99601302922697747e-05,0
18.9999924,18.9999923999991047,14618.8535472303629,14618.7914478642197,30.208192951594981,120.000033084206706,4588.22180217716232,3.18548783540924374,731.854505349827946,0.691148922595797077,729.988653942859401,0.00936336056677500306,52.2262580304312678,731.852226431717213,1.04189224607988695,-1.50009749341286636,-5.28168410381613595e-06,0.000637927155500902349,7.19231709018084748e-05,9.01534484767211223e-07,0.0734719604097127249,0.00141090678908908332,0.0714222380271873902,1.27940191644440861e-05,-0.0978039581503649808,-2.56706044692919997e-05,1.01820422159955837,0,0,0,0,0,4696.41978457180448,550.332392026848993,466.573346739419492,0.00151483202761809317,1,-0.164628662814480797,3.99408045518511535e-05,0
19.09999236,19.0999923599990957,14619.0053522400558,14618.9432517326095,30.2083939581222793,120.000033414511151,4610.50457379465934,3.21728441077738081,731.300676770270911,0.690626297939915812,729.435415994755772,0.00935722245190140356,52.1982150045016056,731.29831695724647,1.04638045039519101,-1.53511640195619492,-5.28497394022259107e-06,0.000591722868717270791,7.1916500700984655e-05,9.02803896373460647e-07,0.0735371354490679391,0.00141812120182388448,0.0714379748871619286,1.2795314908612052e-05,-0.0976505900344589312,-2.56319090047514269e-05,1.01658592600461528,0,0,0,0,0,4696.40103112489851,550.33180915190826,466.572806136614872,0.00151482455775131292,1,-0.164477118430295333,3.99212359302170873e-05,0
19.19999232,19.1999923199990867,14619.160401403904,14619.0982997427782,30.2085948125414099,120.000033746234934,4632.77048399723299,3.24921752112292372,730.747499324093042,0.690104296140877205,728.882704643507054,0.00935120251251719825,52.1719326126266196,730.745067962733742,1.05086128979115578,-1.56499680465121571,-5.28969266428920332e-06,0.000546326307127731206,7.19106416927098541e-05,9.04087882927183901e-07,0.0735977272838439361,0.00142533502611685956,0.0714560873654534051,1.27967629330539494e-05,-0.0975006932915671448,-2.5593730379817001e-05,1.0149979464829153,0,0,0,0,0,4696.38227767799253,550.331226276967413,466.572253980847563,0.00151481692827869154,1,-0.164332715033871701,3.99016239788591858e-05,0
19.29999228,19.2999922799990777,14619.3181857503951,14619.2560829216636,30.208795515033362,120.000034079375709,4655.0195528498698,3.28128693998851695,730.194969559260926,0.689582912580933405,728.330519237163912,0.00934529576007414597,52.147370307991082,730.192476290210152,1.0553348367185571,-1.58983568764936933,-5.29584211587858552e-06,0.000501459954508033374,7.19055969431137382e-05,9.05216010078531899e-07,0.0736538028290618513,0.00143254834102069417,0.0714765254895333713,1.27983568086890606e-05,-0.0973542991972964206,-2.55560302806978716e-05,1.01343911240581086,0,0,0,0,0,4696.36352423108656,550.330643402026567,466.571692084650067,0.00151480916424679107,1,-0.164195754889610468,3.98821749160540686e-05,0
19.39999224,19.3999922399990687,14619.4782057926059,14619.4161017911138,30.2089960657783401,120.000034413931203,4677.25180032396838,3.31349244776102969,729.643084081402776,0.689062142725810789,727.778859972082273,0.00933949582475968043,52.1244763842401539,729.640538731795573,1.05980116181061401,-1.60972562675817699,-5.3033650144063279e-06,0.000456993704115743406,7.19013640937675609e-05,9.06020811381853027e-07,0.0737054078448166061,0.00143976122567421577,0.0714992237849007978,1.28000881921231933e-05,-0.0972114436518578817,-2.55187625205682006e-05,1.01190796961507079,0,0,0,0,0,4696.34477078418058,550.330060527085834,466.571122226778357,0.00151480129023510816,1,-0.16406660040181667,3.9863094782127887e-05,0
19.4999922,19.4999921999990597,14619.6399710737169,14619.5778658866784,30.2091964649557134,120.000034749899115,4699.46724630475728,3.34583382209361702,729.091840052533826,0.688541982594397362,727.227727565724308,0.00933379582360582827,52.103199553025604,729.08925297646249,1.06426033535291631,-1.62475440204890731,-5.31214947812661919e-06,0.00041295166484389608,7.1897933224527799e-05,9.06343393034596718e-07,0.073752582239538067,0.00144697375887206463,0.0715241170879007127,1.28019480003894232e-05,-0.0970721654071348694,-2.54818810567973323e-05,1.01040305624967885,0,0,0,0,0,4696.32601733727461,550.329477652145101,466.570546153830776,0.00151479333037843572,1,-0.163945629000944476,3.98445825885356412e-05,0
19.59999216,19.5999921599990508,14619.8029996566474,14619.7408932793296,30.2093967127441445,120.000035087277226,4721.6659105962317,3.37831084885184874,728.541234264709146,0.68802242788247514,726.677121592343383,0.00932818927148515442,52.0834992218973412,728.538615806779944,1.06871242475563877,-1.63500544491574828,-5.32203796700874923e-06,0.000369495341593950241,7.18952862959990627e-05,9.06038453161451394e-07,0.0737953748115961067,0.00145418601784581239,0.0715511547821918031,1.28039276749443601e-05,-0.0969365033657954844,-2.54453474338691106e-05,1.00892314823090223,0,0,0,0,0,4696.30726389036863,550.328894777204141,466.569965582065322,0.00151478530839196457,1,-0.163833188992399681,3.98268240632989028e-05,0
19.69999212,19.6999921199990418,14619.9668178185821,14619.9047102526492,30.2095968093213898,120.00003542606332,4743.84781290173669,3.41092331390406756,727.991263600525599,0.687503474396713332,726.127040387579768,0.00932267091760763389,52.0653532567675938,727.988624150667761,1.073157496140555,-1.64055897021963659,-5.3328396935081485e-06,0.000326887796274535284,7.18933982285897366e-05,9.04978359009452012e-07,0.0738338555389796286,0.00146139807779691933,0.0715803114993497219,1.28060203246863706e-05,-0.0968044938021114659,-2.5409136658571002e-05,1.00746745098740931,0,0,0,0,0,4696.28851044346266,550.328311902263295,466.56938219848746,0.00151477724758632354,1,-0.163729561970688553,3.98099864371848699e-05,0
19.79999208,19.7999920799990328,14620.1309597305954,14620.0688509762276,30.2097967548644064,120.000035766255166,4766.01297283702934,3.44367100175311291,727.441924701233006,0.686985117740304463,725.577480415857394,0.00931723736083056586,52.0487621332105164,727.4392746039548,1.077595613689456,-1.64149356458792539,-5.34434470918800753e-06,0.000285445537926949189,7.18922392167199958e-05,9.03055969267491235e-07,0.0738681235828876764,0.00146861001123633843,0.0716115929690222947,1.28082215840281545e-05,-0.0966761676529475089,-2.53732406341290601e-05,1.00603570547195553,0,0,0,0,0,4696.26975699655668,550.327729027322562,466.568797661991255,0.00151476917088333787,1,-0.163634937608408193,3.97942146683613531e-05,0
19.89999204,19.8999920399990238,14620.2949674315751,14620.2328574896947,30.2099965495490821,120.000036107850576,4788.16140989779251,3.47655370100936656,726.893213760300796,0.686467353117854895,725.028436038858672,0.00931188736802868178,52.0337492317598844,726.890563224728567,1.08202683935511823,-1.63788794266972815,-5.35633802173145576e-06,0.000245486383938762836,7.18917778468803785e-05,9.00186092919159524e-07,0.0738983102418878102,0.0014758218876717692,0.0716450365646777165,1.28105300641230783e-05,-0.0965515483802324576,-2.53376688322901885e-05,1.00462820355387428,0,0,0,0,0,4696.2510035496507,550.327146152381829,466.568213603451852,0.00151476110081732096,1,-0.163549403163812557,3.97796292626776771e-05,0
19.999992,19.9999919999990148,14620.4583909027278,14620.396279767283,30.2101961935501642,120.000036450847418,4810.2931434546781,3.50957120575896653,726.345126329742243,0.685950175152585162,724.479899553420637,0.00930662187033637345,52.0203575479976621,726.342485340584062,1.08645123256814702,-1.62982258945179126,-5.36861214236280702e-06,0.000207281317661088023,7.18919844598097128e-05,8.96305624533483021e-07,0.0739245768123462377,0.00148303377361777805,0.0716807069016435761,1.28129473623893389e-05,-0.0964306506778947053,-2.53024463132304454e-05,1.0032457177398566,0,0,0,0,0,4696.23225010274473,550.326563277440982,466.567631625460649,0.00151475305953141168,1,-0.163472948211183855,3.97663256686362897e-05,0
20.09999196,20.0999919599990058,14620.6207883134484,14620.5586759924936,30.2103956870410073,120.000036795243531,4832.40819272366207,3.54272330735425545,725.797657168918249,0.685433577744095412,723.931861472920559,0.00930144365223195546,52.008643605903444,725.79503539924508,1.0908688499866539,-1.61738104651450953,-5.38097682490875414e-06,0.000171017127798821526,7.18928342118020083e-05,8.91372539879809383e-07,0.0739471080805924608,0.00149024573292662983,0.0717186875474352392,1.28154776480930328e-05,-0.0963134801656541084,-2.52676095620764946e-05,1.00188936296566711,0,0,0,0,0,4696.21349665583875,550.325980402500136,466.567053301449221,0.00151474506876549684,1,-0.163405482610348401,3.97543750509863538e-05,0
20.19999192,20.1999919199989968,14620.7817263752222,14620.7196128777232,30.2105950301932644,120.000037141036771,4854.50657673212118,3.57600979851854994,725.250800156757236,0.684917553986299277,723.384310992542964,0.00929635679702445206,51.9986697083517697,725.248206884020306,1.09527974533478178,-1.60065067371242975,-5.39326524182134594e-06,0.000136774434958843535,7.18943093740790891e-05,8.85364036102498939e-07,0.0739661027566791557,0.00149745782739114778,0.0717590703892473092,1.28181269090219401e-05,-0.0962000340341451349,-2.52332008810467217e-05,1.00056041674923879,0,0,0,0,0,4696.19474320893278,550.325397527559403,466.566480174429387,0.00151473714983879713,1,-0.163346864004249692,3.97438261214602031e-05,0
20.29999188,20.2999918799989878,14620.9407807402313,14620.8786660780061,30.2107942231767552,120.000037488225033,4876.58831430435839,3.60943047608263212,724.704548277180265,0.684402096154605122,722.83723655675692,0.00929136598893287591,51.9904958073433363,724.701992304109808,1.09968396935581891,-1.57972280950051669,-5.40533640558449378e-06,0.000104523063069976313,7.18964005610493403e-05,8.78274166181860846e-07,0.0739817625010554536,0.0015046701175198832,0.0718019444197165457,1.28209019955449777e-05,-0.0960903024896063718,-2.5199262326092049e-05,0.999260127765272066,0,0,0,0,0,4696.1759897620268,550.32481465261867,466.565913755573547,0.00151472932363027604,1,-0.163296930033665938,3.97347076200489714e-05,0
20.39999184,20.3999918399989788,14621.0975363776088,14621.0354205559161,30.2109932661590186,120.000037836806243,4898.65342401110138,3.64298513961646542,724.158893675885565,0.68388719576042567,722.290626439125617,0.00928647577608254782,51.9841722240472563,724.156383257811513,1.10408156988682493,-1.55469234830690084,-5.41707417256414014e-06,7.41339970076996282e-05,7.18991067595884308e-05,8.70111320962780871e-07,0.0739942812654703214,0.00151188266337732571,0.071847385641212097,1.28238096050967735e-05,-0.0959842707359199049,-2.51658300088766352e-05,0.997989542019068976,0,0,0,0,0,4696.15723631512083,550.324231777677824,466.565355522874825,0.00151472161056014337,1,-0.163255530165274443,3.97270310288429888e-05,0
20.4999918,20.4999917999989698,14621.2515878789127,14621.1894709143253,30.2111921593052486,120.000038186778269,4920.70192416208738,3.67667358321974813,723.613827776335711,0.683372843661409379,721.744469250303155,0.00928168990100508573,51.9797342198746151,723.611370556104816,1.10847259204056803,-1.52565683768376914,-5.4283836035978167e-06,4.54047912555324571e-05,7.19024342199266881e-05,8.60895862497552987e-07,0.0740038364803799753,0.00151909552536759842,0.0718954494831344076,1.28268553543016483e-05,-0.0958819211606503075,-2.51329296204760832e-05,0.996749370733694851,0,0,0,0,0,4696.13848286821485,550.323648902736977,466.564806920059141,0.00151471403057484161,1,-0.16322255250381279,3.97207931533511292e-05,0
20.59999176,20.5999917599989608,14621.4025397002697,14621.3404215999617,30.2113909027779819,120.00003853813908,4942.73383277851644,3.71049561057256572,723.069341435092724,0.682859030208664119,721.198754307570653,0.00927701078898934828,51.9771990638591888,723.066944386195701,1.11285707847519766,-1.49271525971418129,-5.43918573213084019e-06,1.80935951513278218e-05,7.19063944301390889e-05,8.50658139321395582e-07,0.0740105832230384814,0.00152630876486365015,0.0719461666423370921,1.28300430645165532e-05,-0.0957832354170701644,-2.51005736820739018e-05,0.995539915755348837,0,0,0,0,0,4696.11972942130888,550.323066027796244,466.56426935572307,0.00151470660313515922,1,-0.163197942055158807,3.97159782886612496e-05,0
20.69999172,20.6999917199989518,14621.5500061661005,14621.4878869485783,30.2115894967370551,120.000038890886614,4964.74916757291066,3.74445102262119933,722.5254251125873,0.682345745407935023,720.653471825072984,0.0092724392508031217,51.9765658216820157,722.52309449048937,1.11723506970564523,-1.45596669377239607,-5.44941189485038214e-06,-8.04390364506049484e-06,7.19110015149542012e-05,8.39437007845385627e-07,0.0740146519701303657,0.00153352244459882157,0.0719995426799347055,1.2833374340581535e-05,-0.0956881960896761863,-2.50687607940195676e-05,0.994361058653307262,0,0,0,0,0,4696.1009759744029,550.322483152855511,466.563744203320482,0.00151469934721606362,1,-0.163181708565769745,3.97125598121819166e-05,0
20.79999168,20.7999916799989428,14621.6936114951968,14621.6314911785066,30.2117879413393702,120.000039245018783,4986.7479459392398,3.77853961757816448,721.982069035118684,0.681832979072558798,720.108612913421439,0.00926797442226634516,51.9778176748855572,721.979810336205901,1.12160660442185711,-1.41550905838535357,-5.45899869744278604e-06,-3.32202503084349802e-05,7.19162694556929274e-05,8.27278876529110386e-07,0.0740161499645293902,0.00154073662879294958,0.0720555611309636329,1.28368484759004031e-05,-0.0955967877548924844,-2.5037476785008502e-05,0.993212309701946627,0,0,0,0,0,4696.08222252749692,550.321900277914665,466.56323280106966,0.00151469228130544811,1,-0.163173923512277275,3.97105011724460501e-05,0
20.89999164,20.8999916399989338,14621.8329895958304,14621.7708682000557,30.2119862367389906,120.000039600533626,5008.73018495502492,3.81276120597274648,721.439263327211961,0.681320720947825142,719.564169406060046,0.00926361392780972182,51.980926225515816,721.437081254320333,1.1259717197727197,-1.37143810198688243,-5.46788446379346474e-06,-5.75894810669530784e-05,7.19222095256491435e-05,8.14237190702745214e-07,0.07401516569579078,0.00154795138300953825,0.0721141893905056092,1.28404626681133794e-05,-0.0955089973179082397,-2.50066974879186967e-05,0.992092904639422457,0,0,0,0,0,4696.06346908059095,550.321317402973818,466.562736452682998,0.00151468542341423552,1,-0.163174707727487517,3.97097563629214274e-05,0
20.9999916,20.9999915999989248,14621.9677838087082,14621.9056613504963,30.2121843830870098,120.000039957429081,5030.69590136793613,3.84711558875925563,720.896998099510597,0.680808960793212736,719.020133553531764,0.00925935422839696542,51.9858569979517142,720.894896532772691,1.13033045158227874,-1.32384676176832272,-5.47600768686905146e-06,-8.12311407430954367e-05,7.19288282746532976e-05,8.00372210481297656e-07,0.074011775581459105,0.00155516677377704068,0.0721753862961520276,1.28442124923003526e-05,-0.0954248136602305758,-2.49763925617413832e-05,0.991001931036823658,0,0,0,0,0,4696.04471563368497,550.320734528033086,466.56225642828241,0.00151467879108905298,1,-0.163184212164812409,3.97102700506929461e-05,0
21.09999156,21.0999915599989158,14622.0976466014981,14622.0355230969126,30.2123823805315759,120.000040315703174,5052.64511160001439,3.88160257510404083,720.355263485068804,0.680297688415773982,718.476497642555842,0.00925519107824668286,51.992575241766815,720.353245456784066,1.13468283448123364,-1.27282494645483268,-5.48330761564508914e-06,-0.00010414649240514578,7.19361262901722866e-05,7.85750881466686856e-07,0.074006051691719324,0.00156238286805430765,0.0722391101691519655,1.28480925282961446e-05,-0.0953442266721803988,-2.4946529741373324e-05,0.989938463583031614,0,0,0,0,0,4696.025962186779,550.320151653092353,466.561793965487084,0.00151467240142729191,1,-0.163202595195060085,3.9711977596821128e-05,0
21.19999152,21.1999915199989069,14622.2222393043339,14622.1601147842248,30.2125802292179166,120.000040675353858,5074.57783174873748,3.91622196733497541,719.814049624992435,0.679786893655794366,717.933253603049366,0.00925112002087180585,52.0010511709858179,719.812117297418922,1.13902890194199058,-1.2184597326720521,-5.48972674314382816e-06,-0.000126266461189948603,7.19440978317780529e-05,7.70446609375648896e-07,0.0739980693040208776,0.00156959973260883436,0.0723053261121683055,1.28520970463776257e-05,-0.0952672258984653408,-2.49170788427660921e-05,0.988901687825219478,0,0,0,0,0,4696.00720873987302,550.319568778151506,466.561350270355547,0.00151466627109015013,1,-0.163230000005488929,3.97148051953993624e-05,0
21.29999148,21.2999914799988979,14622.3412318378687,14622.2791063216955,30.2127779292882614,120.000041036379187,5096.49407757996323,3.95097357736014265,719.273346611611373,0.67927656633232969,717.390392662755175,0.00924713684960898341,52.0112639294189307,719.271501256904457,1.14336868623505516,-1.16083590568030104,-5.49521467675864316e-06,-0.000147469189636090421,7.19527313091449194e-05,7.54538763890689176e-07,0.0739879131994390787,0.00157681743340457644,0.0723740115686776903,1.28562206474431269e-05,-0.095193799004187965,-2.48880150183234747e-05,0.987890995561470975,0,0,0,0,0,4695.98845529296705,550.31898590321066,466.560926518354051,0.00151466041631603365,1,-0.163266535435784454,3.97186703449688055e-05,0
21.39999144,21.3999914399988889,14622.4543025046587,14622.3921760247558,30.2129754808819158,120.000041398777157,5118.3938645342696,3.98585721161736828,718.733144258968537,0.67876669602582973,716.847904953691796,0.00924323796032244793,52.0232038080002894,718.73138609681348,1.14770221785100812,-1.10003672883936332,-5.49973265207832462e-06,-0.000167603846108811677,7.19620104458582217e-05,7.38111807018135108e-07,0.0739756818706508862,0.00158403603499158757,0.0724451594865719722,1.28604587591507904e-05,-0.0951239303152871807,-2.48593207921410202e-05,0.986906039924921763,0,0,0,0,0,4695.96970184606107,550.318403028269927,466.560523855099404,0.00151465485293086032,1,-0.163312262787181584,3.97234827847000612e-05,0
21.4999914,21.4999913999988799,14622.561137907207,14622.4990104855697,30.2131728841351084,120.00004176254582,5140.27720771425811,4.02087268201998072,718.193432580563012,0.678257272529017463,716.30577996237605,0.00923942057420179541,52.0368725902793017,718.191761194040396,1.15202952718413387,-1.03614481778684109,-5.50325797970741866e-06,-0.000186516810505580282,7.19719159324983638e-05,7.21254010100569298e-07,0.0739614892813580949,0.00159125560043157509,0.0725187788114311782,1.28648079407496196e-05,-0.0950575997497253578,-2.48309867970771819e-05,0.985946748739695011,0,0,0,0,0,4695.9509483991551,550.317820153329194,466.560143396650972,0.00151464959635210969,1,-0.163367189761271986,3.97291459463390716e-05,0
21.59999136,21.5999913599988709,14622.6614329107106,14622.5993045699615,30.2133701391809595,120.000042127683173,5162.14412187288781,4.05601979501109255,717.654200832012634,0.677748284942607193,715.764005678290687,0.00923568277547304195,52.0522820047759183,717.652614720820111,1.15635064160953838,-0.969242954155497216,-5.50578748881068783e-06,-0.00020407609194384032,7.19824271951050314e-05,7.0405575446728253e-07,0.0739454639068949648,0.00159847619060587975,0.0725948924821319813,1.28692659570871078e-05,-0.0949947819969524793,-2.48030110644520444e-05,0.98501329030378193,0,0,0,0,0,4695.93219495224912,550.317237278388347,466.559786229643294,0.00151464466159069683,1,-0.163431272523794774,3.97355589366034064e-05,0
21.69999132,21.6999913199988619,14622.7548906765878,14622.6927614497254,30.2135672461493918,120.000042494187312,5183.99462141136064,4.09129836661391799,717.115438013861876,0.677239722150155377,715.2225693036753,0.00923202341831241835,52.0694508443496034,717.113934726914181,1.16066558717155921,-0.89941474596128046,-5.50733965970920603e-06,-0.00022019075002742159,7.19935241276427492e-05,6.86607570379398185e-07,0.073927745687696611,0.00160569786449144035,0.0726735334058844773,1.28738316443676601e-05,-0.0949354464472884907,-2.477539729148121e-05,0.984106010540943932,0,0,0,0,0,4695.91344150534314,550.316654403447501,466.559453411166771,0.00151464006324934417,1,-0.163504424095185619,3.97426188706727937e-05,0
21.79999128,21.7999912799988529,14622.8412227965891,14622.7790927187089,30.2137642051669495,120.000042862056276,5205.8287203586442,4.1267082073814576,716.577132683917171,0.676731572641094736,714.681457340811107,0.00922844189265670245,52.0884011422351136,716.575708811098707,1.16497438801229403,-0.826745033568954568,-5.50795490516875843e-06,-0.000234822867956690226,7.20051884534082462e-05,6.68998017135047308e-07,0.0739084812922745221,0.00161292067919552588,0.072754739164882648,1.28785045907716347e-05,-0.094879557540461984,-2.47481522882170549e-05,0.983225345564508912,0,0,0,0,0,4695.89468805843717,550.316071528506768,466.559145968289897,0.00151463581551601134,1,-0.163586527957613581,3.97502234377386317e-05,0
21.89999124,21.8999912399988439,14622.9201494418085,14622.8580185383435,30.2139610163566736,120.00004323128816,5227.6464323516775,4.16224913334215429,716.039272949529959,0.676223824503747184,714.14065588003632,0.00922493781830457937,52.109154092381857,716.037924117328089,1.16927706632061312,-0.75132000193048043,-5.50769400640569519e-06,-0.000247990970461478609,7.20174045850946053e-05,6.51311592010340398e-07,0.0738878185863146159,0.00162014469018134026,0.0728385463226061403,1.28832847122478863e-05,-0.0948270755845277008,-2.47212831306404598e-05,0.982371727375065285,0,0,0,0,0,4695.87593461153119,550.315488653566035,466.558864897528792,0.00151463193215660278,1,-0.163677454296583702,3.97582734742792272e-05,0
21.9999912,21.9999911999988349,14622.9913994111121,14622.9292677280591,30.2141576798381415,120.000043601881003,5249.44777064456594,4.19792095505426488,715.501846495430073,0.675716465451649984,713.600150900222047,0.0092215107072378677,52.1317263143470768,715.500567366782889,1.17357364233900019,-0.673227002113080175,-5.50663488436209457e-06,-0.000259765095843587153,7.20301598994838716e-05,6.3362684074905772e-07,0.0738659011494757906,0.00162736995155409771,0.0729249851834677248,1.28881717813317427e-05,-0.0947779578819984841,-2.46947944283294636e-05,0.98154549635096755,0,0,0,0,0,4695.85718116462522,550.314905778625189,466.558611164674744,0.00151462842651260135,1,-0.163777076437269242,3.97666753352195822e-05,0
22.09999116,22.0999911599988259,14623.0547103285789,14622.9925778879406,30.214354195727104,120.000043973832845,5271.23274806938116,4.23372348307870805,714.964840641833348,0.675209482878856182,713.059928539087878,0.00921815965633221435,52.1561269733339259,714.963624920269581,1.17786413442850479,-0.592554126943383608,-5.50486811074489703e-06,-0.000270254910911836891,7.20434444395029016e-05,6.16014814000221778e-07,0.0738428636195240795,0.00163459651634148637,0.0730140757248272237,1.28931649957952435e-05,-0.094732159992234527,-2.46686861449777407e-05,0.980746832545491776,0,0,0,0,0,4695.83842771771924,550.314322903684342,466.558385704090824,0.00151462531149139184,1,-0.163885284961070077,3.9775342883921388e-05,0
22.19999112,22.1999911199988169,14623.1098286062479,14623.0476954408186,30.2145505641355854,120.000044347141852,5293.00137704074041,4.26965654029279751,714.428242423634629,0.674702863934543151,712.519975298495069,0.00921488310908902264,52.1823561009041441,714.427082861502186,1.18214855917734685,-0.509389617261767569,-5.50249171269308031e-06,-0.000279593138743038344,7.2057250141377763e-05,5.9853797782375879e-07,0.0738188284612243811,0.00164182443672305969,0.0731058251934858377,1.28982626415829418e-05,-0.0946896369266519294,-2.46429522164121168e-05,0.979975714173214274,0,0,0,0,0,4695.81967427081327,550.313740028743609,466.558189418845075,0.00151462259956812212,1,-0.164001997881493777,3.97841989630081009e-05,0
22.29999108,22.2999910799988079,14623.1565094776452,14623.0943756354663,30.2147467851717657,120.000044721806063,5314.75366955157733,4.3057199372627144,713.892038679214011,0.674196595606881388,711.980278161953493,0.0092116787213560869,52.2104042613794377,713.890927089561387,1.18642693153912027,-0.423821193258937967,-5.49960587807762398e-06,-0.000287917051701551516,7.20715697445102187e-05,5.81249628705129273e-07,0.073793904504805316,0.00164905376416649824,0.0732002275803506908,1.29034618997214503e-05,-0.0946503441410788682,-2.46175801354501074e-05,0.979231906906546934,0,0,0,0,0,4695.80092082390729,550.313157153802763,466.558023180590567,0.00151462030278407922,1,-0.164127165579349144,3.97931762756997899e-05,0
22.39999104,22.3999910399987989,14623.1945168934762,14623.1323823978637,30.2149428589399207,120.000045097823573,5336.48963715760692,4.34191349003005111,713.35621613694957,0.673690664804384998,711.440824615946099,0.0092085433436509545,52.2402535044732304,713.355143408471918,1.19069926497393563,-0.335935408350415798,-5.49630814204350732e-06,-0.00029535082871566152,7.20863955777763059e-05,5.64193808057242296e-07,0.0737681873176957992,0.00165628454944510991,0.0732972649008848676,1.29087588158604501e-05,-0.0946142381801357291,-2.45925514999899504e-05,0.978514983063355159,0,0,0,0,0,4695.78216737700131,550.312574278861916,466.557887829937272,0.00151461843275184967,1,-0.164260770340740714,3.98022176735986379e-05,0
22.499991,22.4999909999987899,14623.2236233726144,14623.1614882764479,30.2151387855404252,120.000045475192493,5358.20929098755369,4.37823701600723147,712.820761488818903,0.673185058424954574,710.901602581018551,0.00920547311536967783,52.2718793664290047,712.819717603213348,1.19496557157752825,-0.245817111797116183,-5.49268952189348121e-06,-0.000301991218123062732,7.21017184165757472e-05,5.47405658148996512e-07,0.0737417612069167921,0.00166351684253884954,0.0733969099576193135,1.29141484268762368e-05,-0.0945812769245434615,-2.45678433658056013e-05,0.977824365459564526,0,0,0,0,0,4695.76341393009534,550.31199140392107,466.557784176982523,0.00151461700066268215,1,-0.164402820963748642,3.98112759111851231e-05,0
22.59999096,22.5999909599987809,14623.2436098195612,14623.1814741511116,30.2153345650697638,120.000045853910905,5379.91264173398122,4.41469032987293808,712.285661443174376,0.67267976340516844,710.36260027095841,0.00920246365501076191,52.3052535519872777,712.284635494302847,1.19922586218045546,-0.153549083859751079,-5.48883191376155791e-06,-0.00030789828062491,7.21175265838895581e-05,5.30912118369910817e-07,0.0737147024335546852,0.00167075069242974086,0.0734991300758142535,1.29196250232266319e-05,-0.0945514194339799052,-2.4543430187752027e-05,0.977159387694578885,0,0,0,0,0,4695.74466048318936,550.311408528980337,466.557713001961076,0.00151461601729548957,1,-0.164553343612928255,3.98203129806207445e-05,0
22.69999092,22.6999909199987719,14623.2542653046548,14623.1921291009548,30.2155301976205095,120.000046233976946,5401.59969965822893,4.45127325178121236,711.750902609744344,0.672174766611035368,709.823805864834412,0.00919951030721188889,52.3403468532320062,711.749882681472855,1.20348014592389818,-0.0592118770979865872,-5.48480684747531036e-06,-0.00031309210399556287,7.21338054096468486e-05,5.14732837700495743e-07,0.0736870830679732525,0.0016779861467444777,0.0736038912072204399,1.292518249535984e-05,-0.0945246254240155737,-2.45192859870844984e-05,0.976519360428127037,0,0,0,0,0,4695.72590703628339,550.310825654039604,466.557675056027961,0.00151461549302769633,1,-0.164712370594169599,3.98292991704330093e-05,0
22.79999088,22.7999908799987629,14623.2553868442774,14623.1932501586816,30.2157256832814198,120.000046615388655,5423.27047459818914,4.48798559231147998,711.216472072503393,0.671670055378371877,709.285207876770301,0.0091966084228670697,52.3771319364381043,711.21544568825891,1.20772843219821402,0.0371161343599126781,-5.4806756069553309e-06,-0.000317555465656506265,7.2150537149432754e-05,4.98881191363121182e-07,0.0736589749715284153,0.00168522325178168319,0.073711161795131902,1.29308147156999889e-05,-0.0945008546088064866,-2.44953865221885861e-05,0.975903637028494475,0,0,0,0,0,4695.70715358937741,550.310242779098758,466.557671062041095,0.00151461543784606753,1,-0.164879928554492738,3.98382119796030946e-05,0
22.89999084,22.899990839998754,14623.2467792034149,14623.1846420714137,30.2159210221373336,120.000046998144228,5444.92497595664281,4.52482717709576487,710.682356512463002,0.671165616683787714,708.746794119460901,0.00919375360793939223,52.4155854586110195,710.681310229510245,1.21197072772426018,0.135358518622190616,-5.47649027176573045e-06,-0.000321241651763492673,7.21677012577585019e-05,4.83365235008193766e-07,0.0736304531164218706,0.00169246205171050572,0.0738209158616575517,1.29365159046756196e-05,-0.0944800657151366602,-2.4471710979174033e-05,0.975311661420431575,0,0,0,0,0,4695.68840014247144,550.309659904157911,466.557701715264443,0.00151461586135645835,1,-0.165056028471469551,3.98470350866277694e-05,0
22.9999908,22.999990799998745,14623.2282546833158,14623.1661171456763,30.2161162142693094,120.000047382241704,5466.5632127185745,4.56179781671877205,710.148542742723407,0.670661437649373804,708.208552134206684,0.00919094193868719156,52.4556894827518363,710.147462318334419,1.21620703841360078,0.235440430441762771,-5.4722956062390967e-06,-0.000324085731484512283,7.21852750887707332e-05,4.68188568669590191e-07,0.0736015980998455804,0.00169970258865952215,0.0739331349723497261,1.29422809254056601e-05,-0.0944622157540459806,-2.44482432325172238e-05,0.974743003426061461,0,0,0,0,0,4695.66964669556546,550.309077029217178,466.557767684124144,0.00151461677279427268,1,-0.165240657929592694,3.98557574089050752e-05,0
23.09999076,23.099990759998736,14623.1996330358088,14623.1374951311882,30.2163112597545229,120.000047767679234,5488.18519343915887,4.59889733271326406,709.615017520381684,0.670157505364778583,707.670468969022068,0.00918817009847339161,52.4974318914137825,709.613887936426636,1.22043736880379017,0.337288182236051171,-5.4681311725653388e-06,-0.00032601759787968343,7.22032348074251308e-05,4.53351002463779286e-07,0.0735724973586805026,0.00170694490246514575,0.0740478088693640041,1.29481054823733687e-05,-0.0944472593355188128,-2.44249723374701582e-05,0.974197369804024382,0,0,0,0,0,4695.65089324865949,550.308494154276445,466.557869610513762,0.00151461818102871298,1,-0.165433777130331805,3.98643723848871235e-05,0
23.19999072,23.199990719998727,14623.1607413180172,14623.0986031011998,30.2165061586663199,120.000048154454944,5509.79092624482109,4.63612554387826759,709.081767501385116,0.669653806844132782,707.13253116728572,0.00918543542784822087,52.5408058889838685,709.080572990337259,1.22466172196718914,0.440828820207514127,-5.4640333594951798e-06,-0.000326974688659137261,7.22215564195592842e-05,4.38849028969468817e-07,0.0735432450937684723,0.0017141890306036885,0.0741649348039871564,1.2953986196080233e-05,-0.0944351482501731565,-2.44018923404065858e-05,0.973674594708138108,0,0,0,0,0,4695.63213980175351,550.307911279335599,466.558008110311562,0.0015146200945699434,1,-0.165635318787923452,3.98728774771989005e-05,0
23.29999068,23.299990679998718,14623.1114138811827,14623.0492753942945,30.2167009110741134,120.000048542566887,5531.38041883111964,4.67348226217464191,708.548779202953824,0.669150328990466225,706.594724821829914,0.00918273589280205194,52.585808728553161,708.547503275523923,1.22888009943061194,0.545989765660600312,-5.46003697023494353e-06,-0.000326912642503076679,7.22402167684089405e-05,4.24676109891736734e-07,0.0735139410036188129,0.001721435008224333,0.0742845157679486723,1.29599205624046971e-05,-0.0944258313699398166,-2.43790014607601067e-05,0.973174612045697884,0,0,0,0,0,4695.61338635484753,550.307328404394752,466.558183773420467,0.00151462252156965853,1,-0.165845191556104221,3.98812738913642054e-05,0
23.39999064,23.399990639998709,14623.0514923110604,14622.98935359184,30.2168955170434579,120.000048932013215,5552.95367846344925,4.71096730914306239,708.01603897949451,0.668647058572742981,706.057035682851733,0.00918006998050069356,52.6324399081364049,708.014664454023546,1.23309250111716473,0.652698569320492084,-5.45617614233008156e-06,-0.000325812550438730108,7.22591943716462473e-05,4.10822830444911749e-07,0.0734846880997370444,0.00172868286827513348,0.0744065579636828678,1.29659068091023634e-05,-0.0944192548416074307,-2.43563008395721312e-05,0.972697415278207966,0,0,0,0,0,4695.59463290794156,550.30674552945402,466.558397163980146,0.00151462546982404178,1,-0.166063286331250837,3.98895664491954281e-05,0
23.4999906,23.4999905999987,14622.9808254390955,14622.9186865471274,30.21708997663589,120.000049322792037,5574.51071196185694,4.74858050222236461,707.483533015519697,0.668143982219137067,705.519449301364602,0.0091774365411267933,52.6806991354119418,707.482042049122583,1.23729892531818964,0.76088280631783789,-5.45248449696112021e-06,-0.000323684062907839934,7.22784700025401168e-05,3.97276981545064459e-07,0.0734555899832739778,0.00173593264170203085,0.0745310679331515069,1.29719436751651659e-05,-0.0944153625604049335,-2.43337930275266852e-05,0.97224301130750157,0,0,0,0,0,4695.57587946103558,550.306162654513287,466.558648820327335,0.00151462894677322608,1,-0.166289484255599973,3.989776354667945e-05,0
23.59999056,23.599990559998691,14622.8992693498731,14622.8371303205422,30.2172842899090099,120.000049714901479,5596.05152570987411,4.78632166022220318,706.951247194979373,0.667641086293584096,704.981951045263031,0.00917483460559664898,52.7305843583542355,706.949621174778372,1.24149936820416662,0.870470117968174861,-5.44899452987685423e-06,-0.000320564238736687607,7.22980269535436362e-05,3.840236431180495e-07,0.0734267479929536504,0.00174318435760135613,0.0746580497800863885,1.29780301573239208e-05,-0.0944140968051325191,-2.43114804554705353e-05,0.971811374989396515,0,0,0,0,0,4695.55712601412961,550.30557977957244,466.558939254969175,0.00151463295950094909,1,-0.166523665250604386,3.9905877108973632e-05,0
23.69999052,23.699990519998682,14622.8066873475909,14622.7445482282055,30.2174784569163357,120.00005010833965,5617.57612564003102,4.82419060058674098,706.419167693991085,0.667138357455402509,704.44452681251596,0.00917226321415165469,52.7820901938445672,706.41738769580104,1.24569382585227095,0.981388383741737869,-5.44573647818097091e-06,-0.000316512665880710564,7.23178510171042178e-05,3.71045353060615327e-07,0.0733982587202052367,0.00175043804382134997,0.0747875028678965381,1.29841652575070684e-05,-0.0944153990692879613,-2.42893641636489573e-05,0.971402413748069127,0,0,0,0,0,4695.53837256722363,550.304996904631594,466.559268954702929,0.0015146375147362225,1,-0.166765715607227361,3.99139224400969108e-05,0
23.79999048,23.799990479998673,14622.7029499039054,14622.6408107481602,30.2176724777073744,120.000050503104674,5639.08451723703547,4.86218714213096703,705.887280170128065,0.666635781893464396,703.907162305411248,0.00916972125678661154,52.8352067947171236,705.885326568696883,1.24988229134128859,1.09356598766280655,-5.4427366893895513e-06,-0.000311603825721053142,7.23379301215699153e-05,3.58322363786190244e-07,0.073370211998479179,0.00175769372667097194,0.0749194202784815716,1.29903477717214084e-05,-0.094419210676427015,-2.42674427948246407e-05,0.971015938657008304,0,0,0,0,0,4695.51961912031766,550.304414029690861,466.559638380801346,0.00151464261885590062,1,-0.167015534275914701,3.9921917963105275e-05,0
23.89999044,23.899990439998664,14622.5879346467555,14622.5257954977824,30.2178663523275866,120.000050899194619,5660.57670553989738,4.90031109819995248,705.355570374929243,0.66613334590455453,703.369843675328411,0.00916720737349319137,52.8899194842283009,705.353423021020376,1.25406475682330343,1.20693214722487596,-5.44001604338262116e-06,-0.000305917932518614307,7.23582538276040235e-05,3.45833076049002664e-07,0.0733426898873515837,0.0017649514314590387,0.0750537882042412452,1.29965761365979824e-05,-0.0944254734750647751,-2.42457121429431593e-05,0.970651655927717627,0,0,0,0,0,4695.50086567341168,550.303831154750128,466.560047969052562,0.00151464827788525729,1,-0.167273036221030125,3.99298847404300306e-05,0
23.9999904,23.999990399998655,14622.4615262001753,14622.3993871111088,30.2180600808183435,120.000051296607623,5682.05269513592066,4.93856228898221339,704.824024058756208,0.665631035803047943,702.832557412882011,0.00916471990763967348,52.9462089941667386,704.821662314696709,1.25824121313009796,1.32141724195265908,-5.43758848972024768e-06,-0.000299531745447346879,7.23788126747520956e-05,3.33554606782810272e-07,0.0733157665102863038,0.00177221118253611978,0.0751905862711176598,1.30028483636561283e-05,-0.0944341302622817153,-2.42241651544902666e-05,0.970309170478279803,0,0,0,0,0,4695.48211222650571,550.303248279809281,466.56049813033087,0.00151465449750587313,1,-0.167538153330229145,3.99378458231083107e-05,0
24.09999036,24.099990359998646,14622.3236161135137,14622.2614771255376,30.218253663217002,120.000051695341782,5703.51249016211386,4.97694053056451047,704.292627012910316,0.665128837960443642,702.295290331342812,0.00916225691502847717,53.004052290503239,704.290029787878211,1.26241164987021759,1.43695310507601448,-5.43546003138966168e-06,-0.000292510572501954863,7.23995975249978061e-05,3.21463482055028342e-07,0.073289508781378368,0.00177947300336140984,0.0753297886851186788,1.30091620497951901e-05,-0.0944451249725280911,-2.42027923722750083e-05,0.969988003400686027,0,0,0,0,0,4695.46335877959973,550.302665404868435,466.560989250848195,0.00151466128305912696,1,-0.167810832586098468,3.99458254370029946e-05,0
24.19999032,24.199990319998637,14622.1741026267409,14622.111963801166,30.218447099556883,120.000052095395191,5724.95609431084631,5.01544563903630713,703.76136510274273,0.664626738835975894,701.758029508962181,0.00915981623085293517,53.0634238159610163,703.758510887577131,1.26657605551713948,1.55347324053443003,-5.4336283023068431e-06,-0.000284902497308177024,7.24205989881327361e-05,3.0953641120698045e-07,0.0732639778366606653,0.00178673691650123052,0.0754713659791287766,1.30155144702697676e-05,-0.0944584026473262311,-2.41815827506476992e-05,0.969687619114522614,0,0,0,0,0,4695.44460533269375,550.302082529927702,466.561521692990482,0.0015146686395577601,1,-0.168091032166224508,3.99538480567003803e-05,0
24.29999028,24.299990279998628,14622.012890573591,14621.9507519493363,30.2186403898673603,120.000052496765917,5746.38351083761881,5.05407742775349611,703.230224288872819,0.664124724996350668,701.220762202268361,0.00915739556814731959,53.1242969458443213,703.227091190312535,1.27073441747555238,1.67091294258379719,-5.43208282101559418e-06,-0.000276735447250368155,7.2441807005487236e-05,2.97751078872739149e-07,0.0732392309159161092,0.00179400294358194787,0.0756152870731039983,1.30219027170886354e-05,-0.0944739091786466062,-2.4160524643099688e-05,0.969407457793144967,0,0,0,0,0,4695.42585188578778,550.301499654986969,466.562095795662287,0.00151467657169064617,1,-0.168378716024879499,3.9961937442161853e-05,0
24.39999024,24.399990239998619,14621.839891154319,14621.7777527874041,30.218833534173811,120.000052899452101,5767.79474255363311,5.09283571691538306,702.699190635529135,0.663622783122987614,700.683475745535816,0.00915499264171282245,53.1866454400812927,702.695756409934802,1.27488672213015031,1.78920931044144993,-5.43080588534008946e-06,-0.000268017287758742296,7.24632106310243009e-05,2.86086894174328803e-07,0.0732153233985042701,0.00180127110521094533,0.0757615213396918563,1.30283238745329051e-05,-0.0944915909036649349,-2.41396068366800073e-05,0.969146968091468164,0,0,0,0,0,4695.4070984388818,550.300916780046123,466.562711875095999,0.0015146850838339799,1,-0.168673847992659276,3.99701157113297308e-05,0
24.4999902,24.4999901999986101,14621.6550217717886,14621.5928837158172,30.2190265324977858,120.000053303451779,5789.18979184841555,5.13172031714702115,702.168250306820028,0.66312090000802848,700.146157452263424,0.00915260529022210445,53.2504446929913229,702.164492393527667,1.27903295486805302,1.90830116562839436,-5.42977402131625053e-06,-0.000258738677332518579,7.24847980300608356e-05,2.74525637882754086e-07,0.07319231069952363,0.00180854142088385651,0.075910040391737682,1.30347751930993081e-05,-0.094511394112178973,-2.41188194796549194e-05,0.968905635701074353,0,0,0,0,0,4695.38834499197583,550.300333905105276,466.563370225435733,0.00151469418005935178,1,-0.168976386160254732,3.9978402521274432e-05,0
24.59999016,24.5999901599986011,14621.4582058787346,14621.39606818227,30.219219384856892,120.000053708763076,5810.56866067002284,5.17073104728501232,701.63738955335748,0.66261906254126457,699.608794533010268,0.00915023158123939861,53.3156726262684515,701.633285107884831,1.28317310008382712,2.02812889223894643,-5.42895980222300652e-06,-0.000248878071743388911,7.25065566721187879e-05,2.63051957947824489e-07,0.0731702497756096248,0.00181581390890523504,0.0760608193690883866,1.30412542400620164e-05,-0.0945332645559972401,-2.40981547639485086e-05,0.968683004136517312,0,0,0,0,0,4695.36959154506985,550.299751030164543,466.564071119281152,0.00151470386414126403,1,-0.169286278343834085,3.99868144200624559e-05,0
24.69999012,24.6999901199985921,14621.2493728026748,14621.1872355106952,30.2194120912649176,120.000054115384032,5831.93135054730101,5.20986771795988712,701.106594552146589,0.662117257558434757,699.071373900193066,0.00914786988436755433,53.3823101234943351,701.102120338691066,1.28730714065190055,2.14863422992677755,-5.42833382164013324e-06,-0.000238407997873405267,7.25284736694746361e-05,2.5165368468347912e-07,0.073149200049310581,0.00182308858623945786,0.0762138375914894056,1.30477590079873667e-05,-0.0945571470190997854,-2.40776072913002147e-05,0.968478685025177866,0,0,0,0,0,4695.35083809816388,550.299168155223811,466.564814808311098,0.00151471413956575404,1,-0.169603459250951799,3.99953644072074588e-05,0
24.79999008,24.7999900799985831,14621.0284576490521,14620.9663208203456,30.2196046517318528,120.00005452331277,5853.27786258493506,5.24913014801368583,700.575851947774595,0.661615472352023892,698.533882708138549,0.00914551891058823507,53.4503410410272863,700.570984795250638,1.29143505997679631,2.26976005145348125,-5.42786667492425119e-06,-0.000227301682451175362,7.2550536233768545e-05,2.40321967079512054e-07,0.0731292237566388004,0.00183036546886641946,0.0763690785316551435,1.30542879624257372e-05,-0.0945829851183745407,-2.40571741119831999e-05,0.968292360495027538,0,0,0,0,0,4695.3320846512579,550.298585280282964,466.565601523628288,0.00151472500953515974,1,-0.169927849301293205,4.00040617045211637e-05,0
24.89999004,24.8999900399985741,14620.795401185751,14620.7332648740394,30.2197970662638618,120.000054932547286,5874.60819746557081,5.28851814397807107,700.045147987908649,0.661113693854494811,697.996307524083477,0.00914317769170347461,53.5197516862726843,700.039864401309842,1.29555683887813755,2.39145015528913518,-5.42753055698987617e-06,-0.000215539009946609967,7.25727320854768169e-05,2.29051202618400169e-07,0.0731103855053990975,0.0018376445712593361,0.0765265291783840534,1.30608400304509308e-05,-0.0946107210770569113,-2.40368543667793449e-05,0.968123770353377155,0,0,0,0,0,4695.31333120435193,550.298002405342004,466.566431476170862,0.00151473647697381399,1,-0.170259355834180282,4.00129117745427507e-05,0
24.99999,24.9999899999985651,14620.5501497648656,14620.4880140167079,30.2199893348633601,120.000055343085705,5895.92235545653057,5.32803152470056496,699.514469072496354,0.660611909156701649,697.458634934300107,0.00914084553895722074,53.5905300757889904,699.50874540809491,1.2996724576482428,2.51364911078187703,-5.42730059510767085e-06,-0.000203111087094501249,7.25950498779930715e-05,2.17838840994493414e-07,0.0730927514460489175,0.00184492590682596835,0.0766861789269383393,1.30674145330223698e-05,-0.0946402958920819354,-2.40166487419150212e-05,0.967972697230759183,0,0,0,0,0,4695.29457775744595,550.297419530401271,466.567304856990745,0.00151474854453187663,1,-0.170597875489993889,4.00219164931485866e-05,0
25.09998996,25.0999899599985561,14620.2926552407444,14620.2305201107629,30.2201814575289305,120.000055754926009,5917.22033639567508,5.36767009535026318,698.983801605927624,0.660110105368019728,696.920851470990101,0.00913852196207221024,53.6626649441899417,698.977614105826547,1.30378189553896751,2.63630216102352222,-5.42715562646442739e-06,-0.000190022912249913879,7.26174794817911306e-05,2.06685067780207136e-07,0.0730763879949130196,0.00185220948792280573,0.0768480181827507908,1.30740110734134829e-05,-0.0946716495625669896,-2.39965587076069857e-05,0.967838944324230566,0,0,0,0,0,4695.27582431053997,550.296836655460538,466.56822183754565,0.00151476121458938738,1,-0.170943297993561227,4.00310744716447968e-05,0
25.19998992,25.1999899199985471,14620.022874917835,14619.9607404620383,30.2203734342554888,120.000056168066322,5938.50213972319489,5.40743367478019632,698.453131998923141,0.659608269617950493,696.382943692558683,0.00913620657176328343,53.7361447232817682,698.446456825616792,1.30788513078386237,2.75935519949064911,-5.42707848459795145e-06,-0.000176293911420383475,7.26400121324476979e-05,1.95592420663935722e-07,0.0730613604027874897,0.00185949532598674722,0.0770120368995792642,1.30806293986779752e-05,-0.0947047214642030566,-2.39765857322562686e-05,0.967722312505035376,0,0,0,0,0,4695.257070863634,550.296253780519692,466.569182569884674,0.00151477448925881508,1,-0.171295510452990185,4.00403814669977293e-05,0
25.29998988,25.2999898799985381,14619.7407714724541,14619.6786377418302,30.220565265034125,120.000056582504598,5959.76776444559164,5.44732206542880082,697.922446678901451,0.659106389065668763,695.844898265363668,0.00913389897753236202,53.8109566250368516,697.915259949530878,1.3119821406332588,2.88275481651450605,-5.42705582747970446e-06,-0.000161956439524932691,7.26626404210141017e-05,1.84565393351024173e-07,0.0730477313652079241,0.00186678343167053949,0.0771782232591588652,1.30872692535642182e-05,-0.0947394507980172801,-2.39567305217908211e-05,0.967622579470380217,0,0,0,0,0,4695.23831741672802,550.295670905578845,466.570187186927058,0.00151478837038891657,1,-0.171654401621196301,4.00498308147288109e-05,0
25.39998984,25.3999898399985291,14619.4463128894567,14619.3841799323272,30.2207569498522446,120.000056998238946,5981.01720916815975,5.48733508478656073,697.391735615934635,0.658604454229668734,695.30670555991162,0.00913159869587809592,53.8870858874551573,697.384013437028443,1.31607290798547827,3.00644814616405398,-5.42707759842025068e-06,-0.00014707891995208668,7.26853581429551113e-05,1.73610060550969452e-07,0.0730355597778005183,0.0018740738149728806,0.0773465621882818977,1.30939301826885409e-05,-0.0947692072047914003,-2.39369924190387689e-05,0.967539485442785896,0.00826043822790967219,0,0,0,0.214308338116795088,4695.21956396982205,550.295088030638112,466.571235802687625,0.00151480285956784354,1,-0.172019865778022196,4.005941384425554e-05,0.00826043822790967219
25.4999898,25.4999897999985201,14619.1394730471075,14619.077340920885,30.2209484887198521,120.000057415267406,6002.25047499557968,5.52747254350469319,696.861272385423263,0.65810272347510923,694.768644534549367,0.00912930488801244611,53.9644645939516181,696.852990979413107,1.32015794852099821,3.13036293928780651,-5.42712857914993892e-06,-0.000134294527234406685,7.27081666416713236e-05,1.62733806936338534e-07,0.0730248262414446431,0.00188136648548094102,0.0775169304605712456,1.31006058882036798e-05,-0.0946248054039413866,-2.39173627920287979e-05,0.967472211530604254,0.0294453586181211424,0,0,0,3.82352848618754759,4695.20081052291607,550.294505155697379,466.57232851019387,0.00151481795809435766,1,-0.172392027244018309,4.00691201760739046e-05,0.0294453586181211424
25.59998976,25.5999897599985111,14618.8202347382903,14618.758103487964,30.2211398818004753,120.000057833588428,6023.46758005782249,5.56773429190327551,696.331839606892004,0.657601935919624792,694.231531157952986,0.00912701463053799955,54.0426860278067238,696.322975486764562,1.32423874668760666,3.25440182494442354,-5.42713843925296161e-06,-0.000130769038617766897,7.27311099565228827e-05,1.51946051463029928e-07,0.0730150058720019923,0.00188866145451652362,0.0776886592682227428,1.31072774669501169e-05,-0.0942103653836751792,-2.38977852427103682e-05,0.967413737352636249,0.0507171167675881662,0,0,0,12.2928950164304958,4695.1820570760101,550.293922280756533,466.573465370727149,0.00151483366682916322,1,-0.172772535335635913,4.00789368212650787e-05,0.0507171167675881662
25.69998972,25.6999897199985021,14618.4885892644525,14618.4264589614213,30.2213311294953932,120.000058253200891,6044.668568834898,5.60812022133388588,695.804361869526247,0.657102964771676956,693.696360223175589,0.00912472009529763373,54.1208806886621119,695.794891761957501,1.32831707812784461,3.37849861779351102,-5.42693467991425495e-06,-0.000143447547356684172,7.27542810138777374e-05,1.41261780533182154e-07,0.0730048453157278315,0.00189595873987169115,0.077860393904795655,1.31139162034603518e-05,-0.0934936362595326226,-2.38781258177278394e-05,0.967346917083999669,0.0720571111194232561,0,0,0,26.2100836631091063,4695.16330362910412,550.293339405815686,466.574646415268433,0.00151484998621487254,1,-0.17316526737417981,4.00888438651368051e-05,0.0720571111194232561
25.79998968,25.7999896799984931,14618.1445316597819,14618.082402337981,30.2215222324762749,120.00005867410438,6065.85351578569316,5.64863029153876894,695.279885784261978,0.656606798478913234,693.164278182409362,0.00912240746162717997,54.1978130999532368,695.269786369634744,1.33239497742525015,3.50264925580661668,-5.42622116734703538e-06,-0.000177844365006960122,7.27777946922313708e-05,1.30708075301993916e-07,0.0729924572299883723,0.0019032583692041628,0.0780302328613888679,1.31204823387045316e-05,-0.0924378881382836443,-2.38581814621329287e-05,0.967246397574976657,0.0934441337245317527,0,0,0,46.2481481715301328,4695.14455018219815,550.292756530874954,466.575871661506028,0.0015148669165109957,1,-0.173576082210357474,4.00988064514093493e-05,0.0934441337245317527
25.89998964,25.8999896399984841,14617.788053393364,14617.7259251148389,30.2217131917212107,120.000059096299097,6087.02252933703767,5.68926452107087854,694.759599161398341,0.656114558819545168,692.636591889435522,0.00912005822237682562,54.2720196742198482,694.748846657456852,1.33647478004066778,3.62693120585059603,-5.42457329984473869e-06,-0.000237581929658758613,7.28017578726837549e-05,1.20332817438784766e-07,0.0729754870368985037,0.00191056038055523723,0.0781959225342549191,1.3126926542140635e-05,-0.0910011359214496079,-2.38377090742463597e-05,0.96708164173993616,0.114853962484649075,0,0,0,73.1790494805509297,4695.12579673529217,550.292173655934221,466.577141139824334,0.00151488445815305454,1,-0.174012351377943353,4.01087639944270512e-05,0.114853962484649075
25.9999896,25.9999895999984751,14617.4191337041557,14617.3570065213789,30.2219040085562263,120.000059519786092,6108.17575648266575,5.73002301054783381,694.244851544081257,0.655627520270604669,692.11477766742064,0.00911765253485252725,54.3419575163496802,694.233421168349651,1.34055916784989515,3.75151242565890897,-5.42145382700881762e-06,-0.000324250217623231712,7.28262439229675147e-05,1.10214088802901854e-07,0.0729513112655565676,0.00191786482010488312,0.0783550685535978203,1.31331943115399582e-05,-0.0891352391790438264,-2.38164673197780966e-05,0.966820239923811942,0.136258922664640791,0,0,0,107.888994880215733,4695.10704328838619,550.291590780993374,466.578454924161406,0.00151490261217898073,1,-0.174482386992068333,4.01186183734718375e-05,0.136258922664640791
26.09998956,26.0999895599984661,14617.0377305224538,14616.975604489744,30.2220946847024514,120.000059944567283,6129.31338802183109,5.77090594401571089,693.737176411201062,0.655147130951543977,691.600492765910644,0.00911517385427518256,54.4061417291200087,693.725041770065559,1.34465121881753302,3.87664989241745417,-5.41624956808497195e-06,-0.000437583776194609795,7.28512764281887676e-05,1.00468320824287101e-07,0.072917235183259585,0.00192517173785438549,0.0785053313548476767,1.31392322113851785e-05,-0.08678489132584076,-2.3794262510976667e-05,0.966431010210444308,0.157627411402723294,0,0,0,151.395500983606922,4695.08828984148022,550.291007906052528,466.579813164339157,0.0015149213806759025,1,-0.174994862090141923,4.01282234506837978e-05,0.157627411402723294
26.19998952,26.1999895199984572,14616.6437720432878,14616.5816472097576,30.2222852223299441,120.000060370645627,6150.4356645165617,5.81191360536130919,693.238307155195002,0.654675027690455047,691.095582828699889,0.00911261386458406264,54.463252005552647,693.225439466401212,1.34875444524027821,4.00267978504464139,-5.40832471025131512e-06,-0.000575855606647547309,7.28768248034208053e-05,9.12552234444238479e-08,0.0728706597182763316,0.00193248118220660267,0.0786445789948848339,1.31449946876730433e-05,-0.0839070066127204917,-2.37709895537309365e-05,0.965886456007375771,0.178923375863242695,0,0,0,203.685973109541919,4695.06953639457424,550.290425031111795,466.581216116071914,0.00151494076719486037,1,-0.175558313694674145,4.01373783250124028e-05,0.178923375863242695
26.29998948,26.2999894799984482,14616.2371462993324,14616.1750227234115,30.222475623991425,120.000060798025032,6171.54286894997404,5.85304637010561191,692.748935569592504,0.654211863548027517,690.600811827672601,0.00910997763712784181,54.5124421831493464,692.735302915115085,1.35287039395943198,4.13009128989373409,-5.39712053182977931e-06,-0.000724958550598344309,7.29027796394686402e-05,8.27777555502342567e-08,0.0728095550070328307,0.00193979319452034773,0.0787714779198656484,1.31504751139025606e-05,-0.0810983981345051869,-2.37466908290548425e-05,0.965166852327076552,0.200127922789921753,0,0,0,255.336554717992811,4695.05078294766827,550.289842156171062,466.58266417809898,0.001514960777264018,1,-0.176179714352828365,4.01458264923812845e-05,0.200127922789921753
26.39998944,26.3999894399984392,14615.8176881857216,14615.7555659222053,30.2226658923296085,120.000061226709661,6192.63529428296079,5.89430463838358687,692.269583670482348,0.653758131114000385,690.116670829832628,0.00910729228716000705,54.5541660655595138,692.255149877474764,1.35700030593344789,4.25940205621539292,-5.38236720478400561e-06,-0.000867542577687760051,7.29288720466544552e-05,7.5272724245085059e-08,0.072733747169185417,0.00194710779642123279,0.078886594312643471,1.31557019147583215e-05,-0.0779873555556420545,-2.37216876560454843e-05,0.964279921908475557,0.221230788639073861,0,0,0,312.523391777485244,4695.03202950076229,550.289259281230215,466.584157938391741,0.00151498141902728974,1,-0.176860551363703322,4.01532663501891372e-05,0.221230788639073861
26.4999894,26.4999893999984302,14615.3851863592863,14615.3230654601502,30.2228560302305915,120.00006165670429,6213.71326045547812,5.93568886913648441,691.801288389031242,0.653314809127298335,689.644101741000895,0.00910461170114928997,54.589701113650051,691.786013864276015,1.36114645049095651,4.39102537931769632,-5.36414438614596823e-06,-0.00099382678542482626,7.29547849680283828e-05,6.89895645163428583e-08,0.0726443544148033665,0.00195442497967598418,0.0789916320602054023,1.31607325025566908e-05,-0.0745828953150142054,-2.36965479872565152e-05,0.963253603215834087,0.242209000612460978,0,0,0,375.090630833363207,4695.01327605385632,550.288676406289369,466.585698149583948,0.0015150027029049789,1,-0.177598433059523941,4.01593762165509879e-05,0.242209000612460978
26.59998936,26.5999893599984212,14614.9393932633102,14614.8772737848394,30.223046040858403,120.000062088014403,6234.77711821844241,5.97719958968516263,691.345041743221373,0.652882833814108277,689.183962539447975,0.00910201277227096206,54.6208059123504199,691.328883115554163,1.36531104167584427,4.52526672104426098,-5.34291750178226963e-06,-0.00109669264724708169,7.29802358310311858e-05,6.4161339367179386e-08,0.0725433586224041582,0.00196174470544197618,0.0790890033617245997,1.31656585683803462e-05,-0.0708949388284685483,-2.36720036176726793e-05,0.962126838159159448,0.263040324371841883,0,0,0,442.860603791723747,4694.99452260695034,550.288093531348636,466.587285693272236,0.0015150246411005984,1,-0.17838831863864027,4.01638492053746414e-05,0.263040324371841883
26.69998932,26.6999893199984122,14614.4800373092294,14614.4179193165946,30.223235927642019,120.000062520646168,6255.82724769386368,6.01883739299345422,690.901785343095412,0.652463093729245935,688.737040345344326,0.0090995870975421056,54.6494845703933834,690.884696957952087,1.36949622748375166,4.66229823259027398,-5.31953743707035267e-06,-0.00117237404718230787,7.30050287167470621e-05,6.09715204060997466e-08,0.0724333036539476227,0.00196906691178336908,0.0791814894514736162,1.31705942738104399e-05,-0.0669342574394479473,-2.36488577429268981e-05,0.960944497622736038,0.283703341927448061,0,0,0,515.635637153890571,4694.97529851040053,550.287499729948195,466.588921536634984,0.00151504724700150741,1,-0.179223381527171544,4.01664338013972032e-05,0.283703341927448061
26.79998928,26.7999892799984032,14614.0068368054926,14613.9447203562304,30.2234256942606763,120.000062954606506,6276.86405674706111,6.06060294450821768,690.472404279354123,0.652056424019459735,688.30406513810135,0.00909742967094939736,54.6777368122805001,690.454338450297996,1.37370407151583618,4.80215008282814892,-5.29518237495502493e-06,-0.0012206546223939923,7.30290901556527949e-05,5.95213130291569035e-08,0.0723169468124879727,0.00197639152344326104,0.0792718790593908706,1.31756600478589697e-05,-0.0627124686991886865,-2.36278807007499641e-05,0.959751985127866192,0.304177559567648914,0,0,0,593.199989923816133,4694.95374616931713,550.286836439422018,466.590606682829332,0.00151507053449354695,1,-0.180096028785562134,4.01669744485168398e-05,0.304177559567648914
26.89998924,26.8999892399983942,14613.5195138417184,14613.4573989961027,30.2236153446286373,120.000063389902806,6297.88797929641896,6.10249695479763066,690.057725477823624,0.651663604903960247,687.885726424215591,0.0090956265192696506,54.7073284919510456,690.038633384696709,1.37793654721916758,4.94471887308937852,-5.27124884269250911e-06,-0.00124457340443177226,7.30524832298307748e-05,5.98028828973779569e-08,0.0721969134693777187,0.00198371846548582587,0.0793626345470873906,1.3180964698619742e-05,-0.0582420297731007439,-2.36097035447296058e-05,0.958589975112421278,0.324443485428962286,0,0,0,675.321902737895357,4694.92961964436654,550.286093303148164,466.592342121547404,0.00151509451727782716,1,-0.180998928429954797,4.01654456492976422e-05,0.324443485428962286
26.9999892,26.9999891999983852,14613.0178066343069,14612.9556934480788,30.2238048828791577,120.000063826543226,6318.89947353975458,6.14452020828059986,689.658518086412982,0.65128536207043719,687.482688067153049,0.00909424325090890662,54.739611748745574,689.638351069298892,1.38219553604646417,5.08979061407076472,-5.24920628939664003e-06,-0.00124971624051651827,7.30753983257952002e-05,6.1682915783036875e-08,0.0720754012030001834,0.00199104767700070693,0.0794556287768110325,1.31865887430871618e-05,-0.0535362395368669322,-2.35947371069504058e-05,0.957490419347187816,0.344482622033926544,0,0,0,761.755471342708915,4694.90286289872256,550.285268548132763,466.59412878505168,0.00151511920826317894,1,-0.18192590501191036,4.01619740860462433e-05,0.344482622033926544
27.09998916,27.0999891599983762,14612.5014789775014,14612.4393675125248,30.2239943133489746,120.000064264536462,6339.89902022978004,6.18667354133749914,689.275494049800159,0.650922367241096311,687.095597882851962,0.00909331631372722882,54.7754140551567161,689.254203793629699,1.38648282352099694,5.23707374480624566,-5.23043470310055142e-06,-0.00124323093368889606,7.30981230904053107e-05,6.48995992197779646e-08,0.071953968435364099,0.00199837912172105272,0.0795519813894668693,1.31925716095950588e-05,-0.0486092353306124964,-2.35831217304150591e-05,0.956473982033842596,0.364277471417861265,0,0,0,852.242370313846664,4694.87343141064594,550.284360762028996,466.595967514517838,0.0015151446191010178,1,-0.182872595777744229,4.01568448115061783e-05,0.364277471417861265
27.19998912,27.1999891199983672,14611.9703260995448,14611.9082164256779,30.2241836405633606,120.000064703891695,6360.88712101916826,6.22895783683790416,688.909311807806148,0.650575241679603233,686.725094179756525,0.00909284831898427015,54.8150055790359829,688.886851482003181,1.3908001062873645,5.3862372751115899,-5.21606831669629302e-06,-0.00123271315625220657,7.31209971277505986e-05,6.90743328557178146e-08,0.0718334290107993795,0.00200571279629878103,0.0796520083980484794,1.31989046502902118e-05,-0.0434759559987721589,-2.35747154634984692e-05,0.955549158005539967,0.383811473376198919,0,0,0,946.513576375807361,4694.84129112247774,550.283368860416203,466.597859039180264,0.00151517075989710415,1,-0.183836798619700759,4.015048965399457e-05,0.383811473376198919
27.29998908,27.2999890799983582,14611.4241767413914,14611.3620689208565,30.2243728692215754,120.000065144618702,6381.86429684936229,6.27137403508506974,688.560577932783531,0.650244557742324036,686.371804192109266,0.00909280806839407596,54.8581426090834157,688.536901892380456,1.39514899084867672,5.53694858935303102,-5.20686659378891327e-06,-0.00122512070043615147,7.31443587964028562e-05,7.3737171435792726e-08,0.0717138579080791178,0.00201304873184546783,0.0797552829324662121,1.32055310165403942e-05,-0.0381520890496453505,-2.35691216746426692e-05,0.954713054077985679,0.403068983198092701,0,0,0,1044.29077482206321,4694.80641742404896,550.282292055089442,466.599803968929336,0.00151519763910915885,1,-0.184818490876729191,4.01434587457587993e-05,0.403068983198092701
27.39998904,27.3999890399983492,14610.8628915697336,14610.8007856649983,30.2245620041833973,120.000065586727729,6402.83108645598259,6.31392312150332025,688.229850806189461,0.649930842346208792,686.036339387328098,0.00909313529740107818,54.9041755976671197,688.204915214492303,1.39953100165269717,5.68890605582527797,-5.20313051301752536e-06,-0.00122585790600662011,7.31684927595622678e-05,7.83632929463656379e-08,0.0715946990340998318,0.00202038699182508028,0.0798607904100902127,1.32123523660212911e-05,-0.0326539742899300128,-2.35657517348735809e-05,0.953953612487167479,0.422035207188812378,0,0,0,1145.28792653517166,4694.76879418286444,550.281129823787296,466.601802799962854,0.00151522526362490753,1,-0.185819540760255975,4.01363781775753521e-05,0.422035207188812378
27.499989,27.4999889999983402,14610.2863588556647,14610.2242549328112,30.224751050455783,120.00006603022949,6423.78804489221693,6.35660612663806912,687.9176411205882,0.649634577432024796,685.719283945387929,0.00909374932805384617,54.9522020272405598,687.891403176134077,1.40394757841124096,5.84186251994572103,-5.20467472202407427e-06,-0.00123813864793460198,7.31935860146103612e-05,8.24160076530825067e-08,0.0714749522844319307,0.00202772766336321852,0.0799671501672998414,1.32192413520685017e-05,-0.0269984886863687927,-2.3563912430842776e-05,0.953252848492768146,0.440696200514296255,0,0,0,1249.21260038917603,4694.72841283320304,550.279881881713436,466.603855930174916,0.00151525363897466814,1,-0.186843174836197223,4.01298989903776387e-05,0.440696200514296255
27.59998896,27.5999889599983312,14609.6944882981479,14609.6323864235655,30.224940013180003,120.000066475135142,6444.73574209669914,6.39942412341976041,687.624413603538642,0.649356201576963277,685.421182654008589,0.00909456040338874061,55.0012406230948159,687.596831766040395,1.4084000808640853,5.99563741323150623,-5.21085912270540999e-06,-0.00126269121611724609,7.32196989486551161e-05,8.53911777142302715e-08,0.0713534091983517721,0.00203507084661329763,0.0800728689225335688,1.32260580394364975e-05,-0.0212028897128079263,-2.35629056298788273e-05,0.952590609481965389,0.459038840132668491,0,0,0,1355.76761170136206,4694.68527152785828,550.278548155011322,466.605963681151877,0.00151528276963529187,1,-0.187893289980653133,4.01246435885739043e-05,0.459038840132668491
27.69998892,27.6999889199983222,14609.0872042700648,14609.025104509099,30.225128897618756,120.000066921456252,6465.67476147166963,6.44237822442783337,687.350585214872694,0.649096108275557415,685.142525451787151,0.0090954819875859183,55.0504017246676085,687.32161818850966,1.41288978170901269,6.15011674735627878,-5.22067438794639351e-06,-0.00129781848407656145,7.32467550389814202e-05,8.68575285985428928e-08,0.0712289015031523226,0.002042416640473397,0.0801765898339217714,1.32326678459261387e-05,-0.0152846518296081667,-2.35621254187787517e-05,0.951948298727609998,0.477050868225329383,0,0,0,1464.65251443626676,4694.63937435732259,550.277128756313346,466.608126322223939,0.0015153126593625138,1,-0.188973714773667811,4.01211562340216755e-05,0.477050868225329383
27.79998888,27.7999888799983133,14608.4644396491349,14608.4023420698104,30.2253177091427148,120.000067369204814,6486.60569839223899,6.48546958325897727,687.096524682771815,0.648854645486453219,684.883735277417827,0.00909644235344586605,55.0990317596364889,687.066131645255382,1.41741786706180428,6.3052420693580018,-5.23286959549077623e-06,-0.0013397790126326596,7.32745503412990525e-05,8.64881881545411285e-08,0.0711005287165910743,0.0020497651300846291,0.0802773042215804422,1.32389584678970104e-05,-0.00926127772430719413,-2.35611397973756412e-05,0.951312089688198692,0.494720909538921783,0,0,0,1575.56549181383434,4694.59073063417782,550.275623962338841,466.610344092434502,0.00151534331149456337,1,-0.190087521482869504,4.01198633559462641e-05,0.494720909538921783
27.89998884,27.8999888399983043,14607.8261311687529,14607.7640358330318,30.2255064532168412,120.000067818393134,6507.52915867960019,6.52869938358297297,686.862548781140049,0.648632112105708147,684.645156067873131,0.0090973938100076257,55.146814125198091,686.830688451827768,1.42198542490072777,6.46099067653176462,-5.24610395069277023e-06,-0.00138341502980806686,7.33027805492794644e-05,8.40797817447783842e-08,0.0709678353167712966,0.00205711637437294139,0.0803745003989547874,1.32448534665592598e-05,-0.00315012516857683883,-2.35597457318286065e-05,0.950675224699784271,0.512038554861148909,0,0,0,1688.20511273572993,4694.53935424346491,550.27403419352845,466.612617217096499,0.0015153747291809759,1,-0.191236478472714577,4.01210483033587198e-05,0.512038554861148909
27.9999888,27.9999887999982953,14607.1722170822322,14607.1101240534063,30.225695135385827,120.000068269033861,6528.44575699803863,6.57206884187920082,686.648920711292021,0.648428756433120146,684.427047129024459,0.00909831842183406181,55.1938165870688522,686.615551757954108,1.42659344249394415,6.61735053668677153,-5.25910279686008631e-06,-0.00142292638799301849,7.33310814005299998e-05,7.95573645204966763e-08,0.0708309177680084556,0.0020644703988447039,0.0804682342575401555,1.32503207209230692e-05,0.0030317631332195203,-2.35579914022981382e-05,0.950039179374056242,0.528994403757321097,0,0,0,1802.27236643120909,4694.48526305429641,550.272359995603892,466.614945916110628,0.00151540691549756357,1,-0.192420704816028576,4.01248428746984806e-05,0.528994403757321097
28.09998876,28.0999887599982863,14606.5026374086738,14606.4405467584438,30.2258837612588316,120.000068721139939,6549.35611515827077,6.615579203332981,686.455846855191453,0.648244773107220618,684.229580406233026,0.00909922949994723673,55.2404824018794329,686.420927911191256,1.43124279646784425,6.77429365729855704,-5.27079739424742179e-06,-0.00145267782474302852,7.33590760744930865e-05,7.29651312848414875e-08,0.0706904515009567219,0.00207182719151729686,0.0805591176972896561,1.32553747511938551e-05,0.00926780142838362457,-2.3556163476654803e-05,0.949413605758092971,0.545580141196333246,0,0,0,1917.47263315899841,4694.42847839149726,550.270602022994581,466.617330403089397,0.00151543987343431569,1,-0.193638560471212862,4.0131235983441229e-05,0.545580141196333246
28.19998872,28.1999887199982773,14605.8173368312418,14605.7552486270833,30.2260723364937469,120.000069174724601,6570.26086036995275,6.65923174046812782,686.283474908667017,0.648080301350079102,684.052843281171931,0.00910016882835096297,55.2875704733562543,686.246964984055353,1.43593424695405458,6.93175169201153096,-5.28043146956930524e-06,-0.00146793084955438094,7.33864228152089702e-05,6.44448311816841481e-08,0.0705476398562198265,0.00207918670423805265,0.0806482321126339302,1.32600727852710202e-05,0.015541973286941799,-2.35547426929224225e-05,0.94881515832978891,0.561788587779789572,0,0,0,2033.51762041495749,4694.3690245638827,550.268761024031164,466.619770875036238,0.0015154736057527375,1,-0.194886769914624669,4.01400974114738578e-05,0.561788587779789572
28.29998868,28.2999886799982683,14605.1162696741521,14605.0541839842117,30.2262608667810575,120.000069629801231,6591.16062346278432,6.70302774083529762,686.131892923375062,0.647935424075470334,683.896845525246135,0.0091012001388781627,55.336055916551345,686.093752108177682,1.44066843318002213,7.08959695846534288,-5.28762229099913821e-06,-0.00146540938327157917,7.34128561359280012e-05,5.42052415942481423e-08,0.0704040968031965503,0.00208654885843807337,0.0807369835043056649,1.32645053130644125e-05,0.0218389096027571047,-2.3554334933281466e-05,0.94826543306784139,0.577613732622707321,0,0,0,2150.12714858894924,4694.30692844676469,550.266837827831978,466.622267494621497,0.00151550811474086486,1,-0.196160747711008165,4.01512128340901641e-05,0.577613732622707321
28.39998864,28.3999886399982593,14604.3994065262377,14604.3373234105693,30.2264493578276756,120.000070086383502,6612.05603707860791,6.74696851932507347,686.001129514073227,0.647810168101605299,683.761529398053085,0.00910239984915772737,55.3870068424532178,685.961319847622917,1.44544587115243583,7.24763112103151741,-5.29237060537494371e-06,-0.00144363664249465957,7.34382162023128316e-05,4.24870724325793275e-08,0.0702616831922155127,0.00209391355439021536,0.0808269222864326231,1.32687825978835911e-05,0.0281439341073935721,-2.35555880027810759e-05,0.94778835203973677,0.59305074332547858,0,0,0,2267.03072877803334,4694.24221911680979,550.264833332820785,466.62482036659469,0.00151554340188718027,1,-0.197455069749515821,4.01643250000792545e-05,0.59305074332547858
28.4999886,28.4999885999982503,14603.6667414680123,14603.6046610086669,30.2266378153410571,120.000070544485155,6632.94773392711249,6.79105539764828237,685.891155422857082,0.647704505646807926,683.646781644541534,0.00910384639852401811,55.4414551710396495,685.849641872574352,1.45026695416132223,7.40558263521963767,-5.29502073190304728e-06,-0.00140301523669091369,7.3462462877483788e-05,2.95280535773285299e-08,0.0701223210070888864,0.00210128068267318498,0.0809195538682989518,1.327301908883595e-05,0.0344430796421539218,-2.35591058100524982e-05,0.947407374400481173,0.608095948662534247,0,0,0,2383.96886021108185,4694.17492753719853,550.262748496812947,466.627429512047627,0.00151557946752479294,1,-0.198764018981275103,4.01791753996473238e-05,0.608095948662534247
28.59998856,28.5999885599982413,14602.9182991944253,14602.8562214452668,30.2268262450138856,120.000071004120002,6653.83634507647821,6.8352897043369083,685.801886333250536,0.647618357005229073,683.552445880764367,0.00910560965802398314,55.5002787899065879,685.758637768149129,1.45513195593343392,7.56311282735141077,-5.29617855707478394e-06,-0.00134565803329205966,7.34856731743552944e-05,1.5532694373786391e-08,0.0699878112326267204,0.00210865013618037611,0.0810161654662838598,1.32773178956624256e-05,0.0407230805800093965,-2.35653713723473662e-05,0.947142909701290003,0.622746795601467729,0,0,0,2500.69401897049829,4694.10508629125343,550.260584328613731,466.630094843049278,0.001515616310480708,1,-0.200082129587826729,4.01955409765153242e-05,0.622746795601467729
28.69998852,28.6999885199982323,14602.1541410759091,14602.0920661030668,30.2270146525098156,120.000071465302014,6674.72249837788968,6.8796727829531088,685.733186829101442,0.647551594301016942,683.478334075683051,0.00910774179904016989,55.5641096839806892,685.688176967842992,1.46004103654628037,7.71982936877983406,-5.29660032160207868e-06,-0.00127500940943136719,7.35080231858232581e-05,6.50365230534935477e-10,0.0698596786942864978,0.00211602182112611333,0.0811176906912552953,1.32817573572938025e-05,0.0469713570604510869,-2.35746883884556694e-05,0.947010257139218159,0.637001779542945346,0,0,0,2616.97129408387991,4694.03272936212761,550.258341881052388,466.632816141061028,0.00151565392777731596,1,-0.201404659212572001,4.021326136630426e-05,0.637001779542945346
28.79998848,28.7999884799982233,14601.374369636178,14601.3122975194256,30.2272030434501922,120.000071928045159,6695.6068169949267,6.92420597704176277,685.684875147887624,0.64750404598875777,683.424235944547831,0.00911027076229609101,55.6332782351376522,685.638083441658637,1.46499425041781328,7.87530502465188675,-5.29706825235895149e-06,-0.00119532103095034911,7.35297576014318726e-05,-1.50359253838048252e-08,0.0697390620510146553,0.00212339566560466268,0.08122462700544332,1.32863813870755645e-05,0.0531759786361127307,-2.35871481136165081e-05,0.947018298580064366,0.650860374079903048,0,0,0,2732.57885997296489,4693.95789195609996,550.256022245387271,466.635593040990727,0.00151569231441177408,1,-0.202727933133603599,4.0232253616767104e-05,0.650860374079903048
28.89998844,28.8999884399982143,14600.5791309848428,14600.5170617835374,30.2273914234021994,120.000072392363393,6716.48991808201572,6.96889062876332233,685.656727848305422,0.647475501267917863,683.389924974237033,0.00911319705707924754,55.7077984154961996,685.6081397628584,1.46999155346123045,8.0290989989556607,-5.29826996817718326e-06,-0.00111106092246562134,7.35511514166870104e-05,-3.15092349156374043e-08,0.0696266599015791243,0.00213077162427958468,0.0813370131655827416,1.32911946856354128e-05,0.0593256426323104102,-2.3602624769558173e-05,0.947169071955967778,0.664322918541686458,0,0,0,2847.30793117225312,4693.88061036568615,550.253626546942655,466.638425022529304,0.00151573146323603523,1,-0.204049525181814601,4.0252513175238774e-05,0.664322918541686458
28.9999884,28.9999883999982053,14599.7686150968075,14599.706548866392,30.2275797978683229,120.000072858270642,6737.37241162495229,7.01372807752658378,685.64848509308672,0.647465715072931935,683.375161826938893,0.00911649417165039111,55.7873930681427055,685.598092380666799,1.47503281326998392,8.18077808991706235,-5.30069739947483938e-06,-0.00102633755692153384,7.35724693369140659e-05,-4.88075646443396266e-08,0.0695227360202935324,0.00213814967953636706,0.0814544654445317207,1.32961632237564249e-05,0.0654096583690738365,-2.36207985136316317e-05,0.947458205520287366,0.67739054812414623,0,0,0,2960.96287552044123,4693.80092186822731,550.251155941880484,466.641311409156003,0.00151577136494286061,1,-0.205368263516788219,4.02741017501912949e-05,0.67739054812414623
29.09998836,29.0999883599981963,14598.9430540949106,14598.8809909150259,30.2277681722769636,120.000073325780804,6758.25489939762974,7.05871965998946127,685.659855796949842,0.647474412930988508,683.379694836194858,0.00912011236843590645,55.8715531724931225,685.607656972900259,1.48011781989349078,8.32993503696432214,-5.30457747955843711e-06,-0.000944413294862428052,7.35939283453088545e-05,-6.70040318479452569e-08,0.0694271786655513284,0.00214552983883548173,0.0815762637947201608,1.33012196814474819e-05,0.0714179369858631286,-2.36412018962062212e-05,0.947876113495275452,0.690065082734082957,0,0,0,3073.36094028825164,4693.71886465482112,550.248611614913784,466.644251374253997,0.00151581200815011454,1,-0.206684073516935574,4.02971243974663512e-05,0.690065082734082957
29.19998832,29.1999883199981873,14598.1027189791203,14598.0406588991136,30.2279565519744189,120.000073794907692,6779.13797406925823,7.10386670458761671,685.690521007751045,0.64750129414755786,683.403256754530503,0.00912398519244117523,55.959620923798866,685.636520921371584,1.4852462907194941,8.47620197765989047,-5.3098420312886274e-06,-0.000867364410369164782,7.36156681765005985e-05,-8.61815461176086499e-08,0.0693396020964955478,0.00215291212777193007,0.0817014732260437082,1.33062728930553221e-05,0.0773410023076786385,-2.36632822973745941e-05,0.948409729572600613,0.702348966942742847,0,0,0,3184.33206359950145,4693.63447778380032,550.245994777807255,466.647243952758288,0.00151585337956154599,1,-0.207997690748226716,4.03216995449613889e-05,0.702348966942742847
29.29998828,29.2999882799981783,14597.2479151897132,14597.1858582758541,30.2281449422176109,120.000074265664992,6800.02221840262428,7.14917052743118742,685.740137175696532,0.64754603488333029,683.445560393647384,0.00912803774254222766,56.0508842805828635,685.684346408014562,1.49041787682403504,8.61925776621050233,-5.316139050896131e-06,-0.000795922014800482035,7.3637733281254849e-05,-1.06405676115340287e-07,0.0692594740407541376,0.00216029658124372321,0.0818290820657748552,1.3311219874640437e-05,0.0831700141270835247,-2.3686471666593037e-05,0.949044526049296788,0.71424520839746386,0,0,0,3293.71866454509109,4693.54780115215817,550.243306668448554,466.650288056955844,0.00151589546418498034,1,-0.209310290909224428,4.03479263116456591e-05,0.71424520839746386
29.39998824,29.3999882399981693,14596.3789779171348,14596.3169242311942,30.2283333481676522,120.000074738066289,6820.90820453930519,7.19463243504147432,685.808339313909869,0.647608291127927171,683.506294216907463,0.00913219553927269168,56.144669871469489,685.750774204119352,1.49563217088443601,8.75882875903501201,-5.32288195100690984e-06,-0.000729502078385869447,7.3660068093728704e-05,-1.27699511610635222e-07,0.0691862504362049657,0.0021676832340421625,0.0819581378362629204,1.33159587249675605e-05,0.0888968032401605407,-2.37102541314238701e-05,0.94976653649755105,0.725757317821259518,0,0,0,3401.37549484425062,4693.45887547851999,550.240548550298854,466.653382493187962,0.00151593824556299972,1,-0.210623091489931524,4.03758536955517084e-05,0.725757317821259518
29.4999882,29.4999881999981604,14595.4962675310671,14595.4342171280314,30.22852177488409,120.000075212125068,6841.79649336429611,7.24025372435157255,685.894742282947277,0.647687699902332548,683.585117104199298,0.00913639279337519206,56.2404221317292468,685.835424553841221,1.50088870875441738,8.89468350822202325,-5.32932835692055446e-06,-0.000666407483117797874,7.36825254618144447e-05,-1.50023940613759162e-07,0.0691194989362604872,0.0021750721107690156,0.0820878631386109531,1.33204006831071527e-05,0.0945139102745692489,-2.37342226700505297e-05,0.950564112276467754,0.736889286346483208,0,0,0,3507.16951674029133,4693.3677422909841,550.237721712005055,466.656525978128286,0.00151598170599779366,1,-0.211936980636015876,4.04054558155636623e-05,0.736889286346483208
29.59998816,29.5999881599981514,14594.600165836513,14594.5381187717448,30.2287102273193149,120.000075687854604,6862.68763387949184,7.28603567176308697,685.998941421153745,0.647783879845654997,683.681654291922996,0.0091405790464558212,56.3377593808353936,685.937897442381541,1.50618696953121334,9.02662261970951363,-5.33467690254227833e-06,-0.000604163574225291457,7.37048864943306453e-05,-1.73265813164473808e-07,0.0690589956965766694,0.00218246321716654987,0.0822177377549499488,1.33244798130302632e-05,0.100014631921032576,-2.3758118243115259e-05,0.951429206660707627,0.747645575981549237,0,0,0,3610.97998523268188,4693.2744439154767,550.234827467052014,466.659717152115093,0.00151602582673528554,1,-0.213252220258249026,4.04366163111159762e-05,0.747645575981549237
29.69998812,29.6999881199981424,14593.6910735294223,14593.6290298645126,30.2288987103133948,120.000076165267998,6883.58216263790382,7.33197953725082474,686.120514231083007,0.647896432802091304,683.795496688013031,0.00914472342430361351,56.4365012584358965,686.057775405324378,1.51152638101801839,9.15446560251233876,-5.33816874766882845e-06,-0.000539934054792381947,7.37268886757442177e-05,-1.97235317505163505e-07,0.0690047845839281693,0.00218985653503267963,0.0823475385781046315,1.33281591716035575e-05,0.105393042072488424,-2.37818472717445224e-05,0.952358057921680157,0.758031089120826063,0,0,0,3712.69826467799794,4693.17902345792845,550.231867153214921,466.662954588212529,0.00151607058809024556,1,-0.21456825741117852,4.04691236665094211e-05,0.758031089120826063
29.79998808,29.7999880799981334,14592.7694089822471,14592.7073687680058,30.2290872285890799,120.000076644378154,6904.48060318565695,7.37808656162754151,686.259019941382689,0.648024943404991949,683.926200550364001,0.00914881604976836016,56.5366656953654001,686.194622269360707,1.51690631612519189,9.27803667704147728,-5.33918016112963075e-06,-0.000470956654031980072,7.37482579499205103e-05,-2.2167275652268957e-07,0.0689571931877058647,0.00219725201863414394,0.0824773351009380762,1.33314328616340978e-05,0.110644020882017344,-2.38054762810078308e-05,0.953351211775494312,0.768051180942677991,0,0,0,3812.2280198227063,4693.08152477966269,550.228842131829651,466.666236796535316,0.00151611596950591322,1,-0.215883662772822837,4.0502677873554604e-05,0.768051180942677991
29.89998804,29.8999880399981244,14591.8356084860861,14591.7735717718006,30.2292757867469994,120.000077125197848,6925.38346553328029,7.42435797338460723,686.414000606975719,0.648168980117138305,684.073290999489132,0.00915286662783487692,56.6384382431801896,686.347984839193941,1.52232609559393417,9.39715168067716178,-5.33729501200999904e-06,-0.000394940029635621088,7.37687404955157243e-05,-2.46263519128398432e-07,0.0689168067204978391,0.00220464959549791307,0.0826074442057422864,1.33343239211503596e-05,0.115763248352368717,-2.38292058793727287e-05,0.954412939643016545,0.777711638524308801,0,0,0,3909.48506037979087,4692.98199246060904,550.225753786671476,466.669562223386322,0.00151616194954191713,1,-0.217196195029885297,4.05369071620332631e-05,0.777711638524308801
29.999988,29.9999879999981154,14590.8901275955141,14590.8280944405287,30.2294643892610715,120.000077607739584,6946.29124564397353,7.47079497501280532,686.584982504928234,0.648328096552950428,684.23626765431186,0.0091569005379146251,56.7421196637970979,686.517394839800318,1.52778499126907508,9.51160779734936312,-5.33234875299665157e-06,-0.000310371824390865564,7.37881299709805712e-05,-2.70659157864798698e-07,0.0688844059424117972,0.00221204917020480099,0.0827383531036442466,1.33368785678622931e-05,0.120747186978269611,-2.38533285443602966e-05,0.955550162739516096,0.787018670688126143,0,0,0,4004.39725780945673,4692.88047175242627,550.222603522528743,466.672929246467447,0.00151620850580787259,1,-0.218502974912744258,4.05713924326494275e-05,0.787018670688126143
30.09998796,30.0999879599981064,14589.9334433786571,14589.8714138172654,30.229653040474453,120.000078092015585,6967.20442498119155,7.51739874163513555,686.771476740429421,0.648501832057051697,684.414610624422494,0.0091609530693956831,56.8480601615158889,686.702368787179239,1.53328222480565834,9.62117734391152624,-5.32443964335554645e-06,-0.000216703016042894879,7.38062868535250551e-05,-2.94501809919247e-07,0.0688608796085163066,0.00221945062956841041,0.0828706228891068208,1.33391577546977942e-05,0.125593035075777792,-2.38781767394083401e-05,0.956771064671887328,0.795978872229564982,0,0,0,4096.90416812842432,4692.77700852315593,550.219392763500878,466.676336166866577,0.001516255614852422,1,-0.219800738993443739,4.06056961672822568e-05,0.795978872229564982
30.19998792,30.1999879199980974,14588.9660569727421,14588.9040310534838,30.2298417445957242,120.000078578037872,6988.12347009576933,7.56417042921546923,686.97298176534423,0.6486897140895862,684.607788757514072,0.00916506270307437809,56.9565901728377071,686.902411080020443,1.53881697363297509,9.72560634960701975,-5.31390776955136316e-06,-0.000114392429242788705,7.38231479056430159e-05,-3.17448806753129059e-07,0.0688471249785119893,0.00222685385038903783,0.0830047869467486071,1.33412273067776228e-05,0.13029867883457566,-2.3904068662355241e-05,0.958083590344159686,0.804599204774693488,0,0,0,4186.9567866760608,4692.67164919053266,550.216122950954741,466.679781199956892,0.00151630325203718137,1,-0.221086133875919633,4.06393920616433588e-05,0.804599204774693488
30.29998788,30.2999878799980884,14587.9884961098433,14587.9264738773854,30.2300305056958614,120.000079065818198,7009.04883228233211,7.61111116771932217,687.188985683062583,0.648891260409637072,684.815267237111129,0.00916926434134279766,57.0679570249806147,687.117016121680876,1.54438837497807246,9.82461782089356461,-5.30128611203720845e-06,-4.81444174129079882e-06,7.38387250022751e-05,-3.39194573915076666e-07,0.0688439501774388146,0.00223425870708017981,0.0831412581200497436,1.33431480024387678e-05,0.134862616230001647,-2.39312589257707897e-05,0.959494048470064809,0.812886939958977539,0,0,0,4274.51687425006548,4692.56444065115556,550.212795541328092,466.683262466401914,0.00151635139141216568,1,-0.222356009801032095,4.0672091871138077e-05,0.812886939958977539
30.39998784,30.3999878399980794,14587.0013170987368,14586.9392985969826,30.2302193277058784,120.000079555368004,7029.98094731717993,7.658222057010593,687.418969077201041,0.649105981751924022,685.036514583797612,0.00917358339994289729,57.182275662041377,687.345671038009755,1.54999553147499403,9.91791907041837106,-5.28723154026567149e-06,0.000109949065522919393,7.38530941328139831e-05,-3.59487366359597593e-07,0.0688519913456728389,0.00224166507877692541,0.0832802565465713268,1.33449669166533233e-05,0.139283882464288689,-2.39599003534028817e-05,0.961005990652559761,0.820849607932385816,0,0,0,4359.55628773042099,4692.4554302060742,550.209412003824241,466.686777985098047,0.00151640000561795467,1,-0.223607674687159752,4.07034664405713612e-05,0.820849607932385816
30.4999878,30.4999877999980704,14586.0051058605313,14585.9430911275558,30.2304082144151849,120.000080046698486,7050.92023528175287,7.70550417369212592,687.66240806432711,0.649333384712648787,685.271008271306641,0.00917803148070683861,57.2994991550511372,687.587858567615172,1.55563751745207468,10.0052119463955194,-5.27244565789132731e-06,0.000227397564873451269,7.38663765967347951e-05,-3.78139179399298858e-07,0.0688716546302951538,0.00224907285492033805,0.0834217665244205014,1.33467110799530142e-05,0.143561973775060275,-2.39900212516990419e-05,0.962619502820481809,0.828494937735336334,0,0,0,4442.05617856009849,4692.34466548569162,550.205973818076927,466.690325669486242,0.001516449065834454,1,-0.224839077652033981,4.07332588016605536e-05,0.828494937735336334
30.59998776,30.5999877599980614,14585.00047795102,14584.9384670209347,30.2305971694707836,120.000080539820516,7071.86710047078213,7.75295856289840746,687.918777375892432,0.649572974660352687,685.518238515204757,0.00918260410511040348,57.4194117440544574,687.843059950264092,1.56131338550306253,10.0862044881768824,-5.25759615705738881e-06,0.000344938187606528711,7.38787153323977131e-05,-3.95028159213633147e-07,0.0689030891561764752,0.00225648193866291764,0.0835655263936225107,1.33483841514120169e-05,0.147696777232806914,-2.40215202908597656e-05,0.964330978441526376,0.835830796138040455,0,0,0,4522.00612919739706,4692.23219437620173,550.202482471856911,466.693903327472299,0.00151649854177955418,1,-0.22604890221189794,4.07612883810548604e-05,0.835830796138040455
30.69998772,30.6999877199980524,14583.9880773089826,14583.9260702121046,30.2307861963772169,120.000081034744696,7092.82193138381263,7.80058624376803689,688.187553269644809,0.64982425848253389,685.777710046284369,0.00918728070111063388,57.5416440026561986,688.110757637916208,1.56702217292942247,10.1606224308614088,-5.24324862827763776e-06,0.000460203937706849463,7.38902497903105594e-05,-4.10093800983333845e-07,0.0689461926259708757,0.002263892247774259,0.0837110507828460471,1.3349966383050494e-05,0.151688511456799346,-2.40541786802859301e-05,0.966133375369582437,0.842865128963816379,0,0,0,4599.40327549208905,4692.11806494902703,550.198939458871109,466.697508665884527,0.0015165484017705148,1,-0.227236562762807182,4.07874465162615476e-05,0.842865128963816379
30.79998768,30.7999876799980434,14582.9685739837587,14582.9065707513982,30.2309752984973237,120.000081531481257,7113.78510081597051,7.84838819986842395,688.468216092092348,0.650086747000164444,686.048941943987529,0.00919202670898777718,57.6657068114997173,688.390437674342365,1.57276290763629567,10.2282190936882742,-5.2298168445334605e-06,0.000571322240260446713,7.39010927731741216e-05,-4.23326140781283332e-07,0.0690006467781422717,0.00227130371307060529,0.0838576803213771926,1.33514176753677601e-05,0.155537681601055328,-2.40876870938299164e-05,0.968016894368813663,0.849605908571967827,0,0,0,4674.25146229367783,4692.00232539395438,550.195346276673945,466.701139298565977,0.00151659861283566294,1,-0.228402110948016324,4.08116845953582731e-05,0.849605908571967827
30.89998764,30.8999876399980344,14581.9426610283554,14581.8806616902239,30.2311644790533833,120.000082030040176,7134.7569659762803,7.89636539014000771,688.760252221513269,0.650359956795141914,686.33146570808924,0.00919679741377921189,57.7910385323482956,688.681591355506612,1.57853461253298133,10.2887824828916479,-5.21753659133084502e-06,0.000677101440394168555,7.39113121887027634e-05,-4.34750830220799405e-07,0.0690659761444451098,0.00227871627461470735,0.0840046505853728337,1.33526831497452694e-05,0.159245051665310416,-2.41216829372244841e-05,0.969969964789152983,0.856061093107555959,0,0,0,4746.56050328124456,4691.88502395547584,550.19170442468203,466.704792757438668,0.00151664914086717894,1,-0.229546070169537264,4.0833996988282059e-05,0.856061093107555959
30.9999876,30.9999875999980254,14580.9110507704318,14580.8490553530173,30.2313537411289879,120.000082530431087,7155.73786870132426,7.94451874068886532,689.063156135743839,0.65064341215394339,686.624822883718252,0.00920154292242769678,57.9170584455620769,688.983717759874708,1.58433631200071479,10.3421388966314893,-5.20646486148324791e-06,0.0007771158465393899,7.39209199042042942e-05,-4.44412344936887923e-07,0.0691416209757029082,0.00228612987698376341,0.0841511700054997092,1.33537003695035548e-05,0.162811622867505251,-2.41557926001473713e-05,0.9719803928307168,0.862238582712062773,0,0,0,4816.34539226583092,4691.7662088728639,550.188015402299015,466.708466505783178,0.00151669995080456208,1,-0.230669224609694301,4.08544014144475857e-05,0.862238582712062773
31.09998756,31.0999875599980165,14579.8744710050523,14579.8124795217827,30.2315430876708859,120.000083032663369,7176.72813565902743,7.99284915299488485,689.376430392663565,0.650936645040087303,686.928560649543329,0.0092062135319843641,58.0432188987066411,689.296322727242796,1.59016703021740469,10.3881527514208543,-5.1965025061927124e-06,0.000871684529294117823,7.39298686834126949e-05,-4.52357757098641988e-07,0.0692270136324119045,0.00229354446255586536,0.0842964959591543245,1.3354407151712767e-05,0.166238643436248557,-2.41896727088923292e-05,0.974036504086978949,0.868146217454714764,0,0,0,4883.62596914612368,4691.64592832064227,550.184280707076027,466.712157951796939,0.0015167510068219937,1,-0.231772394152752886,4.08729196542664274e-05,0.868146217454714764
31.19998752,31.1999875199980075,14578.8336613103747,14578.7716737792471,30.2317325214914092,120.000083536746075,7197.72807861352067,8.04135749707232961,689.699587036188632,0.6512391964128732,687.242229446161218,0.00921076481497618005,58.1690496649280817,689.618921264609185,1.59602579727213412,10.4267229994250314,-5.18743598956175785e-06,0.000961753448204050458,7.39380573139091348e-05,-4.58623083641856606e-07,0.0693216484775149577,0.00230095996652052159,0.084439999139217306,1.33547489202232591e-05,0.169527601525473443,-2.42230452480291344e-05,0.97612814370420331,0.873791746546044523,0,0,0,4948.42627316717517,4691.5242303495661,550.18050183286573,466.715864461714716,0.00151680227250965138,1,-0.232856225091884389,4.08895610536788654e-05,0.873791746546044523
31.29998748,31.2999874799979985,14577.7893698886037,14577.7273863265618,30.2319220452707391,120.000084042687845,7218.73799468155539,8.09004460326246466,690.032147065734875,0.651550615718816228,687.565379752418266,0.00921516172940539668,58.2941889483133764,689.95103653939384,1.60191164734700697,10.4577767597226909,-5.17899103710707119e-06,0.00104870290040140457,7.39453426353247191e-05,-4.63223942022708471e-07,0.0694251361896055519,0.00230837631151139654,0.084581208536065558,1.33546846605125558e-05,0.172680240460123341,-2.42557221082366066e-05,0.978247399481911972,0.879182836604618378,0,0,0,5010.77433761439443,4691.4011628260514,550.17668026795252,466.719583371058434,0.00151685371102921237,1,-0.233921024224102908,4.09043109730340191e-05,0.879182836604618378
31.39998744,31.3999874399979895,14576.7423511594534,14576.6803715829337,30.2321116615590917,120.000084550497192,7239.75816657230916,8.13891128959307686,690.373640326294094,0.651870460782075556,687.897560648805438,0.00921938129529298322,58.4183980078650507,690.292200018178619,1.60782361939042651,10.4812612546277109,-5.17089034390827272e-06,0.00113411066779302771,7.39515565837018675e-05,-4.66151373964193571e-07,0.0695372365805757009,0.00231579340430907625,0.0847198323925398983,1.33541907701018415e-05,0.175698562968908178,-2.42876165621537118e-05,0.980388978883898421,0.884327071680712118,0,0,0,5070.70190989030016,4691.27677336964553,550.172817493112916,466.72331199320729,0.00151690528523229723,1,-0.234966654898404598,4.09171253098273964e-05,0.884327071680712118
31.4999874,31.4999873999979805,14575.6933641918004,14575.6313886026455,30.232301372779105,120.000085060182229,7260.78886285012777,8.1879583357876129,690.723605150329945,0.652198297462591947,688.238319590501078,0.00922341357541078821,58.5415585207715594,690.641951234740304,1.61376075682500586,10.497135220890776,-5.16290719574528576e-06,0.00121950530694787907,7.39565256777041061e-05,-4.67373035437486674e-07,0.0696578669742620032,0.00232321113430471616,0.0848557540102795049,1.33532624437780683e-05,0.178584830503711933,-2.4318740948427044e-05,0.982550210088139586,0.889231958666025557,0,0,0,5128.24424415681187,4691.1511092876126,550.168914979589999,466.727047624982845,0.00151695695773765857,1,-0.23599250496516605,4.09279314404317315e-05,0.889231958666025557
31.59998736,31.5999873599979715,14574.6431719064713,14574.5812003159226,30.2324911812279993,120.000085571750702,7281.83033817822434,8.23718648600154779,691.081587834589413,0.652533699160241953,688.587203361651518,0.00922726092439418721,58.6636542112287884,690.999837185837805,1.61972210628207014,10.5053609755497988,-5.15490797202430655e-06,0.00130614319266444761,7.39600902295791827e-05,-4.66839187370107108e-07,0.0697870867202607659,0.00233062937377901411,0.084989004701769455,1.33519125485323985e-05,0.181341553674932876,-2.43491916609907926e-05,0.984730691666138913,0.893904936218385071,0,0,0,5183.43995418120448,4691.02421750709891,550.164974186993163,466.730787549488241,0.00151700869097040744,1,-0.236997526154378024,4.09366350039868344e-05,0.893904936218385071
31.69998732,31.6999873199979625,14573.5925411172211,14573.5305735159181,30.2326810890795947,120.000086085210214,7302.88283354011128,8.28659647070989891,691.44714302237287,0.652876247176010005,688.943760992195735,0.00923093573890332308,58.7847403542774032,691.365413348769948,1.62570672007955386,10.5058981789572172,-5.14687852214541314e-06,0.00139483757807616453,7.3962120809311808e-05,-4.64492269093447558e-07,0.0699250616696424354,0.00233804798062739287,0.085119719083261311,1.33501683134134277e-05,0.183971471777954226,-2.4379124305972828e-05,0.986931665473485098,0.898353362729245153,0,0,0,5236.33063637449141,4690.89614450565387,550.160996561130673,466.734529035961941,0.00151706044715994859,1,-0.237980334448807257,4.0943131149615369e-05,0.898353362729245153
31.79998728,31.7999872799979535,14572.5422429554164,14572.4802793532035,30.232871098386628,120.000086600567926,7323.9465764945935,8.33618897798066882,691.819833246035728,0.653225530281166811,689.307546486520891,0.00923445707509107372,58.9049059419531318,691.738242749434903,1.63171365413791469,10.4986999693949699,-5.13893161942041937e-06,0.00148585942351603926,7.39625298772457398e-05,-4.60278498196017394e-07,0.070072014617184375,0.00234546680160994296,0.0852480799432084324,1.33480664063026216e-05,0.186477516284451306,-2.44087228005303192e-05,0.989155204723259351,0.902584536934615489,0,0,0,5286.96088174616852,4690.76693624228938,550.15698353188111,466.738269338265638,0.0015171121883190235,1,-0.238939354540066179,4.09473184333943781e-05,0.902584536934615489
31.89998724,31.8999872399979445,14571.4930536337197,14571.4310940171981,30.2330612110828696,120.00008711783083,7345.02178141273453,8.38596467946615398,692.199229457254091,0.653581145219937376,689.678122711486935,0.00923784667677973736,59.0242342520232341,692.117896668651269,1.63774196976556685,10.4837118696693778,-5.13129574317599038e-06,0.00157891851080899873,7.39612774328039628e-05,-4.54159664742189099e-07,0.0702281695503838843,0.00235288567706412122,0.0853742608362463434,1.33456471546454225e-05,0.188862775862034232,-2.44381670880953964e-05,0.991403354042141416,0.906605670123426521,0,0,0,5335.377703901936,4690.63663808995534,550.152936511072653,466.742005692164355,0.00151716387620606883,1,-0.239872985344775802,4.09491131856075917e-05,0.906605670123426521
31.9999872,31.9999871999979355,14570.4457551240921,14570.3837994924379,30.2332514289855148,120.000087637005493,7366.10864974522246,8.43592420578032431,692.584911687159888,0.653942697334552459,690.055065119528308,0.00924112497870988037,59.1427672179471529,692.50395530555511,1.6437907354430461,10.4608734053919434,-5.1242876834095181e-06,0.00167322247401195429,7.39583702725017455e-05,-4.46123421177209082e-07,0.0703936976366733858,0.0023603044457427072,0.0854983743527061718,1.33429487461290465e-05,0.191130450227167098,-2.44676037484235137e-05,0.99367732985249968,0.910423872255212152,0,0,0,5381.63033504989198,4690.50529477192867,550.148856890502088,466.745735312912302,0.00151721547229177983,1,-0.24077976312028454,4.09484622939375212e-05,0.910423872255212152
32.09998716,32.0999871599979301,14569.4011356011033,14569.3391839395135,30.2334417537976812,120.000088158098251,7387.20737029393513,8.48606816565030186,692.976469717570581,0.654309801200159358,690.437964787794954,0.00924430761240113696,59.2604781997021632,692.896008218385987,1.64985902819394714,10.4301220230547429,-5.11827358353123723e-06,0.00176760079042272188,7.39538553703142804e-05,-4.36190665727551559e-07,0.0705686722131719374,0.0023677229490967548,0.0856204327294814577,1.33400021741617391e-05,0.193283796448201289,-2.44971231857713126e-05,0.995976885868840256,0.914046151933081141,0,0,0,5425.76968160323031,4690.37295030447331,550.144746040129917,466.749455393673713,0.00151726693773724395,1,-0.24165850017299545,4.0945352672685782e-05,0.914046151933081141
32.19998712,32.1999871199979211,14568.3599893674254,14568.2980416662394,30.2336321871111799,120.000088681115187,7408.31811952064436,8.53639714318073395,693.373504447931964,0.654682081915297531,690.826431172857951,0.00924740286989966798,59.3772564022996221,693.29365600894937,1.6559459380493482,10.3913986317654903,-5.11362438526518091e-06,0.00186067288344480305,7.39478086806982403e-05,-4.24419045170580433e-07,0.0707530384528269191,0.00237514103512146682,0.0857403253772045099,1.3336827569632396e-05,0.195326098084440264,-2.45267463109237443e-05,0.998299931180206324,0.917479374983968587,0,0,0,5467.84797523586258,4690.23964794607127,550.140605306486918,466.753163105788587,0.00151731823339760563,1,-0.242508381688190666,4.0939816178752149e-05,0.917479374983968587
32.29998708,32.2999870799979121,14567.3231162130833,14567.2611724458675,30.2338227304096172,120.000089206062015,7429.441061896262,8.58691168691058238,693.775628436822444,0.655059175611534372,691.220092931336467,0.00925041038076779287,59.4929042435513793,693.696510343937689,1.66205056869340262,10.3446538564519201,-5.11067184901757836e-06,0.00195103491303817971,7.39403211004738606e-05,-4.10902251539774094e-07,0.070946600834072171,0.00238255856019468264,0.0858578153321245957,1.33334323113719145e-05,0.197260615041392889,-2.45564216329050494e-05,1.00064242450208263,0.920730254246498792,0,0,0,5507.91828318440366,4690.10543015551411,550.136436011348451,466.756855601054269,0.00151736931985361123,1,-0.243329010498841397,4.09319295014963727e-05,0.920730254246498792
32.39998704,32.3999870399979031,14566.2913201004267,14566.2293802409185,30.2340133850715276,120.000089732944204,7450.57635023848979,8.6376123221247525,694.182466915013379,0.655440730406618655,691.618598123754509,0.0092533211231686785,59.6071473560194818,694.104195020834254,1.66817204069944003,10.2898541192921016,-5.10967114313762804e-06,0.00203743876290667482,7.39314837250969729e-05,-3.95765290439791752e-07,0.0711490292018074483,0.00238997538992391208,0.0859725539421966611,1.33298110575523388e-05,0.199090563422444577,-2.45860326602186438e-05,1.002998551621471,0.923805326681407024,0,0,0,5546.03404139793474,4689.97033855817335,550.132239450660563,466.760530016408552,0.0015174201574764195,1,-0.244120396576142373,4.09218091565413818e-05,0.923805326681407024
32.499987,32.4999869999978941,14565.2654073610902,14565.2034713973626,30.2342041523738772,120.000090261766999,7471.72412611125765,8.68849955222218462,694.59365861011679,0.655826407178463189,692.021613314683123,0.00925611868009790228,59.7196550647688014,694.516346882633115,1.67430949450228872,10.2269866888611389,-5.11077458104799401e-06,0.00211893954827146362,7.39213744079693488e-05,-3.79156481160077959e-07,0.0713598814626307809,0.00239739139856631539,0.0860841106739217571,1.33259475747206867e-05,0.20081909220397301,-2.46154139951434043e-05,1.00536114295425461,0.92671093382683889,0,0,0,5582.2487702722683,4689.83441392090663,550.128016893746576,466.764183480350709,0.00151747070651645378,1,-0.244882896125640681,4.09096024234217051e-05,0.92671093382683889
32.59998696,32.5999869599978851,14564.2461843974888,14564.1842522955903,30.2343950334955487,120.000090792535318,7492.88452019908709,8.73957384914052149,695.008855864653583,0.656215879670697499,692.428821337846216,0.00925878147757175363,59.8300679027767615,694.932615612202198,1.68046209071983066,10.1560630303615298,-5.11401933834477389e-06,0.00219499354367968169,7.39100473382886324e-05,-3.61237336840820803e-07,0.0715786388329636425,0.0024048064668543089,0.0861920130731882728,1.33218179879547825e-05,0.202449284910626498,-2.46443732488707383e-05,1.00772225891805345,0.92945321628382227,0,0,0,5616.61562377584141,4689.69769613419157,550.123769582725799,466.767813121126835,0.00151752092721669867,1,-0.245617111822032913,4.08954755524524184e-05,0.92945321628382227
32.69998692,32.6999869199978761,14563.2344552129507,14563.1725269372691,30.2345860295210045,120.000091325253791,7514.05765272627923,8.79083565746009832,695.427724915146996,0.656608834749787706,692.839918945487284,0.00926128565780581781,59.938028083151039,695.352664192545035,1.68662901207093219,10.0771200944194277,-5.11933005034800328e-06,0.00226549639178230157,7.38975268931663456e-05,-3.42171659837619958e-07,0.0718047482389467667,0.00241222047938798164,0.0862957908357209064,1.33173949301627148e-05,0.203984158573174923,-2.46727156587652442e-05,1.01007385763300173,0.932038104827531688,0,0,0,5649.18724078403466,4689.56022420016961,550.119498732132456,466.771416075525508,0.00151757077993446856,1,-0.246323769719494323,4.0879600815909915e-05,0.932038104827531688
32.79998688,32.7999868799978671,14562.2310188449919,14562.1690943671074,30.2347771414439137,120.000091859926897,7535.24363384508251,8.84228540671529295,695.849945641057502,0.657004972161309153,693.254614025258434,0.0092636081453860708,60.0432085713126753,695.776168642863581,1.69280946351135198,9.99021943913302835,-5.12653500830512573e-06,0.00233076010457383557,7.38838062952509812e-05,-3.22115250481825907e-07,0.0720376656843048496,0.00241963332145664388,0.0863950177658737023,1.33126519642471501e-05,0.205426676085357029,-2.47002677380204585e-05,1.01240844718995193,0.934471322199225241,0,0,0,5680.01557048862196,4689.42203622533907,550.115205528678985,466.774989498018499,0.00151762022526797172,1,-0.247003591168332981,4.08621440821789976e-05,0.934471322199225241
32.89998684,32.8999868399978581,14561.2366670742631,14561.1747463563588,30.2349683701706979,120.000092396558728,7556.44256404181306,8.8939234895080066,696.275211097284114,0.657404004082527971,693.672623034922026,0.00926572947708903527,60.14533693117653,696.202817614553851,1.69900267195641352,9.89544440627912536,-5.13539300808427813e-06,0.00239143579605620698,7.38688509611412246e-05,-3.01207442030001027e-07,0.0722768947465259465,0.00242704487602133029,0.0864893460739080688,1.33075676538309213e-05,0.206779761388362293,-2.47268968690698827e-05,1.01471963626757855,0.936758389379558687,0,0,0,5709.15179562721096,4689.28316941607227,550.110891131110179,466.77853056891945,0.00151766922416930999,1,-0.247657177156329122,4.08432543950137234e-05,0.936758389379558687
32.9999868,32.9999867999978491,14560.2521824277937,14560.1902654157911,30.2351597165238459,120.000092935153305,7577.65453449392044,8.9457502916018985,696.703226781672811,0.657805654425499209,694.09366886560656,0.00926763602444991008,60.2442110313314743,696.632311672149967,1.70520788513990973,9.79289581176625745,-5.14562661652280176e-06,0.00244839603805971492,7.38526057738322434e-05,-2.79565367534905366e-07,0.0725220153500583942,0.00243445502118439482,0.086578528848703637,1.33021287522003099e-05,0.208046315165356654,-2.47525243865171525e-05,1.01700251489988047,0.93890463452455819,0,0,0,5736.64635261229341,4689.14366007541958,550.106556670103487,466.782036501495099,0.00151771773804301778,1,-0.248284920005740428,4.08230566924966837e-05,0.93890463452455819
33.09998676,33.0999867599978401,14559.2783366814256,14559.216423332191,30.2353511812452211,120.000093475714223,7598.87962744470315,8.99776615772472255,697.133710151413538,0.65820965837639589,694.51747979504853,0.00926932135045865913,60.3397050265328971,697.06436319215311,1.71142437189041585,9.68268679720655712,-5.15695708419364581e-06,0.00250259538777563694,7.38350050516074481e-05,-2.57281423659352746e-07,0.0727726996459206327,0.00244186362886571542,0.0866624284088158142,1.3296332132208239e-05,0.209229227840340259,-2.47771307601396276e-05,1.01925382246177865,0.94091521150706281,0,0,0,5762.54882179199103,4689.00354360093388,550.10220324819386,466.78550454729799,0.00151776572882000079,1,-0.24888695239636538,4.0801648284541776e-05,0.94091521150706281
33.19998672,33.1999867199978311,14558.3158899061382,14558.2539801764487,30.2355427649990602,120.000094018245022,7620.11791652927968,9.04997142713410163,697.56638941680842,0.658615761253912413,694.943788587755193,0.00927078654884860853,60.4317653337410547,697.498694828684165,1.71765141880456373,9.56493752663853769,-5.16913608148014073e-06,0.00255492944986101134,7.3815983627358733e-05,-2.34424001938959434e-07,0.0730287136358993005,0.00244927056393458515,0.0867410103088662454,1.32901852637599807e-05,0.210331387173952528,-2.48007527175716118e-05,1.02147189743889255,0.942795104898684233,0,0,0,5786.90817866362613,4688.86285448144918,550.09783193968633,466.78893199956309,0.00151781315900469658,1,-0.249463138461691075,4.07790992390900668e-05,0.942795104898684233
33.29998668,33.2999866799978221,14557.3655900172889,14557.3036838542957,30.2357344683747904,120.000094562748856,7641.369467088909,9.10236640215581794,698.001003110718216,0.659023718101300005,695.372333139658281,0.00927203960105926761,60.5203978961326357,697.935039445918164,1.72388833043058187,9.43977045365518563,-5.18197038714526186e-06,0.00260611177158829753,7.37954875013513607e-05,-2.11041031280212737e-07,0.073289905443514311,0.00245667568507132407,0.0868143247377322902,1.32837052669123551e-05,0.211355678983292133,-2.48234730515665018e-05,1.02365642392130307,0.944549147786060805,0,0,0,5809.77270405716354,4688.72162629397735,550.093443790551305,466.792316194812827,0.00151785999169747055,1,-0.250013104964336208,4.07554561901425652e-05,0.944549147786060805
33.39998664,33.3999866399978131,14556.4281727187335,14556.3662700642435,30.2359262918897755,120.000095109228837,7662.63433648177943,9.15495138101363359,698.437299446708721,0.659433293079892846,695.802857487942333,0.00927309389062491718,60.6056489449237574,698.373139471526542,1.73013442799183137,9.30730669724453463,-5.19533666075704548e-06,0.00265658429436570849,7.3773482580594829e-05,-1.8716561897222901e-07,0.0735561826680913994,0.00246407884630649512,0.0868824786633080604,1.32769167658190068e-05,0.212304980566399404,-2.48454050794469993e-05,1.02580802612282551,0.94618203013600144,0,0,0,5831.19004086045243,4688.57989170059409,550.089039818330548,466.79565451305632,0.00151790619059753826,1,-0.250536305906216561,4.07307487608472407e-05,0.94618203013600144
33.4999866,33.4999865999978041,14555.5043617598712,14555.4424625656338,30.2361182359919063,120.000095657687709,7683.9125743567256,9.20772662636768757,698.875035928245325,0.659844259100451969,696.235113383212251,0.00927396612532338516,60.6875823374538754,698.812746545917093,1.73638904881240275,9.16766391886640264,-5.20918510607656162e-06,0.00270647146334569667,7.37499604391045642e-05,-1.6282279909815255e-07,0.0738274827346604018,0.00247147989935462891,0.0869456031303185023,1.32698488983483064e-05,0.213182147593550447,-2.48666741397727174e-05,1.0279277743586297,0.947698305038303213,0,0,0,5851.20718327718987,4688.43768244598687,550.084621012057141,466.798944376873919,0.00151795171999048848,1,-0.251032109316578378,4.07049974429284385e-05,0.947698305038303213
33.59998656,33.5999865599977952,14554.5948693342507,14554.5329735306786,30.23631030106203,120.000096208128113,7705.20422293646425,9.26069239130473321,699.313979151978629,0.660256397638119941,696.668862076841151,0.00927467399418446803,60.7662567870830799,699.253621341018516,1.74265154617499274,9.0209558492610995,-5.22353236682246045e-06,0.00275558151038095105,7.37249404786280953e-05,-1.38036343848029382e-07,0.0741037408161763361,0.00247887869634191458,0.0870038205005985721,1.32625319541063282e-05,0.213989996185897202,-2.48873988411983805e-05,1.03001667598350721,0.949102391123620936,0,0,0,5869.87042596810898,4688.29502935661458,550.080188332223997,466.802183249997938,0.00151799654472882582,1,-0.251499892807534264,4.06782216890019124e-05,0.949102391123620936
33.69998652,33.6999865199977862,14553.7003964073956,14553.6385039352899,30.2365024874164625,120.000096760552424,7726.50931728705291,9.31384890292349787,699.753904788589011,0.660669498714840708,697.103876031389291,0.0092752338865289552,60.8417061139894031,699.69553353535207,1.74892128959658932,8.86729337957758901,-5.23844547772507482e-06,0.00280345172739144156,7.36984684142917275e-05,-1.1283466065173288e-07,0.0743848599527383442,0.00248627509255766209,0.0870572161285583651,1.32549941105406317e-05,0.214731282584996269,-2.49076746589757029e-05,1.03207522225335979,0.950398571402940928,0,0,0,5887.22527455617455,4688.15196234240102,550.075742710829559,466.805368636144863,0.00151804063021599421,1,-0.251939134135455323,4.06504470349411813e-05,0.950398571402940928
33.79998648,33.7999864799977772,14552.8216329179704,14552.7597437043551,30.2366947953095391,120.000097314962844,7747.82788560504468,9.36719637191005106,700.194597699736164,0.661083361009959014,697.539940289220226,0.00927565898438031944,60.9139250349912231,700.138261910143456,1.75519766545918232,8.70678692137946797,-5.2540197707636336e-06,0.00284942869742180974,7.3670611505681762e-05,-8.72549990421511181e-08,0.0746706873956293482,0.0024936689488757836,0.0871058180687375033,1.32472587122548599e-05,0.215408683066355716,-2.49275619379311682e-05,1.03410305000483738,0.951590989289358147,0,0,0,5903.31632558508682,4688.00851040178532,550.07128505152491,466.808498078299522,0.00151808394239665587,1,-0.252349484488532116,4.06217102931822791e-05,0.951590989289358147
33.89998644,33.8999864399977682,14551.9592576436698,14551.8973716211058,30.236887224935991,120.000097871361447,7769.15994947879153,9.42073499664156699,700.635852132222794,0.661497792042871846,697.976853296962304,0.00927595796037272713,60.9828620898808254,700.581594515510119,1.76148007787292671,8.53954958337426007,-5.27035431165256301e-06,0.00289277019061295968,7.36414513886361538e-05,-6.13454906570530807e-08,0.0749610000897960593,0.00250106013356151844,0.0871495870768396325,1.32393424236206014e-05,0.21602477663206171,-2.49470796806727555e-05,1.03609875766925708,0.95268364293637009,0,0,0,5918.18712905248412,4687.86470163070408,550.066816229881852,466.811569159192402,0.00151812644776349063,1,-0.252730815485362026,4.05920622051887136e-05,0.95268364293637009
33.9999864,33.9999863999977592,14551.1139377728105,14551.0520548747954,30.2370797764336494,120.000098429749983,7790.50552418798179,9.47446494403599893,701.077471922444488,0.661912608364640054,698.414427070428474,0.00927613441563357455,61.0484202171070365,701.025328848140248,1.76776794962096906,8.36570062812436532,-5.28752851812715668e-06,0.00293275327995950671,7.36110756274094562e-05,-3.51648815950581843e-08,0.0752555007617991961,0.00250844852327764597,0.0871884176017012485,1.32312544439174136e-05,0.216582032532725455,-2.49662056041053873e-05,1.03805989140515886,0.953680379216429674,0,0,0,5931.8800493857143,4687.72056323569359,550.062337093790688,466.814579502825268,0.00151816811337850176,1,-0.253083234956321179,4.05615673385247518e-05,0.953680379216429674
34.09998636,34.0999863599977502,14550.2863281480968,14550.2244482884234,30.2372724498860173,120.000098990130098,7811.86461899143887,9.52838637143832834,701.5192706461321,0.662327635697110617,698.852486682550193,0.00927618708804134329,61.1104644021757508,701.469271982905411,1.77406072303608786,8.18536866641090199,-5.30558320757171784e-06,0.00296877331847527227,7.35795692129935204e-05,-8.78015947287358401e-09,0.0755538245214026349,0.00251583400322947636,0.0872221489025631902,1.32229968248311424e-05,0.217082803966430843,-2.49848820084012245e-05,1.03998309279084,0.954584888655143238,0,0,0,5944.4361410463016,4687.57612155097377,550.057848463980349,466.817526777164687,0.00151820890691050183,1,-0.253407071272339524,4.05303014271092587e-05,0.954584888655143238
34.19998632,34.1999863199977412,14549.4770701341331,14549.4151932426976,30.2374652453248878,120.000099552503315,7833.2372374146089,9.58249942388480314,701.961071659412482,0.662742708968469096,699.290869151588367,0.00927611074197765006,61.1688348785606877,701.913240609933723,1.78035786065886215,7.99869411715755518,-5.32450850616012454e-06,0.00300042064632711439,7.35470071682088763e-05,1.77374384533750361e-08,0.0758555544347605942,0.00252321646650352375,0.0872505840794651766,1.32145657597781146e-05,0.217529328340466593,-2.50030262914083079e-05,1.04186437741052274,0.955400702441378202,0,0,0,5955.89505287787415,4687.43140205894088,550.053351134647414,466.820408698174731,0.0015182487966911276,1,-0.253702830393469247,4.04983467013649075e-05,0.955400702441378202
34.29998628,34.2999862799977322,14548.6867904290557,14548.6249164192468,30.2376581627330197,120.000100116870939,7854.62337754800319,9.63680422589571073,702.402707995174751,0.663157672212029259,699.729421885267357,0.00927589757116664693,61.2233636859484704,702.357060943998704,1.78665884557257493,7.80583059207334173,-5.34423991255356351e-06,0.00302752579621883835,7.35134491845078255e-05,4.43173492860150356e-08,0.0761602433815808111,0.00253059581276232669,0.087273513848848544,1.32059536016196351e-05,0.217923733635633582,-2.50205443196905757e-05,1.04369949756912206,0.956131192293233179,0,0,0,5966.29497124648424,4687.28642941329053,550.048845874169842,466.823223034049249,0.00151828775177363629,1,-0.253971133136066562,4.04657860078812653e-05,0.956131192293233179
34.39998624,34.3999862399977232,14547.916099704802,14547.854228498516,30.2378512020466594,120.000100683234095,7876.02303232442409,9.69130088421119851,702.844022100842494,0.663572378314849609,700.168000888795746,0.00927553888760090928,61.2738920604953705,702.800568492340631,1.79296318135928767,7.60694503484639739,-5.36466259508568968e-06,0.00305016889900814811,7.3478936879090858e-05,7.08947634697738572e-08,0.0764674388056034993,0.00253797194653562763,0.0872907414382240038,1.31971512827910506e-05,0.21826804959085111,-2.50373446400749837e-05,1.04548433339729341,0.956779573527080873,0,0,0,5975.67260682204324,4687.14122746372686,550.044333425871514,466.825967610054079,0.00151832574200014649,1,-0.254212642683742995,4.04326966414911724e-05,0.956779573527080873
34.4999862,34.4999861999977142,14547.1655912995338,14547.1037228026726,30.2380443631581279,120.000101251593748,7897.43618980891551,9.74598949052703745,703.284865426403144,0.663986688625099464,700.606468964882083,0.00927502683415415419,61.3202861732359565,703.24360768717213,1.79927039166543312,7.40221662899656963,-5.38562285231971856e-06,0.00306865424268895539,7.34434938649246039e-05,9.741509903414197e-08,0.0767767067796952668,0.00254534477538620983,0.0873021050485129485,1.31881507627773976e-05,0.218564221847425105,-2.50533514638355086e-05,1.04721525599380505,0.957348911220462728,0,0,0,5984.06322408420056,4686.99581928123916,550.039814508807694,466.828640313183655,0.00151836273806631628,1,-0.254427992904507405,4.039914480734874e-05,0.957348911220462728
34.59998616,34.5999861599977052,14546.43584010005,14546.3739742326288,30.2382376459181152,120.000101821950807,7918.86283344917683,9.80087013106975213,703.725097891892347,0.664400472446097567,701.044694121090743,0.00927435588187841553,61.3624491167523729,703.686031407458131,1.80558001942124657,7.19183465946790079,-5.40694470402266683e-06,0.00308345571511589806,7.34071284139688814e-05,1.23837252639035815e-07,0.0770876521275574988,0.00255271420822061629,0.087307494895852919,1.31789471626484883e-05,0.218814126938156273,-2.50685146960777243e-05,1.04888941361883425,0.957842128943202753,0,0,0,5991.50070734120254,4686.85022718295204,550.035289818539695,466.831239096141076,0.00151839871157666631,1,-0.254617727295676721,4.0365181474749335e-05,0.957842128943202753
34.69998612,34.6999861199976962,14545.7274016924202,14545.6655383599773,30.2384310501380469,120.000102394305898,7940.30294234395024,9.85594286471072145,704.164587278638692,0.664813606459051409,701.482548357763108,0.00927352391771685269,61.4003276929024651,704.12770042851696,1.81189162581066388,6.97599564799013194,-5.42844900770092314e-06,0.00309514255442464069,7.33698381572344489e-05,1.50135201744906875e-07,0.0773999320976290622,0.00256008015398278199,0.0873068627883207826,1.31695403113411197e-05,0.219019586020743673,-2.50828158202030169e-05,1.05050490553179432,0.958262019210289417,0,0,0,5998.01765285327565,4686.70447275579954,550.030760027874294,466.833761980362851,0.0015184336350866814,1,-0.254782256294506959,4.03308401633181162e-05,0.958262019210289417
34.79998608,34.7999860799976872,14545.0408117771149,14544.9789508907234,30.2386245755920804,120.000102968659675,7961.75649145635361,9.91120775305931723,704.603208596704121,0.665225974123999975,701.919906945894354,0.00927253279069173431,61.4339133692261612,704.568482845977428,1.81820478910092742,6.75490016455589881,-5.44997229251866812e-06,0.00310429699640199378,7.33316160155001861e-05,1.76297800105513912e-07,0.0777132621403791163,0.0025674425208931,0.0873002233631227781,1.31599355180721641e-05,0.219182375617269609,-2.50962690395105811e-05,1.05206082596713357,0.958611254625902576,0,0,0,6003.64547414065783,4686.55857687851403,550.02622578755188,466.836207058101877,0.00151846748213186602,1,-0.254921837670200546,4.02961368861938491e-05,0.958611254625902576
34.89998604,34.8999860399976782,14544.3765859231353,14544.3147273806317,30.2388182220190558,120.000103545012493,7983.2234518381465,9.966664829002017,705.040843481352795,0.665637465109032878,702.356648229117809,0.00927138828283946559,61.4632376246003105,705.008253521753772,1.82451910346688351,6.52874973828136262,-5.47138271042006566e-06,0.00311143580324649933,7.32924564350814647e-05,2.02326862254296693e-07,0.0780274135319443674,0.00257480121630237861,0.0872876473284538157,1.31501435254819955e-05,0.219304234152706001,-2.51089178646246689e-05,1.05355717981480224,0.958892398655870282,0,0,0,6008.4145069008091,4686.41255974175056,550.021687726876962,466.838572493302877,0.00151850022724010596,1,-0.255036581127416673,4.02610721708563337e-05,0.958892398655870282
34.999986,34.9999859999976692,14543.7352196015418,14543.6733633096374,30.239011989124311,120.000104123364707,8004.70379082358977,10.0223141254276076,705.477379664454475,0.66604797479097444,702.7926539085895,0.00927009954053459317,61.4883626746687355,705.44689359425081,1.83083417793321024,6.29774425168717755,-5.49259108727153007e-06,0.00311694637719970918,7.32523610306127501e-05,2.28233863130912287e-07,0.0783422037399698068,0.00258215614715250974,0.087269248148769088,1.31401796967756662e-05,0.219386863821994738,-2.51208279026525448e-05,1.05499468954019715,0.959107915083550644,0,0,0,6012.35410126537681,4686.26644086646957,550.017146454293425,466.840856521483488,0.00151853184593022696,1,-0.255126474852965246,4.02256347969398215e-05,0.959107915083550644
35.09998596,35.0999859599976602,14543.1171884648502,14543.0553343206539,30.2392058765813339,120.000104703716516,8026.19747221949547,10.0781556601807019,705.912710553868919,0.666457403858652042,703.227809704791525,0.00926867807899722784,61.5093691514017564,705.88429008403898,1.83714963552398358,6.06208011158423687,-5.51355583196153868e-06,0.00312104543766883284,7.32113428669421007e-05,2.54035757938297708e-07,0.0786574813830121372,0.00258950722093392004,0.087245164436624667,1.31300625993704128e-05,0.219431928008433613,-2.51320770754447976e-05,1.05637452682010036,0.959260175444374141,0,0,0,6015.49269198350612,4686.12023912096083,550.012602557916352,466.843057448738875,0.00151856231469845024,1,-0.255191428780917662,4.01898066669769132e-05,0.959260175444374141
35.19998592,35.1999859199976513,14542.5229487530887,14542.4610966556556,30.2393998840333467,120.000105286067935,8047.70445647365068,10.1341894333261511,706.346734937236874,0.666865658033951592,703.662006244573377,0.00926713653315758279,61.5263426385581056,706.320335611598125,1.84346511269346514,5.82194936365956295,-5.5342814236693599e-06,0.00312376458890097552,7.31694288658999771e-05,2.79750512708777799e-07,0.0789731082709520943,0.00259685434697797023,0.087215540770131994,1.31198122325105428e-05,0.219441045119419059,-2.51427448523385408e-05,1.05769801089707216,0.959351464057821346,0,0,0,6017.85784112447709,4685.97397273705064,550.008056606038053,466.845173650295976,0.00151859161099858367,1,-0.25523132738350407,4.01535681122939771e-05,0.959351464057821346
35.29998588,35.2999858799976423,14541.9529376998544,14541.8910875464881,30.2395940110947805,120.000105870418992,8069.22470084683664,10.1904154462989833,706.779356808714965,0.667272647908957572,704.095140000356196,0.00926548734274712515,61.5393610055420481,706.754928227587243,1.84978025905068844,5.57753977592894756,-5.5548110968373329e-06,0.00312496305960979076,7.31266601168578542e-05,3.05392937056620311e-07,0.0792889412618566491,0.0026041974378810521,0.0871805097014501373,1.3109448166183717e-05,0.219415780165310909,-2.51529020422687227e-05,1.05896631773375383,0.959383980631446032,0,0,0,6019.47625235285523,4685.8276593261362,550.003509147625095,466.847203569067574,0.00151861971322220929,1,-0.2552460839231529,4.0116902923065668e-05,0.959383980631446032
35.39998584,35.3999858399976333,14541.4075739495456,14541.3457256379916,30.2397882573528314,120.000106456769515,8090.75815957703799,10.246833681386688,707.21048530073756,0.667678288882287529,704.527114112974118,0.00926374155787246245,61.5484842472357627,707.187971340924605,1.85609473735353836,5.32903577942479245,-5.57521510830425652e-06,0.00312436405853185094,7.30830901793517161e-05,3.3097133601721762e-07,0.0796048165188839585,0.00261153641085172918,0.0871401773765726612,1.30989878553596679e-05,0.219357635672502105,-2.51626025542158875e-05,1.06018023990293986,0.959359840747200598,0,0,0,6020.37376009161653,4685.68131589560744,549.998960712827625,466.849145714166298,0.00151864660067830507,1,-0.255235688340357314,4.00798024700119764e-05,0.959359840747200598
35.4999858,35.4999857999976243,14540.8872577957809,14540.8254112237209,30.2399826223688599,120.000107045119208,8112.30478403979396,10.3034441085685398,707.640034689917798,0.668082501164976916,704.957838957631793,0.0092619079282856287,61.5537480771947116,707.619373717611666,1.86240822371516113,5.07662004203060491,-5.5955764994903743e-06,0.00312160810173100047,7.30387817448402356e-05,3.56485351947125198e-07,0.079920538245676076,0.00261887118879941495,0.0870946145235653169,1.30884453599471114e-05,0.219268043478724334,-2.517187814015069e-05,1.06134002741275491,0.959281074811405565,0,0,0,6020.57530044359646,4685.53495886616929,549.994411813514944,466.85099866005578,0.00151867225358169166,1,-0.255200242474101724,4.00422684515638286e-05,0.959281074811405565
35.59998576,35.5999857599976153,14540.3923712931573,14540.3305263427301,30.2401771056799227,120.000107635467785,8133.86452291559362,10.3602466991940076,708.067924438517821,0.668485209819627668,705.387232358678148,0.0092599923802130224,61.5551619142315189,708.049049515530101,1.8687204079282449,4.82047537716384511,-5.61597647675196864e-06,0.00311631469076098424,7.29938022280832632e-05,3.81925167452420544e-07,0.0802358732133031244,0.00262620170102432354,0.0870438536978382499,1.30778306160668788e-05,0.219148358775025281,-2.51807366701392027e-05,1.06244532654753487,0.959149626220678564,0,0,0,6020.10487299293982,4685.38860409031804,549.989862943846447,466.85276104615275,0.00151869665304769723,1,-0.255139978379729959,4.00043140352041707e-05,0.959149626220678564
35.69998572,35.6999857199976063,14539.9232781082392,14539.8614346730428,30.2403717068001932,120.000108227814749,8155.4373223484472,10.4172414040973287,708.494079231101182,0.668886344794351717,705.81521941546589,0.00925799793557269268,61.5527112425855876,708.476918317967943,1.87503099381559535,4.56078666173918634,-5.63648146334738551e-06,0.00310814309934697927,7.29482189810945898e-05,4.07272061428803473e-07,0.0805505514895915736,0.00263352788344182803,0.0869878927343140929,1.30671493343790187e-05,0.218999857317608931,-2.51891639820319079e-05,1.06349521879394859,0.958967349550014947,0,0,0,6018.98550347513265,4685.24226687203827,549.985314580881095,466.854431577357502,0.00151871978109969054,1,-0.255055258289181797,3.99659633750469804e-05,0.958967349550014947
35.79998568,35.7999856799975973,14539.4803232625127,14539.4184812372878,30.2405664252225144,120.000108822159532,8177.0231261189474,10.4744281672759438,708.918428970046307,0.669285840917602459,706.241731959906701,0.00925592504262673366,61.5463637102779444,708.902905131625744,1.88133969949645152,4.29774245800548016,-5.65713347339373161e-06,0.00309684373308329302,7.29020948192261208e-05,4.32500107744052117e-07,0.0808642728795680721,0.00264084967833948378,0.0869267034847537312,1.30564034797870872e-05,0.218823736249444706,-2.51971287293278526e-05,1.06448834775974066,0.958736009504918663,0,0,0,6017.23921658848849,4685.09596198755116,549.980767185219293,466.856009024969694,0.00151874162068190701,1,-0.254946557298000531,3.9927249733309274e-05,0.958736009504918663
35.89998564,35.8999856399975883,14539.0638326779008,14539.0019919440638,30.2407612604198768,120.000109418501552,8198.62187580424688,10.5318069313617695,709.340908702569891,0.669683637827847122,706.666707718111638,0.00925377225727319619,61.5360778421915597,709.326940322514815,1.88764625749834658,4.03153609604391505,-5.6779448971166932e-06,0.00308229340081917196,7.28554844685022954e-05,4.57578668518902585e-07,0.0811767178092585168,0.00264816703372903334,0.0868602442315437456,1.30455922448649116e-05,0.218621118408360321,-2.52045894331717742e-05,1.06542311021146796,0.958457281213909384,0,0,0,6014.88702629183172,4684.94970370676037,549.976221201669318,466.857492228306455,0.00151876215568204722,1,-0.25481443238617224,3.98882126043715891e-05,0.958457281213909384
35.9999856,35.9999855999975793,14538.6741126999259,14538.6122731386877,30.2409562118467967,120.000110016840082,8220.23351093594101,10.5893776253107337,709.761458464163525,0.670079679824272079,707.090089286599778,0.00925153714060700239,61.5218129467425001,709.748959474111871,1.89395041464623359,3.76236606658753914,-5.69889808178717896e-06,0.00306451054551984967,7.28084323702387314e-05,4.82475259019188232e-07,0.0814875608384079408,0.00265547990241180813,0.08678847375480786,1.30347133259224416e-05,0.218393059527439232,-2.52115025124324524e-05,1.06629787983067237,0.958132752200772764,0,0,0,6011.9489479837348,4684.80350581488437,549.971677059918306,466.858880096401094,0.00151878137095492203,1,-0.254659482941448689,3.98488943379529534e-05,0.958132752200772764
36.09998556,36.0999855599975703,14538.3114495500922,14538.249611053845,30.2411512789408263,120.000110617174315,8241.85796916461913,10.6471401698740955,710.180023037042702,0.670473915637075257,707.511823053650346,0.00924921724531557743,61.503538716456319,710.168903164761787,1.90025193172158025,3.49043568195597231,-5.71994938822275196e-06,0.00304364956130614593,7.27609720586724614e-05,5.07158332281836483e-07,0.0817964847318674859,0.0026627882409067786,0.086711364926918888,1.30237643210848458e-05,0.218140557338817598,-2.52178301681990184e-05,1.06711122951802651,0.95776392610454586,0,0,0,6008.44403361282639,4684.65738163374863,549.967135175196972,466.860171609952715,0.00151879925234961379,1,-0.254482308953495551,3.98093368015133597e-05,0.95776392610454586
36.19998552,36.1999855199975613,14537.9761089533567,14537.9142713993351,30.2413464611238538,120.00011121950341,8263.49518640328461,10.7050944830696935,710.596551635199262,0.670866298128918737,707.931858196480562,0.0092468110319647856,61.481243162537055,710.586716673617161,1.90655058289267454,3.2159520705901059,-5.74103679195769602e-06,0.00301997635614084355,7.27131270919069515e-05,5.31599583159768829e-07,0.0821031930738544691,0.00267009200839925416,0.0866289159145800236,1.30127440260543323e-05,0.217864561405847312,-2.52235469329830465e-05,1.06786212048391627,0.957352227951671408,0,0,0,6004.39042739465913,4684.51134404217828,549.962595948915464,466.861365822653283,0.00151881578672798958,1,-0.254283472810168332,3.97695785687002715e-05,0.957352227951671408
36.29998548,36.2999854799975523,14537.6683357581496,14537.6064990322939,30.2415417578033114,120.000111823826458,8285.14509696293499,10.7632404760785061,711.010997538217111,0.671256783947996483,708.350145866458888,0.00924431859899144115,61.454937847170811,711.002349634724169,1.91284615496773336,2.9391246620643301,-5.76208965841151045e-06,0.00299382983687203862,7.26649132973799372e-05,5.55775473649582375e-07,0.0824074197460100133,0.00267739116585328455,0.086541157533355284,1.30016534642349222e-05,0.217565982479944769,-2.52286441095755546e-05,1.0685500330501887,0.956899010564756458,0,0,0,5999.80543706891876,4684.36540549507845,549.958059769260672,466.862461862540897,0.00151883096198356668,1,-0.254063469965465472,3.9729653004842926e-05,0.956899010564756458
36.39998544,36.3999854399975433,14537.3883538469672,14537.3265178345082,30.2417371683733478,120.000112430142408,8306.80763368398038,10.8215780464055271,711.423317702752115,0.671645333160767799,708.766638641217583,0.00924174213147921364,61.4246598282073251,711.41575566583424,1.91913844653819443,2.66016338300189403,-5.78303910821929634e-06,0.00296557569887764957,7.26163419238017965e-05,5.79667817641418529e-07,0.0827089341440066794,0.00268468567540038104,0.0864481559416103024,1.29904965184182207e-05,0.217245700313080575,-2.52331315692431784e-05,1.06917502389226793,0.956405561545255134,0,0,0,5994.70561363357228,4684.21957804089379,549.953527011742949,466.863458932317883,0.00151884476704604483,1,-0.25382271186653127,3.96895874614780692e-05,0.956405561545255134
36.4999854,36.4999853999975343,14537.1363661661744,14537.0745307445468,30.2419326922158511,120.000113038450209,8328.48272804286717,10.8801070915579707,711.833472382749392,0.672031908893250818,709.181290280031362,0.0092390860246474027,61.3904702366060633,711.826892001258784,1.92542726709346157,2.37927681239347066,-5.80382741527037148e-06,0.00293555958893013981,7.25674231905448612e-05,6.03263405965502397e-07,0.0830075416858595261,0.00269197550006958783,0.0863500105772765925,1.29792801032247559e-05,0.216904569171819467,-2.52370368466258845e-05,1.06973770596136997,0.955873110209817911,0,0,0,5989.10683176685507,4684.07387333734459,549.948998039689968,466.864356309244897,0.00151885719187996198,1,-0.25356152281067762,3.96494036221096586e-05,0.955873110209817911
36.59998536,36.5999853599975253,14536.9125549420714,14536.8507199904343,30.2421283287014724,120.00011364874878,8350.17031027571829,10.938827506309627,712.241424787150549,0.672416477008199287,709.594055773978539,0.00923635668907896168,61.3524498920442056,712.235719156627965,1.9317124361880238,2.09667053565252814,-5.82441511926107925e-06,0.0029040663385204793,7.25181697007843757e-05,6.26552803576441773e-07,0.0833030798634022268,0.00269926060386667735,0.086246847924792952,1.29680138895292076e-05,0.216543420676978793,-2.52404018418846768e-05,1.07023915857879137,0.955302833893687198,0,0,0,5983.02436345733986,4683.92830266550845,549.944473204688393,466.86515334437172,0.00151886822747413484,1,-0.253280150166396378,3.96091188588787733e-05,0.955302833893687198
36.69998532,36.6999853199975163,14536.7170820236206,14536.655247422188,30.2423240771903821,120.000114261036941,8371.87030945282095,10.9977391758617564,712.647140797441125,0.672799005839107012,710.004891641555332,0.00923356208277148482,61.3106927588688109,712.642200647876052,1.93799378272984768,1.8125458942021524,-5.84478497423247947e-06,0.00287129068033492542,7.24685992481496758e-05,6.49528562552606563e-07,0.0835954107060519203,0.00270654095216772391,0.08613881225616217,1.29567096455303571e-05,0.216163063979547904,-2.52432777522797995e-05,1.07068078462239269,0.954695863150850643,0,0,0,5976.47293877855736,4683.7828769424641,549.93995284697985,466.865849461316202,0.00151887786582486153,1,-0.252978785585500909,3.95687483216054309e-05,0.954695863150850643
36.79998528,36.7999852799975073,14536.5500893965364,14536.4882550257225,30.2425199370331121,120.000114875313415,8393.58265357789242,11.0568419758431649,713.050588758293543,0.673179465993671511,710.413756389447371,0.00923071105937012248,61.2652983015508994,713.046302778521749,1.94427114444310067,1.52709925906768973,-5.86494233897342425e-06,0.00283732285976131399,7.24187366525248246e-05,6.721831510111483e-07,0.0838844109801416965,0.00271381651234470049,0.0860260548473206349,1.29453803210545013e-05,0.215764283699489606,-2.52457190721046892e-05,1.0710641383710533,0.954053285555774955,0,0,0,5969.46678989157317,4683.63760673285833,549.93543729582359,466.866444154434134,0.00151888609991065733,1,-0.252657593350294529,3.95283074073200905e-05,0.954053285555774955
36.89998524,36.8999852399974984,14536.4116996563971,14536.3498653877814,30.2427159075713412,120.000115491576949,8415.30726967247756,11.1161357846204982,713.451739344098883,0.673557830228808885,710.820611040749327,0.00922781263571859078,61.2163638876339178,713.447994499436845,1.95054436752202975,1.24052187480788234,-5.88491218185287261e-06,0.0028021502068931569,7.23686144345409618e-05,6.9450694620342902e-07,0.0841699616820312524,0.00272108725451244331,0.0859087232901499243,1.29340390205780812e-05,0.215347836296332418,-2.52477775894981221e-05,1.07139075013154539,0.953376148018274971,0,0,0,5962.01967697330201,4683.49250225976448,549.930926869834366,466.866936987133954,0.00151889292366899566,1,-0.252316741376176989,3.94878141940165523e-05,0.953376148018274971
36.9999852,36.9999851999974894,14536.3020165078342,14536.240182229174,30.2429119881385127,120.000116109826195,8437.04408384728777,11.1756204709879228,713.850565493921977,0.673934073390341948,711.225419630583019,0.00922487528903137566,61.1639783058213879,713.847247335328234,1.95681330647757568,0.953000236558956715,-5.90473333756569063e-06,0.00276567339217642172,7.2318272311340748e-05,7.16486580057663317e-07,0.0844519383811649649,0.00272835315228500729,0.0857869524012093154,1.29226980200055226e-05,0.214914445736808596,-2.52494972283689675e-05,1.07166197269378882,0.952665457729889531,0,0,0,5954.14489733290975,4683.34757341527347,549.926421877312464,466.867327590099251,0.00151889833197175789,1,-0.251956430150710897,3.94472914879277588e-05,0.952665457729889531
37.09998516,37.0999851599974804,14536.2211252301931,14536.1592908148996,30.2431081780606341,120.000116730059858,8458.79302138519415,11.2352959092130167,714.247042398959934,0.674308172402180994,711.628149581383127,0.00922190638211328739,61.1082172379029203,714.244035363666967,1.96307782413761212,0.6647168896935014,-5.92445100655028864e-06,0.00272773404934587233,7.22677556653425739e-05,7.38103883236696768e-07,0.0847302037440238326,0.00273561418342338838,0.0856608579007485799,1.29113679650610146e-05,0.214464799353567243,-2.52509104021173041e-05,1.0718788699434092,0.951922182035802034,0,0,0,5945.85528123100994,4683.20282977111128,549.921922616573283,466.867615659630644,0.00151890232060233128,1,-0.251576915569039494,3.94067681790051153e-05,0.951922182035802034
37.19998512,37.1999851199974714,14536.1690929867327,14536.1072583096775,30.2433044766569203,120.000117352276447,8480.55400681894753,11.2951619544163222,714.641147520839468,0.6746801062842257,712.028771894090369,0.00921891179091249846,61.049141188941519,714.638335225743504,1.96933779175402601,0.375851489319828147,-5.94410868945022432e-06,0.00268814905516529153,7.22171132784607658e-05,7.59335554602518875e-07,0.0850046031683786563,0.00274287033028974142,0.0855305335615899054,1.29000573548689453e-05,0.213999544661985175,-2.52520363430475677e-05,1.07204216052793089,0.951147247650203642,0,0,0,5937.16317952066129,4683.05828058955376,549.91742937628544,466.867800956544272,0.00151890488624039548,1,-0.251178522814744121,3.93662797386989228e-05,0.951147247650203642
37.29998508,37.2999850799974624,14536.1459690853953,14536.0841340200695,30.2435008832405501,120.000117976474556,8502.32696400989153,11.3552184699273297,715.032860616878793,0.675049856176724195,712.427261123059566,0.00921589576652004361,60.9867959948705902,715.030126146774364,1.97559308914761811,0.0865819307750896883,-5.96374073604340931e-06,0.00264674609072865392,7.21663947024703603e-05,7.80153577690409051e-07,0.0852749639492873246,0.00275012158005749283,0.0853960519840022275,1.28887723549158167e-05,0.213519287740994601,-2.525288141064337e-05,1.07215222089847173,0.950341539687884151,0,0,0,5928.08044893852912,4682.91393483471165,549.912942435820469,466.867883305243424,0.00151890602644910245,1,-0.250761649787382412,3.93258678191689027e-05,0.950341539687884151
37.39998504,37.3999850399974534,14536.1517850719392,14536.0899494979876,30.2436973971193339,120.000118602652677,8524.11181622464937,11.4154653095031318,715.4221637497335,0.67541740534946626,712.823595136527956,0.00921286104608953771,60.9212156486471486,715.419389942659791,1.98184360483330568,-0.202914634627248347,-5.98336653726102614e-06,0.00260339528552192044,7.21156476677280254e-05,8.00526300149220743e-07,0.0855410978619608048,0.00275736792465445775,0.0852574686218072059,1.28775169587379146e-05,0.213024593475340557,-2.52534413237423621e-05,1.07220914311336313,0.949505900969280114,0,0,0,5918.61844076293164,4682.76980118419124,549.908462065614685,466.867862593386917,0.00151890573967050787,1,-0.250326760319010799,3.92855790406444267e-05,0.949505900969280114
37.499985,37.4999849999974444,14536.186554800719,14536.1247185988013,30.2438940175964106,120.00011923080929,8545.90848621560872,11.4759023255351131,715.80904126333121,0.675782739179100034,713.217754695964231,0.00920980916681735096,60.8524268698974993,715.80611099488965,1.9880892360588398,-0.492461054942893384,-6.00298708600033364e-06,0.00255803264285710307,7.2064915898785247e-05,8.20419998919078635e-07,0.0858028065625644903,0.00276460936046913274,0.0851148282429970982,1.28662934332556923e-05,0.212515987672791146,-2.52537047431898956e-05,1.07221283524867927,0.948641131975405227,0,0,0,5908.7879975500764,4682.62588804094958,549.903988527537422,466.867738771636823,0.0015189040252220926,1,-0.2498743687347873,3.92454631682745479e-05,0.948641131975405227
37.59998496,37.5999849599974354,14536.2502743788064,14536.1884374230322,30.2440907439710358,120.000119860942846,8567.71689629899811,11.5365293676812009,716.193479713751913,0.676145845083590546,713.60972291213227,0.00920674092997408877,60.7804546297414845,716.190276181371814,1.99432988872194938,-0.781879810240830864,-6.02258423675717603e-06,0.00251067241347567843,7.20142376180572211e-05,8.39800694418390725e-07,0.0860598888413690311,0.00277184588787342083,0.0849681727123518526,1.28551029728829871e-05,0.211993960797950742,-2.52536576602816684e-05,1.07216314691352088,0.947747991700183867,0,0,0,5898.59946111700174,4682.48220354512887,549.899522075258574,466.86751185385765,0.00151890088329952543,1,-0.249405018604016787,3.92055709555727257e-05,0.947747991700183867
37.69998492,37.6999849199974264,14536.3429221473634,14536.2810843166553,30.2442875755391221,120.000120493051753,8589.53696842479621,11.5973462814980195,716.575467751662131,0.676506712411045097,713.999484650191789,0.00920365693762015269,60.7053277568500675,716.571874758656918,2.00056547714391142,-1.07099306654010462,-6.04212259712723435e-06,0.00246140736309708808,7.19636449038879708e-05,8.5863596442818102e-07,0.0863121485594690596,0.00277907751063819061,0.084817548867721998,1.28439464537499933e-05,0.21145897283881207,-2.52532878738467463e-05,1.07205999984473022,0.946827199490842819,0,0,0,5888.0626929597147,4682.33875558558066,549.895062954608875,466.867181917182677,0.00151889631497757228,1,-0.248919259030819379,3.91659519515015492e-05,0.946827199490842819
37.79998488,37.7999848799974174,14536.464458681643,14536.4026198482516,30.2444845115940097,120.000121127134435,8611.36862425444451,11.6583529139119886,716.954995960823908,0.67686533228712209,714.387025959211769,0.00920055811432218817,60.6270837966600311,716.950898198927462,2.00679592369959536,-1.359623130542154,-6.0615536136185999e-06,0.00241039769464335141,7.19131639354444031e-05,8.76896513827129765e-07,0.0865594020788436058,0.00278630423533307754,0.0846630153303581934,1.2832825165329422e-05,0.210911458700072107,-2.52525889316014858e-05,1.0719035041464986,0.945879437808112788,0,0,0,5877.1871063371982,4682.19555181078795,549.890611403920502,466.866749102013728,0.00151889032221008322,1,-0.248417622067008376,3.91266525667656638e-05,0.945879437808112788
37.89998484,37.8999848399974084,14536.6148268058896,14536.552986847877,30.2446815514268721,120.000121763189227,8633.2117852134561,11.71954910364488,717.33205680232652,0.677221697562292224,714.772333731294111,0.00919744614446171838,60.5457724699474511,717.327340269811998,2.0130211591102154,-1.64759322805510067,-6.0808211358468343e-06,0.00235785098562146149,7.18628160292243744e-05,8.94557324123513251e-07,0.0868014841644814683,0.00279352607092925006,0.0845046473213728611,1.28217414201638597e-05,0.21035183247992198,-2.52515629297954489e-05,1.07169404398822543,0.944905355709149797,0,0,0,5865.98170782931174,4682.05259963906246,549.886167654347105,466.866213611968419,0.00151888290782923653,1,-0.247900604369430927,3.90877146176214733e-05,0.944905355709149797
37.9999848,37.9999847999973994,14536.7939517423511,14536.73211054278,30.2448786943274825,120.000122401214469,8655.0663725666509,11.7809346894204428,717.706643842212543,0.677575802082918122,715.155394804930665,0.00919432375630968579,60.4614572444361897,717.701195691792122,2.01924111872181999,-1.93472848116162055,-6.09986749619074385e-06,0.00230399660976283874,7.18126192240905109e-05,9.1159822626681708e-07,0.0870382515109691113,0.00280074302784824722,0.0843425389092476996,1.28106989609845933e-05,0.209780496022266699,-2.52502219293212715e-05,1.07143232221968243,0.943905572709748508,0,0,0,5854.45514293317046,4681.90990626741495,549.8817319301412,466.865575713349187,0.00151887407553815334,1,-0.24736865567323435,3.90491745452677911e-05,0.943905572709748508
38.09998476,38.0999847599973904,14537.0017414018512,14536.9398988319863,30.2450759395844209,120.000123041208553,8676.93230745099572,11.84250951543547,718.078752395355991,0.677927641299764017,715.536196646842654,0.00919119484360941819,60.3742150703741345,718.072461627299731,2.02545574669753536,-2.22085695197117872,-6.11863939979369575e-06,0.00224905873930267806,7.1762590233081223e-05,9.28003959841725134e-07,0.0872695837822190096,0.00280795511857470865,0.0841768025176784923,1.27997031150142556e-05,0.209197836255357011,-2.52485877835789837e-05,1.07111935977945838,0.9428806826996039,0,0,0,5842.61574464410842,4681.76747867959602,549.877304448908035,466.864835734108738,0.00151886382989652635,1,-0.246822174534657379,3.90110632461742717e-05,0.9428806826996039
38.19998472,38.1999847199973814,14537.2380866520107,14537.1762425966026,30.2452732864856699,120.000123683169704,8698.80951093565272,11.9042734094754614,718.448378756825036,0.678277211542919978,715.914726777199348,0.00918806439349606485,60.2841342097387951,718.441136324058448,2.03166499222173336,-2.50581059834870246,-6.13709256757998369e-06,0.00219323192530815466,7.17127463362850714e-05,9.43763650513605026e-07,0.0874953818661424049,0.00281516235706524495,0.0840075659396001678,1.27887607035110689e-05,0.20860423131139938,-2.52466906176885575e-05,1.07075645269305864,0.941831257608481076,0,0,0,5830.47157724232693,4681.62532365327934,549.872885421830574,466.863994062894733,0.00151885217630735197,1,-0.24626151247067396,3.89734066063968687e-05,0.941831257608481076
38.29998468,38.2999846799973724,14537.5028618127108,14537.4410161390406,30.2454707343188858,120.000124327096287,8720.69790405304047,11.9662262130055375,718.815520188788355,0.678624510010618076,716.290973061423983,0.00918493825679278508,60.19131075689927,718.807219233707428,2.03786880981545337,-2.78942602709643239,-6.15519475873784171e-06,0.00213666259932521717,7.16631070302841799e-05,9.58869914948896456e-07,0.0877155640218334615,0.0028223647590397377,0.0838349674453859606,1.27778797188886727e-05,0.208000050080836552,-2.52445661438324786e-05,1.07034509560829982,0.940757850430272158,0,0,0,5818.03047337258522,4681.48344776602698,549.868475053857196,466.863051147285319,0.00151883912099242866,1,-0.245686984430904087,3.89362264978111559e-05,0.940757850430272158
38.39998464,38.3999846399973634,14537.7959250919521,14537.7340776905166,30.245668282371728,120.000124972986555,8742.59740783875532,12.028367756550594,719.180174802453166,0.678969534658800611,716.664923960173724,0.00918182280466495193,60.0958443633134038,719.170710879176454,2.0440671589450754,-3.07154495739298028,-6.17292679129495477e-06,0.00207943878992312243,7.16136951705232988e-05,9.73317728190823606e-07,0.0879300605222774617,0.0028295623422702823,0.0836591498087628227,1.27670688467413368e-05,0.207385651539891136,-2.52422523844512252e-05,1.06988688479327365,0.939660997475974757,0,0,0,5805.30006157100888,4681.34185740065186,549.86407354387029,466.862007492236842,0.00151882467097080669,1,-0.24509888405410396,3.88995420804238445e-05,0.939660997475974757
38.4999846,38.4999845999973545,14538.1171191558242,14538.0552699020136,30.2458659299321155,120.000125620838801,8764.50794335275896,12.0906978747407496,719.542341484190729,0.679312284132758903,717.036568829369116,0.00917872452172185938,59.9978338417987516,719.53161276651349,2.05026000374898087,-3.35201435670366266,-6.19028159875963715e-06,0.00202158899256922207,7.15645374820355576e-05,9.87103246421040557e-07,0.0881388076864291631,0.00283675512694999375,0.0834802541786389685,1.27563369002551769e-05,0.20676138315990289,-2.52397862296580015e-05,1.06938341592376274,0.938541219762484724,0,0,0,5792.28778318297736,4681.20055875010712,549.859681084839053,466.86086365805437,0.00151880883403060279,1,-0.244497500960520309,3.88633711817032635e-05,0.938541219762484724
38.59998456,38.5999845599973455,14538.4662716053426,14538.4044203773883,30.24606367628855,120.000126270651265,8786.42943172105879,12.1532163967369655,719.902019862715292,0.67965275773729783,717.405898213537967,0.00917564960706807042,59.8973732867439708,719.889927338924394,2.05644731289300031,-3.6306862607139081,-6.20726162217724055e-06,0.00196308973139395875,7.15156644049151136e-05,1.00022276340721878e-06,0.0883417422058264956,0.00284394313607964824,0.0832984146844625434,1.27456922666591419e-05,0.20612757881394711,-2.52372004370897052e-05,1.06883619161282328,0.937399023581143132,0,0,0,5779.00089918503636,4681.05955782212277,549.855297863963642,466.859620258693212,0.0015187916187054157,1,-0.243883137504807362,3.88277315377562738e-05,0.937399023581143132
38.69998452,38.6999845199973365,14538.8431954868138,14538.7813421710744,30.2462615207302861,120.000126922422183,8808.3617941561788,12.215923151702123,720.259210354660013,0.679990955481004633,717.772904126773142,0.00917260363208205476,59.7945492331852506,720.245658057045148,2.06262905978964373,-3.90741733422296278,-6.22387505712310044e-06,0.0019038801230186332,7.14671093399108491e-05,1.01267194508267321e-06,0.0885387965724612203,0.00285112639585273974,0.0831137544963515967,1.27351424326991249e-05,0.205484557948410529,-2.52345213452881845e-05,1.06824655154091031,0.936234899493917361,0,0,0,5765.44647759830787,4680.91886044390139,549.850924062820695,466.858277959941518,0.00151877303424906079,1,-0.243256122454454854,3.87926417185564847e-05,0.936234899493917361
38.79998448,38.7999844799973275,14539.2476897165179,14539.1858341983843,30.2464594625476799,120.000127576149836,8830.30495198895005,12.2788179729042497,720.613913998353837,0.680326877920347739,718.137580005267068,0.00916959130381256315,59.689439167444732,720.598809036092803,2.06880522156065627,-4.18206825775744306,-6.24013158665504594e-06,0.00184388083405050704,7.14189074335688648e-05,1.02444542373766512e-06,0.0887298961599487512,0.00285830493570716441,0.0829263838034899614,1.27246936618003785e-05,0.204832618612798362,-2.52317677036927576e-05,1.06761563252164304,0.935049325488243155,0,0,0,5751.63143189718267,4680.77847226662197,549.846559857505326,466.856837477908073,0.00151875309061454762,1,-0.242616819937467448,3.87581216328740716e-05,0.935049325488243155
38.89998444,38.8999844399973185,14539.6795394606888,14539.6176816199204,30.2466575010323737,120.00012823183242,8852.25882669359271,12.3419006854067153,720.966132766970077,0.680660526456235315,718.499921012877167,0.0091666163594759098,59.5821115555904157,720.949385636276816,2.0749757807335425,-4.45450305901921695,-6.25603833535159887e-06,0.00178301436930619487,7.13710941347590747e-05,1.03553680694349176e-06,0.0889149583450022374,0.0028654787887159301,0.0827363998552531899,1.27143508455004e-05,0.204172044391583457,-2.52289506360505639e-05,1.06694436488927091,0.933842760632572766,0,0,0,5737.56244256170339,4680.6383987705085,549.84220541878426,466.855299577668632,0.00151873179843523757,1,-0.241965632378724399,3.87241925387275327e-05,0.933842760632572766
38.9999844,38.9999843999973095,14540.1385164223611,14540.0766561423097,30.2468556354776013,120.000128889468215,8874.22333992337553,12.4051711224812369,721.31586939463898,0.680991903170530377,718.859923747257994,0.00916368159844505037,59.4726272049356908,721.297394089454542,2.0811407241938964,-4.72458848429781142,-6.27159655003861686e-06,0.00172122364973730153,7.13237037048625102e-05,1.0459390310279265e-06,0.0890938935455513337,0.00287264799135122017,0.0825438889123653458,1.27041175544662874e-05,0.203503098919111419,-2.52260746708558722e-05,1.06623349948035773,0.932615648319264912,0,0,0,5723.24599636492167,4680.49864526999318,549.837860912258407,466.85366507224478,0.00151870916901059353,1,-0.241302997726891844,3.86908766361939311e-05,0.932615648319264912
39.09998436,39.0999843599973005,14540.6243790946901,14540.5625162636388,30.2470538651784189,120.00012954905543,8896.19841353075935,12.4686291105626328,721.663127393208924,0.681321010842475427,719.217586049088595,0.00916078903257933064,59.3610417087560904,721.642841523419406,2.08730004327120389,-4.99219351344607531,-6.28679952496455884e-06,0.00165848625487995246,7.12767679294480042e-05,1.0556450020868811e-06,0.0892666079610519858,0.00287981258331733696,0.082348929675676738,1.26939962499067286e-05,0.202826026095436956,-2.52231396329971633e-05,1.06548366166175201,0.931368415728724974,0,0,0,5708.68837899064965,4680.35921691898693,549.833526498526226,466.851934821701661,0.00151868521429358362,1,-0.240629381488368321,3.8658196304460827e-05,0.931368415728724974
39.19998432,39.1999843199972915,14541.1368729658425,14541.0750074738717,30.247252189432043,120.000130210592303,8918.18396960764585,12.5322744788229983,722.007911242047157,0.681647853128361181,719.572906934496814,0.009157940135456899,59.2474085346690345,721.985736353605603,2.0934537348962583,-5.25718908599734647,-6.30163199681738718e-06,0.0015948225300667666,7.1230315200295383e-05,1.06464840013956516e-06,0.0894330074920833967,0.00288697260746596449,0.0821515975790892694,1.26839886282524885e-05,0.20214106122406636,-2.52201430604084317e-05,1.06469542250077875,0.930101469898662381,0,0,0,5693.89562680773543,4680.22011871602444,549.829202333341186,466.850109732418275,0.00151865994688046065,1,-0.239945265076940528,3.86261731282680007e-05,0.930101469898662381
39.29998428,39.2999842799972825,14541.6757307164371,14541.6138624422892,30.2474506075380098,120.000130874077001,8940.17993050480618,12.5961070495975385,722.350225757771,0.681972433966953506,719.925885703048607,0.00915513612242868646,59.1317821747937842,722.326087069120149,2.0996017981010775,-5.51944805378480652,-6.31607091475117478e-06,0.00153029684668052951,7.11843700302201707e-05,1.07294446692133751e-06,0.0895930020597767718,0.00289412810886124743,0.0819519692488988177,1.26740960218704502e-05,0.201448414496611911,-2.52170826637637762e-05,1.06386937139656612,0.928815210006219472,0,0,0,5678.87363731417736,4680.08135550954285,549.824888567781727,466.848190756384156,0.00151863338000089699,1,-0.239251132755172763,3.85948269277458863e-05,0.928815210006219472
39.39998424,39.3999842399972735,14542.2406724132597,14542.1788012502439,30.2476491187984884,120.000131539507819,8962.18621886331857,12.6601266575328637,722.690076975003535,0.682294758411470914,720.27652258494436,0.0091523782593112557,59.014221059932936,722.663904055099692,2.10574423931137034,-5.77884539184017143,-6.33008759055380353e-06,0.00146501219468420704,7.11389531336389859e-05,1.08053074825284634e-06,0.089746509929553131,0.00290127913535046748,0.081750126450011118,1.26643198117032796e-05,0.200748293294239183,-2.52139586921680954e-05,1.06300618841596983,0.927510009681015934,0,0,0,5663.6281407739807,4679.94293200256107,549.820585348395525,466.846178890509918,0.00151860552750831971,1,-0.238547458344434943,3.85641748273822044e-05,0.927510009681015934
39.4999842,39.4999841999972645,14542.8314057476819,14542.7695315849396,30.2478477225183759,120.000132206882952,8984.20275762798519,12.7243331277031579,723.02747105934418,0.682614831603896466,720.624817492229909,0.00914966809837625128,58.8947895576907854,722.999197503638698,2.11188106628135275,-6.03525856959718965,-6.34365052590387302e-06,0.00139909944506614323,7.10940818793567636e-05,1.08740753245603636e-06,0.0898934609960107822,0.00290842573621905758,0.0815461589734966935,1.26546617726914499e-05,0.200040894817046538,-2.52107755090351604e-05,1.06210669191406204,0.926186238550455343,0,0,0,5648.16458932477417,4679.80485275741921,549.816292817340013,466.844075175777562,0.00151857640386801477,1,-0.237834694835465016,3.85342306783959752e-05,0.926186238550455343
39.59998416,39.5999841599972555,14543.4476262964308,14543.385749020701,30.2480464180056003,120.000132876200652,9006.229470078757,12.7887262906552817,723.362414803128786,0.682932659243661977,720.970770433480084,0.00914700766569120916,58.7735590780420125,723.331978498090166,2.11801229122740997,-6.28856807308101651,-6.3567287586949219e-06,0.00133270317690514025,7.10497711612212418e-05,1.09357806768796901e-06,0.090033799014929819,0.00291556796251003,0.0813401660979164026,1.26451243232266047e-05,0.199326408557870316,-2.52075425975466402e-05,1.06117186978371603,0.924844252204729989,0,0,0,5632.4883658358176,4679.66712219942747,549.812011112508344,466.841880696312387,0.00151854602414413869,1,-0.237113267004662898,3.85050047399048168e-05,0.924844252204729989
39.69998412,39.6999841199972465,14544.0890178643167,14544.0271373712148,30.2482452045711483,120.000133547459171,9028.2662798349902,12.8533059769377846,723.694915501742344,0.683248247471729298,721.314381403089556,0.00914439954148993372,58.650608015025739,723.662258856987137,2.1241379303538146,-6.53865796223721674,-6.3692950260423056e-06,0.00126596638969562374,7.10060344435600418e-05,1.09904844926301482e-06,0.0901674822707392576,0.00292270586681536758,0.0811322565037657095,1.2635710636979392e-05,0.198605021216842481,-2.52042746139777618e-05,1.06020288210242186,0.923484394612362758,0,0,0,5616.60482688150751,4679.52974462020757,549.807740367635233,466.839596578161945,0.00151851440398268031,1,-0.236383568607414746,3.84765037558906079e-05,0.923484394612362758
39.79998408,39.7999840799972375,14544.7552528530359,14544.6933690449132,30.2484440815292963,120.00013422065669,9050.31311088049551,12.9180720102622768,724.024980256720028,0.683561602213566655,721.655649783508807,0.00914184682963714579,58.5260206037632997,723.990049822090555,2.13025799996599341,-6.78541637892194416,-6.38132828435652538e-06,0.00119901641555991353,7.09628848109228696e-05,1.10382718796615941e-06,0.0902944826783417115,0.00292983950258820505,0.0809225467495938988,1.26264246112594059e-05,0.197876915362928563,-2.52009905656187433e-05,1.05920103647792252,0.922107012013601124,0,0,0,5600.51910918024168,4679.39272418091241,549.803480712386317,466.837223987983009,0.0015184815595931404,1,-0.235645964259889706,3.84487314207515021e-05,0.922107012013601124
39.89998404,39.8999840399972285,14545.4459927119315,14545.384105477915,30.2486430481975326,120.000134895791504,9072.36988755508901,12.9830242252838701,724.352616938581605,0.683872730089312153,721.994575466309811,0.00913935306355817545,58.3998850980615316,724.315364046822765,2.13637252225936347,-7.02873597517135096,-6.39281545775359809e-06,0.00113195401582169824,7.09203359589362673e-05,1.10792464240666649e-06,0.0904147838148155469,0.00293696892521254447,0.0807111586252987484,1.26172707188211885e-05,0.197142269712460544,-2.51977125377922437e-05,1.05816775042702815,0.920712433613727566,0,0,0,5584.23629516065557,4679.25606491412054,549.799232272426252,466.834764131435918,0.00151844750772616127,1,-0.234900794556342468,3.84216890185244429e-05,0.920712433613727566
39.999984,39.9999839999972195,14546.1608883887529,14546.0989976253859,30.2488421038967132,120.000135572861879,9094.43653457223809,13.0481624539238901,724.677833128657539,0.684181637415885779,722.331157995455555,0.00913692201092763945,58.2722913013313359,724.638213524499406,2.14248151918417662,-7.26851414051832734,-6.40375189775177635e-06,0.00106484710348669779,7.08784028383002419e-05,1.11135222313224691e-06,0.0905283778076917955,0.00294409419109142867,0.0804982158445936846,1.26082537556348471e-05,0.196401263589482483,-2.51944638202580727e-05,1.05710449246174454,0.919300992855801913,0,0,0,5567.76146912957938,4679.11977072612899,549.794995169493177,466.832218251579718,0.00151841226565115972,1,-0.234148384746676236,3.8395376350303353e-05,0.919300992855801913
40.09998396,40.0999839599972105,14546.8995808064938,14546.8376864169677,30.2490412479511122,120.000136251866053,9116.51297702363809,13.1134865253698969,725.00063646149647,0.684488330531477618,722.665397112136247,0.00913455746610458696,58.1433281030015223,724.958610290481602,2.14858501444649086,-7.5046530702347809,-6.41414085986731876e-06,0.000997729596972301604,7.08371020155926825e-05,1.11412164483786065e-06,0.0906352620004302889,0.00295121535817111829,0.0802838405972191027,1.25993785480371557e-05,0.195654071336738261,-2.51912670829260877e-05,1.05601272580658168,0.917873017541272151,0,0,0,5551.09963867371607,4678.98384539858853,549.790769521445441,466.829587627173623,0.00151837585113267235,1,-0.233389054223753306,3.83697926190677154e-05,0.917873017541272151
40.19998392,40.1999839199972016,14547.6617013551295,14547.5998032318839,30.2492404796883747,120.000136932802306,9138.59914037641829,13.178996272914274,725.321035263467934,0.684792816399727,722.997293570447255,0.00913226303734648859,58.0130813013694819,725.276567697192377,2.1546830372415009,-7.73705965801032391,-6.42399204754517527e-06,0.000930605299795131576,7.07964516765140797e-05,1.11624426549019253e-06,0.090735435773983214,0.00295833248676993354,0.0800681504747473849,1.25906496483595535e-05,0.194900862563952337,-2.51881426584171059e-05,1.0548938544676707,0.916428831910318209,0,0,0,5534.25576055857437,4678.84829259020808,549.786555442315375,466.826873570925898,0.00151833828240595793,1,-0.232623125696140964,3.8344937224833404e-05,0.916428831910318209
40.29998388,40.2999838799971926,14548.4468723125756,14548.3849703544729,30.2494397984396066,120.000137615668919,9160.69495047841338,13.2446915298510302,725.639037052862022,0.685095101194716838,723.326847773023701,0.00913004194026845184,57.8816318220921744,725.592097395831956,2.16077561326338596,-7.96564519249585601,-6.4333192867135276e-06,0.000863455855230456717,7.0756471198590886e-05,1.1177304892678357e-06,0.0908288976824000033,0.00296544563818071458,0.0798512561886540878,1.25820710770887481e-05,0.194141801512047407,-2.51851072747847553e-05,1.05374918192749933,0.914968757052879167,0,0,0,5517.23474225111477,4678.71311583849729,549.782353042364207,466.824077427995007,0.00151829957815611486,1,-0.231850933605871834,3.83208104954431045e-05,0.914968757052879167
40.39998384,40.3999838399971836,14549.2547073177993,14549.1928014396035,30.2496392035393811,120.000138300464172,9182.80033356418244,13.3105721294758563,725.954650068707679,0.685395191745584609,723.654061362046605,0.00912789688368875751,57.7490549470431347,725.905212364371323,2.16686277363689772,-8.19032501512948841,-6.44213815967649276e-06,0.00079625131127387136,7.07171805909279343e-05,1.11858952519149423e-06,0.0909156438948688639,0.00297255487630285154,0.0796332603549210205,1.25736461403826889e-05,0.193377045754454885,-2.51821733365140032e-05,1.05257988762929378,0.913493109915503698,0,0,0,5500.04143292537265,4678.57831856155735,549.77816242813708,466.821200574304328,0.00151825975749459059,1,-0.231072828696525151,3.82974139983092768e-05,0.913493109915503698
40.4999838,40.4999837999971746,14550.0848117135465,14550.0229018130958,30.2498386943257458,120.000138987186347,9204.9152162539358,13.3766379050860618,726.26788252643712,0.685693094834663341,723.978936476139779,0.00912582999878419621,57.6154202018137767,726.215925387248831,2.17294455037881251,-8.41101809112311116,-6.45046350007118344e-06,0.000728961561396894117,7.06785996878238842e-05,1.11882927490388652e-06,0.0909956674638440904,0.00297966026688100544,0.0794142574431531828,1.25653773471004989e-05,0.19260674390794516,-2.51793488846372724e-05,1.05138702283662511,0.91200220335645299,0,0,0,5482.68058555286188,4678.44390406010461,549.773983702523083,466.818244415321715,0.00151821883994214817,1,-0.230289180234541258,3.82747507008822485e-05,0.91200220335645299
40.59998376,40.5999837599971656,14550.9367829076946,14550.8748688983542,30.2500382701403083,120.000139675833807,9227.03952556097465,13.4428886981868416,726.578742967625203,0.685988817528619843,724.301476035022915,0.00912384285472667145,57.4807921192552271,726.524249720574062,2.17902097834917807,-8.62764662441563956,-6.45830739245567174e-06,0.000661566872866070697,7.0640747364154031e-05,1.11845648937183623e-06,0.0910689588487952201,0.00298676187777951498,0.0791943348140873027,1.25572664260740586e-05,0.191831043365720572,-2.51766381400875497e-05,1.05017152634510125,0.910496342138856773,0,0,0,5465.15699132406007,4678.30987551869111,549.769816964801407,466.81521038477274,0.00151817684541089904,1,-0.229500374447711597,3.8252824807405466e-05,0.910496342138856773
40.69998372,40.6999837199971566,14551.8102106824517,14551.7482924651395,30.2502379303282893,120.000140366404793,9249.1731888980139,13.5093243379756398,726.887239795549362,0.686282366740764038,724.621683165301192,0.00912193653608772692,57.345231546036473,726.83019816007004,2.18509209243510893,-8.84013573869631131,-6.46567776223915403e-06,0.000594066127615128399,7.06036408098481794e-05,1.1174770673055157e-06,0.0911355072947954981,0.00299385977837550226,0.0789735745926004318,1.2549314442351295e-05,0.19105007629733517,-2.51740424850696004e-05,1.04893425238962901,0.908975832025660457,0,0,0,5447.47522278965334,4678.17623600993647,549.765662310758785,466.812099943539465,0.00151813379418892216,1,-0.228706810371858998,3.82316414201921341e-05,0.908975832025660457
40.79998368,40.7999836799971476,14552.7046774663031,14552.6427549560722,30.2504376742384693,120.000141058897725,9271.31613407438999,13.5759446714316514,727.193381602663521,0.686573749540937639,724.939561387018443,0.00912011178039562331,57.2087973963599552,727.133783670645357,2.19115792939973586,-9.04841328176389936,-6.47257784551141867e-06,0.000526481450879525206,7.05672950363578838e-05,1.11589649225874015e-06,0.0911953029790837089,0.00300095403968247618,0.0787520560654730584,1.25415219821374985e-05,0.190263976594135076,-2.51715618295313099e-05,1.04767601192337523,0.90744097335034124,0,0,0,5429.6399211472326,4678.04298849406041,549.761519832690169,466.808914578691883,0.00151808970692669906,1,-0.227908893324791278,3.821120602748664e-05,0.90744097335034124
40.89998364,40.8999836399971386,14553.6197585985065,14553.5578317062791,30.2506375012233271,120.000141753310899,9293.4682893101708,13.642749533226338,727.497177570577037,0.686862973533844623,725.255114869812587,0.00911836914273189691,57.0715484736998064,727.435020216169278,2.19721853036205594,-9.25240978422967686,-6.47900648383024734e-06,0.000458859134430618159,7.05317226398896114e-05,1.11372030882904303e-06,0.0912483394620664662,0.00300804473457767394,0.0785298581591744177,1.25338893731804738e-05,0.189472864693023768,-2.51691960251538955e-05,1.04639761673276621,0.905892052761180011,0,0,0,5411.65551520998724,4677.91013582373762,549.757389619534592,466.805655802546084,0.00151804460462393997,1,-0.227107027346880264,3.81915239344413041e-05,0.905892052761180011
40.9999836,40.9999835999971296,14554.5550226084888,14554.4930912504024,30.2508374106390505,120.000142449642667,9315.62958323438943,13.7097387635035357,727.798636567326184,0.687150046007483972,725.56834740629904,0.00911670914961337786,56.9335450172978881,727.733920966162714,2.20327393536816007,-9.45205850338577847,-6.48495900065625158e-06,0.000391266683884931464,7.04969337865865174e-05,1.11095449285904654e-06,0.0912946158900692362,0.00301513193664819249,0.0783070616729221042,1.25264169123081908e-05,0.188676862850307575,-2.51669460759092906e-05,1.04509991498861088,0.904329361381963626,0,0,0,5393.5264734377979,4677.77768074465894,549.753271756906088,466.802325151668981,0.00151799850861565567,1,-0.226301608262359594,3.81725998136001418e-05,0.904329361381963626
41.09998356,41.0999835599971206,14555.5100315064192,14555.4480955973813,30.2510374018454797,120.000143147891407,9337.79994488045668,13.7769122051440434,728.097767690522801,0.687434974446723523,725.879262863332883,0.00911513244970740821,56.7948499233988855,728.030499416928365,2.20932418672526376,-9.64729562137352303,-6.49042871786311771e-06,0.00032378682254897745,7.04629365165421629e-05,1.10760578710485264e-06,0.091334138934942799,0.00302221572057242071,0.0780837509008488057,1.2519105063126476e-05,0.187876088302099231,-2.51648151542376331e-05,1.04378382321102903,0.902753183843824747,0,0,0,5375.25717279877972,4677.64562589773686,549.74916632715599,466.798924185843873,0.0015179514405576995,1,-0.225493017412631169,3.81544372890697152e-05,0.902753183843824747
41.19998352,41.1999835199971116,14556.4843410663307,14556.4224005212309,30.2512374742062313,120.000143848055515,9359.97930370559334,13.8442697023978827,728.394580068838195,0.687717766346620074,726.187864940030181,0.00911363991353253411,56.6555293368712114,728.324769035026065,2.21536932788845453,-9.83806049479220235,-6.49540863569477177e-06,0.000256509570513007476,7.04297372120841569e-05,1.10368185407860354e-06,0.0913669239457487597,0.00302929616178425429,0.077860014463532537,1.2511954595967783e-05,0.187070656445344624,-2.51628091104825158e-05,1.04245034208218179,0.901163802247393342,0,0,0,5356.85194541005876,4677.51397382094638,549.74507340943137,466.795454487061818,0.00151790342241266249,1,-0.224681617682196411,3.81370387358091067e-05,0.901163802247393342
41.29998348,41.2999834799971026,14557.4775011762977,14557.4155559164938,30.2514376270885776,120.000144550133371,9382.16758956503327,13.9118110981489433,728.689082669801223,0.687998429031877246,726.494156981698666,0.00911223267895455713,56.5156526156656582,728.616742907237153,2.22140940234100093,-10.024295927410833,-6.49989307078195866e-06,0.000189523643556284118,7.03973411820650867e-05,1.09919127414553095e-06,0.0913929952659995881,0.00303637333618487224,0.0776359452732655192,1.25049666530013974e-05,0.186260683706926194,-2.51609365210460699e-05,1.04110055752183084,0.899561500047033835,0,0,0,5338.31512393250705,4677.38272695015075,549.740993079704936,466.791917658274656,0.00151785447643247519,1,-0.223867751950849181,3.8120405263323721e-05,0.899561500047033835
41.39998344,41.3999834399970936,14558.4890561923385,14558.4271061343861,30.2516378598634219,120.000145254123396,9404.36473272121111,13.9795362393857179,728.981284825177795,0.688276970153823386,726.798142555273671,0.00911091215571557811,56.3752917558952618,728.906434839741109,2.22744445689422088,-10.2059484492414683,-6.50387906627002794e-06,0.000122908624891975699,7.03657532964698743e-05,1.09414342534784521e-06,0.0914123858052892924,0.00304344732068152334,0.077411639680763103,1.2498142744690247e-05,0.185446280343628478,-2.51592083494161271e-05,1.03973563037992789,0.897946551439388951,0,0,0,5319.65091595504327,4677.25188762207654,549.736925410858476,466.788315322134736,0.00151780462514082776,1,-0.223051743781169293,3.81045368424604933e-05,0.897946551439388951
41.4999834,41.4999833999970846,14559.5185452997684,14559.4565903769108,30.2518381719053515,120.000145960024,9426.57066384412065,14.0474449717305436,729.271195328354452,0.688553396839158727,727.099824634285142,0.0091096799546990237,56.2345202651583236,729.193857567214764,2.23347453617218106,-10.3829684809816527,-6.50736718405889178e-06,5.67288413374171096e-05,7.0334978492359249e-05,1.08854817935472575e-06,0.0914251357191995934,0.00305051819225476365,0.0771871960177509808,1.2491484667558133e-05,0.184627562589849498,-2.51576371247670543e-05,1.038356769206358,0.896319239596761408,0,0,0,5300.86361880685945,4677.12145807375509,549.732870472679451,466.784649119707922,0.00151775389131522166,1,-0.222233900825319852,3.80894326580754169e-05,0.896319239596761408
41.59998336,41.5999833599970756,14560.5655029341578,14560.5035430652624,30.2520385625924355,120.000146667833647,9448.78531398871382,14.1155371462780206,729.558822994795037,0.688827716220231312,727.399206262987377,0.00910853780250220346,56.0934118641500277,729.479023889221935,2.23949968601184146,-10.555310455273208,-6.51036183857319335e-06,-8.97015196250357731e-06,7.03050221964900466e-05,1.08241560287205034e-06,0.0914312907705495809,0.00305758602860026945,0.076962712750923104,1.24849943769425434e-05,0.183804644671289291,-2.51562360187575954e-05,1.03696520160069139,0.894679845435911503,0,0,0,5281.95748650734276,4676.99144044363038,549.728828331886803,466.780920708974463,0.00151770229796609202,1,-0.221414519220229034,3.80750914606378004e-05,0.894679845435911503
41.69998332,41.6999833199970666,14561.6294591799378,14561.5674942955247,30.2522390313062743,120.000147377550789,9471.00861460336455,14.18381261275659,729.844176504813618,0.689099935287651788,727.6962905070734,0.00910748741981692866,55.952039080699592,729.761946359296985,2.24551995245475755,-10.722932810725581,-6.5128709771237854e-06,-7.41621248387883673e-05,7.02758905300356729e-05,1.07575560751772702e-06,0.0914309003845762275,0.00306465090803904189,0.0767382865693121141,1.24786738227721236e-05,0.182977640539056824,-2.51550177936594281e-05,1.03556214055574225,0.893028650821372727,0,0,0,5262.9367671768232,4676.86183677243662,549.72479905216062,466.777131763409614,0.00151764986831703311,1,-0.220593889004645161,3.8061511986657809e-05,0.893028650821372727
41.79998328,41.7999832799970577,14562.709940161556,14562.6479701875378,30.2524395774318684,120.000148089173891,9493.24049751045823,14.2522712222638912,730.127264407006919,0.689370060894578196,727.991080550862989,0.00910653040744713316,55.8104720094492563,730.042637282856163,2.25153538168576883,-10.8857978876225872,-6.51490525591677614e-06,-0.000138837932906468628,7.02475903114858707e-05,1.06857765537832088e-06,0.0914240157974511164,0.00307171290958674478,0.0765140106866711994,1.24725247934404445e-05,0.182146663423234795,-2.51539938768916558e-05,1.03414875437811826,0.891365938543891012,0,0,0,5243.80570234110291,4676.7326490039286,549.720782694164882,466.773283970590285,0.00151759662578539374,1,-0.219772299351849498,3.80486933186629576e-05,0.891365938543891012
41.89998324,41.8999832399970487,14563.806468423456,14563.7444932888557,30.2526402003575861,120.000148802701403,9515.4808949084927,14.320912824531451,730.408095132066592,0.689638099770774504,728.283579778286594,0.0091056681414263263,55.6687773968938018,730.321108727283445,2.25754602000910953,-11.0438717389990941,-6.51647686544581592e-06,-0.000203001001595680961,7.02201288724000174e-05,1.06089054893191888e-06,0.0914106885389541352,0.00307877211301873892,0.0762899735935175793,1.24665487723212748e-05,0.181311825306508301,-2.51531736631986774e-05,1.03272614375540428,0.889691992083876615,0,0,0,5224.56852368560612,4676.6038789856575,549.716779315571785,466.769379030842174,0.00151754259396343896,1,-0.218950042886606688,3.80366351489068235e-05,0.889691992083876615
41.9999832,41.9999831999970397,14564.9185632802546,14564.8565829269774,30.2528408994750606,120.000149518131892,9537.72973935550363,14.3897372802336694,730.686677013077315,0.689904058542718301,728.573791825837361,0.00910490169876965183,55.5270181626503927,730.597372539960929,2.26355191385236587,-11.1971238860248548,-6.51759819463308183e-06,-0.000266661371891759209,7.01935137259425879e-05,1.05270233408653764e-06,0.0913909694405001943,0.00308582859890647486,0.0760662584100744027,1.24607468364204477e-05,0.180473236434179479,-2.51525641038998144e-05,1.03129532889417175,0.888007095234494059,0,0,0,5205.22944813877257,4676.47552846984763,549.712788971087434,466.765418655992505,0.00151748779660096779,1,-0.218127418501370629,3.80253379102483217e-05,0.888007095234494059
42.09998316,42.0999831599970307,14566.0457411780953,14565.9837555323757,30.2530416741791619,120.000150235463821,9559.98696377116721,14.4587444404727847,730.963018307853531,0.690167943755664703,728.861720600847661,0.00910423182787312157,55.3852533948546579,730.87144036930556,2.26955310978905223,-11.3455270526993459,-6.51828054016979035e-06,-0.000329829300882288773,7.01677521490699362e-05,1.04402033333353536e-06,0.0913649082674062307,0.00309288244861364702,0.0758429428908381914,1.24551196162897534e-05,0.179631004932978899,-2.51521696964605976e-05,1.02985724784198807,0.886311531672199004,0,0,0,5185.79267231399899,4676.34759911436777,549.708811712483339,466.761404568083094,0.00151743225758739389,1,-0.217304732321091071,3.80148027513228654e-05,0.886311531672199004
42.19998312,42.1999831199970217,14567.1875159740448,14567.1255249811838,30.2532425238679501,120.000150954695698,9582.25250142443838,14.5279341604556027,731.237127218939918,0.690429761893291194,729.147370264149345,0.00910365895227926991,55.2435387842499495,731.143323683880794,2.27554965455376745,-11.4890569153069464,-6.51853305698373389e-06,-0.000392509404403193637,7.01428507517080343e-05,1.03485128871615867e-06,0.0913325539740517667,0.00309993374425514539,0.0756201000308052845,1.24496673016832611e-05,0.178785236606015197,-2.51519927741707332e-05,1.02841276542882865,0.884605584562771941,0,0,0,5166.26236735816201,4676.22009248383711,549.704847588629605,466.757338498375589,0.00151737600093787648,1,-0.216482296845565525,3.80050313779482942e-05,0.884605584562771941
42.29998308,42.2999830799970127,14568.3433992378414,14568.2814028406592,30.2534434479426331,120.000151675826146,9604.52628593920417,14.5973063063316673,731.509011907708214,0.690689519391829987,729.430745181695102,0.00910318321710157363,55.1019273982380469,731.413033785470475,2.28154159504544651,-11.6276918972800019,-6.51836208131407655e-06,-0.000454696185949191414,7.011881509700215e-05,1.0252015962481074e-06,0.0912939554872183173,0.00310698256861077987,0.0753977991367314193,1.2444389705598112e-05,0.177936034937257709,-2.51520340666661063e-05,1.02696269070137958,0.88288953627687361,0,0,0,5146.64267506321357,4676.09301005080124,549.700896645531202,466.753222186276616,0.00151731905077834143,1,-0.215660428461970421,3.79960257808139868e-05,0.88288953627687361
42.39998304,42.3999830399970037,14569.5129005089402,14569.450898637333,30.253644445807474,120.000152398853643,9626.80825127310709,14.6668607305755092,731.778680500178211,0.690947222646270398,729.711849854033971,0.0091028045601369012,54.9604706523209643,731.680581813307526,2.28752897830205626,-11.7614130308799716,-6.51777089989759328e-06,-0.000516371520358170784,7.00956494266245366e-05,1.01507759270652803e-06,0.091249162850386617,0.0031140290050083513,0.0751761071670638825,1.2439286362032022e-05,0.177083501292762235,-2.51522934234952476e-05,1.02550779955112326,0.881163668266259137,0,0,0,5126.93770585194216,4675.96635319698362,549.696958926367188,466.749057378422322,0.00151726143133271347,1,-0.214839443848277301,3.79877878949623e-05,0.881163668266259137
42.499983,42.4999829999969947,14570.6955275535583,14570.6335201577658,30.2538455168697666,120.000153123776812,9649.09833172210892,14.7365972993397154,732.046140940707573,0.691202877872919452,729.990688692570529,0.00910252279770040751,54.819219307400374,731.945978448988058,2.29351185053810225,-11.8902038893011479,-6.51675995890920752e-06,-0.000577504350431330715,7.0073356521634946e-05,1.00448584023358115e-06,0.0911982285009387134,0.00312107313702868813,0.0749550901196572722,1.24343566462052187e-05,0.176227737214170982,-2.51527705588188116e-05,1.02404885821266234,0.879428264012904526,0,0,0,5107.15157225545317,4675.84012321410864,549.693034471517876,466.744845827763356,0.00151720316691015731,1,-0.214019655913380347,3.79803192561255158e-05,0.879428264012904526
42.59998296,42.5999829599969857,14571.8907866254449,14571.8287736518341,30.2540466605398422,120.000153850594202,9671.39646191769316,14.8065158719401069,732.311401558310195,0.691456491644842464,730.267266517300072,0.00910233772245505612,54.6782243932148617,732.20923506485201,2.2994902607049621,-12.0140506219268346,-6.51532752584848467e-06,-0.000638052430903184075,7.00519377446087276e-05,9.93433418880933092e-07,0.0911412085705328584,0.00312811504898891654,0.0747348142419455852,1.24295998987865834e-05,0.175368837182343418,-2.51534657991351347e-05,1.02258664716281555,0.877683597602961663,0,0,0,5087.28825641507137,4675.71432130610901,549.689123318626457,466.740589292635775,0.0015171442818921368,1,-0.213201369596647483,3.79736206415686462e-05,0.877683597602961663
42.69998292,42.6999829199969767,14573.0981827415526,14573.036164136638,30.2542478762309592,120.000154579304436,9693.70257681484145,14.8766163145322832,732.574470021131447,0.691708069905430989,730.541587465811858,0.00910224916361235259,54.537537777409284,732.470361645461026,2.30546425393504162,-12.1329419899699076,-6.51347047542002598e-06,-0.000697965746014132349,7.00313931532446274e-05,9.81928071494505613e-07,0.0910781637331976868,0.00313515482470627443,0.0745153469185328987,1.24250155258399813e-05,0.174506900865421644,-2.51543804971662691e-05,1.02112197329566978,0.875929954744952166,0,0,0,5067.3518171651076,4675.58894858988151,549.685225502633671,466.736289535779406,0.00151708480071875034,1,-0.212384878961836304,3.79676918841530289e-05,0.875929954744952166
42.79998288,42.7999828799969677,14574.3172198981047,14574.2551956194711,30.2544491633592543,120.000155309906148,9716.01661169237923,14.9468984946409762,732.835354514851701,0.691957619081666087,730.813656145836262,0.00910225706077105734,54.397212564732456,732.729369150293223,2.31143387891333285,-12.2468695159453205,-6.51118539816932971e-06,-0.00075719109028464461,7.00117218156310744e-05,9.69978371320726724e-07,0.0910091599249613914,0.00314219254865709483,0.0742967570965982621,1.24206030794337528e-05,0.173642027671595117,-2.51555174335329328e-05,1.01965568333076484,0.874167609200084628,0,0,0,5047.3462930445603,4675.4640060951042,549.681341055766552,466.731948323568474,0.00151702474787799029,1,-0.211570464670204406,3.79625316559603046e-05,0.874167609200084628
42.89998284,42.8999828399969587,14575.5474014282227,14575.4853714143155,30.2546505213436383,120.000156042397933,9738.33850213004916,15.0173622756895,733.094062500053951,0.692205144911785419,731.08347640033503,0.00910236146982446037,54.2573029589635212,732.986267066114124,2.31739918013343349,-12.3558275707324867,-6.50846946518908752e-06,-0.000815676703884685118,6.9992922083894499e-05,9.57593676913986118e-07,0.0909342682990220558,0.0031492283046058011,0.0740791152227074506,1.24163622864667101e-05,0.172774313407544705,-2.51568807014083138e-05,1.01818865898164357,0.872396847573406742,0,0,0,5027.27563662859029,4675.3394947675406,549.67747000763859,466.72756742473797,0.00151696414788806072,1,-0.210758393642922648,3.79581375058283432e-05,0.872396847573406742
42.9999828,42.9999827999969497,14576.7882301919162,14576.726194407016,30.254851949605829,120.000156776778468,9760.66818402508397,15.0880075293085323,733.350601911098579,0.69245065357781832,731.351052530409333,0.00910256257580588368,54.117863993108017,733.241065800772958,2.32336020539218469,-12.4598135187415195,-6.50532133056695841e-06,-0.00087337671978739346,6.9974991978359133e-05,9.44784117655749958e-07,0.0908535650213690288,0.00315626217684182803,0.0738624927511370988,1.24122930455344251e-05,0.171903854464772465,-2.51584755918628876e-05,1.01672181427885411,0.870617945447619501,0,0,0,5007.14379020270553,4675.21541546760454,549.673612385207662,466.723148609706982,0.00151690302528793147,1,-0.209948919310661841,3.79545058613662466e-05,0.870617945447619501
43.09998276,43.0999827599969407,14578.0392089933157,14577.9771673878786,30.2550534475701554,120.000157513046418,9783.00559355900259,15.1588341257626009,733.604979934279982,0.692694150553032184,731.616388122366743,0.00910286064458776245,53.9789508261846436,733.493774261653016,2.32931699809263248,-12.5588277500443724,-6.5017415543844239e-06,-0.000930254312672624704,6.99579294315281e-05,9.315603915826962e-07,0.090767130377812491,0.00316329424887104018,0.0736469613065125345,1.24083953814447039e-05,0.171030753953142822,-2.51603080888161908e-05,1.01525607682548302,0.868831191871946351,0,0,0,4986.95479139144936,4675.0917689723301,549.669768212844701,466.718693649092984,0.00151684140461673042,1,-0.209142283818094077,3.79516322583094517e-05,0.868831191871946351
43.19998272,43.1999827199969317,14579.2998408004642,14579.2377933426469,30.2552550146635433,120.000158251200446,9805.35066720435498,15.2298419353177596,733.8572040605643,0.692935641596570506,731.879487152572551,0.0091032559836072835,53.8406180685800564,733.744401962069105,2.33526960385570836,-12.6528737373915945,-6.49773289416767245e-06,-0.00098628352632452055,6.99417325443876846e-05,9.1793363202978121e-07,0.0906750479020718009,0.003170324604560511,0.0734325916571541559,1.24046693736476107e-05,0.170155109753771433,-2.51623843926146257e-05,1.01379237440129222,0.867036868266918059,0,0,0,4966.71256565492877,4674.96855597582908,549.665937512335518,466.7142043129287,0.00151677931040284058,1,-0.208338720324647897,3.79495114905267645e-05,0.867036868266918059
43.29998268,43.2999826799969227,14580.5696290954947,14580.5075757398718,30.2554566503153914,120.000158991239232,9827.70334170703063,15.3010308296092123,734.107281460979493,0.69317513216464377,732.140353419421444,0.00910374886935882977,53.7029189712824859,733.992957769922327,2.34121806651080844,-12.7419579734702992,-6.49330011905822701e-06,-0.00104144937106414345,6.99263996676321948e-05,9.0391518291090744e-07,0.090577403194617559,0.00317735332748450257,0.0732194526741420937,1.24011150679154083e-05,0.169277022665595189,-2.51647103228495764e-05,1.01233161411257133,0.865235261027389901,0,0,0,4946.42107042238604,4674.84577708976667,549.662120302903986,466.709682369415702,0.00151671676714659732,1,-0.207538456207831068,3.79481378738631272e-05,0.865235261027389901
43.39998264,43.3999826399969137,14581.8480781279504,14581.7860188444592,30.255658353957493,120.000159733161482,9850.06355407815317,15.3724006830089781,734.355219194162146,0.693412627607208787,732.398990797218062,0.00910433948898980994,53.5659047719104251,734.239450315504087,2.34716242934251174,-12.8260898825163068,-6.48844961968151604e-06,-0.00109574640539959831,6.99119294049317338e-05,8.89516432005275865e-07,0.0904742829036020157,0.00318438050116538751,0.0730076104226533434,1.23977323933417405e-05,0.168396593564750618,-2.51672908322548123e-05,1.0108746667586006,0.863426657390036878,0,0,0,4926.08424736525194,4674.72343284408817,549.658316601231832,466.705129584021677,0.00151665379930776317,1,-0.206741715888001998,3.7947505443881093e-05,0.863426657390036878
43.4999826,43.4999825999969048,14583.1346932724118,14583.0726280148338,30.2558601250240606,120.000160476965917,9872.43124159476974,15.4439513712581853,734.601024001260953,0.693648132975293263,732.655403063592985,0.00910502787881939391,53.4296242034678812,734.483887570632191,2.35310273369686085,-12.9052816712962226,-6.48318878660857773e-06,-0.00114917607834683099,6.98983204957178019e-05,8.74748667323804923e-07,0.0903657738566732843,0.00319140620885971808,0.0727971275185441552,1.23945210822860088e-05,0.167513923911555923,-2.51701296087594968e-05,1.00942235388295631,0.861611349575552965,0,0,0,4905.70603215222673,4674.60152368783747,549.654526421484661,466.700547718207076,0.00151659043128786366,1,-0.205948723182205806,3.79476081290322059e-05,0.861611349575552965
43.59998256,43.5999825599968958,14584.4289812259376,14584.3669099712297,30.2560619629514136,120.000161222651229,9894.80634177409411,15.5156827673642965,734.844702993385795,0.693881653670682996,732.909594598439526,0.00910581389889020265,53.2941233164825121,734.726278207097721,2.35903902329101989,-12.9795481835234767,-6.47752538201302672e-06,-0.00120174336796875065,6.98855716565211237e-05,8.59623037157711099e-07,0.0902519626050743151,0.00319843053428999066,0.0725880628250527571,1.23914806244513338e-05,0.166629117163016427,-2.51732289542003331e-05,1.0079754441062867,0.859789621070839338,0,0,0,4885.29038249832229,4674.48004998964552,549.650749775328904,466.695938528722024,0.00151652668742041467,1,-0.205159702547543149,3.79484398012850204e-05,0.859789621070839338
43.69998252,43.6999825199968868,14585.7304503023624,14585.6683730119603,30.2562638671781663,120.000161970216283,9917.18879237984584,15.5875947607477059,735.086262568822463,0.694113194424322177,733.161569297829487,0.00910669720055046206,53.1594454373994267,734.966629420926324,2.3649713372049912,-13.0489066828170763,-6.47146678592997008e-06,-0.00125345320911398814,6.98736813062351427e-05,8.44150485028435383e-07,0.090132935099741962,0.00320545356043558253,0.072380471511593325,1.23886102414147535e-05,0.16574226997445371,-2.51765896856066639e-05,1.00653464939957171,0.857961765138805066,0,0,0,4864.84111929666506,4674.35901203915,549.646986671966829,466.691303766558178,0.00151646259195640436,1,-0.204374879885610011,3.79499943577859761e-05,0.857961765138805066
43.79998248,43.7999824799968778,14587.0386106595397,14586.9765273076355,30.2564658371449973,120.000162719659727,9939.57853140917905,15.6596872203160871,735.325709633894121,0.694342760449762397,733.411331768091145,0.00910767724890093611,53.0256315360340977,735.204949357702503,2.37089971762517537,-13.1133767269108148,-6.46501957486575576e-06,-0.00130430731835953231,6.98626473828805553e-05,8.28341858843456014e-07,0.0900087769945886323,0.0032124753708050245,0.0721744054416640773,1.2385908896981665e-05,0.16485348734933622,-2.51802113852511402e-05,1.00510063271100103,0.856128076120500903,0,0,0,4844.36219705692565,4674.23841004724181,549.643237118159391,466.686645176139621,0.00151639816905306079,1,-0.203594481501557567,3.79522655928269588e-05,0.856128076120500903
43.89998244,43.8999824399968688,14588.3529745154083,14588.2908850722051,30.2566678722946421,120.000163470980354,9961.9754970870581,15.731960028654834,735.563050454592258,0.694570356359422547,733.658886144661437,0.0091087533331104531,52.8927205962233984,735.44124480984749,2.37682420240783943,-13.1729799898655813,-6.45818909086889686e-06,-0.00135430187171670341,6.98524670921790302e-05,8.12207945789311412e-07,0.0898795739402287464,0.00321949604810976234,0.0719699137984262938,1.23833753309303251e-05,0.16396286490859327,-2.51840927102518543e-05,1.00367401988860605,0.854288841068941984,0,0,0,4823.85742161890448,4674.11824414754938,549.639501118257158,466.681964494553085,0.00151633344276318584,1,-0.202818733080371405,3.79552471574471625e-05,0.854288841068941984
43.9999824,43.9999823999968598,14589.6730563677847,14589.6109608119823,30.2568699720718328,120.000164224176928,9984.37962785845048,15.8044130656156661,735.798291662819906,0.694795987115373048,733.904237053127986,0.00910992462196036357,52.7607502448526589,735.675523221507319,2.38274483150164018,-13.2277401951944569,-6.45097944269765563e-06,-0.00140342627192064349,6.98431368089709735e-05,7.95759638400739424e-07,0.089745412328235033,0.0032265156752758024,0.071767043848497386,1.23810081178711626e-05,0.163070506596837361,-2.51882317869885014e-05,1.00225541051393607,0.852444350966029774,0,0,0,4803.33058425321997,4673.99851439716258,549.635778674229414,466.677263450765622,0.00151626843702431309,1,-0.20204785727933966,3.79589323594492267e-05,0.852444350966029774
44.09998236,44.0999823599968508,14590.9983731620014,14590.9362714771814,30.257072135923309,120.000164979248268,10006.7908623901185,15.8770462165222703,736.031439690611364,0.695019657495582255,734.14738900287,0.00911119020392647805,52.6297572699031093,735.90779156170322,2.38866164328732378,-13.2776830393556651,-6.4433936057899281e-06,-0.0014516631444934161,6.98346519926349666e-05,7.79008025934404364e-07,0.0896063799085354828,0.00323353433474062946,0.0715658417077141423,1.23788057314359193e-05,0.162176509067877617,-2.51926266438991672e-05,1.00084539222573499,0.850594896339167628,0,0,0,4782.78553953608571,4673.87922077778057,549.632069785705085,466.672543765027228,0.00151620317565043738,1,-0.201282071697085202,3.79633140506891362e-05,0.850594896339167628
44.19998232,44.1999823199968418,14592.3284445442259,14592.2663366979814,30.2572743632975971,120.000165736193182,10029.2091395501448,15.94985936533228,736.262500878905371,0.695241372197343721,734.388346459839227,0.00911254913687886692,52.4997781081464154,736.138056542989375,2.39457467524629797,-13.3228361798379353,-6.43543377386216842e-06,-0.00149898950427279545,6.98270072119899375e-05,7.61964498006128111e-07,0.0894625664355560568,0.00324055210848049049,0.071366352997535229,1.23767666100521362e-05,0.161280971879449536,-2.51972755433365635e-05,0.999444552321007706,0.848740768264112821,0,0,0,4762.22602481120975,4673.76036319681043,549.628374449996159,466.667807147968972,0.00151613768231952171,1,-0.200521586669542617,3.79683844974179808e-05,0.848740768264112821
44.29998228,44.2999822799968328,14593.6627929918468,14593.6006789718595,30.2574766536451136,120.000166495010475,10051.6343984124815,16.0228523960048896,736.491481552337632,0.695461135908293726,734.627113896465403,0.00911400049095134612,52.370849183891039,736.366324779533329,2.40048396444032619,-13.3632292535064252,-6.4271018428739622e-06,-0.00154537877472089575,6.98201962461491655e-05,7.44640811315952349e-07,0.0893140641529897028,0.00324756907801620771,0.0711686233008231584,1.23748892138901008e-05,0.160383994041281508,-2.52021773014106378e-05,0.99805348659506965,0.846882256864173177,0,0,0,4741.65580928124109,4673.64194148815841,549.62469266213111,466.663055300138694,0.00151607198056708014,1,-0.199766603594598163,3.7974135293396887e-05,0.846882256864173177
44.39998224,44.3999822399968238,14595.000944070518,14594.9388238704032,30.2576790064180621,120.000167255698983,10074.0665782513443,16.0960251952360451,736.718387933155554,0.695678953225853158,734.863695694904663,0.00911554337575082307,52.2430070474582635,736.592602623137395,2.40638954694626106,-13.3988939096600674,-6.41839993118250944e-06,-0.00159080333732305925,6.98142122350362871e-05,7.27049102170597955e-07,0.0891609680290212092,0.00325458532425588727,0.0709726983598362449,1.23731720631499862e-05,0.159485676021296319,-2.52073313730428813e-05,0.996672803082907621,0.845019653048318053,0,0,0,4721.07852373029618,4673.52395541337683,549.621024414881049,466.65828991108549,0.00151600609377351096,1,-0.199017313909858135,3.798055733728344e-05,0.845019653048318053
44.4999822,44.4999821999968148,14596.3424266017973,14596.280300194092,30.2578814210703406,120.000168018257526,10096.5056185284684,16.169377648355681,736.943225952324838,0.695894828479346028,735.098095961631998,0.0091171769523914481,52.1162883125778649,736.816895798700671,2.41229145662494382,-13.4298638422331109,-6.409330858423733e-06,-0.00163523711482687598,6.98090478568132882e-05,7.09201843315967787e-07,0.0890033757194960001,0.00326160092724144283,0.0707786240100459763,1.23716137574128965e-05,0.158586114404417555,-2.52127378947463856e-05,0.995303120766126259,0.843153252283205701,0,0,0,4700.49789800448707,4673.40640466250261,549.617369698798598,466.653512658762622,0.00151594004515584338,1,-0.198273898934119508,3.79876408771780889e-05,0.843153252283205701
44.59998216,44.5999821599968058,14597.686772890389,14597.6246402602865,30.2580838970575137,120.00016878268498,10118.9514588910115,16.2429096461656535,737.166001976580674,0.696108766417203206,735.330319268044491,0.00911890043705887443,51.9907294826459179,737.039210860271396,2.41818972984870628,-13.4561748468766211,-6.39989859610439756e-06,-0.00167865791591378173,6.98046955439770531e-05,6.91111802379091896e-07,0.088841387390262691,0.00326861596692306234,0.0705864458747972184,1.2370212968097708e-05,0.157685413675743707,-2.52183975549991322e-05,0.993945067525653259,0.84128334013467243,0,0,0,4679.91763603052095,4673.28928885464211,549.613728502229833,466.648725208718702,0.00151587385775656786,1,-0.197536530100576591,3.7995375554317643e-05,0.84128334013467243
44.69998212,44.6999821199967968,14599.0335189029574,14598.9713800450136,30.2582864338367408,120.000169548980196,10141.4040391605886,16.3166210767342292,737.386721635074764,0.69632077109949031,735.560369504009714,0.00912071307028039513,51.8663665168533043,737.259552854495723,2.4240843978205362,-13.4778647844936756,-6.39010839236416739e-06,-0.00172104906121959005,6.98011475952099437e-05,6.72791873565460345e-07,0.0886751051067131146,0.00327563052184533677,0.0703962088897539806,1.23689684163131822e-05,0.156783670630491506,-2.52243112751906557e-05,0.992599267418470488,0.839410215656402059,0,0,0,4659.34130228534013,4673.1726075392553,549.610100811347138,466.643929213460297,0.00151580755443483299,1,-0.196805370536664997,3.80037506010456213e-05,0.839410215656402059
44.79998208,44.7999820799967878,14600.3822045214474,14600.3200594253613,30.2584890308666701,120.000170317142064,10163.8632993258561,16.3905118322340257,737.605390987544183,0.696530847001730624,735.788251071281593,0.00912261410051851129,51.7432344962182924,737.477927655487747,2.42997549418417247,-13.494973601746409,-6.37996692095591498e-06,-0.00176240018935551121,6.97983963386958697e-05,6.54255008343049701e-07,0.0885046323789626388,0.00328264467043590767,0.0702079567389354842,1.23678788308979916e-05,0.155880990208312697,-2.52304800331337812e-05,0.991266335352269601,0.83753416818965476,0,0,0,4638.77257246921545,4673.05636019636677,549.606486610170919,466.639126311550342,0.00151574115785398566,1,-0.19608057615573557,3.80127549221673757e-05,0.83753416818965476
44.89998204,44.8999820399967788,14601.7323737107217,14601.6702223765587,30.2586916876074845,120.00017108716942,10186.329179544291,16.4645817993688901,737.822015714824374,0.696738998250998387,736.01396810340475,0.00912460274270787686,51.6213671545853572,737.694340347989964,2.4358630496903344,-13.5075432460629798,-6.36948207766667831e-06,-0.00180270713005249131,6.97964341539773298e-05,6.35514048423532697e-07,0.0883300734302200213,0.00328965849010753051,0.0700217312980790096,1.23669429057362472e-05,0.154977474116310826,-2.52369044743729483e-05,0.989946863859484716,0.835655493456813891,0,0,0,4618.2150286981896,4672.94054623789816,549.602885880597796,466.634318127010999,0.00151567469047335867,1,-0.195362297661081152,3.8022377296301477e-05,0.835655493456813891
44.999982,44.9999819999967698,14603.0835745409131,14603.0214169526262,30.258894403493855,120.000171859061112,10208.8016171465842,16.5388308662164043,738.036265034082248,0.696944911253311261,736.23718866910599,0.00912667422633628433,51.5007809918753878,737.908459576650216,2.44174598146957456,-13.5156106509278047,-6.35868529480469741e-06,-0.00184157734485152608,6.97952383234848805e-05,6.16581074789559443e-07,0.0881515423434036105,0.00329667205730487444,0.0698375829139536303,1.23661595763826439e-05,0.153858778719297845,-2.52462534054409978e-05,0.988655777940849245,0.83378002298615328,0,0,0,4597.7205608851591,4672.82516472676252,549.599298596304948,466.629506269243848,0.00151560817454717283,1,-0.194650652892362164,3.80326071634793628e-05,0.83378002298615328
45.09998196,45.0999819599967608,14604.4353582859039,14604.3731944563569,30.2590971778072344,120.000172632815307,10231.2805324783476,16.613258855238211,738.247640446033301,0.697148114035854527,736.457410310377213,0.00912882320615038267,51.3815272226602815,738.11978622444235,2.44762264029533716,-13.5192092301343294,-6.34763159224079987e-06,-0.00187855970151423832,6.97947725215338063e-05,5.97463721491129717e-07,0.0879692150559118619,0.0033036854450341881,0.069655624568852631,1.23655298117412024e-05,0.152697748262010047,-2.52564674079195148e-05,0.987381368863611941,0.831919315572307583,0,0,0,4577.42419453348703,4672.71021221141837,549.595724657333903,466.624692336240628,0.0015155416321689561,1,-0.193945569270221552,3.80434391058913926e-05,0.831919315572307583
45.19998192,45.1999819199967519,14605.7872804552317,14605.7251103759318,30.2593000097859068,120.000173408430072,10253.7658410968925,16.6878655793331845,738.456186870465558,0.697348647794526433,736.674673512337677,0.00913105152247051244,51.2636835331067005,738.328364325059852,2.45349316715088328,-13.518387511229399,-6.33634369921248417e-06,-0.00191415943676915049,6.97950321214071154e-05,5.78167021047299314e-07,0.0877832584459062315,0.00331069872443179748,0.0694759533924899364,1.2365055212551012e-05,0.151549551422204193,-2.52668871043415754e-05,0.986121557960497053,0.830073276519698533,0,0,0,4557.32798956042097,4672.59568408638461,549.5921639206083,466.619877910908428,0.00151547508522076216,1,-0.193246994353197393,3.80548707115157988e-05,0.830073276519698533
45.29998188,45.2999818799967429,14607.1389016099274,14607.0767252829082,30.2595028986810526,120.000174185903461,10276.2574599933941,16.7626508500336584,738.66195145092172,0.697546555838095106,736.889024021200839,0.00913336024602906527,51.1472845315143445,738.534239987470073,2.45935771055389241,-13.5131979532312698,-6.32484344241022973e-06,-0.00194891729224350011,6.97960206735302507e-05,5.58694704236512139e-07,0.0875937857617506421,0.00331771196666347679,0.069298607829104561,1.23647363023390175e-05,0.150413872429883189,-2.52775203674311403e-05,0.984877131145665663,0.82824152151237973,0,0,0,4537.42687886618842,4672.4815758665809,549.588616246407355,466.615064558164136,0.00151540855533305926,1,-0.192555031181312203,3.80669010444963237e-05,0.82824152151237973
45.39998184,45.3999818399967339,14608.4897876344621,14608.4276050551016,30.2597058437563149,120.000174965233626,10298.7553075367578,16.8376144884459507,738.864979870815318,0.697741880110191448,737.100508810790416,0.00913574918850756923,51.0323260974092818,738.737457724364958,2.46521641437770889,-13.5036936603561415,-6.31314634020248717e-06,-0.00198330674243451079,6.97977463815344817e-05,5.39049186849319471e-07,0.0874008585941352251,0.00332472524348145868,0.0691235739721858811,1.23645719280641314e-05,0.149290330943146976,-2.52883624949298411e-05,0.983647935972918774,0.826423683424996169,0,0,0,4517.71606736989088,4672.36788318712388,549.585081498762975,466.610253823966332,0.00151534206387137372,1,-0.191869934807632758,3.80795306881404988e-05,0.826423683424996169
45.4999818,45.4999817999967249,14609.8395096361637,14609.7773208152284,30.2599088442873985,120.000175746418833,10321.2593034336878,16.912756326617945,739.065316700203084,0.697934661516542376,737.309175701996082,0.0091382167797897651,50.9187754301647715,738.9380610501413,2.47106941983303496,-13.4899257429871753,-6.30125652908689911e-06,-0.00201766466098657251,6.98002184170838874e-05,5.19232147512442205e-07,0.0872044969888888383,0.00333173862772901015,0.0689507992332216157,1.23645590904240313e-05,0.148178493586980237,-2.52993973368366433e-05,0.982433104087166997,0.824619417506365471,0,0,0,4498.19091256510183,4672.25460179791935,549.581559545285359,466.605447235673182,0.00151527563194129525,1,-0.191192084284626584,3.80927610720354314e-05,0.824619417506365471
45.59998176,45.5999817599967159,14611.1876436434686,14611.1254485850568,30.260111899561803,120.000176529457164,10343.7693687004394,16.9880761788201369,739.263005210614097,0.698124939749334539,737.515072230346732,0.00914076026033860956,50.8065844408118892,739.136092033332602,2.47691686399876598,-13.4719415664669597,-6.28916391853884472e-06,-0.00205214826081477012,6.98034433064582694e-05,4.99245556944730998e-07,0.0870046952902520238,0.00333875219291732053,0.0687802105677130377,1.23646932095125555e-05,0.147077905941099679,-2.53106009632217623e-05,0.981231365611894502,0.822828387545226581,0,0,0,4478.84702796032889,4672.1417275584472,549.578050257005657,466.600646303117173,0.00151520928040337522,1,-0.190521936898217559,3.81065932403012409e-05,0.822828387545226581
45.69998172,45.6999817199967069,14612.5337702259421,14612.4715689431505,30.2603150088783792,120.000177314346999,10366.2854256102146,17.0635738880428747,739.458087638268353,0.698312753534799491,737.718244901453431,0.00914337612683202572,50.6957042515710441,739.331591770200589,2.48275888142752788,-13.4497841069344304,-6.27684432781896328e-06,-0.00208672296787213926,6.98074221091703618e-05,4.79092972847338109e-07,0.08680144094760113,0.00334576601303892673,0.0686117341286244659,1.23649687249587827e-05,0.145988116336615986,-2.53219466966516645e-05,0.980041393566173147,0.821050272460417507,0,0,0,4459.68018223969557,4672.02925643325489,549.574553508231475,466.595852519958441,0.00151514302989187721,1,-0.189859972670570476,3.81210262769264929e-05,0.821050272460417507
45.79998168,45.7999816799966979,14613.8774740323424,14613.8152665335547,30.2605181715472256,120.00017810108659,10388.8073976836095,17.1392492849693916,739.650605157745872,0.698498140607145879,737.918738256460301,0.0091460607269047145,50.5860984516766621,739.524600303540979,2.48859560389921253,-13.4234923931080345,-6.26426258049667269e-06,-0.0021211807885780443,6.98121488277991532e-05,4.58780787384139479e-07,0.0865947330843449964,0.00335278016188544437,0.068445313228566923,1.23653799014836262e-05,0.144908704715849657,-2.53334106617608999e-05,0.978862128392290476,0.819284764069776017,0,0,0,4440.68631447985626,4671.91718448769825,549.571069176413857,466.591067365329536,0.00151507690083755556,1,-0.189206638683967088,3.81360557622132491e-05,0.819284764069776017
45.89998164,45.8999816399966889,14615.2183434665203,14615.1561297590742,30.2607213868892764,120.000178889674302,10411.3352096419803,17.2151022112243801,739.84059786760065,0.698681137694134979,738.116594178977721,0.00914881087073093902,50.4777531890467799,739.715156584947522,2.49442716028988531,-13.3931028793760802,-6.25137802779957285e-06,-0.00215518409505855487,6.98176102626386398e-05,4.38319164082877471e-07,0.0863845980119196249,0.00335979471233303949,0.0682809219852457405,1.23659216557366399e-05,0.143839305149632946,-2.53449766275624075e-05,0.977693032224975278,0.81753156753709888,0,0,0,4421.86153653742895,4671.80550788372511,549.567597142017576,466.586292304989684,0.00151501091348364703,1,-0.188562301640386787,3.81516725801398852e-05,0.81753156753709888
45.9999816,45.9999815999966799,14616.5559705346823,14616.4937506390434,30.2609246542359607,120.000179680108559,10433.8687873696945,17.2911325139036727,740.028104750795364,0.698861780479329786,738.311851491863308,0.0091516243419500487,50.3706827823357912,739.90329840050299,2.5002536762852885,-13.3586514538248693,-6.23815146557467825e-06,-0.00218832620744081234,6.98237872258709153e-05,4.17722443580984589e-07,0.086171099513522878,0.00336680973568386247,0.0681185728812144786,1.23665902462787195e-05,0.142779620109453248,-2.53566393078442623e-05,0.976534239456394726,0.81579040235114797,0,0,0,4403.20214133147419,4671.69422287557973,549.564137288387315,466.581528791868948,0.00151494508789343685,1,-0.187927215381324286,3.81678623503119429e-05,0.81579040235114797
46.09998156,46.0999815599966709,14617.8899509049952,14617.8277248350441,30.2611279729289571,120.000180472387754,10456.4080578893772,17.3673400373689475,740.213163624555364,0.699040103554917858,738.504545888872599,0.00915450020803509901,50.2649303266016432,740.089062281580254,2.50607527400447871,-13.3201757107464189,-6.22455217437517294e-06,-0.00222019821520965874,6.98306567961228604e-05,3.9700891021443401e-07,0.0859543426926985266,0.00337382530118135633,0.0679583175353362101,1.23673836918033157e-05,0.141729424868016485,-2.53684055099356568e-05,0.975386588040984881,0.814061003550338058,0,0,0,4384.70461390786932,4671.58332580532806,549.560689501608636,466.576778265855637,0.00151487944394736499,1,-0.187301507256468103,3.81846056261398063e-05,0.814061003550338058
46.19998152,46.1999815199966619,14619.2198841795325,14619.1576519384744,30.2613313423198456,120.000181266510381,10478.952949316008,17.4437246355557036,740.395811094583109,0.699216140379213202,738.694710191132685,0.00915743888117703797,50.1605635752374042,740.272483422918867,2.51189207161852801,-13.2777171038857276,-6.21056379950672471e-06,-0.00225045128572928755,6.98381951284740522e-05,3.76199921407999278e-07,0.0857344712615700499,0.00338084147578369965,0.0678002410799226352,1.23683018517789568e-05,0.140688562093177566,-2.53802930408407125e-05,0.974251535667841617,0.81234312289433086,0,0,0,4366.36564205172363,4671.47281309819027,549.557253670364503,466.572042152828203,0.00151481400132969868,1,-0.18668518404491391,3.82018788698762374e-05,0.81234312289433086
46.29998148,46.2999814799966529,14620.5453743562102,14620.4831359811105,30.2615347617696067,120.00018206247492,10501.5033908134865,17.520286161032832,740.576082526578489,0.699389923251010015,738.882374869174328,0.00916044192136244995,50.0576670869593272,740.453595627139293,2.51770418303011034,-13.2313226436822688,-6.19618803246231467e-06,-0.00227884520565554667,6.98463802766095538e-05,3.55318533918890835e-07,0.0855116591625276201,0.00338785832421710726,0.0676444514919634227,1.23693461586605919e-05,0.139656928160592414,-2.53923275956374933e-05,0.973130982196411365,0.810636529716039056,0,0,0,4348.18212357612174,4671.3626812577113,549.553829685784649,466.567321863009965,0.00151474877950585007,1,-0.186078155064454243,3.82196560550019038e-05,0.810636529716039056
46.39998144,46.3999814399966439,14621.8660304881632,14621.8037859904325,30.2617382306483833,120.000182860279935,10524.059312558602,17.5970244745755018,740.754012044197793,0.6995614833094288,739.067568734981478,0.00916351162469619673,49.9563321288611064,740.632431289128817,2.52351171767916638,-13.1810458970549362,-6.18144545428148741e-06,-0.00230527670043191059,6.98551945163299515e-05,3.34387832480894051e-07,0.0852860982234077275,0.00339487590929027101,0.0674910659034613225,1.23705190602236816e-05,0.138634453899119825,-2.54045382913615134e-05,0.972027032770689692,0.808941011259771692,0,0,0,4330.15116819237937,4671.2529268608796,549.550417441294258,466.562618788621023,0.00151468379768998629,1,-0.185480267599233362,3.82379106571012411e-05,0.808941011259771692
46.4999814,46.4999813999966349,14623.1814672984183,14623.1192167069403,30.2619417483350119,120.000183659924005,10546.6206456905238,17.6739394383273876,740.929632557638115,0.699730850562570672,739.250319689781463,0.00916665047602172045,49.8566460617338407,740.809021426326922,2.52931478050477399,-13.1269471738683379,-6.16637340105757317e-06,-0.00232978467483017839,6.98646257788501868e-05,3.13429237627720983e-07,0.0850579840305647067,0.00340189429239498185,0.0673401962300443774,1.23718232791053575e-05,0.137621083094407987,-2.54169526121975073e-05,0.970941742526628127,0.807256372407272327,0,0,0,4312.27009293573792,4671.14354655330499,549.547016832463441,466.557934301689556,0.00151461907481485682,1,-0.184891348372747566,3.82566177038395563e-05,0.807256372407272327
46.59998136,46.5999813599966259,14624.4913058578968,14624.4290491882766,30.2621453142166636,120.000184461405752,10569.1873222737468,17.7510309185358217,741.102975821809196,0.699898053944280729,739.430655413527575,0.00916986056623803059,49.7586828862635571,740.983395753183459,2.53511347207592586,-13.0690929182538511,-6.15102123575392805e-06,-0.00235253327599316492,6.98746679872852116e-05,2.92461059075050709e-07,0.0848275023167847364,0.00340891353409603472,0.0671919363883341503,1.23732610253029296e-05,0.136616752164755245,-2.54295917017326139e-05,0.969876883674069212,0.805582434797740388,0,0,0,4294.5364111953204,4671.03453704459298,549.543627756863316,466.55326975163706,0.00151455462949849932,1,-0.184311244132394636,3.82757555616859116e-05,0.805582434797740388
46.69998132,46.6999813199966169,14625.7951741442084,14625.7329114293589,30.2623489276885316,120.000185264723754,10591.7592752620203,17.8282987773465393,741.274072518420439,0.700063121393186716,739.608603899818036,0.00917314306804639656,49.6624963252951943,741.155582791166808,2.54090788886180663,-13.0075544446581475,-6.13544382523306344e-06,-0.00237377704638894573,6.98853202876014394e-05,2.71497521271679753e-07,0.084594817910919759,0.00341593369469662001,0.0670463529583135709,1.23748332881999863e-05,0.135621374002919626,-2.54424667468988834e-05,0.968833769398378619,0.80391903544299359,0,0,0,4276.94781645065996,4670.9258951040365,549.540250113930369,466.548626463288485,0.00151449048001683255,1,-0.183739855227604831,3.8295307179765333e-05,0.80391903544299359
46.79998128,46.799981279996608,14627.0927074439824,14627.0304387047872,30.2625525881534934,120.000186069876747,10614.3364384595479,17.9057428919492025,741.442952352839484,0.700226079945268753,739.784193771108903,0.00917649787069896306,49.5681163240776641,741.325610000653342,2.54669812361485537,-12.9424062492720466,-6.11969430322586072e-06,-0.00239381486857319359,6.98965853581654727e-05,2.50548408988647299e-07,0.0843600677483902217,0.0034229548346781844,0.0669034804771042879,1.23765393437394302e-05,0.134634828042803856,-2.54555770646813784e-05,0.967813157487394049,0.802266025012053685,0,0,0,4259.50216257239117,4670.81761755671778,549.536883804845161,466.544005735439669,0.0015144266442839293,1,-0.183177157533423729,3.83152606020950538e-05,0.802266025012053685
46.89998124,46.899981239996599,14628.3835485763848,14628.3212738402181,30.2627562950218163,120.000186876863395,10636.9187464920033,17.9833631326968764,741.609644230512913,0.700386955901096564,739.957454423228569,0.00917992341890960795,49.4755492635774203,741.493504069130381,2.55248426631720271,-12.8737241783051815,-6.10381730161375571e-06,-0.00241294064143364852,6.99084671357121741e-05,2.29619376886110574e-07,0.0841233587129998489,0.00342997701502541219,0.0667633217489341652,1.23783765361749567e-05,0.133656957568640045,-2.54689100964641711e-05,0.966815242304072342,0.80062326898195102,0,0,0,4242.19744300904949,4670.7097012799677,549.53352873242045,466.539408840061185,0.001514363139841126,1,-0.182623210194966634,3.83356086824068368e-05,0.80062326898195102
46.9999812,46.99998119999659,14629.6673479266465,14629.605067225204,30.2629600477109904,120.000187685682448,10659.5061347846258,18.0611593781488118,741.774176050606457,0.700545774631056162,740.128415562175519,0.00918341677751888241,49.3847815490227049,741.659290439827487,2.55826640254269222,-12.8015837216179591,-6.08784365159180119e-06,-0.00243139853906425415,6.99209683454338215e-05,2.087128399880409e-07,0.0838847702194426281,0.00343700029687772808,0.0666258527481416868,1.23803403707693249e-05,0.132687573968239186,-2.54824433581539932e-05,0.965839732988561406,0.798990634004741795,0,0,0,4225.03177072705603,4670.60214320051819,549.530184801011501,466.53483702217909,0.00151429998385544848,1,-0.182078149229123104,3.83563480885445844e-05,0.798990634004741795
47.09998116,47.099981159996581,14630.9437633752823,14630.8814767420427,30.2631638456454795,120.000188496332598,10682.0985395364569,18.139131501395255,741.936575229931805,0.700702561069992291,740.297107300228276,0.00918697391610656666,49.2957858486303167,741.822994307684098,2.56404461688463803,-12.726058704548052,-6.07178744078280266e-06,-0.0024493494041411914,6.99340883071917981e-05,1.87829339150008125e-07,0.0836443608917589732,0.00344402474180838638,0.0664910310281553313,1.23824248905564724e-05,0.131726466894344529,-2.54961477168626315e-05,0.964885991841347046,0.797368004286900467,0,0,0,4208.00336258332572,4670.49494029188281,549.526851916434111,466.530291500126964,0.00151423719312318789,1,-0.18154216864946901,3.83774777133648125e-05,0.797368004286900467
47.19998112,47.199981119996572,14632.2124600447714,14632.1501675137752,30.263367688256519,120.000189308812722,10704.6958976934966,18.2172793933052617,742.096868463604096,0.700857339490521203,740.463559400197823,0.00919059014389933537,49.2085287263341797,741.984640099713602,2.56981899118343105,-12.6472204963301493,-6.05564567717911071e-06,-0.00246685266878102476,6.9947821312081875e-05,1.66969087763034744e-07,0.0834021778300327726,0.00345105041104917928,0.0663588060694847992,1.23846232677978548e-05,0.130773417939498288,-2.5509991725395174e-05,0.963953217146059083,0.795755268723098319,0,0,0,4191.11052651789396,4670.38808957188212,549.523529985886967,466.525773466447845,0.00151417478408245225,1,-0.181015493522124649,3.83989968383607853e-05,0.795755268723098319
47.29998108,47.299981079996563,14633.4731100797653,14633.4108116812458,30.2635715749820022,120.00019012312157,10727.2981469469269,18.2956029324412377,742.255081828979314,0.70101013360062947,740.627800857873581,0.00919426063099870738,49.1229784605968121,742.144251657468317,2.57558960516382607,-12.5651378391136461,-6.03940060085518288e-06,-0.00248386538461251071,6.99621558542146171e-05,1.46133504536057696e-07,0.0831582669456407686,0.00345807736502237164,0.0662291298334879708,1.23869285051958064e-05,0.129828215675340974,-2.5523946053250475e-05,0.963040631501496658,0.794152323319147424,0,0,0,4174.35165498873448,4670.28158810062087,549.520218917888315,466.521284088677533,0.00151411277282406361,1,-0.180498349295839855,3.84209032826997109e-05,0.794152323319147424
47.39998104,47.399981039996554,14634.7253923751414,14634.6630881413657,30.263775505266306,120.000190939257948,10749.9052256999203,18.3741020028367217,742.41124079344354,0.701160966550328335,740.78985946448222,0.00919798092538304246,49.039111803236267,742.301852239557547,2.58135653644656404,-12.4798772526683024,-6.02302414591763272e-06,-0.00250025725319452576,6.99770747900510894e-05,1.2532647949389489e-07,0.0829126826313167642,0.00346510566276207483,0.0661019658797940002,1.23893341321019233e-05,0.128890669457419671,-2.55379873650768749e-05,0.962147649156472329,0.792559071122897807,0,0,0,4157.72522310011118,4670.17543297848169,549.516918622213325,466.51682451031229,0.00151405117510501554,1,-0.179990932657902225,3.84431918445287047e-05,0.792559071122897807
47.499981,47.499980999996545,14635.9689924046397,14635.9066823758531,30.2639794785600955,120.000191757220747,10772.517073055631,18.4527764967313601,742.565370203887937,0.701309860921278894,740.949761489066987,0.00920174738568868555,48.9569187210522614,742.457464498227978,2.58711986045091091,-12.3915039001261604,-6.00648376948116966e-06,-0.00251583812888818989,6.99925563573713906e-05,1.04555187719514429e-07,0.0826654953191881953,0.00347213536139178835,0.0659772957512831798,1.23918347867442831e-05,0.127960619969187422,-2.55521011184987353e-05,0.961273997665390456,0.790975422531996486,0,0,0,4141.22979076117736,4670.06962134411606,549.513629009831675,466.512395851419853,0.00151399000635700346,1,-0.17949338824054567,3.84658532647024769e-05,0.790975422531996486
47.59998096,47.599980959996536,14637.2036021202803,14637.1412863380774,30.2641834943201893,120.000192577008832,10795.1336287991871,18.5316263036307909,742.717494264970924,0.701456838706014274,741.10753152396353,0.00920555747045459505,48.8764045419906097,742.611110440525295,2.59287965023003109,-12.3000827351117223,-5.98974870124961126e-06,-0.00253039279791847718,7.00085758554229415e-05,8.38303504484087629e-08,0.0824167959075291084,0.00347916651574026571,0.0658551218503226204,1.23944266046951733e-05,0.127037945083916498,-2.55662828301997059e-05,0.960419778453680872,0.78940129584231411,0,0,0,4124.86400744044204,4669.96415037237966,549.510349992844112,466.507999208997148,0.00151392928169143408,1,-0.179005794390516115,3.84888738437699895e-05,0.78940129584231411
47.69998092,47.699980919996527,14638.4289200417697,14638.3665985434909,30.2643875520093424,120.000193398621121,10817.7548333740287,18.6106513185117315,742.867636514385254,0.701601921284840779,741.263192507972462,0.00920940983645235356,48.7975893722639853,742.762811386033832,2.59863597627180853,-12.2056797208001413,-5.97279562911486099e-06,-0.00254371710844322925,7.00251076844847096e-05,6.31659226668555327e-08,0.0821666965981432268,0.00348619917814973557,0.0657354666308334334,1.23971073499712433e-05,0.126122560482641199,-2.55805377256204725e-05,0.959585461580395815,0.787836617874872469,0,0,0,4108.62661780402232,4669.85901727215878,549.507081484414698,466.503635656652023,0.00151386901589512521,1,-0.178528159475301818,3.85122357486655502e-05,0.787836617874872469
47.79998088,47.799980879996518,14639.6446513496339,14639.5823241762791,30.2645916510960546,120.00019422205655,10840.3806278599968,18.6898514377194189,743.015819803040586,0.701745129407389423,741.416765913155473,0.00921330424817079496,48.7205050833504743,742.912587932611245,2.60438890631556852,-12.1083629160361426,-5.95561298387251633e-06,-0.00255564974967047122,7.00421274067575391e-05,4.25782830406782544e-08,0.081915328276351479,0.0034932333984907262,0.0656183685141541323,1.23998762917984295e-05,0.125214415298736476,-2.55948788867265249e-05,0.958771820443282463,0.786281324521413749,0,0,0,4092.51646658470827,4669.75421928410105,549.503823398700547,466.499306244271793,0.00151380922342580419,1,-0.178060428619234351,3.85359179288439002e-05,0.786281324521413749
47.89998084,47.899980839996509,14640.8505081944168,14640.7881753798574,30.2647957910544854,120.000195047314008,10863.0109539648729,18.769226553497603,743.162066286636104,0.701886483185503396,741.568272056974706,0.0092172413194060443,48.645190521753932,743.060459939290467,2.61013850521890456,-12.0082032598965256,-5.93820323625025381e-06,-0.00256609508951078898,7.00596135020416911e-05,2.20850695706503923e-08,0.0816628350913383566,0.00350026922437037934,0.0655038754131629791,1.24027338554808364e-05,0.124313483834963878,-2.56093242953246316e-05,0.957979821163224998,0.784735361074339721,0,0,0,4076.53250125234126,4669.6497536782781,549.50057565077941,466.495011996922074,0.00151374991839698715,1,-0.177602498922654062,3.85598974781723537e-05,0.784735361074339721
47.9999808,47.9999807999965,14642.0462099723518,14641.9838715704791,30.2649999713640412,120.000195874392489,10885.6457539770545,18.8487765676636592,743.306397432685344,0.702026002100629598,741.71773048501916,0.00922122213612741604,48.5716858208434701,743.206446531930169,2.6158848349052759,-11.9052749454450009,-5.92058296434624096e-06,-0.0025750341968837063,7.00775485615274336e-05,1.70385605689148584e-09,0.081409367278706693,0.00350730670149252723,0.0653920370529464529,1.24056811137550122e-05,0.123419754883143259,-2.56238932661823818e-05,0.95721048715401591,0.783198682252302714,0,0,0,4060.67377158764975,4669.5456177518372,549.49733815657703,466.490753913864921,0.00151369111456450649,1,-0.17715424029905702,3.85841512133308059e-05,0.783198682252302714
48.09998076,48.099980759996491,14643.2314836494625,14643.1691397017494,30.2652041915093442,120.000196703290996,10908.2849707644782,18.9285013834034537,743.448834044296177,0.702163705027163965,741.86516036288981,0.00922524782742906169,48.5000267676428507,743.350566133151233,2.62162795440177465,-11.7996553456080804,-5.90278080306639338e-06,-0.00258252322880116788,7.0095919765768145e-05,-1.85491258903407324e-08,0.0811550734617923902,0.00351434587409912109,0.0652828973736312018,1.24087192086660098e-05,0.122533220456964381,-2.56386028678300939e-05,0.956464761829647681,0.781671251887688046,0,0,0,4044.93942579469422,4669.44180882670662,549.49411083279449,466.486532967404855,0.00151363282531066182,1,-0.176715518222919643,3.86086572238409899e-05,0.781671251887688046
48.19998072,48.199980719996482,14644.4060640968382,14644.343714646051,30.2654084509799759,120.000197534008493,10930.9285477421581,19.0084008998014902,743.58939629916415,0.702299610270198271,742.010580819082975,0.0092293191479804193,48.4302400975072374,743.492836514004239,2.62736791996435093,-11.691424526474897,-5.88483370310757397e-06,-0.00258868037914685269,7.01147186136630957e-05,-3.86600294639435987e-08,0.0809000936561544426,0.00352138678542444385,0.0651764881914225769,1.24118487893340098e-05,0.121653865709751202,-2.56534648755096248e-05,0.955743391029137523,0.780153042298936006,0,0,0,4029.32870339108149,4669.33832424742832,549.490893596841715,466.482350101695033,0.00151357506362782292,1,-0.176286214727357976,3.86333961627300835e-05,0.780153042298936006
48.29998068,48.299980679996473,14645.5696942657232,14645.5073393526636,30.2656127492703284,120.000198366543998,10953.576428862958,19.0884750214132879,743.728103799919722,0.702433735613559485,742.154011192764301,0.00923343614326799234,48.3623403802814096,743.633274861548671,2.63310478527658631,-11.5806644448839151,-5.86678215924964821e-06,-0.00259366427149938837,7.01339399882704628e-05,-5.86180555761193887e-08,0.0806445540006959921,0.0035284294780850425,0.0650728250102171057,1.24150695614821074e-05,0.120781661420214403,-2.56684837065325634e-05,0.955046841809381153,0.778644033418794956,0,0,0,4013.84092562684236,4669.23516137918159,549.487686366774483,466.47820623211345,0.00151351784210990983,1,-0.175866244618489376,3.86583520981763137e-05,0.778644033418794956
48.39998064,48.399980639996464,14646.7221253737807,14646.6597650512376,30.2658170858794229,120.000199200896574,10976.2285585893969,19.1687236568979422,743.86497563038256,0.702566098373462067,742.295471158492091,0.00923759793734024726,48.2963288651286575,743.771897854366102,2.6388386016937635,-11.467457969112381,-5.84866519411616142e-06,-0.00259764778821405416,7.0153580747185751e-05,-7.84156641374632872e-08,0.0803885638946406356,0.00353547399435225496,0.0649719054757242342,1.24183800020283896e-05,0.119916560021658597,-2.56836555795686227e-05,0.954375267753071577,0.777144211783954209,0,0,0,3998.47548450021122,4669.13231760601775,549.484489061239856,466.474102244599749,0.00151346117294332851,1,-0.17545556465883419,3.8683512831237832e-05,0.777144211783954209
48.4999806,48.4999805999964551,14647.8631169199944,14647.800751238894,30.2660214603108386,120.000200037065284,10998.8848818897095,19.2491467149156001,744.000030411667694,0.702696715451559317,742.434980721059105,0.00924180267536045541,48.2321943194817209,743.90872173731475,2.64456941850100646,-11.3518878787252504,-5.83051586127419235e-06,-0.00260079173713013284,7.0173638083390142e-05,-9.80483193013877541e-08,0.080132215795115605,0.00354252037626574725,0.0648737105166818512,1.24217772820311316e-05,0.119058495439679807,-2.56989689759880399e-05,0.953728522612583229,0.775653569506105534,0,0,0,3983.23183162646546,4669.02979032933854,549.481301599427525,466.470038995602465,0.0015134050679063303,1,-0.175054174936675466,3.87088696530863292e-05,0.775653569506105534
48.59998056,48.5999805599964461,14648.9924366474152,14648.9300656574342,30.2662258720725781,120.00020087504916,11021.5453442237504,19.3297441013925564,744.133286352474329,0.70282560338236244,742.572560094100822,0.00924604761251557328,48.1699155857386927,744.043762387527295,2.65029728315199886,-11.2340359913992316,-5.81235792074282615e-06,-0.00260322245099994494,7.01941079290756016e-05,-1.17513845461046065e-07,0.0798755874988398423,0.00354956866558565291,0.0647782077979128929,1.24252573864487772e-05,0.11820738645939298,-2.57144062200391244e-05,0.953106216723320521,0.774172103340046713,0,0,0,3968.10946813392366,4668.92757696660283,549.478123901029676,466.46601731221125,0.00151334953837093333,1,-0.174662112750669785,3.87344166253393088e-05,0.774172103340046713
48.69998052,48.6999805199964371,14650.1098604016006,14650.0474841544801,30.2664303206768928,120.000201714847265,11044.2098915207371,19.4105157249911713,744.264761289135663,0.702952778370708908,742.708229492972237,0.00925032933420188996,48.1094653329248558,744.177035365571328,2.65602224146485755,-11.1139825339865581,-5.79420410414369406e-06,-0.00260501650110202916,7.02149836452909272e-05,-1.36811510100688597e-07,0.0796187463589100169,0.00355661890359457774,0.0646853567788380351,1.24288154102817106e-05,0.117363142776997109,-2.57299459010623724e-05,0.952507804212924802,0.772699813941275404,0,0,0,3953.10793654423014,4668.82567495021885,549.47495588620518,466.462037992661408,0.00151329459530997719,1,-0.174279440579225786,3.87601495163116325e-05,0.772699813941275404
48.79998048,48.7999804799964281,14651.2151719592512,14651.1527905057428,30.26663480564034,120.00020255645876,11066.8784701880741,19.4914615039471926,744.394472712802553,0.703078256316998274,742.842008883119888,0.00925464406043574606,48.0508143345545591,744.308555948323942,2.66174433775209307,-10.9918058284799116,-5.77605612817206346e-06,-0.00260619435529538257,7.023625518416042e-05,-1.5594098384055894e-07,0.0793617546293095,0.00356367113078946132,0.0645951144755561174,1.24324459677237847e-05,0.116525672576826389,-2.57455656825955923e-05,0.951932685278389146,0.771236705371446174,0,0,0,3938.22681522610128,4668.72408172658652,549.471797475550943,466.458101806943887,0.00151324024930563506,1,-0.173906230438890419,3.87860645698700715e-05,0.771236705371446174
48.89998044,48.8999804399964191,14652.3081628344953,14652.2457762146041,30.2668393264836517,120.000203399882679,11089.5510270965187,19.5725813441902012,744.522437783290229,0.703202052829770885,742.97391772884373,0.00925898798932145439,47.9939355720899243,744.438339143197481,2.66746361488734118,-10.867582309616111,-5.75790634199489651e-06,-0.00260672329235196688,7.02579088262432814e-05,-1.74901346945004983e-07,0.0791046750155196682,0.0035707253865197206,0.0645074409829529127,1.2436143653544461e-05,0.115694890305818199,-2.57612450878672674e-05,0.951380306535611897,0.769782784867262704,0,0,0,3923.4657155816808,4668.62279475522428,549.468648590073144,466.454209497495469,0.00151318651055902293,1,-0.173542547362499133,3.88121573095004483e-05,0.769782784867262704
48.9999804,48.9999803999964101,14653.3886320777237,14653.3262403603439,30.2670438827315706,120.000204245118184,11112.227509561133,19.6538751639580944,744.648673331086343,0.703324183227083566,743.103974783645754,0.00926335761359453613,47.9388075434071652,744.566399686118984,2.67318011429968916,-10.7413868381486921,-5.73974064261409308e-06,-0.00260652841249438359,7.02799274961855901e-05,-1.93690284369214813e-07,0.0788475755476486101,0.0035777817086287975,0.064422303922166968,1.24399034680274985e-05,0.114870723405160038,-2.57769677552950748e-05,0.950850244072238948,0.768338062848528347,0,0,0,3908.82428171673291,4668.5218115079324,549.465509151162223,466.450361779914772,0.00151313338890017427,1,-0.17318843465517797,3.88384215507617489e-05,0.768338062848528347
49.09998036,49.0999803599964011,14654.4563862085342,14654.3939894429259,30.2672484739129359,120.000205092164421,11134.9078653497272,19.7353428801223423,744.77319585070893,0.703444662530073761,743.232197953705622,0.00926774997787438437,47.8854163257564096,744.69275202794654,2.6788938759217169,-10.613293230920398,-5.72154212543773689e-06,-0.00260550942487225304,7.0302291569910826e-05,-2.12303577612932199e-07,0.0785905330647700823,0.00358484013315020673,0.0643396812085564873,1.2443721162021116e-05,0.11405311701348661,-2.5792722964531455e-05,0.95034225765671676,0.766902553105998086,0,0,0,3894.30219197504312,4668.42112946793895,549.462379080565938,466.446559343201443,0.00151308089379142345,1,-0.172843903031839941,3.88648487571242003e-05,0.766902553105998086
49.19998032,49.1999803199963921,14655.5112390890718,14655.4488373281602,30.2674530995604307,120.000205941020525,11157.59204265886,19.8169844081880484,744.896021489592158,0.703563505452139193,743.358604252151281,0.00927216283094534077,47.8337561701305276,744.817410315286111,2.68460493810680711,-10.4833749011506683,-5.70329487911189458e-06,-0.00260356015896082149,7.03249800231812186e-05,-2.30734940297416087e-07,0.0783336348687121292,0.00359190069410828157,0.0642595618419205122,1.24475934408173436e-05,0.113242036046269645,-2.58085061673828635e-05,0.949856309899241524,0.765476273087981718,0,0,0,3879.89916153084096,4668.32074612901488,549.45925830036208,466.442802850206988,0.00151302903433370075,1,-0.172508925161259374,3.88914278020710753e-05,0.765476273087981718
49.29998028,49.2999802799963831,14656.5530119128525,14656.4906052119677,30.267657759210671,120.000206791685642,11180.2799901180788,19.8987996650288395,745.017166036987419,0.70368072638844037,743.483209846274576,0.00927659466307995118,47.7838286495463649,744.940388371980475,2.69031333753867719,-10.3517054934816599,-5.68498732861085176e-06,-0.00260058755521009504,7.03479717190874469e-05,-2.48976210165165508e-07,0.0780769784244178255,0.0035989634234393328,0.0641819447513057445,1.24515180135582414e-05,0.112437464509545948,-2.58243185436254528e-05,0.949392550084538378,0.764059244196213183,0,0,0,3865.61494511264709,4668.22065899452082,549.456146732929142,466.439092937674729,0.00151297781926716711,1,-0.17218343597604488,3.89181451598470356e-05,0.764059244196213183
49.39998024,49.3999802399963741,14657.5815332904458,14657.5191217044285,30.267862452403989,120.000207644158976,11202.9716567708438,19.9807885729892334,745.13664491696511,0.703796339409535787,743.606030185234772,0.00928104462686585308,47.7356406066721775,745.061699686822294,2.69601910915699383,-10.218359408113777,-5.66661466086567901e-06,-0.00259652722302453108,7.03712466317838511e-05,-2.67017828530000507e-07,0.0778206692970146025,0.00360602835104347711,0.0641068360263877535,1.2455493486218315e-05,0.111639402355794767,-2.5840165715613554e-05,0.948951267948131449,0.762651492007831111,0,0,0,3851.44933901339846,4668.12086557642215,549.453044300915394,466.435430215934673,0.00151292725696707984,1,-0.171867338281652238,3.89449854484435145e-05,0.762651492007831111
49.4999802,49.4999801999963651,14658.5966393053532,14658.5342228976406,30.2680671786843654,120.00020849843969,11225.6669920653476,20.0629510503124777,745.254473188557881,0.703910358261681135,743.727080184198712,0.00928551236716046446,47.6892013145580904,745.181357411505928,2.70172228611943011,-10.0834121336694977,-5.64818002497836788e-06,-0.00259135339839241738,7.03947868212991858e-05,-2.84849520109999423e-07,0.077564817775760464,0.00361309550494627769,0.0640342450932694235,1.24595191326699644e-05,0.110847860518990135,-2.58560558845355155e-05,0.948532826839610932,0.761253046359241403,0,0,0,3837.40218174817619,4668.0213633942767,549.449950927208079,466.431815268704383,0.00151287735544110963,1,-0.171560512465798093,3.8971932225175882e-05,0.761253046359241403
49.59998016,49.5999801599963561,14659.5981736779213,14659.535752497939,30.2682719375993408,120.000209354526973,11248.3659458428629,20.1452870179777683,745.370665554689481,0.704022796375717852,743.846374433924211,0.00928999778449401958,47.6445193557761968,745.299374370833561,2.70742289980722228,-9.9469403445409128,-5.62969441961721665e-06,-0.00258508217457909363,7.04185770299132607e-05,-3.02461055244822842e-07,0.0773095348060224841,0.0036201649115440342,0.0639641805149166465,1.24635945765602608e-05,0.110062855046077726,-2.58719976840218368e-05,0.948137588406558818,0.759863941254968589,0,0,0,3823.47335296830443,4667.92214997422161,549.446866534901005,466.428248652505488,0.00151282812232137408,1,-0.171262828409551038,3.89989688958751739e-05,0.759863941254968589
49.69998012,49.6999801199963471,14660.5859878212214,14660.523561935921,30.2684767287000049,120.000210212420015,11271.0684683380841,20.2277963969654131,745.48523637997414,0.704133666884048437,743.963927403213347,0.00929450078226778942,47.6015997305178189,745.415763085006574,2.71312097988182011,-9.80902175867133508,-5.61117538011329553e-06,-0.00257776801207232689,7.04426048350314794e-05,-3.19842966188274668e-07,0.0770549279107089063,0.00362723659588369855,0.0638966461027057619,1.24677194516179177e-05,0.109284401255323044,-2.58879981439550939e-05,0.947765841115600471,0.758484214595325446,0,0,0,3809.66277059000413,4667.82322284801921,549.443791047266018,466.42473089646478,0.00151277956486174604,1,-0.170974157700230611,3.90260795838653788e-05,0.758484214595325446
49.79998008,49.7999800799963381,14661.5599409863353,14661.4975104469613,30.2686815515407766,120.000211072118049,11293.7745101579494,20.3104791123591539,745.598199715994838,0.704242982644916915,744.079753605200722,0.00929902103103552591,47.5604416304627762,745.530535801862584,2.71881655438560177,-9.66973478947903686,-5.59264475509380071e-06,-0.00256949457457082307,7.04668603673250043e-05,-3.36987119915848637e-07,0.076801097733398882,0.00363431058193739061,0.0638316379257139466,1.2471893085067374e-05,0.108512508829361795,-2.59040610372024645e-05,0.947417743620339703,0.757113907746922887,0,0,0,3795.97038635282752,4667.72457955217578,549.440724387723662,466.421262501796377,0.00151273168993079892,1,-0.170694384112784592,3.9053249839582413e-05,0.757113907746922887
49.89998004,49.8999800399963291,14662.5199002586305,14662.4574651262537,30.2688864056794351,120.000211933620292,11316.4840222763469,20.3933350878763235,745.709569331568218,0.704350756270999412,744.193867706287392,0.00930355778671421163,47.5210371780091236,745.643704535463598,2.72450964987313204,-9.52915805545724481,-5.57412598243022851e-06,-0.00256036175143247715,7.04913356698459498e-05,-3.53887062628580858e-07,0.0765481356903464777,0.00364138689282837106,0.0637691426193866123,1.24761142535625474e-05,0.107747178489906739,-2.59201858511377386e-05,0.947093290657331277,0.755753065002988444,0,0,0,3782.39618030378233,4667.62621762716572,549.437666479820109,466.417843941815704,0.00151268450401205088,1,-0.170423410995373725,3.90804670850942879e-05,0.755753065002988444
49.99998,49.9999799999963201,14663.4657405763865,14663.4033009157047,30.2690912906770571,120.000212796925922,11339.1969560386788,20.4763642431330872,745.819358744839292,0.704457000159781299,744.306284566996055,0.00930810979001073235,47.4833712576973994,745.75528110666221,2.73020029156490196,-9.38736982845974666,-5.55564131769500458e-06,-0.00255047117262932783,7.05160238228454302e-05,-3.70538107728317888e-07,0.0762961230093954085,0.00364846555098050605,0.0637091371627444836,1.24803810481900808e-05,0.106988400641160594,-2.59363674869048933e-05,0.946792305203885465,0.754401732995296892,0,0,0,3768.9401548065307,4667.52813461678488,549.434617247206461,466.41447566187253,0.00151263801320312388,1,-0.170161164558256972,3.91077207547334336e-05,0.754401732995296892
50.09997996,50.0999799599963112,14664.3973446674645,14664.3349005394139,30.2692962060979056,120.000213662034255,11361.9132631403663,20.5595665114210178,745.927581253932431,0.704561726522352605,744.417019215357527,0.0093126752473433605,47.4474223866579905,745.865277181210217,2.73588850349173685,-9.24444750533800175,-5.5372094436242122e-06,-0.00253991258570336652,7.05409179864946933e-05,-3.86937166043820971e-07,0.0760451311966783006,0.00365554657817285678,0.0636515900513777572,1.248469084884933e-05,0.106236156011869393,-2.59525966774700178e-05,0.946514456166091755,0.753059960123406702,0,0,0,3755.60232874042549,4667.43032806762312,549.431576613621587,466.411158079576865,0.00151259222321892478,1,-0.169907592935090029,3.91350021251136266e-05,0.753059960123406702
50.19997992,50.1999799199963022,14665.3146029524505,14665.2521544066403,30.2695011515094627,120.000214528944483,11384.6328956324451,20.6429418137258622,746.034249963318643,0.704664947408065512,744.526086763839089,0.00931725190296273098,47.4131644128980838,745.97370430168553,2.74157430863246665,-9.10046717780233649,-5.51884379472929605e-06,-0.00252875315413713135,7.05660105142359815e-05,-4.03082372998474082e-07,0.0757952237466049533,0.00366262999550214441,0.0635964635813831974,1.24890404209499194e-05,0.105490418029341906,-2.59688610211244033e-05,0.946259296997362331,0.751727796059592501,0,0,0,3742.38273247302914,4667.33279552865315,549.428544502879618,466.407891585143943,0.00151254713939646826,1,-0.169662661474447307,3.91623038956302337e-05,0.751727796059592501
50.29997988,50.2999798799962932,14666.217413354665,14666.1549604600023,30.2697061264823652,120.000215397655879,11407.3558059187799,20.7264900792390208,746.139377803855155,0.704766674722963948,744.633502288660679,0.00932183717310053339,47.3805687170443548,746.080573910653015,2.74725772901324916,-8.95550335448719181,-5.50055180423731786e-06,-0.00251703111927226641,7.05912922703184095e-05,-4.18972574132123288e-07,0.0755464587308356667,0.0036697158232610631,0.0635437168077245818,1.24934260952429655e-05,0.104751156394206443,-2.5985146412845409e-05,0.946026317661847638,0.750405291373099415,0,0,0,3729.28140404099076,4667.23553455090951,549.425520838859029,466.404676542070547,0.00151250276670428035,1,-0.169426345338762163,3.9189619589718548e-05,0.750405291373099415
50.39997984,50.3999798399962842,14667.1056811846793,14667.0432240008777,30.2699111305903799,120.000216268167662,11430.0819467479287,20.8102112316832688,746.242977545561644,0.704866920241553285,744.7392806946973,0.00932642832753405315,47.349606539318529,746.185897364028847,2.75293878577940276,-8.80962886161027114,-5.48233512066562595e-06,-0.00250475448069751314,7.0616752242939654e-05,-4.34606767992919626e-07,0.0752988917930393076,0.00367680408076531641,0.0634933086686725184,1.24978440111450456e-05,0.104018341198868811,-2.60014386449686929e-05,0.945815000922595184,0.749092497295632764,0,0,0,3716.29838674844586,4667.13854268723753,549.422505545495824,466.40151328754655,0.00151245910974813296,1,-0.169198620699357205,3.92169428940391377e-05,0.749092497295632764
50.4999798,50.4999797999962752,14667.9793189540505,14667.9168575442036,30.2701161634103855,120.000217140479151,11452.8112712152561,20.8941052043544175,746.345061803320277,0.70496569561169431,744.843436589540261,0.00933102267319441125,47.3202510624947195,746.289685935113994,2.75861749922210509,-8.66291491892192766,-5.46419068024646138e-06,-0.00249190451688330577,7.0642377488713972e-05,-4.49983590219680387e-07,0.0750525790489605105,0.00368389478615883384,0.0634452007805367951,1.25022903627068449e-05,0.103291946882554414,-2.60177248679348936e-05,0.945624873870603233,0.747789465627731631,0,0,0,3703.43372819084652,4667.04181749207237,549.419498546775571,466.398402133118111,0.00151241617278025488,1,-0.168979456110828291,3.92442670362724405e-05,0.747789465627731631
50.59997976,50.5999797599962662,14668.8382462076843,14668.7757806372992,30.2703212245223057,120.000218014589578,11475.5437327516283,20.9781719223447851,746.445643036747697,0.705063012354041119,744.945984187031172,0.00933561773045887833,47.2924789475601415,746.391950811134734,2.76429388878020843,-8.51543136075662943,-5.44611241272579708e-06,-0.00247844322954483918,7.06681533961102756e-05,-4.65100917377164283e-07,0.0748075794443238545,0.00369098795622701701,0.0633993594959276069,1.25067616346749334e-05,0.102571955410758031,-2.60339947811576486e-05,0.945455547095438997,0.746496248763990899,0,0,0,3690.68748047936015,4666.94535652122795,549.416499766727384,466.395343365284702,0.00151237395970762719,1,-0.168768805371328878,3.92715842975941584e-05,0.746496248763990899
50.69997972,50.6999797199962572,14669.6823894418776,14669.6199197663027,30.2705263135092082,120.000218890498203,11498.2792851375707,21.0624113134826061,746.544733546221892,0.705158881858078512,745.046937254340719,0.00934021135606855069,47.2662711273731588,746.492703085055837,2.76996797301299003,-8.36724695174148536,-5.4280932648733188e-06,-0.00246432324556913581,7.0694064202186886e-05,-4.79955640669464114e-07,0.0745639562421028662,0.00369808360625294413,0.0633557569648644792,1.25112547669374584e-05,0.101858358228404319,-2.6050241303377429e-05,0.945306736374953105,0.745212899799246431,0,0,0,3678.05970128581203,4666.84915733167509,549.413509129416639,466.392337245790941,0.00151233247409606549,1,-0.168566602851188851,3.92988857229955327e-05,0.745212899799246431
50.79997968,50.7999796799962482,14670.5116819702089,14670.4492082625093,30.2707314299571308,120.000219768204346,11521.0178824831,21.1468233110667931,746.642345467462064,0.705253315376648371,745.146309108789637,0.00934480181413022137,47.2416127939738999,746.591953745872956,2.77563976956558633,-8.21842973599124349,-5.41012720985654429e-06,-0.00244949844361068338,7.07200936660869179e-05,-4.94543631627378745e-07,0.0743217774715366486,0.00370518174993263259,0.0633143711131965298,1.25157672493428482e-05,0.101151156749463275,-2.60664607178994735e-05,0.945178264826178727,0.743939472668865176,0,0,0,3665.55045525650166,4666.75321748129318,549.410526558938273,466.389384012104358,0.0015122917191768533,1,-0.168372761924282577,3.93261610596912415e-05,0.743939472668865176
50.89997964,50.8999796399962392,14671.3260638974607,14671.2635862181869,30.2709365734551419,120.000220647707309,11543.7594792348027,21.2314078470299137,746.738490767036296,0.705346324021645432,745.244112662308453,0.00934938777835458978,47.218492646299012,746.689713670486299,2.78130929513528935,-8.06904735818485364,-5.39221093598534515e-06,-0.00243393358656596864,7.07462257848039697e-05,-5.08859894152030136e-07,0.0740811153467408334,0.00371228239936222679,0.0632751846287401692,1.25202971243592016e-05,0.100450361423205681,-2.60826523031409273e-05,0.945070046793655916,0.742676022275253866,0,0,0,3653.1598153053601,4666.65753452859462,549.407551979406776,466.386483877507999,0.00151225169784807733,1,-0.168187176434499208,3.93533989206539979e-05,0.742676022275253866
50.9999796,50.9999795999962302,14672.1254820860922,14672.0630004995364,30.271141743595269,120.000221529006339,11566.5040301648969,21.316164847835875,746.833181240827116,0.705437918762484295,745.340360504183764,0.00935396827020529287,47.1969015751108145,746.785993619706119,2.78697656544629968,-7.91916730423791648,-5.3743449680984659e-06,-0.00241761153505546007,7.07724454338419442e-05,-5.228988588086057e-07,0.0738420448228656878,0.00371938556509609402,0.0632381831930762528,1.25248429038847609e-05,0.0997559896124454587,-2.60988174891737359e-05,0.94498205740777852,0.741422604558763743,0,0,0,3640.88786338707132,4666.56210603243471,549.404585314948804,466.383637031220132,0.00151221241267631952,1,-0.16800972480941187,3.93805871236661918e-05,0.741422604558763743
51.09997956,51.0999795599962212,14672.9098901376128,14672.8474047015516,30.2713469399725028,120.00022241210074,11589.2514903754472,21.4010942454193547,746.926428516768738,0.70552811042864183,745.435065007390222,0.00935854256009838181,47.1768310366555284,746.880804239963254,2.79264159525489797,-7.76885702582045212,-5.35653410939186734e-06,-0.00240053708951377303,7.07987388463435447e-05,-5.36654770915455445e-07,0.0736046415799608278,0.00372649125625976402,0.0632033532969259737,1.25294034365971566e-05,0.0990680626757926702,-2.61149588200257947e-05,0.94491429364951629,0.740179276484655091,0,0,0,3628.73469046133459,4666.46692955170511,549.401626489692603,466.380843638460306,0.00151217386589761111,1,-0.167840275972596126,3.94077131499839014e-05,0.740179276484655091
51.19997952,51.1999795199962122,14673.6792483963072,14673.6167591801204,30.2715521621847259,120.000223296989844,11612.0018152906196,21.4861959744507693,747.018244134962629,0.705616909785348856,745.52823851370556,0.00936311003344147963,47.158271400318938,746.974156217712334,2.79830439891923843,-7.61818393612232114,-5.33878718689235294e-06,-0.00238273711483443298,7.08250938696734279e-05,-5.50122097065435666e-07,0.0733689797998375859,0.00373359948079318629,0.0631706800158410853,1.25339777270486849e-05,0.098386601136683835,-2.61310787762935643e-05,0.944866734061681868,0.738946094461638281,0,0,0,3616.70041020025792,4666.37200264515559,549.398675427763692,466.378103840436324,0.00151213605941729863,1,-0.167678695971862524,3.94347646332145963e-05,0.738946094461638281
51.29997948,51.2999794799962032,14674.4335239641368,14674.3710310328152,30.2717574098326843,120.000224183672927,11634.7549606485336,21.5714699641320138,747.108639267126136,0.705704327268633635,745.619893143662011,0.00936767004873972908,47.1412105090407749,747.066059703779274,2.80396498824109797,-7.46721527282196718,-5.32111615075349012e-06,-0.00236425724102108225,7.08514999571190562e-05,-5.63295908423762061e-07,0.0731351300562567974,0.00374071024524462925,0.0631401451034572098,1.25385647503345331e-05,0.0977116283343137798,-2.6147178705062574e-05,0.944839302022097427,0.737723120064412985,0,0,0,3604.78509832215286,4666.2773228708802,549.395732053264851,466.37541775429105,0.00151209899480934267,1,-0.167524854370102977,3.94617298283134459e-05,0.737723120064412985
51.39997944,51.3999794399961942,14675.1726906001568,14675.1101940178887,30.2719626825200656,120.000225072149291,11657.5108825178904,21.6569161464008246,747.197625174710993,0.705790373417784944,745.710041315827084,0.00937222182807539994,47.1256327239932489,747.15652522044536,2.80962337586905297,-7.31601788114286933,-5.30353481852135133e-06,-0.00234515585461401001,7.08779479647175261e-05,-5.76172135780096717e-07,0.0729031577393507157,0.00374782355548266589,0.0631117256729571974,1.25431632978353335e-05,0.0970431581222921669,-2.61632580701579797e-05,0.944831841690227825,0.736510410804059323,0,0,0,3592.9888782625726,4666.18288778627539,549.392796290280899,466.372785473460794,0.00151206267332130756,1,-0.167378629193695422,3.94885979328310339e-05,0.736510410804059323
51.4999794,51.4999793999961852,14675.89672877267,14675.8342285931376,30.2721679798532683,120.000225962418256,11680.2695372629823,21.7425344545633124,747.285212928854094,0.705875058610969663,745.798695493491323,0.00937676436421774895,47.1115184897047925,747.24556308506817,2.81527957314533639,-7.16465792194852469,-5.28605735900273009e-06,-0.00232549657699408123,7.09044297390805676e-05,-5.8874773189213756e-07,0.0726731220881066953,0.00375493941644133638,0.0630853936397268722,1.2547771857699702e-05,0.0963812002128148215,-2.61793139846996985e-05,0.944844104811808028,0.735308025815234356,0,0,0,3581.31185926217722,4666.08869494793998,549.389868062870733,466.370207067489218,0.00151202709587182761,1,-0.167239910027898175,3.95153593011132593e-05,0.735308025815234356
51.59997936,51.5999793599961762,14676.6056254841387,14676.5431217771147,30.2723733014416645,120.000226854479166,11703.030881581848,21.8283248246614399,747.371413502990094,0.705958393152246733,745.885868266150055,0.0093812963837804908,47.098844511304776,747.333183579898332,2.82093359075924077,-7.01320057556893772,-5.26869686161557653e-06,-0.00230534050400739085,7.09309376213227327e-05,-6.01020673434424958e-07,0.0724450760333089638,0.0037620578322906887,0.06306111595338805,1.25523885641490548e-05,0.0957257582056866702,-2.61953412032201161e-05,0.94487575312229255,0.734116024011107204,0,0,0,3569.75414798998372,4665.99474191154513,549.386947295064715,466.367682582651298,0.00151199226305924321,1,-0.167108598842234612,3.95420054673138255e-05,0.734116024011107204
51.69997932,51.6999793199961672,14677.2993741966784,14677.2368670325013,30.2725786468973332,120.000227748331312,11725.7948724698963,21.9142871872685951,747.456237788919907,0.706040387286548277,745.971572321901476,0.00938581635517854451,47.0875844471020173,747.419396969666991,2.82658543882890934,-6.86170977611189414,-5.25146417320316423e-06,-0.00228473943385077349,7.09574639344038791e-05,-6.1298983516372212e-07,0.0722190667732258984,0.00376917880645676485,0.0630388555268360795,1.25570112080270536e-05,0.095076830341098803,-2.62113324731502751e-05,0.944926373491116411,0.732934463776076628,0,0,0,3558.31584567377786,4665.90102623182247,549.384033910864105,466.365212042218445,0.0015119581751653012,1,-0.166984608544507973,3.95685290135978655e-05,0.732934463776076628
51.79997928,51.7999792799961583,14677.9779747091234,14677.9154641435907,30.2727840158352457,120.000228643974026,11748.561467246398,22.0004214770613054,747.539696609962107,0.706121051211774708,746.055820393444492,0.00939032253699378927,47.0777099761705244,747.504213515256538,2.83223512697229429,-6.71024801389608427,-5.23436716232917004e-06,-0.00226373106833019583,7.09840005365081311e-05,-6.24654768322415954e-07,0.0719951369428079024,0.00377630234159686108,0.0630185726674173941,1.2561637301437201e-05,0.0944344110684971483,-2.62272791692992243e-05,0.9449955027055289,0.731763402712104161,0,0,0,3546.99704575803753,4665.80754546260505,549.381127834241852,466.3627954468962,0.00151192483216121515,1,-0.166867859737720836,3.95949233197283735e-05,0.731763402712104161
51.89997924,51.8999792399961493,14678.6414329893887,14678.5789190901905,30.2729894078731689,120.00022954140664,11771.3306235350356,22.0867276287171457,747.621800730344489,0.706200395087218546,746.138625189030222,0.00939481306126577209,47.0691920479227974,747.587643482525664,2.83788266436182468,-6.55887622888074873,-5.21741048937854628e-06,-0.00224233678715922424,7.10105385047715492e-05,-6.36015417378032656e-07,0.0717733261479436141,0.00378342843953421559,0.0630002267512756731,1.25662641891064804e-05,0.0937984931212376832,-2.62431721004283291e-05,0.945082657360328038,0.730602897456877565,0,0,0,3535.79783226889958,4665.71429715691193,549.378228989145441,466.360432775421486,0.00151189223371593759,1,-0.166758276339901812,3.96211822334444996e-05,0.730602897456877565
51.9999792,51.9999791999961403,14679.2897610031068,14679.2272438375985,30.2731948226316625,120.000230440628485,11794.1022992752441,22.173205576914647,747.70256086059419,0.706278429038196154,746.219999321131354,0.00939928603145645525,47.0620021069520931,747.669697146116278,2.84352805975749279,-6.40765380207744784,-5.20059588287804527e-06,-0.00222056214336824017,7.10370679907558386e-05,-6.47071828884132987e-07,0.0715536725968816123,0.00379055710116854919,0.06298377786373896,1.25708891793624149e-05,0.0931690697085935937,-2.62590023650107824e-05,0.945187363773107192,0.729453003580690762,0,0,0,3524.71827894763146,4665.62127886705548,549.375337299500188,466.358123985172654,0.00151186037920459596,1,-0.166655780835600842,3.96472997255346968e-05,0.729453003580690762
52.09997916,52.0999791599961313,14679.9229766093194,14679.8604562397759,30.2734002597341743,120.000231341638838,11816.8764527221883,22.2598552508638008,747.781987659297101,0.706355163157431298,746.29995524494052,0.00940373962304175137,47.0561131061478477,747.750384788824476,2.84917132152308783,-6.25663863627023176,-5.18392283466121432e-06,-0.00219839979328197502,7.10635782559858266e-05,-6.57823898268331199e-07,0.0713362145666007058,0.00379768832638127532,0.0629691881552454091,1.25755096785964847e-05,0.0925461364904341527,-2.62747620872517024e-05,0.945309183393687857,0.728313775556285403,0,0,0,3513.75844909381431,4665.52848814476874,549.372452689212878,466.355869012541007,0.00151182926771364261,1,-0.166560289906026338,3.9673269584966639e-05,0.728313775556285403
52.19997912,52.1999791199961223,14680.5411033704877,14680.4785798582943,30.2736057188069267,120.000232244437115,11839.6530424421671,22.3466765934493843,747.860091732112664,0.706430607503612973,746.378505216341978,0.00940817216551304014,47.0515001681060312,747.82971669774065,2.85481245762504843,-6.10588730419343051,-5.16738957280478775e-06,-0.00217583421755730136,7.10900578691168593e-05,-6.68271188936610502e-07,0.0711209914874618987,0.00380482211395444161,0.0629564227254636039,1.25801233008315825e-05,0.091929693007587035,-2.62904449522729541e-05,0.945447730015249177,0.727185266785295048,0,0,0,3502.91839597393891,4665.43592254132545,549.36957508217597,466.353667773607413,0.00151179889805021575,1,-0.166471711194221828,3.96990851965514337e-05,0.727185266785295048
52.29997908,52.2999790799961133,14681.1441704370081,14681.0816438526399,30.2738111994789811,120.00023314902262,11862.4320273115609,22.4336695366180869,747.936883629231602,0.706504772098684786,746.455661275135526,0.00941258220077667573,47.0481408209754477,747.907703158685081,2.86045147562396362,-5.95545523347865213,-5.15099413992216765e-06,-0.00215284735011946667,7.1116495022309278e-05,-6.78412846803692864e-07,0.0709080445063783177,0.00381195846151459287,0.0629454499369551251,1.25847279456954115e-05,0.0913197433834919137,-2.63060464639410916e-05,0.945602676789984331,0.726067529658248279,0,0,0,3492.19816356056936,4665.34357960764919,549.366704402270329,466.351520164553563,0.00151176926874781788,1,-0.166389941551983611,3.97247394305528061e-05,0.726067529658248279
52.39997904,52.3999790399961043,14681.7322124764323,14681.6696828863569,30.2740167013822195,120.000234055394657,11885.2133665235597,22.5208340123175574,748.012373842601278,0.706577666925032988,746.531435254899861,0.00941696850400663976,47.0460148070326341,747.984354450573619,2.86608838265930244,-5.80539689452138674,-5.1347353952446137e-06,-0.00212942416520831923,7.11428779073556623e-05,-6.88247616690801075e-07,0.0706974164812470274,0.00381909736551216657,0.0629362411564187707,1.25893218261613073e-05,0.0907162962506735948,-2.63215639039369164e-05,0.945773752839708215,0.724960615622215254,0,0,0,3481.59778735189093,4665.25145689441615,549.363840573369544,466.349426061914016,0.00151174037806982037,1,-0.166314866955711349,3.97502246540597972e-05,0.724960615622215254
52.499979,52.4999789999960953,14682.3052695579827,14682.2427370174028,30.2742222241513694,120.000234963552629,11907.9970195852966,22.608169962068029,748.08657280414036,0.706649301923488071,746.605838816585447,0.00942133007420498103,47.0451035291224002,748.059680841193654,2.87172318544331961,-5.6557659596595613,-5.11861379095020902e-06,-0.00210555735135141853,7.1169195089037531e-05,-6.97773948936837453e-07,0.0704891514519342954,0.003826238821241897,0.0629287700110675308,1.25939034557711085e-05,0.0901193639327791118,-2.63369960379398706e-05,0.945960730704168529,0.723864575230627083,0,0,0,3471.11729503842389,4665.15955195213155,549.360983519341175,466.347385322987407,0.00151171222401514879,1,-0.166246364036185812,3.97755328520024351e-05,0.723864575230627083
52.59997896,52.5999789599960863,14682.8633870631456,14682.800851633292,30.2744277674239584,120.000235873495839,11930.7829463143516,22.6956773178190545,748.159490885877858,0.706719686993215412,746.678883499386984,0.00942566609155104373,47.045389252101586,748.133692585451172,2.87735589025787153,-5.50661540904568625,-5.10263182365390858e-06,-0.00208125040379011613,7.11954358203008536e-05,-7.06990172746538412e-07,0.0702832937120577844,0.0038333828228948397,0.06292301131725829,1.25984715914512811e-05,0.0895289610948049042,-2.63523426075559062e-05,0.946163407481648844,0.722779458156433963,0,0,0,3460.75670682345708,4665.06786233121056,549.358133164049946,466.34539778615499,0.00151168480432268149,1,-0.166184302829999908,3.98006558312208108e-05,0.722779458156433963
52.69997892,52.6999789199960773,14683.4066156595945,14683.3440774093742,30.2746333308403095,120.00023678522362,11953.5711068376895,22.783356014255876,748.231138402553142,0.706788831994099254,746.750580780229484,0.00942997585461169407,47.046854205633565,748.20639992666429,2.88298650296529857,-5.3579975690656525,-5.08679410581353475e-06,-0.00205651877569361288,7.12215902509203937e-05,-7.15894699673773985e-07,0.0700798866588408231,0.0038405293636390417,0.062918939877498567,1.26030251494130454e-05,0.0889451030701278178,-2.63676037404049971e-05,0.946381583003275018,0.721705313156063344,0,0,0,3450.51603527407542,4664.97638558204926,549.355289431359893,466.343463270973302,0.00151165811647254681,1,-0.166128550212915393,3.98255854645683245e-05,0.721705313156063344
52.79997888,52.7999788799960683,14683.9350112080574,14683.8724701954925,30.2748389140436132,120.000237698735361,11976.3614616015238,22.8712059915341221,748.301525616736967,0.706856746751327591,746.82094213246296,0.00943425870834113667,47.049479739006415,748.277813100875392,2.88861502903485956,-5.20996408085284202,-5.07110708588619192e-06,-0.00203138904963850835,7.12476495099723128e-05,-7.244862299028984e-07,0.0698789716196208943,0.0038476784357169341,0.0629165293476229431,1.26075631087555473e-05,0.0883678041764652117,-2.63827793323583543e-05,0.94661503886309184,0.720642187982062365,0,0,0,3440.39528469093966,4664.8851192551183,549.35245224513676,466.341581578506009,0.00151163215769070766,1,-0.166078973503463317,3.98503139425323638e-05,0.720642187982062365
52.89997884,52.8999788399960593,14684.4486346840858,14684.3860909774121,30.2750445166798059,120.000238614030366,11999.1539713543953,22.9592271816061775,748.370662746140852,0.706923441062084046,746.889979075211272,0.00943851397506190182,47.0532456589664889,748.347942343708041,2.89424147357707851,-5.06256580782909538,-5.0555784779090799e-06,-0.00200589641611319735,7.1273605655387801e-05,-7.32763920826050972e-07,0.0696805868423447661,0.00385483003053887878,0.0629157513494592868,1.26120844190732491e-05,0.0877970762448381653,-2.63978685477856151e-05,0.946863521439784028,0.719590129249813026,0,0,0,3430.39445003990159,4664.79406090106568,549.34962152925209,466.339752491602383,0.0015116069249528079,1,-0.166035443620701495,3.98748339833532881e-05,0.719590129249813026
52.9999788,52.9999787999960503,14684.947552125901,14684.8850057862564,30.2752501383977055,120.000239531108051,12021.9485971669164,23.0474195273641591,748.438559972380403,0.706988924703683352,746.957703206867109,0.00944274089533969629,47.0581298426401986,748.416797898815844,2.89986584138868819,-4.91585270013180775,-5.04021652176694571e-06,-0.00198008097767616697,7.12994515127561752e-05,-7.4072750010142571e-07,0.069484766797095518,0.00386198413877182622,0.0629165749521121281,1.26165879213100354e-05,0.0872329276018828231,-2.64128694725943734e-05,0.947126731438848846,0.718549182272162801,0,0,0,3420.51351557197722,4664.703208070855,549.346797207586292,466.33797577508318,0.0015115824149867427,1,-0.165997837336058385,3.98991389792629315e-05,0.718549182272162801
53.09997876,53.0999787599960413,14685.4318344965577,14685.3692855854788,30.2754557788488796,120.000240449967706,12044.7453004127383,23.135782959394934,748.505227450318785,0.707053207442022158,747.024126219235313,0.00944693859466116947,47.0641081674417592,748.484390026865299,2.90548813700380437,-4.76987363938789599,-5.02502919324680558e-06,-0.00195398355342551013,7.13251804336440583e-05,-7.4837730213862323e-07,0.0692915418759419421,0.00386914075040248545,0.0629189665777613732,1.262107230311762e-05,0.0866753625933483624,-2.64277789693105772e-05,0.947404321017565998,0.717519390879041485,0,0,0,3410.75245330603229,4664.61255831593007,549.343979204034326,466.336251176231201,0.00151155862427942945,1,-0.165966038405917782,3.9923223052225721e-05,0.717519390879041485
53.19997872,53.1999787199960323,14685.9015576094389,14685.8390061900882,30.2756614376877629,120.000241370608691,12067.5440427830072,23.2243174151230107,748.57067531605594,0.707116299038923035,747.089259891097299,0.00945110607169485917,47.0711547466705724,748.550729012922375,2.91110836473896173,-4.62467628890884441,-5.01002349918609156e-06,-0.00192764166718991064,7.13507860205870779e-05,-7.55714236013629497e-07,0.0691009385093968864,0.00387629985477636442,0.0629228903167415171,1.26255360830900491e-05,0.086124381169216585,-2.64425927625318644e-05,0.947695898474542164,0.716500797253028843,0,0,0,3401.11122162475158,4664.52210918851415,549.341167442515257,466.334578425056975,0.00151153554908047883,1,-0.165939937420282763,3.99470810272875362e-05,0.716500797253028843
53.29997868,53.2999786799960233,14686.3568019494414,14686.29424808574,30.275867114571632,120.000242293030382,12090.3447862849371,23.3130228333411651,748.634913697571847,0.70717820926170194,747.153116068766167,0.00945524221312243895,47.079242414273665,748.615825176154431,2.91672652875078953,-4.48030697009075851,-4.9952049578706509e-06,-0.00190108636341043604,7.13762618638900037e-05,-7.6273968726062758e-07,0.0689129796509626441,0.00388346144060845071,0.0629283085756634775,1.26299776304494905e-05,0.0855799816301030802,-2.64573056961743586e-05,0.948001039223843267,0.715493441743034753,0,0,0,3391.58976380541344,4664.43185824155535,549.338361846969406,466.332957234935179,0.00151151318541096883,1,-0.165919430594552553,3.99707083252306009e-05,0.715493441743034753
53.39997864,53.3999786399960144,14686.7976525761187,14686.735096322127,30.2760728091605422,120.000243217232097,12113.1474932333767,23.40189914737363,748.697952717419525,0.707238947885446945,747.215706629092665,0.00945934582832164139,47.0883433618324148,748.679688871167627,2.92234263306053288,-4.33681058444257417,-4.98057733289416837e-06,-0.00187434023454210227,7.14016013300630036e-05,-7.6945537741632942e-07,0.0687276855267423964,0.00389062549596900023,0.0629351829295523024,1.26343952113670823e-05,0.0850421584001156,-2.64719121200425216e-05,0.948319300835062884,0.714497362775790901,0,0,0,3382.18800719535557,4664.34180302927143,549.335562341376431,466.33138730295002,0.00151149152906821242,1,-0.165904417685104555,3.99941008019082534e-05,0.714497362775790901
53.4999786,53.4999785999960054,14687.2241989709437,14687.1616403967746,30.276278521117451,120.000244143213266,12135.9521262641956,23.4909463014842643,748.759802497603459,0.707298524697211217,747.277043441665228,0.009463415695627031,47.0984298228456737,748.742330491143434,2.92795668158522071,-4.19423058651351965,-4.96614263833634965e-06,-0.00184741692640460033,7.14267974304313698e-05,-7.75863205569795669e-07,0.0685450745156646057,0.00389779200825431191,0.0629434750366412166,1.26387870506834085e-05,0.0845109053718930414,-2.64864063336434869e-05,0.948650239576563026,0.713512596771989527,0,0,0,3372.90586270664244,4664.25194110733355,549.332768849759987,466.329868310438599,0.00151147057563324962,1,-0.165894799506456081,4.00172545630070331e-05,0.713512596771989527
53.59997856,53.5999785599959964,14687.6365348882973,14687.5739740513272,30.2764842501081475,120.000245070973179,12158.7586483300474,23.5801642262643263,748.820473161048881,0.707356949496993126,747.337138331616302,0.00946745061870757354,47.1094746926250991,748.80376046726451,2.93356867815482714,-4.05260900893753018,-4.95190139536011442e-06,-0.00182032205837562647,7.14518427846809283e-05,-7.81965094903533219e-07,0.0683651640129721433,0.00390496096414406002,0.0629531474668450775,1.26431514071646318e-05,0.0839862165098501645,-2.65007830234924679e-05,0.948993425734690255,0.712539178110480398,0,0,0,3363.74322462829787,4664.16227003314452,549.329981296197047,466.328399923521999,0.00151145032047817038,1,-0.165890475453663477,4.00401657816165733e-05,0.712539178110480398
53.69997852,53.6999785199959874,14688.0347582213581,14687.9721951748688,30.2766899958012949,120.000246000511225,12181.5670226996863,23.669552861877392,748.879974831339155,0.707414232097122508,747.39600305034935,0.00947144947427425166,47.1214519941927392,748.863989266206886,2.93917862652085349,-3.91198653093608328,-4.93785309021860784e-06,-0.00179305530879073755,7.14767296817496927e-05,-7.87762868758304534e-07,0.0681879711454004556,0.00391213234956709708,0.0629641643239556709,1.26474866371742602e-05,0.083468086792217927,-2.65150376147508927e-05,0.949348455434568028,0.711577139130699088,0,0,0,3354.69997082852296,4664.07278736612989,549.327199604826774,466.326981793582775,0.00151143075877268902,1,-0.165891341422830296,4.00628305484886709e-05,0.711577139130699088
53.79997848,53.7999784799959784,14688.4189708530903,14688.3564056616415,30.2768957578684734,120.000246931826752,12204.3772129625395,23.7591121443857674,748.93831763123751,0.707470382320456226,747.453649258436712,0.00947541125311568422,47.1343371309160943,748.923027386354761,2.94478653035627014,-3.77240257588133687,-4.92399672982339235e-06,-0.00176561324807364829,7.15014502143523494e-05,-7.93258175018033856e-07,0.0680135132395906922,0.00391930614966879993,0.0629764915823663451,1.26517912494283349e-05,0.0829565128168898436,-2.65291665002511064e-05,0.949714957448938191,0.710626510160774827,0,0,0,3345.77596320202747,4663.98349066801802,549.32442369985904,466.32561355779535,0.00151141188549146514,1,-0.165897288453376979,4.00852447783272596e-05,0.710626510160774827
53.89997844,53.8999784399959694,14688.789278563112,14688.7267112850714,30.2771015359840732,120.000247864919132,12227.1891830255245,23.8488420125872977,748.99551168067353,0.70752540999821889,747.510088522725368,0.00947933507689979749,47.1481069045551067,748.980885353542476,2.95039239325077762,-3.63389542019425704,-4.91033141173815273e-06,-0.0017379924187738878,7.15259964651033874e-05,-7.98452463219795303e-07,0.0678418079916322386,0.00392648234880446992,0.0629900971099113666,1.26560639273820838e-05,0.0824514929896023874,-2.6543167072696911e-05,0.950092594313421634,0.709687319557788965,0,0,0,3336.97104823099016,4663.89437750310753,549.321653505582731,466.324294839458048,0.00151139369541866903,1,-0.165908202219632983,4.01074041784588772e-05,0.709687319557788965
53.9999784,53.9999783999959604,14689.1457908935845,14689.0832215880055,30.2773073298254616,120.000248799787698,12250.0028971219035,23.9387424011786436,749.051567094899497,0.707579324967893997,747.565332327297483,0.0094832202067021143,47.1627393158044015,749.037573717124587,2.95599621871078444,-3.49650229546092106,-4.89685681173003377e-06,-0.00171019215481508211,7.15503607081817254e-05,-8.0334701188279771e-07,0.067672873336507261,0.00393366093054474137,0.0630049503997857224,1.2660303540562503e-05,0.0819530272839513879,-2.65570376647459458e-05,0.950481058008379565,0.708759593746182692,0,0,0,3328.28505753498894,4663.8054454385383,549.318888946374841,466.323025248470458,0.00151137618315455558,1,-0.165923963449040091,4.01293042778976252e-05,0.708759593746182692
54.09997836,54.0999783599959514,14689.4886210784316,14689.426049808344,30.2775131390728376,120.000249736431869,12272.8183197996022,24.0288132530612408,749.106493946321962,0.707632137036971254,747.619392058741596,0.0094870660256773931,47.1782131949065615,749.093102972851625,2.9615980098642618,-3.36025946812272736,-4.8835735219842651e-06,-0.00168221672273329514,7.1574535594512537e-05,-8.07943003538289605e-07,0.0675067270605156922,0.00394084187765676025,0.0630210220784030717,1.26645091219978184e-05,0.081461116670312389,-2.65707773157220953e-05,0.95088006130585212,0.707843357982496979,0,0,0,3319.71778018249324,4663.71669204459067,549.316129946707633,466.321804381585366,0.0015113593431189331,1,-0.165944449088381157,4.01509405147499907e-05,0.707843357982496979
54.19997832,54.1999783199959424,14689.8178859241307,14689.7553127402043,30.2777189634093844,120.000250674850975,12295.6354159374587,24.1190545029333165,749.16030248553102,0.707683856191410277,747.672279256094725,0.00949087201468978847,47.1945077538897522,749.147484003659656,2.96719777121558703,-3.2252022881006468,-4.87048322269938887e-06,-0.00165407648258418982,7.15985143049140468e-05,-8.12241613978207541e-07,0.0673433862659714028,0.00394802517244066675,0.0630382832868498361,1.26686798318801262e-05,0.0809757634177346031,-2.65843855187448487e-05,0.951289327420304809,0.706938631951076646,0,0,0,3311.26909683145095,4663.62811489478372,549.313376431158645,466.320631822833718,0.00151134316955701649,1,-0.165969533968082783,4.01723083424834439e-05,0.706938631951076646
54.29997828,54.2999782799959334,14690.1337057203054,14690.0711306822159,30.2779248025211167,120.000251615044377,12318.4541507290105,24.2094660882286057,749.213002524120952,0.707734492012382588,747.724005025175757,0.00949463770679281893,47.2116020716425169,749.200726841175424,2.97279550375552626,-3.09136519285830502,-4.8575885753784353e-06,-0.00162578800745497498,7.16222906011370394e-05,-8.162441500871711e-07,0.06718286669146388,0.00395521079596891298,0.0630567050434175241,1.26728149071882649e-05,0.0804969648292625795,-2.65978617957194286e-05,0.951708576685622587,0.706045438581710316,0,0,0,3302.93871203066874,4663.5397115663518,549.31062832441205,466.319507143842486,0.00151132765654379093,1,-0.165999092913158064,4.01934033966898377e-05,0.706045438581710316
54.39997824,54.3999782399959244,14690.4362041503191,14690.3736273114428,30.2781306560969981,120.000252557011478,12341.2744896916283,24.3000479504835454,749.264604512625965,0.707784054694280851,747.774581140595274,0.00949836266234127535,47.2294747509459967,749.252842818970407,2.97839121350257319,-2.95878168952048526,-4.84489309329630082e-06,-0.00159737313455764738,7.16458588818275934e-05,-8.19952101356472524e-07,0.0670251822233913913,0.00396239872956980974,0.063076257693573709,1.26769136102112794e-05,0.0800247216400286343,-2.66112054779213225e-05,0.952137516915066873,0.70516379997929457,0,0,0,3294.72646693719798,4663.45147964027547,549.307885551275831,466.318429904153447,0.00151131279798840334,1,-0.166033002311200995,4.0214221560237894e-05,0.70516379997929457
54.4999782,54.4999781999959154,14690.7255082279444,14690.6629296448446,30.2783365238289193,120.000253500751597,12364.0963986707702,24.3908000230314279,749.315118373719429,0.707832553942338016,747.824018899760176,0.00950204641982388409,47.2481035571112216,749.303842232220063,2.98398490224187629,-2.82748429183963168,-4.83240068893211788e-06,-0.0015688573032354579,7.16692140735092798e-05,-8.23367268258078852e-07,0.0668703443352149512,0.0039695889533353599,0.0630969105246622919,1.26809751826459509e-05,0.0795590320138448159,-2.66244154719114433e-05,0.952575837893942401,0.704293725899404199,0,0,0,3286.63205619625751,4663.3634167017226,549.30514803668018,466.317399651448397,0.00151129858763725386,1,-0.166071141908866793,4.02347591225436218e-05,0.704293725899404199
54.59997816,54.5999781599959064,14691.0017481334507,14690.9391678678767,30.2785424054116952,120.000254446264108,12386.9198438350813,24.4817222446755487,749.364554056103998,0.70787999949540148,747.872329683664702,0.00950568847649968518,47.2674653315947921,749.353735444003973,2.98957657191576409,-2.69750445042704001,-4.82011530753677109e-06,-0.00154026734366325205,7.16923515430329284e-05,-8.26491777711075979e-07,0.066718361876153473,0.00397678144690277388,0.0631186316034902106,1.26849988103960034e-05,0.0790998861950495263,-2.66374900449329291e-05,0.953023203551269793,0.703435237459262841,0,0,0,3278.65525510882071,4663.2755203403276,549.302415705698422,466.31641592213316,0.00151128501908203306,1,-0.166113395638603667,4.02550128044268574e-05,0.703435237459262841
54.69997812,54.6999781199958974,14691.2650571465492,14691.2024752538055,30.2787483005430786,120.000255393548414,12409.7447916773799,24.5728145569546221,749.412921996056298,0.707926401561738472,747.91952541499677,0.00950928828251118574,47.2875360665631206,749.402533798076547,2.99516622828980195,-2.56887248188112238,-4.80804056798603513e-06,-0.00151162926752280969,7.17152669768673175e-05,-8.29328063413885382e-07,0.0665692410740853641,0.00398397619009299968,0.0631413878368567577,1.26889836079133034e-05,0.0786472784736926694,-2.66504269262939529e-05,0.953479257190945395,0.70258834056492725,0,0,0,3270.79581953268917,4663.18778815027963,549.299688483544855,466.315478241576159,0.00151127208576300296,1,-0.166159651751736304,4.02749797410342336e-05,0.70258834056492725
54.79997808,54.7999780799958884,14691.5155715271831,14691.4529880570917,30.2789542089237784,120.000256342603862,12432.571209020005,24.6640768959388232,749.460232104698093,0.707971769862042799,747.96561753513538,0.00951284522694662016,47.3082910409714827,749.450247592519872,3.00075387288921069,-2.44161749351640367,-4.79617934092885288e-06,-0.00148296627018304266,7.17379561873450087e-05,-8.31878876427569904e-07,0.0664229856225637266,0.00399117316158739428,0.0631651452386152445,1.2692928616755653e-05,0.0782011945677729969,-2.66632232680312048e-05,0.953943621603644765,0.701753049563989539,0,0,0,3263.05341231524199,4663.100217731052,549.296966295592711,466.314586124533093,0.00151125978097483064,1,-0.166209802727994738,4.02946575008583283e-05,0.701753049563989539
54.89997804,54.8999780399958794,14691.753430377692,14691.6908453842716,30.2791601302574094,120.000257293429826,12455.3990630063381,24.7555092004336181,749.506494594006767,0.708016114409336761,748.01061780924806,0.00951635866325606372,47.3297051824933988,749.496887723951886,3.00633950957481222,-2.31576734198331735,-4.78453361110416276e-06,-0.00145429733048829473,7.17604150181927355e-05,-8.3414718271726563e-07,0.0662795971054016969,0.00399837234002518079,0.0631898693435193892,1.26968328255335275e-05,0.07776162165035648,-2.6675875926469833e-05,0.954415909181601241,0.700929370797408469,0,0,0,3255.42774366811364,4663.01280668723484,549.294249067377109,466.313739075637613,0.00151124809787334981,1,-0.166263744170055128,4.03140439678822125e-05,0.700929370797408469
54.999978,54.9999779999958704,14691.9787755198777,14691.9161890516352,30.2793660642506204,120.000258246025695,12478.2283211159447,24.8471114106125981,749.551719631969604,0.708059445182875558,748.054537959425943,0.00951982792617389606,47.3517534091974994,749.542464996873605,3.01192314180395693,-2.19134861049640506,-4.77310438001610156e-06,-0.00142563653171655282,7.17826392345844529e-05,-8.36136098877764998e-07,0.0661390754250501256,0.00400557370354039533,0.0632155256925601566,1.27006951983301099e-05,0.0773285443686832219,-2.66883816368286447e-05,0.954895729390408565,0.700117309446147917,0,0,0,3247.91848852975818,4662.92555262920177,549.291536724611092,466.312936589839239,0.00151123702948157291,1,-0.166321373657949328,4.03331372680741944e-05,0.700117309446147917
55.09997796,55.0999779599958615,14692.1917513757944,14692.1291634853878,30.2795720106129878,120.000259200390815,12501.0589511551152,24.9388834625480484,749.595917406201579,0.708101772187913592,748.097389705674004,0.00952325235915241208,47.3744109927461068,749.586990248061625,3.017504773143731,-2.06838661693565484,-4.76189174554366991e-06,-0.00139699318283909133,7.18046244786926124e-05,-8.37848803428246889e-07,0.0660014192986255466,0.00401277722983522413,0.0632420803124643105,1.27045147102208684e-05,0.076901946482537939,-2.67007372683321819e-05,0.955382697762149125,0.699316868262282787,0,0,0,3240.52530420883568,4662.83845317336454,549.288829193194488,466.312178152827755,0.00151122656869553517,1,-0.166382589375454609,4.03519356648994893e-05,0.699316868262282787
55.19997792,55.1999779199958525,14692.3925048224628,14692.3299155727764,30.2797779690570579,120.00026015652459,12523.8909212550261,25.0308252977821475,749.639098123417511,0.708143105454803745,748.139184746639785,0.00952663134486764207,47.3976538572031245,749.630474344428762,3.02308440727981065,-1.9469054478935135,-4.75089509683005725e-06,-0.00136837264415777993,7.18263662740969354e-05,-8.39288463405752952e-07,0.0658666267027348817,0.00401998289616427567,0.0632695001143826624,1.27082903879643198e-05,0.0764818114507423291,-2.67129400317541801e-05,0.95587644336361921,0.698528047574803801,0,0,0,3233.24783055573107,4662.75150594251409,549.286126399224372,466.311463241550825,0.0015112167082914072,1,-0.166447288883650929,4.03704374715968184e-05,0.698528047574803801
55.29997788,55.2999778799958435,14692.5811851099133,14692.5185945491721,30.2799839392983934,120.000261114426394,12546.7241998869631,25.1229368551231893,749.681271960168033,0.708183454992231676,748.179934698051056,0.00952996432611419309,47.4214587735903024,749.672928084856153,3.02866204763520042,-1.82692801266352234,-4.7401133908188075e-06,-0.00133977767703830877,7.18478600766880025e-05,-8.4045818361870354e-07,0.0657346952056690609,0.00402719067926365741,0.0632977531572480601,1.2712021338685921e-05,0.0760681216243090513,-2.6724987630597493e-05,0.956376613757037419,0.697750846256330437,0,0,0,3226.08566807341094,4662.66470856624073,549.283428269007231,466.310791324505544,0.00151120744092950892,1,-0.166515368176064216,4.03886409893716478e-05,0.697750846256330437
55.39997784,55.3999778399958345,14692.7579437084496,14692.6953518784703,30.2801899210555412,120.000262074095559,12569.5587558474945,25.215218069278265,749.722449368262119,0.708222831075308701,748.219651392826563,0.0095332508260903559,47.4458034546839826,749.714362809126897,3.03423769984313374,-1.70847610922270121,-4.72954548379821518e-06,-0.00131121007208332492,7.18691013733949749e-05,-8.41360965395969868e-07,0.0656056221808081902,0.00403440055575598859,0.0633268087477605324,1.27157067717263284e-05,0.0756608639850172154,-2.67368783795188934e-05,0.956882878256338554,0.696985255665309111,0,0,0,3219.03847694477554,4662.57805868093874,549.280734729064079,466.310161862282541,0.00151119875916178189,1,-0.166586721121487757,4.04065444562639605e-05,0.696985255665309111
55.4999778,55.4999777999958255,14692.9229342155159,14692.8603411822678,30.2803959140500787,120.000263035531546,12592.3945582725628,25.3076688872606717,749.762640275329545,0.708261243490127756,748.258346086469373,0.00953649044657556288,47.4706664544535215,749.75478880296987,3.03981136531477159,-1.59157048711573168,-4.71919035149408862e-06,-0.00128267225271198751,7.1890085752070068e-05,-8.41999744299231508e-07,0.0654794047587196754,0.00404161250108802522,0.0633566373727060678,1.27193460097327469e-05,0.0752600210509801609,-2.67486110982949888e-05,0.957394924212354503,0.696231275553432671,0,0,0,3212.10581411516114,4662.49155393065121,549.278045706148419,466.309574307897549,0.00151119065543634966,1,-0.166661239651563042,4.04241460905720512e-05,0.696231275553432671
55.59997776,55.5999777599958165,14693.0763122588396,14693.0137180553265,30.2806019180065213,120.000263998733644,12615.2315766237498,25.4002892396769404,749.801855093581025,0.708298702486412246,748.296030473701421,0.00953968287520234881,47.496027076705218,749.794217313717354,3.04538304939812532,-1.47623091139604412,-4.70904740379281039e-06,-0.00125416864713979244,7.19108090507513688e-05,-8.42377375153935066e-07,0.0653560397867600784,0.00404882649090791084,0.0633872104907565181,1.27229384812192739e-05,0.0748655757337801514,-2.67601851303989645e-05,0.957912457077440993,0.695488893922292961,0,0,0,3205.28722643740912,4662.405191967051,549.275361127250108,466.309028107136385,0.00151118312210225749,1,-0.16673881393180795,4.04414440712949215e-05,0.695488893922292961
55.69997772,55.6999777199958075,14693.2182353883982,14693.1556400692407,30.2808079326524613,120.000264963701312,12638.0697806999051,25.4930790735416188,749.840104262358409,0.708335218345088058,748.332716246263089,0.00954282786935500837,47.5218651213192516,749.832659634790502,3.05095275769916396,-1.36247620206236064,-4.69911657380181697e-06,-0.00122570657789705445,7.19312674250922158e-05,-8.42496698626610589e-07,0.0652355235438560749,0.00405604250047657353,0.0634185002312658147,1.27264837068166558e-05,0.0744775158335933413,-2.67716001737633843e-05,0.95843519340524308,0.694758096212024223,0,0,0,3198.58233620330248,4662.31897044961806,549.272680919606046,466.308522698939669,0.00151117615141475349,1,-0.166819333286031379,4.0458436617466958e-05,0.694758096212024223
55.79997768,55.7999776799957985,14693.3488629981875,14693.2862666171932,30.2810139577184394,120.000265930433869,12660.9091406322186,25.5860383221971084,749.877397764058514,0.708370800920781307,748.368414626246249,0.00954592523127573145,47.5481605960749789,749.870126140081993,3.05652049215885313,-1.2503242574104263,-4.68939830213996323e-06,-0.00119729660403295303,7.19514573862019139e-05,-8.42360621174962447e-07,0.0651178513876807669,0.00406326050405211511,0.0634504790495643567,1.27299812742683635e-05,0.0740958211993234528,-2.67828560354396962e-05,0.958962852846493741,0.694038874901436231,0,0,0,3191.99062103163033,4662.23288704648712,549.270005010714044,466.308057515681298,0.00151116973553911066,1,-0.166902687320202414,4.04751220844615193e-05,0.694038874901436231
55.89997764,55.8999776399957895,14693.468356218189,14693.4057588136784,30.2812199929380839,120.000266898930761,12683.7496268919822,25.6791669312918387,749.913746190727352,0.708405460649072505,748.403137445947095,0.0095489748015569198,47.5748935436589591,749.906628411744123,3.06208625972036819,-1.13979206134638389,-4.67989355201859172e-06,-0.00116895229926804785,7.19713758695726821e-05,-8.41972124330992673e-07,0.0650030175300589236,0.00407048047636782845,0.0634831194049544911,1.27334308116367714e-05,0.0737204776325218608,-2.6793952594613053e-05,0.959495155930779831,0.693331208258629816,0,0,0,3185.5116712575682,4662.14693943406292,549.267333328335326,466.307631983553392,0.00151116386655591713,1,-0.166988766696477886,4.04914989766674821e-05,0.693331208258629816
55.9999776,55.9999775999957805,14693.5768778398633,14693.5142794625408,30.2814260380479965,120.000267869191319,12706.5912102771563,25.7724648355367023,749.949159712604569,0.708439207571924578,748.4368961307174,0.00955197642432059624,47.6020437861555479,749.942177179325427,3.06765006395281725,-1.0308956663853337,-4.67060355797808578e-06,-0.00114068952564894328,7.19910201737162088e-05,-8.41334358761435725e-07,0.0648910146754493322,0.00407770239127694563,0.0635163935062086349,1.27368319583681754e-05,0.0733514625111510443,-2.68048895131071973e-05,0.96003181551129646,0.692635080889148935,0,0,0,3179.14494012277783,4662.06112529797701,549.264665800510215,466.307245522831181,0.00151115853646470975,1,-0.167077464313723861,4.05075660630281132e-05,0.692635080889148935
56.09997756,56.0999775599957715,14693.6745921969414,14693.6119928951866,30.281632092787877,120.000268841214961,12729.4338619342998,25.8659319778467776,749.983648485573099,0.708472051722246365,748.469702112745949,0.00955492993793294332,47.6295908411162259,749.976783130427066,3.07321190835670199,-0.923650168751528611,-4.66152965352525028e-06,-0.00111252536619653886,7.20103879312187611e-05,-8.40450655979038246e-07,0.0647818338741211752,0.00408492622233540357,0.0635502731645630897,1.27401843459994132e-05,0.0729887562550883828,-2.6815666229360227e-05,0.960572535768377755,0.691950472340180589,0,0,0,3172.88995343894248,4661.97544233298322,549.262002355567006,466.306897548298139,0.00151115373718981212,1,-0.167168675883008155,4.05233223944649975e-05,0.691950472340180589
56.19997752,56.1999775199957625,14693.7616651058197,14693.6990649222662,30.2818381569003066,120.000269815001062,12752.2775533256972,25.9595682970358936,750.017223167042403,0.708504003611052702,748.50156734725897,0.00955783516814090461,47.6575139358484989,750.010457940334163,3.07877180059908406,-0.818069677515950389,-4.6526730906389728e-06,-0.00108447692324031581,7.20294770599960374e-05,-8.39324516894137771e-07,0.0646754644991098943,0.00409215194353484794,0.0635847297686616963,1.27434875802457347e-05,0.0726323358522942553,-2.68262818731962015e-05,0.961117010324123777,0.69127736331919365,0,0,0,3166.74622568202267,4661.88988824334047,549.259342922128212,466.306587469457611,0.0015111494605832337,1,-0.167262300102221595,4.05387672938696127e-05,0.69127736331919365
56.29997748,56.2999774799957535,14693.838263720274,14693.7756626979663,30.2820442301310528,120.000270790549067,12775.1222562671483,26.0533737387547824,750.049893953293008,0.708535073317689057,748.532503347716784,0.00956069191405584107,47.6857920133403468,750.04321234386191,3.08432974463578757,-0.714167283871930181,-4.64403475125009356e-06,-0.001056560184934814,7.20482856388268532e-05,-8.37959644200622294e-07,0.0645718942145358382,0.00409937952801092513,0.0636197343737678195,1.27467412386703251e-05,0.0722821774776015863,-2.68367353253681902e-05,0.961664926053710678,0.690615721798228388,0,0,0,3160.71316018478865,4661.80446074325118,549.256687429119665,466.306314691050773,0.00151114569843179588,1,-0.16735823890930307,4.05539003987193721e-05,0.690615721798228388
56.39997744,56.3999774399957445,14693.9045564718544,14693.8419546587102,30.282250312228836,120.000271767858251,12797.9679429039752,26.147348232247559,750.081671194171463,0.708565271070332958,748.562521790339019,0.00956349996190342111,47.7144039140053451,750.075057366856527,3.08988574576422526,-0.611955038513045224,-4.6356150590776829e-06,-0.00102878905813793956,7.20668118591414079e-05,-8.36359883684187904e-07,0.0644711091872304382,0.00410660894889597339,0.0636552578920591416,1.27499448785849009e-05,0.0719382511021430249,-2.68470252533619548e-05,0.962215962566215,0.689965523846600592,0,0,0,3154.79024027702235,4661.71915755722512,549.254035805792114,466.306078613268255,0.00151114244246003133,1,-0.167456396949337394,4.05687215939205977e-05,0.689965523846600592
56.4999774,56.4999773999957355,14693.9607129283249,14693.8981103615297,30.2824564029454173,120.000272746928133,12820.814585716289,26.2414917300023198,750.112565287286429,0.708594607145654809,748.591634396879044,0.0095662590886806953,47.7433285535228151,750.106004108365596,3.09543980974605981,-0.511443942769574278,-4.62741389442296818e-06,-0.00100117484650875835,7.20850539575992649e-05,-8.34529192618950721e-07,0.0643730943120318783,0.00411384017917808178,0.0636912713387513124,1.27530980437265642e-05,0.071600529763968232,-2.6857150231784309e-05,0.962769799178835317,0.689326739215746276,0,0,0,3148.9768979924138,4661.63397642020482,549.25138798171713,466.305878632254974,0.00151113968433711594,1,-0.16755668104055621,4.058323097647473e-05,0.689326739215746276
56.59997736,56.5999773599957265,14694.0069037117064,14693.9443004357599,30.2826625020356133,120.000273727758042,12843.6621575243225,26.3358041667332969,750.142586616251151,0.70862309181024663,748.619852860475248,0.00956896907850746103,47.7725451165742925,750.136063619740412,3.10099194232568731,-0.41264395435827339,-4.61943058931006158e-06,-0.000973726088706905165,7.21030101727765995e-05,-8.32471591893669989e-07,0.0642778334783185995,0.00412107319162164244,0.0637277460956884173,1.27562002871090833e-05,0.0712689840452852413,-2.68671088833826556e-05,0.963326118849688551,0.68869933584788412,0,0,0,3143.27255466360293,4661.54891507808134,549.248743886806892,466.305714140401278,0.00151113741568087542,1,-0.16765899946876045,4.05974287996695908e-05,0.68869933584788412
56.69997732,56.6999773199957176,14694.0433003939688,14693.9806964569398,30.2828686092572958,120.000274710347355,12866.5106314866316,26.4302854812570232,750.171745594068057,0.708650735361315287,748.647188877523604,0.00957162973720881993,47.8020332393555805,750.165246990435094,3.10654214959512265,-0.315564007970380089,-4.61166400896064307e-06,-0.000946448832753066607,7.21206787358922452e-05,-8.30191119539343975e-07,0.0641853098408245309,0.00412830795882460858,0.0637646541509617193,1.27592511897241139e-05,0.0709435836028532024,-2.68768999881751491e-05,0.963884612825693599,0.688083279014422344,0,0,0,3137.67661340490349,4661.46397128793433,549.246103451319527,466.305584526714938,0.00151113562806288863,1,-0.167763261269852249,4.06113154180499903e-05,0.688083279014422344
56.79997728,56.7999772799957086,14694.0700753778219,14694.0074708209231,30.283074724371339,120.000275694695517,12889.3599810937576,26.524935619226774,750.200052657966239,0.708677548121472545,748.673654133929517,0.00957424090506542314,47.8317731439947238,750.193565338373446,3.11209043796803364,-0.220212048504173197,-4.60411268238992711e-06,-0.000919347237856802009,7.21380578857765413e-05,-8.2769179814845558e-07,0.0640955060431971924,0.00413554445321550387,0.063801968278374907,1.27622503776208672e-05,0.0706242974899301129,-2.68865225929656597e-05,0.964444984010858986,0.687478531416314431,0,0,0,3132.1884600824792,4661.3791428183531,549.243466605870481,466.305489177245306,0.00151113431301431685,1,-0.167869375651954034,4.06248912482809897e-05,0.687478531416314431
56.89997724,56.8999772399956996,14694.0874018333852,14694.0247966856386,30.283280847141711,120.000276680801917,12912.2101801805802,26.6197545208273247,750.227518230757823,0.708703540402051635,748.699260261862605,0.00957680246860803663,47.8617457089324034,750.2210297350058,3.11763681388067937,-0.126595073001915637,-4.59677495713632601e-06,-0.000892424385944290584,7.21551459030707424e-05,-8.24977609124939611e-07,0.0640084043677121017,0.00414278264700357769,0.0638396621342140341,1.2765197538278592e-05,0.0703110931781593812,-2.68959760631419379e-05,0.965006948821118704,0.686885053943456003,0,0,0,3126.80746997494498,4661.29442744985408,549.240833281444907,466.305427475309159,0.001511133462029001,1,-0.167977251597030502,4.06381567375838489e-05,0.686885053943456003
56.9999772,56.9999771999956906,14694.095453556627,14694.032847864717,30.2834869773354143,120.000277668665973,12935.0612029178428,26.7147421289784077,750.254152911517849,0.708728722682839707,748.724019029630426,0.00957931436817949233,47.8919324869397656,750.247651585021913,3.123181285382576,-0.0347191753980524709,-4.58964918036464955e-06,-0.000865683185374539299,7.21719411703536991e-05,-8.22052479074530454e-07,0.0639239868183662518,0.00415002251245030242,0.0638777102645439465,1.27680924274330765e-05,0.0700039425253920489,-2.69052601156420052e-05,0.965570238168491413,0.686302801895895875,0,0,0,3121.5329743558168,4661.20982297500359,549.238203409400285,466.305398801994443,0.00151113306657038832,1,-0.168086797705403385,4.06511123464858547e-05,0.686302801895895875
57.09997716,57.0999771599956816,14694.0944049246609,14694.0317987205326,30.2836931147224639,120.00027865828703,12957.9130238093239,26.8098983797640287,750.279966842041972,0.708753105013471774,748.747941713008458,0.00958177658942060972,47.9223156078504076,750.273441365650342,3.12872385690010324,0.0554104112421498485,-4.58273378462534486e-06,-0.000839127145001263659,7.21884422008325856e-05,-8.18920314287308921e-07,0.0638422350474176642,0.00415726402101307835,0.0639160880288074523,1.27709348685013476e-05,0.0697028124485898209,-2.69143747482396388e-05,0.966134593986920809,0.685731737608204162,0,0,0,3116.36437368808993,4661.12532719894989,549.235576921489042,466.305402536319832,0.00151113311807371206,1,-0.168197922452089033,4.06637585893680864e-05,0.685731737608204162
57.19997712,57.1999771199956726,14694.0844308100641,14694.0218241388411,30.2838992590759446,120.000279649664606,12980.7656177006957,26.9052232256754387,750.304970630728803,0.708776697885937446,748.771040024058834,0.00958418917249348468,47.9528777302400613,750.298410471968282,3.13426453692249884,0.143789276121069065,-4.57602746352458962e-06,-0.00081276102810350461,7.22046477289774169e-05,-8.15584978082765396e-07,0.0637631303415010786,0.00416450714463841021,0.0639547714560926989,1.27737247491474922e-05,0.0694076709701371281,-2.69233202411898178e-05,0.96669977003585239,0.68517181198297894,0,0,0,3111.30097137501207,4661.04093793967058,549.232953749856733,466.305438055539526,0.00151113360795017827,1,-0.168310534291928854,4.0676096006499105e-05,0.68517181198297894
57.29997708,57.2999770799956636,14694.0657064653933,14694.0030993603832,30.2841054101720211,120.000280642797989,13003.6189597777066,27.0007165973286263,750.329174727040026,0.708799511643340985,748.793325495235536,0.00958655219576831641,47.9836018702778233,750.322569967972868,3.13980333281966484,0.230413805353997247,-4.56952916021428657e-06,-0.000786591169470955611,7.22205567223699286e-05,-8.12050346631403247e-07,0.0636866534266798262,0.00417175185492279273,0.0639937370694539931,1.27764620101791894e-05,0.0691184839745240392,-2.6932097025243121e-05,0.967265526477876447,0.68462297700464736,0,0,0,3106.34205849140153,4660.95665302820998,549.230333827054437,466.305504735554678,0.00151113452759261383,1,-0.168424542334241867,4.06881252310247629e-05,0.68462297700464736
57.39997704,57.3999770399956546,14694.0384074635804,14693.9757999714293,30.284311567789846,120.000281637686669,13026.4730255577324,27.0963784444811928,750.352589750850825,0.708821556790854013,748.814809816696879,0.00958886576639494947,48.0144712877935831,750.345931242836286,3.14534025358777836,0.315281166650109412,-4.56323808161589477e-06,-0.000760625510197675031,7.22361684169324091e-05,-8.08320323618810172e-07,0.0636127843361198181,0.0041789981235931745,0.0640329617052841499,1.27791466273740074e-05,0.0688352211230185834,-2.69407056184376823e-05,0.967831627735553535,0.684085179197373439,0,0,0,3101.48699584482893,4660.87247030857088,549.227717086040002,466.305601951125709,0.00151113586837838985,1,-0.168539856804232002,4.06998470070424299e-05,0.684085179197373439
57.499977,57.4999769999956456,14694.0027096495032,14693.9401017906221,30.2845177317115883,120.000282634330034,13049.327790893678,27.1922087073206384,750.375225847590968,0.708842843386408017,748.83550420055758,0.00959113000388667203,48.0454693236534354,750.36850473009099,3.15087530449580866,0.398389300210368447,-4.55715357574780559e-06,-0.000734873294891435634,7.22514822872518932e-05,-8.04398894777094272e-07,0.0635415022050474787,0.00418624592164618808,0.064072422350903796,1.27817786005849386e-05,0.0685578462711094461,-2.69491464703572415e-05,0.968397837086631186,0.683558372432823802,0,0,0,3096.73504735315328,4660.78838763910062,549.225103460211471,466.305729076044599,0.00151113762167176232,1,-0.168656389723572109,4.0711262255923687e-05,0.683558372432823802
57.59997696,57.5999769599956366,14693.9587890021503,14693.8961808239492,30.2847239017225363,120.000283632727502,13072.183231982779,27.2882073287692322,750.397093788822531,0.708863382079975124,748.855420484272372,0.00959334504103281915,48.0765793916564803,750.390302098113921,3.15640849627236664,0.479736924171646706,-4.55127512503912215e-06,-0.000709344647925906928,7.22664980760340595e-05,-8.00290099770138201e-07,0.0634727852519413188,0.00419349522089525022,0.064112096039405389,1.27843579362181133e-05,0.0682863218486482876,-2.6957419985367484e-05,0.968963918585130757,0.68304249598075073,0,0,0,3092.08546420387711,4660.70440289148155,549.22249288338071,466.30588548362573,0.00151113977883063702,1,-0.168774055094334019,4.07223720441477079e-05,0.68304249598075073
57.69997692,57.6999769199956276,14693.906821615994,14693.8442131481497,30.2849300776109054,120.00028463287849,13095.0393253464808,27.38437425174968,750.41820372519021,0.708883182935482692,748.874569888428141,0.0095955110027756696,48.1077848636685417,750.411333764489655,3.16193983468792794,0.559323539995723706,-4.54560212123644725e-06,-0.000684049878496571979,7.22812157052242932e-05,-7.95998095153230436e-07,0.0634066106174858424,0.0042007459922619797,0.06415195980257897,1.27868846403293227e-05,0.0680206137631318292,-2.69655264088372494e-05,0.969529631511093504,0.682537499463711894,0,0,0,3087.53756883434153,4660.62051395191338,549.219885289814897,466.306070546772446,0.00151114233120745994,1,-0.168892769442551327,4.07331776606146992e-05,0.682537499463711894
57.79997688,57.7999768799956186,14693.8469835817814,14693.7843748528485,30.2851362591680342,120.000285634782458,13117.8960478548142,27.4807094232866866,750.438566418149094,0.70890225659403483,748.892964245216945,0.00959762801655417164,48.1390691603457981,750.431611354572624,3.16746933089742555,0.63714944080643221,-4.54013385808727378e-06,-0.000658998903590429417,7.22956352871839138e-05,-7.91527099035359291e-07,0.0633429544747319412,0.00420799820751369992,0.0641919906864498874,1.27893587114337568e-05,0.0677606801086674676,-2.69734658815900003e-05,0.970094734946285064,0.682043318150471256,0,0,0,3083.09056045549232,4660.53671872098039,549.217280614221067,466.306283638401339,0.00151114527015505954,1,-0.169012451609577008,4.07436805519000711e-05,0.682043318150471256
57.89997684,57.8999768399956096,14693.7794509157538,14693.7168419661939,30.2853424461882703,120.000286638438794,13140.7533767090736,27.5772127835692373,750.458192016358453,0.708920613117832055,748.910614773436464,0.00959969619826894771,48.1704157339408425,750.451145257663939,3.17299699116121525,0.713215717200327504,-4.53486933215517952e-06,-0.000634200626316664458,7.23097570266841391e-05,-7.86881431317165894e-07,0.0632817919971301046,0.00421525183756586187,0.06423216583277086,1.27917801426591579e-05,0.067506484029085212,-2.69812384134476972e-05,0.970658984695898064,0.681559897518952407,0,0,0,3078.74373627761088,4660.45301511412981,549.214678791774077,466.306524131694289,0.00151114858703010088,1,-0.169133022940822303,4.07538823723605832e-05,0.681559897518952407
57.9999768,57.9999767999956006,14693.7043994963169,14693.6417903610491,30.2855486384689065,120.000287643846946,13163.6112894365397,27.6738842782555423,750.477091286722271,0.708938263152894654,748.927533301506173,0.00960171566974477031,48.2018082327581965,750.469947084750856,3.17852282721924428,0.787524257587399745,-4.52980729364111956e-06,-0.0006096626066852556,7.23235812363100369e-05,-7.82065438181346772e-07,0.0632230975781583188,0.00422250685421516128,0.0642724625929373405,1.27941489240453773e-05,0.0672579810127227617,-2.69888439870993987e-05,0.971222139747806801,0.681087168553201283,0,0,0,3074.49626915448198,4660.3694010615809,549.212079758100458,466.306791400324244,0.00151115227319618332,1,-0.169254406709503091,4.07637848946293554e-05,0.681087168553201283
58.09997676,58.0999767599955916,14693.6220049858093,14693.5593956873872,30.2857548358103159,120.000288651006329,13186.469763908477,27.7707238502697322,750.495274521240276,0.708955216896199558,748.943731169827061,0.00960368655175036778,48.2332305355855055,750.488027492173842,3.18404684711294106,0.860077737901896455,-4.52494613158602676e-06,-0.000585390788810700221,7.23371082576961785e-05,-7.77083515660189509e-07,0.0631668448901305385,0.00422976322862441464,0.0643128586673339109,1.27964650518804388e-05,0.0670151304753197063,-2.69962825618963632e-05,0.971783960826354209,0.680625069650532155,0,0,0,3070.34740464045126,4660.28587450945997,549.209483449325603,466.307084818733586,0.00151115632002766435,1,-0.169376528026374151,4.07733900386947598e-05,0.680625069650532155
58.19997672,58.1999767199955826,14693.5324427001178,14693.4698332751523,30.2859610380158735,120.000289659916362,13209.3287783263622,27.867731442536229,750.512752015064279,0.708971484546916386,748.959219701000848,0.0096056089782732279,48.2646668881642995,750.505397125668424,3.18956905917265443,0.930879610242847377,-4.52028394093406932e-06,-0.00056138963401852857,7.23503384693443186e-05,-7.71940061635229525e-07,0.0631130070805077659,0.00423702093198002373,0.0643533322463566287,1.27987285395820576e-05,0.0667778909850159641,-2.70035541816639466e-05,0.972344214708234289,0.680173537096083747,0,0,0,3066.29637521508812,4660.2024334186699,549.206889802033174,466.307403762598312,0.00151116071891604573,1,-0.169499313362526327,4.07826998148076082e-05,0.680173537096083747
58.29997668,58.2999766799955736,14693.4358876124024,14693.3732780925111,30.2861672448919244,120.000290670576518,13232.1883112247251,27.9649070034486655,750.529534514148168,0.708987076729280519,748.974010641631025,0.00960748310939907313,48.2961020074096155,750.522067530806339,3.19508947590130266,0.999934074247271099,-4.51581862391928944e-06,-0.000537662303849552998,7.23632723057069933e-05,-7.66639433533907097e-07,0.0630615569507775586,0.00424427993615021822,0.0643938621108281067,1.28009394272282971e-05,0.0665462157412654853,-2.70106590522351631e-05,0.972902677786110393,0.679732495990320373,0,0,0,3062.3423188911338,4660.11907576671183,549.204298753317516,466.307747608815248,0.001511165461269782,1,-0.169622690033868262,4.07917162720357253e-05,0.679732495990320373
58.39997664,58.3999766399955647,14693.332514218986,14693.2699046196576,30.2863734562478797,120.00029168298623,13255.0483414739356,28.0622504772992798,750.545632292667733,0.709002003620708976,748.988115237513284,0.00960930912632118606,48.3275210849793098,750.538049302830132,3.20060810612786417,1.06724605108482962,-4.51154789001347354e-06,-0.000514211060335358116,7.23759102301999263e-05,-7.61185970016531907e-07,0.0630124669934411935,0.00425154021238023476,0.0644344277156849859,1.28030977906439374e-05,0.0663200623280081197,-2.70175975359608517e-05,0.973459134333085285,0.679301878825052108,0,0,0,3058.48444592164196,4660.03579954706674,549.201710240773536,466.308115735979072,0.00151117053852084537,1,-0.169746586192475901,4.08004415240315513e-05,0.679301878825052108
58.4999766,58.4999765999955557,14693.2224965021014,14693.1598868619403,30.2865796718960638,120.000292697144914,13277.9088482678926,28.1597618070134565,750.561055618844307,0.709016275391731843,749.00154469726499,0.00961108724064674291,48.3589098348160178,750.553353017274617,3.20612495895480398,1.13282115229095126,-4.50746938636837225e-06,-0.000491037770172574636,7.238825277877179e-05,-7.55583962874856993e-07,0.0629657094970408893,0.00425880173195230648,0.0644750092132454627,1.28052037458631208e-05,0.0660993879300136866,-2.70243701798807579e-05,0.97401337874655991,0.678881616145113553,0,0,0,3054.72195486112832,4659.95260276916179,549.199124202491248,466.308507524515448,0.00151117594212654151,1,-0.169870930550050286,4.08088777144086131e-05,0.678881616145113553
58.59997656,58.5999765599955467,14693.1060078293085,14693.0433981720016,30.286785891651828,120.000293713052045,13300.7698111381123,28.2574409409856351,750.575815205227855,0.70902990263107124,749.014310642982991,0.00961281770336164243,48.390254500292599,750.567990138701362,3.21164004765522293,1.19666564551231858,-4.50358082356549355e-06,-0.000468144348011013923,7.24003006077686287e-05,-7.49837634998690004e-07,0.0629212566024529019,0.0042660644668463853,0.0645155874237432203,1.28072574533940049e-05,0.0658841446191922725,-2.7030977774184793e-05,0.974565216744932905,0.678471627469045324,0,0,0,3051.05395126211033,4659.86948345934979,549.196540577081237,466.308922357038796,0.00151118166357444334,1,-0.169995652283446735,4.08170269890726443e-05,0.678471627469045324
58.69997652,58.6999765199955377,14692.9832209311426,14692.9206112822339,30.2869921153335042,120.000294730707083,13323.6312099456245,28.3552878262433019,750.589921285839523,0.709042895473798729,749.026424191901015,0.00961450078920655926,48.4215417530094214,750.58197117806651,3.2171533818144078,1.25878642419660736,-4.49987995914550643e-06,-0.000445533106980898225,7.24120544805694399e-05,-7.43951189513149037e-07,0.0628790802060735093,0.00427332838844779461,0.0645561437793457232,1.28092591131503972e-05,0.0656742888854745521,-2.70374212265850882e-05,0.975114461110986763,0.678071839825854172,0,0,0,3047.47961369382756,4659.78643966113304,549.193959303691486,466.309359618432268,0.00151118769438346391,1,-0.170120681355267922,4.08248915544757071e-05,0.678071839825854172
58.79997648,58.7999764799955287,14692.8543078042567,14692.7916981981471,30.2871983427623555,120.00029575010943,13346.493024874957,28.4533024043454539,750.60338423318683,0.709055264183927947,749.037896576347407,0.00961613680295725359,48.4527586657786173,750.59530692279634,3.22266497258406304,1.31919098474262597,-4.49636469050572555e-06,-0.000423207069901636063,7.24235153182733852e-05,-7.37928791745899966e-07,0.0628391519544976157,0.00428059346842903261,0.0645966602348285318,1.281120896229918e-05,0.0654697751190572302,-2.70437015953323358e-05,0.975660932320024044,0.677682175398117259,0,0,0,3043.99808297759364,4659.70346943481763,549.191380321989641,466.309818696192281,0.00151119402610860897,1,-0.170245948606900788,4.08324736552876242e-05,0.677682175398117259
58.89997644,58.8999764399955197,14692.7194396741688,14692.6568301304887,30.2874045737626396,120.000296771258618,13369.3552364450952,28.5514846291560715,750.616214248492724,0.709067018861682663,749.048738839475959,0.00961772606942545849,48.4838926162997268,750.608007821861975,3.2281748300560773,1.37788740516750607,-4.49303303535254919e-06,-0.000401170043191120015,7.24346842002045269e-05,-7.31774600944807447e-07,0.0628014431435359177,0.00428785967833212461,0.0646371191654608324,1.28131072672307906e-05,0.0652705571026939019,-2.70498200100347463e-05,0.976204456122279796,0.677302554681729951,0,0,0,3040.60849026365486,4659.62057085803826,549.188803572181882,466.31029898056164,0.00151120065034279424,1,-0.170371386106511286,4.0839775612038279e-05,0.677302554681729951
58.9999764,58.9999763999955107,14692.578786931932,14692.5161774727039,30.2876108081615243,120.000297794154037,13392.2178254960745,28.6498344408673837,750.628421971939474,0.709078170019783904,749.058962448626858,0.0096192689336151993,48.5149312577099749,750.620085203362464,3.23368296850036963,1.43488433571226182,-4.48988316400283704e-06,-0.000379426566871725161,7.2445562395394945e-05,-7.25492755426451716e-07,0.0627659246921106195,0.00429512699045361997,0.0646775032749059564,1.28149543133580932e-05,0.0650765894309248971,-2.70557776093361626e-05,0.976744861290894106,0.676932899509546826,0,0,0,3037.30998490053526,4659.53774202545355,549.186228995003944,466.310799864754586,0.00151120755871993542,1,-0.170496927293000644,4.0846799803238905e-05,0.676932899509546826
59.09997636,59.0999763599955017,14692.4325190670788,14692.3699097201643,30.2878170457891613,120.00029881879523,13415.0807731991681,28.7483517947109704,750.640017557206079,0.709088727709025757,749.068578375790366,0.00962076574464898471,48.5458623962535398,750.63154943803147,3.23918939848163134,1.49019098032372455,-4.48691327397660988e-06,-0.000357981651966264179,7.24561513132153878e-05,-7.19087427125070608e-07,0.0627325670021278148,0.00430239537655871095,0.0647177955115362247,1.28167503995071627e-05,0.0648878211997814675,-2.70615755496371216e-05,0.977281980204887324,0.676573121066490479,0,0,0,3034.10162548319522,4659.45498105047318,549.183656531769884,466.311320745195928,0.0015112147429182409,1,-0.170622507466573398,4.08535487307002114e-05,0.676573121066490479
59.19997632,59.1999763199954927,14692.2808046266437,14692.2181954152093,30.2880232864785981,120.000299845181573,13437.9440610449365,28.847036629512413,750.651011289380222,0.709098702101868317,749.07759771564065,0.00962221685780129121,48.576674008693999,750.64241116450205,3.24469413212633295,1.5438171008238939,-4.48412158479661959e-06,-0.00033684051242642934,7.24664525157104841e-05,-7.125628004759149e-07,0.062701339976208248,0.0043096648087640908,0.0647579790382825787,1.2818495830088723e-05,0.0647042053120838317,-2.70672149057692668e-05,0.977815644947068963,0.676223138055646378,0,0,0,3030.98254391281398,4659.37228606404369,549.181086124342301,466.311861021666743,0.00151122219466220693,1,-0.170748063795986588,4.08600249948727403e-05,0.676223138055646378
59.29997628,59.2999762799954837,14692.1238111555576,14692.0612021020115,30.2882295300657844,120.000300873312611,13460.8076708484987,28.94588890050359,750.661413429079516,0.709108103345017837,749.086031530626997,0.00962362262895899434,48.6073542216183228,750.65268098162187,3.25019718180835415,1.59577301016037865,-4.4815062616915854e-06,-0.000316008228547012262,7.24764676876828406e-05,-7.05923081203820867e-07,0.0626722129985283344,0.00431693525933575604,0.0647980372183100811,1.28201909103881579e-05,0.0645256921739162659,-2.70726967022492548e-05,0.978345689137577024,0.675882864565935937,0,0,0,3027.95183601235885,4659.28965521522969,549.178517715144835,466.312420097516849,0.00151122990572553515,1,-0.170873535446978309,4.08662313056934351e-05,0.675882864565935937
59.39997624,59.3999762399954747,14691.9617051258683,14691.8990962586122,30.288435776389619,120.000301903187776,13483.6715847513169,29.0449085519792334,750.671234210529065,0.709116941557414227,749.093890847790817,0.00962498341400408464,48.6378913300810609,750.662369446575326,3.25569856014595915,1.64606956870667176,-4.47906536166351908e-06,-0.000295489412032388422,7.24861986119941439e-05,-6.99172492147131814e-07,0.0626451549642963734,0.00432420670069880945,0.0648379536399525391,1.28218359457856087e-05,0.0643522313107693644,-2.70780219129842926e-05,0.97887194778004083,0.675552213162384785,0,0,0,3025.00858925323382,4659.20708667147028,549.175951247172407,466.312997379916624,0.00151123786793460496,1,-0.170998863571934695,4.08721704779616739e-05,0.675552213162384785
59.4999762,59.4999761999954657,14691.7946519255638,14691.7320432518663,30.2886420252918462,120.000302934806555,13506.5357852088055,29.144095533702874,750.680483840162196,0.709125226828873578,749.101186654803314,0.00962629956998872771,48.6682738362465557,750.671487073552157,3.26119828000198675,1.69471817816570081,-4.47679679339714725e-06,-0.000275287949911308448,7.24956471452656011e-05,-6.92315262231536893e-07,0.0626201343390752341,0.00433147910544551609,0.0648777121683037639,1.28234312433546932e-05,0.0641837714459828762,-2.70831914762152388e-05,0.979394258158215902,0.675231094919339192,0,0,0,3022.15188297163286,4659.12457861877192,549.173386663995643,466.313592279896966,0.0015112460731689975,1,-0.171123991172228068,4.08778454183311479e-05,0.675231094919339192
59.59997616,59.5999761599954567,14691.6228157430887,14691.5602072888796,30.288848276617145,120.000303968168467,13529.400255002718,29.2434497981725805,750.689172495069556,0.709132969218303377,749.107929895038978,0.00962757145588177821,48.6984905003385506,750.680044332293846,3.26669635448205353,1.74173077194114967,-4.47469829721763472e-06,-0.000255406850506784047,7.25048151976391244e-05,-6.85355616012388356e-07,0.0625971192392542619,0.00433875244634343831,0.064917297013256367,1.28249771128928007e-05,0.0640202606071733349,-2.70882063256120576e-05,0.979912461047473538,0.674919419456900704,0,0,0,3019.38078861977237,4659.04212926189939,549.170823909768274,466.314204212760615,0.00151125451336718173,1,-0.171248862956841774,4.08832591127563584e-05,0.674919419456900704
59.69997612,59.6999761199954477,14691.4463595636189,14691.3837513556846,30.2890545302130043,120.00030500327297,13552.2649772270088,29.3429712924178716,750.697310321277087,0.709140178752061479,749.114131462251407,0.00962879943967953622,48.7285303948600585,750.688051646493477,3.27219279693439979,1.78711980130064063,-4.4727674519714396e-06,-0.000235848209704379793,7.25137047211262236e-05,-6.78297756830980129e-07,0.0625760775225059351,0.00434602669633745841,0.0649566928019254253,1.28264738764319034e-05,0.0638616462520663064,-2.70930674393659843e-05,0.980426402054122126,0.674617094981127763,0,0,0,3016.69437003788926,4658.95973682456588,549.168262929232355,466.314832598095165,0.00151126318052667119,1,-0.171373425100027593,4.08884146060062845e-05,0.674617094981127763
59.79997608,59.7999760799954387,14691.2654451131821,14691.2028371590222,30.2892607859298053,120.000306040119568,13575.1299352924234,29.4426599675699165,750.704907431862921,0.709146865422020101,749.119802195454099,0.00962998389763303209,48.758382952975353,750.695519392068832,3.27768762094420696,1.83089821737288361,-4.47100169713380554e-06,-0.000216613295815964465,7.25223177037087943e-05,-6.71145855442354933e-07,0.0625569768760151912,0.00435330182855565417,0.0649958846432985571,1.28279218672500842e-05,0.0637078753901255679,-2.70977758443305411e-05,0.980935932835353741,0.674324028327847547,0,0,0,3014.09168376052367,4658.87739954961035,549.16570366772396,466.31547685997225,0.00151127206670676243,1,-0.171497625032907663,4.08933149874534749e-05,0.674324028327847547
59.89997604,59.8999760399954297,14691.0802327729762,14691.0176251038829,30.2894670436207818,120.000307078707749,13597.9951129325073,29.5425157733928252,750.711973754932501,0.709153039041719779,749.124952724773493,0.00963112522077302913,48.7880379947150118,750.702457594660814,3.28318083901801305,1.8730794496546892,-4.46939835824322986e-06,-0.000197702726355482934,7.25306561650789893e-05,-6.63904043771656502e-07,0.0625397848792152433,0.00436057781609190068,0.0650348581763139783,1.28293214411700312e-05,0.0635588962244652833,-2.71023326713379621e-05,0.981440911467055921,0.674040128031026198,0,0,0,3011.5718061502007,4658.79511569907481,549.163146071176811,466.316136427252616,0.00151128116403274546,1,-0.171621411326212836,4.08979633828242511e-05,0.674040128031026198
59.999976,59.9999759999954208,14690.8908815830946,14690.8282742028459,30.2896733031419352,120.00030811903703,13620.8604941802951,29.6425386623851885,750.718519636530914,0.70915870981591056,749.129594071946826,0.00963222382197281846,48.8174857820933426,750.708877135393209,3.28867246785674938,1.91367738477092786,-4.46795475136287242e-06,-0.000179116738203781873,7.25387221937853131e-05,-6.56576381797527969e-07,0.0625244691071340508,0.00436785463288797034,0.065073599591055839,1.28306729756722364e-05,0.0634146520244028289,-2.7106739178440544e-05,0.981941205139597706,0.673765292211628064,0,0,0,3009.13372594961083,4658.71288355419438,549.160590086116599,466.316810733572879,0.00151129046469570421,1,-0.171744733394248145,4.090236291340058e-05,0.673765292211628064
60.09997596,60.0999759599954118,14690.6975491456687,14690.6349420828155,30.2898795643521623,120.000309161106912,13643.726063397633,29.7427285856784849,750.724554923333471,0.709163887473756582,749.133736735042021,0.00963328012696207381,48.8467169565139443,750.714787929845897,3.29416252040243895,1.95270633571168872,-4.46666814829707311e-06,-0.000160855349698287232,7.25465179174510522e-05,-6.49166895398961989e-07,0.0625109970854890173,0.00437513225242418258,0.0651120956246802746,1.28319768736087562e-05,0.0632750905029211413,-2.711099671744141e-05,0.982436686792326763,0.673499426986714389,0,0,0,3006.77650721668624,4658.63070141666594,549.158035659709071,466.317499217690283,0.00151129996095727124,1,-0.171867541702362459,4.0906516740260869e-05,0.673499426986714389
60.19997592,60.1999759199954028,14690.5003916434944,14690.4377849104549,30.2900858271130957,120.0003102049169,13666.5918052419511,29.8430854944043418,750.730089575841248,0.709168581848131585,749.137391301211778,0.00963429458315401277,48.8757225639282638,750.72020014412567,3.29965101115407133,1.9901810247024585,-4.46553587444435197e-06,-0.000142918685339294039,7.25540455463571693e-05,-6.41679551736804816e-07,0.0624993363477033201,0.00438241064860093229,0.0651503335417625562,1.2833233564491587e-05,0.063140157578078962,-2.71151067510298438e-05,0.982927237072147242,0.673242434193894734,0,0,0,3004.49918075874348,4658.54856760748771,549.155482739717627,466.318201323416758,0.0015113096451487085,1,-0.171989787600199756,4.09104280338762734e-05,0.673242434193894734
60.29997588,60.2999758799953938,14690.2995637357235,14690.2369573406031,30.2902920912891993,120.000311250466524,13689.4577046892609,29.9436093424287009,750.735133511210734,0.709172802726862561,749.140568292110402,0.00963526765277622488,48.9044940085345843,750.725123887300811,3.30513795482509476,2.02611655946958535,-4.46455532231403569e-06,-0.000125307123093652118,7.25613073785131169e-05,-6.34118270187465531e-07,0.0624894544043101338,0.00438968979552954632,0.0651883010860642848,1.28344434980368056e-05,0.0630097988921396873,-2.71190708296362971e-05,0.983412742920281024,0.672994214550668657,0,0,0,3002.30077178739884,4658.46648046757127,549.152931274524576,466.318916499989825,0.00151131950967601787,1,-0.17211142349118877,4.09140999861533645e-05,0.672994214550668657
60.39997584,60.3999758399953848,14690.0952185764909,14690.0326125390548,30.2904983567476691,120.000312297755258,13712.3237470189324,30.044300078149039,750.739696601345486,0.709176559850973165,749.143278164571143,0.00963619981295593675,48.9330230117019482,750.729569209759802,3.31062336634135956,2.06052841465697156,-4.46372396129540711e-06,-0.000108021388329724782,7.25683058075305169e-05,-6.26486930386866709e-07,0.0624813187125862549,0.0043969696675409814,0.0652259864258239869,1.28356071443195678e-05,0.0628839597690328267,-2.71228905540069001e-05,0.983893096604547823,0.672754667697531006,0,0,0,3000.18030027785426,4658.38443835788257,549.150381213135233,466.319644202006771,0.00151132954701903082,1,-0.172232402929555828,4.09175358192213776e-05,0.672754667697531006
60.4999758,60.4999757999953758,14689.8875077441335,14689.824902078919,30.2907046233584616,120.000313346782704,13735.1899178123076,30.1451576622672128,750.74378867112182,0.70917986291281232,749.145531311477725,0.00963709155099712333,48.9613015701193603,750.733546101710658,3.31610726083517937,2.09343241649644796,-4.46303933568908539e-06,-9.10625600217717708e-05,7.25750433271537567e-05,-6.18789380562206073e-07,0.0624748966408149864,0.00440425023919496349,0.0652633780980110406,1.28367249875223563e-05,0.062762585157498052,-2.71265675599210994e-05,0.984368194708429622,0.672523692242984028,0,0,0,2998.13678127752837,4658.3024396595647,549.147832505181327,466.320383889676407,0.00151133974973487227,1,-0.172352680789194107,4.09207387947302891e-05,0.672523692242984028
60.59997576,60.5999757599953668,14689.676581222564,14689.6139759505204,30.2909108909942759,120.000314397548308,13758.0562029583289,30.2461820404465023,750.747419496730799,0.709182721554433182,749.14733806239974,0.00963794336136603036,48.9893219194846097,750.737064491795309,3.32158965364261682,2.12484473058638201,-4.4624990449119474e-06,-7.4431993311802229e-05,7.25815225285639172e-05,-6.11029443473448037e-07,0.0624701554358045585,0.00441153148529105105,0.0653004649599723402,1.28377975219570311e-05,0.0626456195747862876,-2.71301034896470137e-05,0.984837937218815185,0.672301185806411183,0,0,0,2996.16922518937645,4658.2204827740652,549.145285100925662,466.321135028885465,0.00151135011045887388,1,-0.17247221339357427,4.09237122204245447e-05,0.672301185806411183
60.69997572,60.6999757199953578,14689.4625873565674,14689.399982483681,30.2911171595305113,120.000315450051659,13780.9225886443837,30.3473731720216655,750.750598804123001,0.709185145365999525,749.148708683641189,0.00963875574289385639,49.0170765088712415,750.740134245813806,3.3270705602995112,2.15478185213524398,-4.46210071704691798e-06,-5.81311781643561282e-05,7.25877460936358759e-05,-6.03210923101786705e-07,0.0624670622013785148,0.00441881338087691568,0.0653372361553307135,1.28388252483745121e-05,0.0625330070755889117,-2.71334999726283305e-05,0.985302226894178013,0.672087045059240329,0,0,0,2994.27663804237272,4658.13856612324616,549.142738951265301,466.321897091357869,0.00151136062190677066,1,-0.172590958630103902,4.09264594577453086e-05,0.672087045059240329
60.79997568,60.7999756799953488,14689.2456728257239,14689.1830683641183,30.2913234288453097,120.000316504292286,13803.7890613608706,30.448731010858932,750.753336267520012,0.709187143884305149,749.149653377485947,0.00963952919509347694,49.0445579884677159,750.742765165516744,3.33254999653777784,2.18326059769101732,-4.46184197463937287e-06,-4.21615640159557777e-05,7.25937167827843865e-05,-5.95337605375911823e-07,0.0624655838927390406,0.00442609590125774086,0.0653736810977336852,1.28398086690931926e-05,0.0624246912373122229,-2.71367586027499896e-05,0.985760968925325831,0.671881165764988908,0,0,0,2992.45802174777282,4658.0566881495015,549.14019400773509,466.322669554747506,0.00151137127687596818,1,-0.172708876006535228,4.09289839223426813e-05,0.671881165764988908
60.89997564,60.8999756399953398,14689.0259826108813,14688.9633785750757,30.2915296988194456,120.000317560269735,13826.6556078902559,30.5502555121916721,750.75564150794321,0.709188726591290175,749.150182280547597,0.00964026421824737412,49.0717592112911234,750.744966987422004,3.3380279782825526,2.21029809729895987,-4.461720404502542e-06,-2.6524378329201245e-05,7.25994374214738802e-05,-5.87413258416201183e-07,0.0624656873289225409,0.00443337902200291976,0.0654097894732600799,1.28407482881502937e-05,0.0623206151753309331,-2.71398809531367152e-05,0.986214070949855137,0.671683442819157484,0,0,0,2990.71237435358717,4657.97484731585519,549.137650222510729,466.323451902757654,0.00151138206824719492,1,-0.172825926657721562,4.09312890840096041e-05,0.671683442819157484
60.9999756,60.9999755999953308,14688.803659979254,14688.7410563780631,30.2917359693363792,120.000318617983552,13849.5222153159193,30.651946631253292,750.757524091730488,0.709189902912597092,749.150305461305152,0.00964096131231562126,49.0986732471500318,750.746749381628774,3.34350452164827416,2.23591178600502616,-4.46173352850765952e-06,-1.12204703894092487e-05,7.26049108842983658e-05,-5.79441627115159772e-07,0.062467339222486408,0.00444066271895209291,0.0654455512591835126,1.28416446098815651e-05,0.0622207215886439249,-2.71428685669074792e-05,0.986661443392270576,0.671493770289672387,0,0,0,2989.03869030154374,4657.89304210606133,549.135107548411952,466.324243625194015,0.00151139298898522539,1,-0.17294207328863706,4.0933378459764764e-05,0.671493770289672387
61.09997556,61.0999755599953218,14688.5788464173675,14688.5162432643883,30.2919422402822356,120.000319677433296,13872.3888710101292,30.7538043246442534,750.75899352900035,0.709190682215933177,749.150032917013846,0.00964162097774190485,49.1252934052694741,750.74812195059053,3.34897964293486616,2.26011939387623073,-4.46187879126882988e-06,3.74979742797831433e-06,7.26101400833452712e-05,-5.71426428435990293e-07,0.0624705062227483773,0.00444794696821974259,0.0654809567543082338,1.28424981400299391e-05,0.0621249528160651709,-2.71457229819695819e-05,0.987102999991202545,0.671312041458563713,0,0,0,2987.43596069809701,4657.81127102469873,549.132565938905714,466.325044218203686,0.00151140403214218067,1,-0.173057280106523659,4.09352556076961557e-05,0.671312041458563713
61.19997552,61.1999755199953128,14688.3516816459596,14688.2890789486555,30.2921485115457152,120.000320738618512,13895.2555626379271,30.8558285475979872,750.760059272052217,0.709191073809599337,749.149374570282248,0.00964224371753141796,49.1516132609856982,750.74909422783503,3.3544533586227554,2.28293893398750214,-4.46215355586265859e-06,1.83865959593269112e-05,7.26151279581169299e-05,-5.63371341417996984e-07,0.0624751549671806947,0.00445523174619707335,0.0655159966147480927,1.28433093885491959e-05,0.0620332509137851013,-2.71484457495359472e-05,0.987538658477461584,0.67113814886524048,0,0,0,2985.90317359245728,4657.72953259725455,549.130025348108575,466.325853184221728,0.00151141519085678014,1,-0.173171512677129019,4.09369241142915345e-05,0.67113814886524048
61.29997548,61.2999754799953038,14688.1223035529256,14688.0597013235911,30.2923547830181938,120.000321801538746,13918.1222781557317,30.9580192553478355,750.760730713697285,0.709191086940727078,749.148340265641536,0.00964283003947663531,49.1776266813995449,750.74967567662793,3.35992568536966996,2.30438868823782173,-4.46255511041001674e-06,3.26906099054605478e-05,7.26198774691449826e-05,-5.55280001086512435e-07,0.0624812521343230537,0.00446251702955629409,0.0655506618883270054,1.28440788726056319e-05,0.0619455577323894252,-2.71510384486867441e-05,0.987968341230914149,0.670971984351515172,0,0,0,2984.4393142762724,4657.64782537020619,549.12748573078909,466.326670032210359,0.00151142645835765106,1,-0.17328473782324938,4.09383875863036822e-05,0.670971984351515172
61.39997544,61.3999754399952948,14687.8908482007682,14687.8282464438144,30.2925610545935946,120.000322866193628,13940.9890058035544,31.0603764113298375,750.761017185521609,0.709190730793656909,749.146939766383412,0.00964338045787904719,49.2033278458567338,750.749875688582847,3.36539664000332861,2.32448719129187964,-4.46308069236103121e-06,4.66629653464348165e-05,7.26243915990936075e-05,-5.47155991370963532e-07,0.0624887644923014726,0.00446980279525079419,0.0655849440420854385,1.28448071189093636e-05,0.0618618149873918569,-2.71535027038052449e-05,0.98839197582296523,0.670813439108313925,0,0,0,2983.04336559285775,4657.56614791109496,549.124947042370536,466.327494277632127,0.0015114378279629402,1,-0.173396923489648885,4.09396496412840611e-05,0.670813439108313925
61.4999754,61.4999753999952858,14687.6574497632682,14687.5948484936707,30.2927673261684056,120.000323932582702,13963.8557341078231,31.1628999707772749,750.760927956118053,0.709190014488092602,749.145182751933703,0.00964389549510435984,49.2287112577481025,750.749703582245274,3.3708662395168334,2.34325321306801726,-4.46372750954707897e-06,6.03051102902394718e-05,7.26286733538886214e-05,-5.39002839706663571e-07,0.062497658937711538,0.00447708902051852878,0.0656188349782086955,1.28454946658242474e-05,0.0617819643096921209,-2.71558402010999479e-05,0.988809495333797916,0.670662403723375489,0,0,0,2981.71430826016012,4657.48449880858789,549.122409238932391,466.328325442675634,0.0015114492930834464,1,-0.173508038677194221,4.09407139000163707e-05,0.670662403723375489
61.59997536,61.5999753599952768,14687.4222405552864,14687.3596397741348,30.2929735976416801,120.00032500070553,13986.7224518782168,31.265589890290542,750.76047222930822,0.709188947077501575,749.143078815882291,0.00964437568185694261,49.2537717461376019,750.749168601676729,3.37633450106137456,2.36070574062949845,-4.46449276551693161e-06,7.36186792543716204e-05,7.26327257674469869e-05,-5.30824014847399541e-07,0.062507902521729844,0.00448437568288456538,0.0656523270363831429,1.28461420637719404e-05,0.0617059472931395583,-2.71580526741110377e-05,0.989220838484893505,0.670518768229691142,0,0,0,2980.45112119461692,4657.40287667254051,549.119872277212835,466.329163056149241,0.00151146084722114248,1,-0.173618053358238822,4.09415839827350603e-05,0.670518768229691142
61.69997532,61.6999753199952679,14687.1853509619832,14687.1227506804007,30.2931798689150078,120.000326070561727,14009.5891482037714,31.3684461319383523,750.759659142389978,0.709187537547264935,749.140637464719703,0.00964482155741741565,49.2785044571008939,750.748279915065496,3.38180144194006749,2.37686396020408353,-4.46537368350897362e-06,8.66053561257636325e-05,7.26365519079781547e-05,-5.2262292550694014e-07,0.0625194624623286455,0.00449166276016402157,0.0656854129824200328,1.28467498755862984e-05,0.0616337055070750248,-2.71601419210720767e-05,0.989625949462588639,0.670382422153660285,0,0,0,2979.25278184022818,4657.32128013404326,549.117336114609884,466.330006653733278,0.00151147248397264888,1,-0.173726938493215938,4.09422635062983535e-05,0.670382422153660285
61.79997528,61.7999752799952589,14686.9469094499946,14686.8843096693672,30.2933861398924584,120.00032714215088,14032.4558124507512,31.4714686550551939,750.758497764439085,0.709185794813101067,749.137868117182961,0.00964523367129022091,49.3029048366209963,750.747046613393422,3.38726707960376405,2.39174724018342744,-4.4663675301226494e-06,9.92667643788165981e-05,7.26401548863304686e-05,-5.14402923869195792e-07,0.0625323061439212596,0.00449895023046572966,0.0657180859856094646,1.28473186787449164e-05,0.0615651804931774682,-2.71621097965546252e-05,0.990024777537980905,0.67025325456270668,0,0,0,2978.11826648768465,4657.23970784547328,549.114800709182759,466.330855777940201,0.0015114841970286974,1,-0.173834666035898311,4.09427560872382374e-05,0.67025325456270668
61.89997524,61.8999752399952499,14686.7070425413549,14686.6444432760018,30.2935924104806098,120.000328215472564,14055.3224342616213,31.574657417608293,750.756997094681537,0.709183727719456924,749.134780104047877,0.00964561257874407829,49.3269686079079293,750.745477709168426,3.39273143164208646,2.4053751155919656,-4.46747162233255337e-06,0.000111604394036065262,7.26435378594152386e-05,-5.0616730708546627e-07,0.0625464011076126841,0.00450623807219737577,0.0657503395886282482,1.28478490594646927e-05,0.0615003137530699615,-2.71639581791049587e-05,0.990417276557893689,0.670131154111735627,0,0,0,2977.04655058675735,4657.1581584805208,549.112266019653475,466.331709978207243,0.00151149598017539947,1,-0.173941208989630614,4.09430653424432321e-05,0.670131154111735627
61.9999752,61.9999751999952409,14686.46587478742,14686.4032760290556,30.2937986805884982,120.000329290526437,14078.1890035532451,31.6780123857674916,750.755166060968122,0.709181345037993016,749.131382668169522,0.00964595884041008489,49.3506917465593915,750.743582135256474,3.39819451577787701,2.41776727435070882,-4.46868333195601377e-06,0.00012361957368737069,7.26467040336103227e-05,-4.97919323292165732e-07,0.0625617150361784946,0.00451352626406946369,0.0657821676745607153,1.2848341612200292e-05,0.0614390467293756543,-2.71656889820502704e-05,0.990803404375831587,0.670016009087940567,0,0,0,2976.03660904522076,4657.07663073422555,549.109732005407068,466.332568810989756,0.00151150782729553919,1,-0.174046541480109146,4.09431948953491921e-05,0.670016009087940567
62.09997516,62.0999751599952319,14686.2235287688673,14686.1609305387119,30.2940049501275865,120.000330367312031,14101.0555105116018,31.7815335133986032,750.753013518330704,0.709178655466219499,749.127684964512923,0.00964627302034415379,49.3740704572126674,750.741368743787916,3.40365634986296373,2.42894354542584523,-4.47000007788821288e-06,0.000135313491420347364,7.26496566636496328e-05,-4.89662174364459381e-07,0.0625782157385272875,0.00452081478510136733,0.0658135644359053029,1.28487969370955385e-05,0.0613813207777069159,-2.71673041111503205e-05,0.991183122274496342,0.669907707454275969,0,0,0,2975.08741651379751,4656.99512332299946,549.107198626493187,466.333431839760635,0.00151151973236856251,1,-0.174150638815122244,4.09431483782920046e-05,0.669907707454275969
62.19997512,62.1999751199952229,14685.98012509197,14685.9175273798337,30.2942112190117889,120.000331445829019,14123.9219455914499,31.8852207680382733,750.750548247627307,0.709175667626204431,749.123696059986059,0.00964655568299388477,49.3971011546481122,750.738846305147149,3.40911695187031105,2.43892388856360043,-4.47141931095291464e-06,0.000146687252731735117,7.26523990481312443e-05,-4.81399019575026949e-07,0.0625958711379956956,0.00452810361462580285,0.0658445243495182075,1.28492156359738192e-05,0.0613270771549283347,-2.7168805462573783e-05,0.991556394528424478,0.669806136891321069,0,0,0,2974.19794765896859,4656.91363498464125,549.10466584362598,466.334298635024084,0.00151153168947077234,1,-0.174253477535702889,4.09429294360282988e-05,0.669806136891321069
62.29997508,62.2999750799952139,14685.7357823252678,14685.6731851537297,30.2944174871573715,120.000332526077003,14146.7882995106429,31.9890741103876231,750.747778954250407,0.709172390063180114,749.119424932899847,0.00964680739371459595,49.4197804515618486,750.736023507022423,3.41457633989037124,2.44772838523838487,-4.47293850180701042e-06,0.000157741967424432507,7.26549345250808004e-05,-4.73132977269878516e-07,0.0626146492679327815,0.00453539273229201442,0.0658750421604562403,1.28495983130546521e-05,0.0612762570117171418,-2.71701949304872307e-05,0.991923188097385444,0.669711184838241214,0,0,0,2973.36717743255076,4656.83216447835093,549.102133618184666,466.335168774540762,0.00151154369277843202,1,-0.174355035481926351,4.09425417269001975e-05,0.669711184838241214
62.39997504,62.3999750399952049,14685.4906170628965,14685.4280204199695,30.2946237544830304,120.000333608055598,14169.6545632568668,32.0930935025146695,750.744714266881715,0.709168831244538,749.11488047198111,0.00964702871666300865,49.4421051538679421,750.732908953495439,3.42003453212524766,2.45537723021016774,-4.4745551232268916e-06,0.000168478846131182625,7.26572664640254246e-05,-4.64867124683843423e-07,0.0626345182765322556,0.00454268211807068098,0.065905112875868796,1.28499455721763261e-05,0.0612288014020217486,-2.71714743853181282e-05,0.99228347251370641,0.669622738532922201,0,0,0,2972.59408132435965,4656.75071058472258,549.099601912213643,466.336041843102578,0.00151155573656466227,1,-0.174455291754841368,4.09419889218105295e-05,0.669622738532922201
62.499975,62.4999749999951959,14685.2447438463569,14685.1821477484118,30.2948300209097638,120.000334691764451,14192.5207280720897,32.197278909221545,750.741362736277665,0.709164999558468012,749.110071474955248,0.0096472202126838269,49.4640722630260825,750.729511164160499,3.42549154688166135,2.46189072306917467,-4.47626663288738888e-06,0.00017889928767259188,7.26593982566092333e-05,-4.56604497264330825e-07,0.0626554464410652989,0.00454997175225621379,0.0659347317682675849,1.28502580140082594e-05,0.0611846513124892494,-2.71726456684283536e-05,0.992637219966504336,0.669540685051770113,0,0,0,2971.87763562535838,4656.66927210576068,549.097070688422718,466.336917432811049,0.00151156781520328152,1,-0.174554226734719847,4.094127470257411e-05,0.669540685051770113
62.59997496,62.5999749599951869,14684.9982751980424,14684.9356796348729,30.2950362863609541,120.00033577720319,14215.386785463159,32.3016302939431128,750.737732834047961,0.709160903312895385,749.105006646749871,0.0096473824419347487,49.4856789839976159,750.725838573237297,3.4309474025671749,2.46728925937760124,-4.47807046327445695e-06,0.000189004951608814339,7.26613333086920625e-05,-4.48348084949183955e-07,0.0626774021901761041,0.00455726161546874623,0.0659638943863129074,1.28505362395749498e-05,0.0611437476868733551,-2.71737106197674966e-05,0.992984405462063235,0.669464911349845093,0,0,0,2971.21681768384315,4656.5878478648583,549.094539910186199,466.337795142957987,0.00151157992316716433,1,-0.174651822007413582,4.09404027565809795e-05,0.669464911349845093
62.69997492,62.6999749199951779,14684.7513215988874,14684.6887265725218,30.2952425507621896,120.000336864371477,14238.2527271791932,32.4061476228483158,750.733832951437762,0.709156550734267643,749.099694597475491,0.00964751596274249223,49.506922736639865,750.721899528686436,3.43640211768307546,2.47159332088378392,-4.4799640177343349e-06,0.000198797795614098652,7.26630750337584411e-05,-4.40100828819922827e-07,0.0627003541320120678,0.00456455168865494212,0.0659925965701918527,1.28507808487593386e-05,0.0611060314838804061,-2.71746710641875434e-05,0.993325007171761531,0.669395304301138805,0,0,0,2970.61060617040175,4656.50643670679074,549.092009541543348,466.338674580105135,0.00151159205502933653,1,-0.174748060305292108,4.09393767718284197e-05,0.669395304301138805
62.79997488,62.7999748799951689,14684.5039914436638,14684.4413969708821,30.2954488140414604,120.000337953268925,14261.1185452380778,32.5108308580045815,750.729671398086111,0.709151949966261186,749.094143840337324,0.00964762133398888722,49.5278011677652898,750.717702291298338,3.4418557108196346,2.47482346476229509,-4.48194467280310378e-06,0.000208280081496541047,7.26646268482826528e-05,-4.31865616446032033e-07,0.0627242710845521551,0.00457184195308905916,0.0660208344678887282,1.28509924435085155e-05,0.0610714437159570744,-2.71755288437996404e-05,0.99365900671776286,0.669331750739589282,0,0,0,2970.05798135102987,4656.42503749769276,549.089479547197357,466.33955535824316,0.001511604205465183,1,-0.174842925453828457,4.09382004303019331e-05,0.669331750739589282
62.89997484,62.8999748399951599,14684.2563911266625,14684.1937971881998,30.2956550761289165,120.000339043895224,14283.9842318967967,32.6156799683147369,750.725256400779244,0.709147109068834491,749.088362789656003,0.00964769911465790386,49.5483121614697097,750.71325503378398,3.44730820064806487,2.47700031183629932,-4.48400978654098925e-06,0.000217454346627054813,7.26659921695055398e-05,-4.23645278673699283e-07,0.062749122104992186,0.00457913239037264792,0.0660486045491479462,1.28511716272577051e-05,0.0610399255009478336,-2.7176285807718328e-05,0.993986389479110888,0.669274137500419974,0,0,0,2969.55792535515639,4656.34364912503224,549.086949892514326,466.340437098486973,0.00151161636924822891,1,-0.174936402241099465,4.09368774030185759e-05,0.669274137500419974
62.9999748,62.9999747999951509,14684.0086249150336,14683.9460315250562,30.2958613369570031,120.000340136250045,14306.8497796676729,32.7206949213141485,750.720596102197533,0.70914203601670156,749.082359759139877,0.00964774986645267063,49.5684538455486177,750.708565839848802,3.45275960591658615,2.47814453402818913,-4.48615671151430032e-06,0.000226323349169537828,7.26671744154760676e-05,-4.15442584886958874e-07,0.0627748765149459126,0.0045864229824357991,0.0660759036142177236,1.28513190084435365e-05,0.0610114181022890154,-2.71769438271090467e-05,0.994307144787674568,0.669222351461947751,0,0,0,2969.10942246597597,4656.26227049758199,549.08442054352281,466.341319429526266,0.00151162854125637424,1,-0.17502847642623004,4.09354113431402412e-05,0.669222351461947751
63.09997476,63.0999747599951419,14683.7607950568199,14683.6982022113243,30.296067596460329,120.000341230332992,14329.7151812996581,32.8258756777028751,750.71569855967391,0.709136738698450064,749.076142960507468,0.00964777415168249775,49.5882245928303291,750.703642703283549,3.4582099454391364,2.47827684140214899,-4.48838280844018141e-06,0.000234889997560381935,7.26681770063334351e-05,-4.07260243133254207e-07,0.0628015039194149832,0.00459371371153528309,0.0661027287958088211,1.28514351977164255e-05,0.0609858629609580719,-2.71775048019643193e-05,0.994621266006584848,0.6691762795873476,0,0,0,2968.71145939331427,4656.18090054537515,549.081891466912111,466.342201987241197,0.00151164071646658622,1,-0.175119134624443673,4.0933805884901647e-05,0.6691762795873476
63.19997472,63.1999747199951329,14683.5130016952753,14683.4504093965661,30.2962738545757269,120.000342326143794,14352.5804297889354,32.9312222104842292,750.710571743985611,0.709131224915169223,749.069720502518976,0.00964777253647053357,49.6076230168333723,750.69849352707763,3.46365923809378895,2.4774179691763365,-4.49068545993897152e-06,0.000243157273321574686,7.26690033668336453e-05,-3.99100898975072349e-07,0.0628289742182294164,0.0046010045602573324,0.066129077553475149,1.28515208122395835e-05,0.0609632017166592405,-2.71779706521555122e-05,0.994928750472213963,0.669135808966113577,0,0,0,2968.36302556185046,4656.0995382196661,549.079362630031483,466.343084415007127,0.00151165288995910797,1,-0.175208364330306288,4.09320646409878889e-05,0.669135808966113577
63.29997468,63.2999746799951239,14683.2653429210186,14683.202751166149,30.2964801112421505,120.000343423682125,14375.4455183721693,33.036734487193165,750.705223538184782,0.709125502379485018,749.063100390377258,0.00964774558809144978,49.626647962487425,750.693126122568515,3.46910750281231106,2.47558866522419407,-4.49306208319770597e-06,0.000251128165317017547,7.26696569295712388e-05,-3.90967135855922025e-07,0.0628572576102519598,0.00460829551151767207,0.0661549476614018417,1.2851576472168093e-05,0.0609433762153099162,-2.71783433207395266e-05,0.995229599300450629,0.669100826854894581,0,0,0,2968.06311338419346,4656.01818249287498,549.076834000887857,466.343966363509367,0.00151166505691490826,1,-0.17529615387973288,4.09301912017225823e-05,0.669100826854894581
63.39997464,63.399974639995115,14683.0179147310555,14682.9553235154162,30.2966863664007171,120.000344522947614,14398.3104405191407,33.142412471263242,750.699661736493567,0.709119578714406118,749.056290525447139,0.00964769387579123006,49.6452984930588741,750.687548208643761,3.47455475857476204,2.47280967830751308,-4.49551013737861888e-06,0.000258805617593523603,7.26701411371403257e-05,-3.82861475897639386e-07,0.0628863245915460001,0.00461558654856156821,0.0661803371911214161,1.28516028017650616e-05,0.0609263285138771302,-2.71786247665068429e-05,0.995523817119977172,0.669071220717439741,0,0,0,2967.81071853543381,4655.93683235852859,549.074305548144594,466.344847490888696,0.0015116772126176892,1,-0.175382492485860381,4.09281891347957954e-05,0.669071220717439741
63.4999746,63.499974599995106,14682.7708110623062,14682.7082203916598,30.2968926199946083,120.000345623940035,14421.1751899305964,33.2482561397983929,750.693893896635018,0.709113461313924609,749.049298558763667,0.00964761796721358422,49.6635738669696707,750.681767114167542,3.4800010230258378,2.46910174820153117,-4.49802711401926477e-06,0.000266192488173032707,7.26704594376404323e-05,-3.74786392090731123e-07,0.0629161459365778081,0.00462287765473404656,0.066205244493681939,1.2851600427174332e-05,0.0609120023876956462,-2.71788169398858019e-05,0.995811411218047948,0.66904688123025069,0,0,0,2967.6048664122236,4655.8554868307865,549.071777241107839,466.345727462622108,0.00151168935245224543,1,-0.175467370281978785,4.09260619988595925e-05,0.66904688123025069
63.59997456,63.599974559995097,14682.5241237767041,14682.4615336424613,30.2970988719691547,120.000346726659018,14444.0397605477974,33.3542654562317722,750.687927930304227,0.709107157900740748,749.042132481606131,0.00964751843591704628,49.6814735553102764,750.675790969565924,3.48544631799489624,2.46448559467712158,-4.50061058999266409e-06,0.000273291579852576649,7.26706153099774833e-05,-3.66744277896545534e-07,0.0629466927396373777,0.00463016881440767979,0.0662296681709538815,1.28515699763301847e-05,0.0609003372294628434,-2.71789218296209271e-05,0.996092393246892693,0.669027690382685947,0,0,0,2967.44450697857019,4655.77414494548339,549.069249049753239,466.346605951576009,0.00151170147190519987,1,-0.175550778210891656,4.09238133054957528e-05,0.669027690382685947
63.69997452,63.699974519995088,14682.2779426500201,14682.2153530544347,30.297305122271645,120.000347831104321,14466.9041465256687,33.460440396299802,750.681771207649831,0.709100675680317316,749.034799732259785,0.00964739584767260183,49.6989971773639354,750.669626910358716,3.49089066116959712,2.45898190816609485,-4.50325814496663267e-06,0.000280105655834879028,7.26706122241391357e-05,-3.58737497087245367e-07,0.0629779363366592265,0.0046374600115948704,0.0662536070687047146,1.28515120760399417e-05,0.0608912772393573123,-2.71789413802740394e-05,0.99636677578625521,0.669013539524789702,0,0,0,2967.32867405432262,4655.69280575920766,549.066720944706049,466.34748263804579,0.00151171356656556078,1,-0.175632708274619298,4.09214465783417535e-05,0.669013539524789702
63.79997448,63.799974479995079,14682.0323554128408,14681.9697663531697,30.2975113708514883,120.000348937275618,14489.7683422564769,33.5667809275363922,750.675431157918069,0.709094021908364125,749.027307796170703,0.00964725076630301714,49.7161445274804237,750.663282278887777,3.49633407165595722,2.45261134455454766,-4.50596740186807022e-06,0.000286637452610496459,7.26704536628200318e-05,-3.50768353971421448e-07,0.0630098483505650009,0.0046447512308746405,0.0662770602595134234,1.28514273494840144e-05,0.0608847652644133874,-2.7178877524217807e-05,0.996634574288058239,0.669004317323493081,0,0,0,2967.25637889220798,4655.61146834922602,549.06419289723317,466.348357209610128,0.00151172563212270141,1,-0.175713153380122333,4.0918965316202085e-05,0.669004317323493081
63.89997444,63.89997443999507,14681.7874477207661,14681.7248591904372,30.2977176176600587,120.000350045172624,14512.6323423500253,33.6732870215763214,750.668915117023744,0.709087203746773254,749.019664054293344,0.0096470837538391585,49.7329155579743656,750.656764321953005,3.50177656857699215,2.44539451681470865,-4.50873600652939568e-06,0.000292889738751920972,7.26701431111215256e-05,-3.42839101242528601e-07,0.0630424006790042124,0.00465204245716062739,0.0663000270334685171,1.28513164190378061e-05,0.0608807443514362834,-2.71787321842663446e-05,0.996895806353065739,0.668999912834558175,0,0,0,2967.22663723323831,4655.53013181353799,549.061664879245654,466.34922936123678,0.00151173766436783828,1,-0.175792107400791708,4.09163730014304078e-05,0.668999912834558175
63.9999744,63.999974399995061,14681.5433031618595,14681.4807151699861,30.2979238626507232,120.000351154795084,14535.4961416361548,33.7799586527882809,750.662230326808526,0.709080228262938039,749.011875782499828,0.00964689536805707348,49.7493103764965667,750.650080190322569,3.50721817106620293,2.43735198817110188,-4.51156162034864071e-06,0.000298865365757688506,7.2669684052141352e-05,-3.34951941011474191e-07,0.0630755654999144988,0.00465933367570318512,0.0663225068947957408,1.28511799030074212e-05,0.0608791577591357852,-2.71785072587781029e-05,0.997150491676832118,0.669000215536233345,0,0,0,2967.23846953290922,4655.44879527078047,549.059136863296999,466.350098795256486,0.0015117496591936651,1,-0.175869565162117991,4.09136731001404503e-05,0.669000215536233345
64.09997436,64.0999743599950591,14681.300003297627,14681.2374158280054,30.2981301057787675,120.000352266142698,14558.3597351580229,33.8867957914395532,750.655383934336101,0.709073102429198521,749.003950150790388,0.00964668616190822448,49.7653292469682356,750.643236938276573,3.51265889825960542,2.42850426522640106,-4.51444191394650789e-06,0.00030456731049032529,7.26690799623004444e-05,-3.27109023412763468e-07,0.0631093152818974212,0.00466662487208751794,0.0663444995632392204,1.28510184148863653e-05,0.0608799489832861015,-2.71782046271889045e-05,0.997398652107155503,0.669005115362253711,0,0,0,2967.29090118190925,4655.36745786013853,549.056608822578823,466.350965221216825,0.00151176161259234071,1,-0.175945522392212256,4.09108690595173021e-05,0.669005115362253711
64.19997432,64.1999743199950501,14681.0576276183128,14680.9950406688968,30.2983363470014382,120.000353379215213,14581.2231181763309,33.9937984118983323,750.64838299120629,0.709065833122073497,748.995894222370225,0.00964645668517327692,49.7809725928558464,750.636241523165722,3.5180987692922816,2.41887179081433601,-4.51737455943531806e-06,0.000309998702773331143,7.26683343053514843e-05,-3.19312445433234e-07,0.0631436227980885778,0.00467391603223377399,0.0663660049785656653,1.28508325655739039e-05,0.0608830617785087458,-2.71778261567503014e-05,0.997640311729157347,0.669014502734624372,0,0,0,2967.38296273237484,4655.28611874123544,549.054080730918713,466.35182835604121,0.00151177352065769502,1,-0.17601997571261585,4.09079643053502853e-05,0.669014502734624372
64.29997428,64.2999742799950411,14680.8162535689771,14680.7536671393264,30.2985425862778364,120.000354494012342,14604.0862861569985,34.1009664857984518,750.641234452887602,0.709058427121700863,748.987714952663737,0.00964620748347311263,49.7962410016355079,750.629100804977725,3.52353780328986366,2.40847493645773625,-4.52035723450347092e-06,0.000315162836578958359,7.26674505307407532e-05,-3.11564248417577895e-07,0.06317846114214902,0.00468120714239531315,0.0663870233066555931,1.28506229620723429e-05,0.0608884401947166892,-2.7177373701555758e-05,0.997875497027535197,0.669028268596162157,0,0,0,2967.51369011927954,4655.20477709403167,549.051552562776578,466.352687923936401,0.00151178537958394552,1,-0.176092922579421107,4.09049622379542265e-05,0.669028268596162157
64.39997424,64.3999742399950321,14680.5759565904737,14680.5133706765937,30.2987488235690101,120.000355610533873,14626.9492347813393,34.2082999916086763,750.633945178061481,0.709050891111329462,748.979419188362613,0.00964593909937239147,49.8111352289818683,750.621821545914827,3.52897601936338301,2.39733399436934747,-4.52338762203867802e-06,0.000320063162204691832,7.26664320700429233e-05,-3.03866417098624976e-07,0.0632138037445052065,0.00468849818915721694,0.066407554945225461,1.28503902089715755e-05,0.0608960286029685063,-2.71768491135625215e-05,0.998104237004143524,0.66904630444291846,0,0,0,2967.68212488115978,4655.1234321187103,549.049024293241132,466.353543656246359,0.00151179718566369281,1,-0.176164361213788534,4.09018662298814783e-05,0.66904630444291846
64.4999742,64.4999741999950231,14680.3368100710213,14680.274224666724,30.2989550588377625,120.000356728779522,14649.8119599263664,34.3157989009623279,750.626521778320011,0.709043231535213647,748.971013517208917,0.00964565207151801829,49.8256561922167407,750.614410109566052,3.53441343518926532,2.3854691689397356,-4.52646340350493085e-06,0.000324703260220248206,7.26652823299424479e-05,-2.96220885064424713e-07,0.0632496243742109304,0.00469578915919917263,0.066427600528472866,1.28501349098774511e-05,0.0609057732587832273,-2.71762542328773061e-05,0.998326562739490164,0.669068505369384892,0,0,0,2967.8873410307765,4655.04208303542418,549.046495898023295,466.354395291624769,0.0015118089352903004,1,-0.176234290628683066,4.08986796313869829e-05,0.669068505369384892
64.59997416,64.5999741599950141,14680.0988853946328,14680.0363004864903,30.2991612920487654,120.000357848749061,14672.6744576763776,34.4234631909606108,750.618971221207858,0.70903545516837907,748.962504869838313,0.0096453469418804616,49.8398050081384554,750.606873667156947,3.5398500726803297,2.37290057067514937,-4.52958232123375096e-06,0.000329086786376640047,7.26640047196307675e-05,-2.88629502741972914e-07,0.0632858972000247544,0.00470308004023688945,0.0664471609242142935,1.2849857666738096e-05,0.0609176161524205284,-2.71755909327912186e-05,0.998542509628771113,0.669094757977675481,0,0,0,2968.12833804909542,4654.96072908417045,549.043967353447101,466.355242575862462,0.00151182062495552254,1,-0.176302710418529796,4.08954057306905005e-05,0.669094757977675481
64.69997412,64.6999741199950051,14679.8622519373894,14679.7996675324775,30.2993675231684811,120.000358970442278,14695.5367243116834,34.5312928400714583,750.611299916561279,0.709027568253567164,748.953899608265147,0.00964502424353685939,49.853582930177879,750.599218379622471,3.54528594942912534,2.35964820081056104,-4.53274210328624862e-06,0.000333217507204390051,7.26626026093188122e-05,-2.8109408516688437e-07,0.0633225967239085252,0.00471037081960634738,0.0664662372310116933,1.28495590792124063e-05,0.0609315043372171197,-2.71748610553277682e-05,0.998752113986552725,0.669124958700013539,0,0,0,2968.4042029762436,4654.87936952550444,549.041438636480052,466.356085261900887,0.0015118322512496867,1,-0.176369620962393919,4.08920478100868162e-05,0.669124958700013539
64.79997408,64.7999740799949961,14679.6269770860672,14679.5643931692157,30.2995737521650845,120.000360093858902,14718.398756305789,34.6392878212944453,750.603514329838049,0.709019577080639229,748.945204137967949,0.00964468451108269065,49.866991387298242,750.591450614118912,3.55072108442417766,2.34573194955692088,-4.53594052658142448e-06,0.000337099178689808656,7.26610793604771888e-05,-2.73616377815765862e-07,0.0633596978369452002,0.0047176614852026998,0.0664848307758346274,1.28492397480434887e-05,0.0609473837037533758,-2.717406646265368e-05,0.998955415281414516,0.669159001562802724,0,0,0,2968.71400195799743,4654.79800363928007,549.038909724688438,466.356923109765717,0.0015118438108607914,1,-0.176435023247016542,4.0888609103902128e-05,0.669159001562802724
64.89997404,64.8999740399949872,14679.3931262232363,14679.3305427940904,30.299779979008548,120.000361218998734,14741.2605503285649,34.747448114463964,750.595620826842719,0.709011487839864785,748.936424753625488,0.00964432827512728963,49.8800319634781317,750.58357663819811,3.55615549660727437,2.33117158584141038,-4.53917540833979514e-06,0.00034073554029171913,7.26594383197472075e-05,-2.66198070066828439e-07,0.063397175805327069,0.00472495202524718036,0.0665029431004924843,1.28489002703861236e-05,0.0609652005543137934,-2.7173209002893621e-05,0.999152455384825444,0.669196781301637955,0,0,0,2969.05680787923347,4654.71663072493993,549.036380596247568,466.357755886619657,0.00151185530057522692,1,-0.176498918918695735,4.08850928134025992e-05,0.669196781301637955
64.999974,64.9999739999949782,14679.1607627980411,14679.0981798532775,30.299986203670489,120.000362345861532,14764.1221032345838,34.8557736953130473,750.587625673295179,0.709003306621705187,748.927567639308677,0.00964395606444989895,49.8927063881845356,750.575602619557799,3.56158920486792985,2.3159867498987694,-4.54244460886122069e-06,0.000344130291062042469,7.2657682819635773e-05,-2.58840793286290491e-07,0.0634350062675176074,0.00473224242828288594,0.0665205759490196669,1.28485412426888641e-05,0.0609849016056183829,-2.71722905337541695e-05,0.999343278367479826,0.669238193389944613,0,0,0,2969.43170052641381,4654.63525010137164,549.033851229937909,466.358583366510913,0.00151186671727432235,1,-0.176561310250220954,4.08815021033440948e-05,0.669238193389944613
65.09997396,65.0999739599949692,14678.9299482814968,14678.8673658029966,30.3001924261243047,120.000363474447113,14786.9834120754876,34.9642645450425249,750.579535034452647,0.708995039416337569,748.918638868771268,0.00964356840367175394,49.9050165262348173,750.567534625843336,3.56702222803612434,2.30019694655977958,-4.54574603107308386e-06,0.000347287081002331847,7.26558161782385345e-05,-2.51546124059552737e-07,0.0634731652296708082,0.004739532683174532,0.0665377312542380361,1.28481632576012342e-05,0.0610064339829343161,-2.71713128901555417e-05,0.999527930260997954,0.669283134066729124,0,0,0,2969.83776678936329,4654.55386110676045,549.031321605139397,466.359405330531786,0.00151187805793652225,1,-0.176622200182659533,4.08778401047300602e-05,0.669283134066729124
65.19997392,65.1999739199949602,14678.7007421813905,14678.6381601677185,30.300398646344938,120.000364604755234,14809.8444740713785,35.0729206393848969,750.571354974789983,0.708986692113393491,748.909644405760901,0.00964316581381741145,49.9169643682224091,750.559378624485817,3.57245458487698908,2.28382153923568865,-4.54907762132224545e-06,0.000350209516642243453,7.26538416995888627e-05,-2.44315585138380016e-07,0.0635116290608744305,0.00474682277910658951,0.0665544111250653686,1.28477669047289924e-05,0.0610297452254262157,-2.71702778996482217e-05,0.999706458874003778,0.669331500363167575,0,0,0,2970.27410085078236,4654.47246309844559,549.028791701828482,466.360221566766143,0.00151188931963668147,1,-0.176681592331969783,4.08741099148667814e-05,0.669331500363167575
65.29997388,65.2999738799949512,14678.4732021093369,14678.4106205595617,30.300604864308994,120.00036573678571,14832.7052866295526,35.1817419595404175,750.563091306740716,0.708978270359263085,748.900589953584472,0.00964274880877313834,49.9285520130659961,750.551140179948106,3.57788629264283697,2.26687974426962313,-4.55243735014034911e-06,0.000352901179741932954,7.26517626647131277e-05,-2.37150655088259347e-07,0.0635503744767241807,0.0047541127053425114,0.0665706178367115042,1.28473527685064323e-05,0.0610547848268344837,-2.71691873588142002e-05,0.999878913052904772,0.669383193169460156,0,0,0,2970.73983115977308,4654.39105545266557,549.026261500570399,466.361031870050169,0.00151190049954275725,1,-0.17673949099961675,4.08703146079407664e-05,0.669383193169460156
65.39997384,65.3999738399949422,14678.2473837472498,14678.184802642616,30.300811079994709,120.000366870538357,14855.5658473384756,35.290728486708943,750.554750199486762,0.708969780132065464,748.891481563070897,0.00964231790366953945,49.939781700648723,750.542825669271565,3.58331737285964502,2.24939062898351239,-4.55582326151634457e-06,0.000355365616033749901,7.26495823566568365e-05,-2.3005273909997941e-07,0.0635893785877575252,0.0047614024521841292,0.0665863538202490363,1.2846921428945697e-05,0.0610814980381108041,-2.71680430720715863e-05,1.00004534480175455,0.669438105019221297,0,0,0,2971.23401283923567,4654.30963756421897,549.023730982503253,466.361836042092079,0.00151191159491746783,1,-0.176795901048311055,4.08664571988994109e-05,0.669438105019221297
65.4999738,65.4999737999949332,14678.0233408771455,14677.9607602204287,30.3010172933818502,120.000368006013005,14878.4261539529525,35.3998802034571227,750.54633725763324,0.708961226871450023,748.882324713636422,0.00964187360157353623,49.9506557452739344,750.534440450976604,3.58874784259904311,2.23137309948847218,-4.55923338762352593e-06,0.000357606455219490471,7.2647304016049e-05,-2.23023214068643689e-07,0.063628618824143876,0.00476869200952763535,0.0666016216556439,1.28464734596780271e-05,0.0611098352198899616,-2.71668467911139781e-05,1.00020580574877282,0.669496138591454071,0,0,0,2971.75579036680028,4654.22820884742305,549.021200129377007,466.362633891365931,0.001511922603116834,1,-0.1768508281108081,4.0862540696411109e-05,0.669496138591454071
65.59997376,65.5999737599949242,14677.8011254109442,14677.7385451904047,30.301223504451734,120.000369143209412,14901.2862044047433,35.5091970855162842,750.537858140369167,0.708952616063535657,748.873124930862787,0.00964141640110716125,49.9611765800236753,750.525990090957748,3.59417772030994387,2.21284590345802457,-4.56266579834112323e-06,0.000359627345841010456,7.26449308666441741e-05,-2.16063398970280829e-07,0.0636680729926088346,0.0047759813678229816,0.066616424076057168,1.28460094275073184e-05,0.061139745607214746,-2.7165600253758321e-05,1.00036034951781194,0.669557194328201488,0,0,0,2972.30428887873268,4654.14676873462486,549.018668923500513,466.363425233005444,0.00151193352158871148,1,-0.176904278403083759,4.08585680665386473e-05,0.669557194328201488
65.69997372,65.6999737199949152,14677.5807873755693,14677.5182075894118,30.3014297131872006,120.000370282127449,14924.1459967880401,35.6186791195533843,750.529318405223876,0.708943953093283508,748.863887630808904,0.00964094679699512014,49.9713467432405309,750.517480054714497,3.59960702435051694,2.19382762313161095,-4.56611858392127747e-06,0.000361431998569258697,7.264246610508957e-05,-2.0917456290470143e-07,0.0637077192674926213,0.00478327051783098041,0.0666307639637258031,1.28455298958154011e-05,0.0611711788889098274,-2.71643051843231518e-05,1.00050903114556244,0.669621173586956275,0,0,0,2972.87864161978723,4654.06531667651234,549.016137347753443,466.364209888856919,0.00151194434787353042,1,-0.176956258760036511,4.08545422412893102e-05,0.669621173586956275
65.79997368,65.7999736799949062,14677.3623749688268,14677.2997956031522,30.3016359195725862,120.000371422766918,14947.0055293687055,35.7283262854001578,750.520723507985849,0.708935243244573243,748.854618119892507,0.00964046527582373969,49.9811688791086794,750.50891570738554,3.60503577297929523,2.17433667075374615,-4.56958985435894978e-06,0.000363024198624268656,7.26399128989618759e-05,-2.02357923290349371e-07,0.0637475361976231752,0.00479055945062199437,0.0666446443508009329,1.28450354189137395e-05,0.061204085218786515,-2.7162963273886192e-05,1.00065190707555907,0.669687978658561001,0,0,0,2973.47799013649274,4653.98385214193513,549.013605385580263,466.364987687280632,0.00151195507960156074,1,-0.177006776581470682,4.08504661154364808e-05,0.669687978658561001
65.89997364,65.8999736399948972,14677.1459345333278,14677.0833555760964,30.3018421235936692,120.000372565127662,14969.8648005690466,35.8381385669889383,750.512078802661108,0.708926491700093364,748.845321594802272,0.00963997232096325263,49.9906457383755765,750.500302313819475,3.61046398435248417,2.15439128378297085,-4.57307773919710385e-06,0.000364407803149400253,7.2637274384658836e-05,-1.95614645257565439e-07,0.0637875027136863698,0.00479784815757024457,0.066658068420369268,1.28445265486034226e-05,0.0612384152419618855,-2.7161576214241299e-05,1.00078903523810303,0.66975751278850526,0,0,0,2974.10148443594153,4653.90237461772904,549.011073020985123,466.36575846324331,0.00151196571449418202,1,-0.177055839824993677,4.08463425447400246e-05,0.66975751278850526
65.9999736,65.9999735999948882,14676.9315106123686,14676.8689320630638,30.3020483252376671,120.000373709209541,14992.7238089738148,35.948115949618753,750.503389390794723,0.7089177033991656,748.836002992117642,0.00963946840819263073,49.9997801689228822,750.491644737332877,3.61589167506623088,2.13400951945614992,-4.5765803798312286e-06,0.000365586735005335288,7.26345536612801488e-05,-1.88945850487857561e-07,0.06382759812233188,0.0048051366301115209,0.0666710395073194517,1.28440038309251344e-05,0.061274120127375778,-2.71601456613217232e-05,1.00092047452397037,0.669829683215035887,0,0,0,2974.7482829587002,4653.82088360853777,549.008540238525711,466.366522058119301,0.00151197625036115471,1,-0.177103456989271407,4.08421743555669034e-05,0.669829683215035887
66.09997356,66.0999735599948792,14676.7191459536552,14676.6565677936051,30.3022545244932111,120.000374855012353,15015.5825533214247,36.0582584131203774,750.494660728884924,0.70890888361151172,748.826667594410878,0.00963895401361547499,50.0085751557114691,750.482948649884406,3.62131886597794583,2.11320925404488236,-4.58009598251834057e-06,0.000366564934453360335,7.26317538161052971e-05,-1.82352582703912766e-07,0.0638678021624103781,0.00481242486070561967,0.066683561097699115,1.28434678063119904e-05,0.0613111530091330001,-2.71586733069329094e-05,1.00104628707541066,0.66990438906198313,0,0,0,2975.41757978188616,4653.73937863607352,549.006007023292568,466.367278319677382,0.00151198668510043178,1,-0.177149636941582811,4.08379643024266959e-05,0.66990438906198313
66.19997352,66.1999735199948702,14676.5088815204799,14676.4463037464793,30.3024607213502648,120.000376002535972,15038.4410324989349,36.1685659441592122,750.485897710174186,0.708900037069954858,748.817320114542213,0.00963842960230154588,50.0170337527319475,750.474218709968227,3.62674557343006621,2.09200816839553028,-4.58362274405373912e-06,0.000367346417969891502,7.2628877883313783e-05,-1.75835858599623863e-07,0.0639080949311770369,0.00481971284138542518,0.0666956368195737587,1.28429190101700169e-05,0.061349463083600897,-2.71571607712881325e-05,1.00116653471947514,0.669981539627115485,0,0,0,2976.10849773574546,4653.65785924060401,549.003473360948874,466.368027102040799,0.00151199701669761915,1,-0.177194389129547547,4.08337151277862257e-05,0.669981539627115485
66.29997348,66.2999734799948612,14676.3007565103471,14676.2381791139596,30.3026669158001916,120.00037715178027,15061.299245548842,36.2790385294002604,750.477105281378044,0.708891168553026585,748.807965310756799,0.00963789563742567523,50.0251591281013361,750.465459782081666,3.6321718151124367,2.07042375170093607,-4.58715890859411009e-06,0.000367935188610821033,7.26259288728914353e-05,-1.69396633995611139e-07,0.0639484569406182091,0.00482700056471807235,0.066707270448436759,1.28423579745008229e-05,0.0613890046298859321,-2.71556096993954393e-05,1.00128128139976513,0.670061042189659561,0,0,0,2976.82024912724364,4653.57632497907616,549.000939237681337,466.3687682656211,0.00151200724322506216,1,-0.177237723399962466,4.08294295207363455e-05,0.670061042189659561
66.39997344,66.3999734399948522,14676.0948083885014,14676.0322313665292,30.3028731078356728,120.000378302745133,15084.1571916598277,36.3896761568752041,750.468288287820428,0.708882282738775182,748.798607832740345,0.00963735257786613175,50.0329545452060529,750.456676631274718,3.6375976085871633,2.04847329405177447,-4.59070275882208443e-06,0.000368335227355845592,7.26229097645268392e-05,-1.63035813173087598e-07,0.0639888691020125688,0.00483428802356116773,0.0667184658958493992,1.28417852273524541e-05,0.0614297309501433408,-2.71540217194226517e-05,1.00139059243757655,0.670142805069651959,0,0,0,2977.55202849529451,4653.49477542548721,548.998404640205194,466.369501676998595,0.00151201736284019544,1,-0.177279650021981927,4.08251101270391234e-05,0.670142805069651959
66.4999734,66.4999733999948432,14675.8910729177296,14675.8284962463913,30.3030792974506689,120.000379455430362,15107.0148701621947,36.5004788064135965,750.459451473381932,0.708873384204798507,748.789252221990068,0.00963680087535623286,50.0404233564659648,750.447873923166071,3.64302297128115882,2.02617388219155714,-4.59425261772283903e-06,0.000368550481014272996,7.26198235079844373e-05,-1.56754251022685169e-07,0.0640293127233050874,0.00484157521106117102,0.0667292272011625331,1.2841201289025122e-05,0.0614715958976113849,-2.71523984368471279e-05,1.00149453439509473,0.670226737657368177,0,0,0,2978.30303970075374,4653.41321017069095,548.995869555760351,466.370227208816289,0.00151202737378409329,1,-0.177320179674437167,4.08207595506942711e-05,0.670226737657368177
66.59997336,66.5999733599948343,14675.6895841397345,14675.6270078191737,30.3032854846404405,120.000380609835887,15129.8722805310699,36.6114464701472713,750.450599480695701,0.708864477428379769,748.779902912474085,0.00963624097752813213,50.0475689965489892,750.439056224204251,3.64844792048304845,2.00354239567572989,-4.5978068463606013e-06,0.00036858485305559847,7.26166730220997045e-05,-1.50552752331404088e-07,0.0640697695051871824,0.00484886212064863063,0.0667395585224803134,1.28406066761238112e-05,0.0615145538771667902,-2.71507414446543125e-05,1.00159317493784394,0.670312750429722048,0,0,0,2979.07249605437573,4653.33162882219585,548.993333972105233,466.370944739846266,0.00151203727438237743,1,-0.177359323466123708,4.08163803520876248e-05,0.670312750429722048
66.69997332,66.6999733199948253,14675.4903744235635,14675.4277984383389,30.3034916694014171,120.000381765961549,15152.7294223729423,36.7225791320061248,750.441736699755211,0.708855566643616708,748.770564079996575,0.00963567332429304813,50.0543949660990393,750.430227698660246,3.65387247186138264,1.98059550320300559,-4.60136383252823154e-06,0.000368442207437636425,7.26134611890133882e-05,-1.44432082992227033e-07,0.0641102215237436962,0.00485614874579040449,0.0667494641284556434,1.28400018993252735e-05,0.0615585598655047084,-2.71490523096682484e-05,1.00168658215393336,0.670400758005082364,0,0,0,2979.85964725403437,4653.25003100392041,548.990797877509635,466.371654154817122,0.00151204706304284577,1,-0.177397092956382563,4.08119750605277952e-05,0.670400758005082364
66.79997328,66.7999732799948163,14675.2934744916856,14675.230898835689,30.3036978517313287,120.000382923807265,15175.5862954306267,36.8338767827543734,750.432867879980108,0.708846656419641286,748.761240253365486,0.00963509835478060239,50.0609048657573794,750.42139332740885,3.65929664539038546,1.95734966282488188,-4.60492204204878981e-06,0.000368126332064792634,7.26101908805341142e-05,-1.38392938233337408e-07,0.0641506512773245691,0.00486343508097039981,0.066758948389245093,1.28393874621524557e-05,0.0616035708437258772,-2.71473325967993308e-05,1.00177482669334217,0.670490666933482471,0,0,0,2980.6636716970429,4653.16841635561195,548.988261260731974,466.372355344321193,0.00151205673825419336,1,-0.1774334999960821,4.08075461351498032e-05,0.670490666933482471
66.89997324,66.8999732399948073,14675.0989134274423,14675.0363380923263,30.3039040316290347,120.000384083372907,15198.4428995822091,36.9453394090551086,750.423997204678585,0.70883775078639244,748.751935391465281,0.00963451649640356678,50.0671023263634538,750.412557072437949,3.66472045641396216,1.93382111148098801,-4.6084799359384716e-06,0.000367641055796412615,7.26068649150720199e-05,-1.32435991336996587e-07,0.0641910416054429084,0.00487072112021178297,0.0667680157657680601,1.28387638622388423e-05,0.0616495398552958998,-2.71455838322389476e-05,1.00185797815327438,0.670582394144693894,0,0,0,2981.48383896220275,4653.08678453405082,548.985724111064656,466.373048204787892,0.00151206629858564694,1,-0.177468556963010726,4.08030960222735968e-05,0.670582394144693894
66.9999732,66.9999731999947983,14674.9067186824977,14674.8441436610956,30.3041102090945529,120.000385244658361,15221.2992348279731,37.0569669989380017,750.415128914543288,0.70882885382358185,748.742653505212616,0.00963392817230701581,50.0729910529735776,750.403723107040491,3.67014392162206216,1.91002587007012892,-4.61203602307138283e-06,0.000366990163481242413,7.26034860854591789e-05,-1.26561863662174622e-07,0.0642313757415580722,0.00487800685805552751,0.0667766708129955006,1.28381315905862565e-05,0.0616964250654997368,-2.71438075200660578e-05,1.00193610745929362,0.670675854611933353,0,0,0,2982.31940138044502,4653.00513521132962,548.983186418275409,466.373732638457511,0.00151207574268660502,1,-0.17750227659750481,4.07986271188052679e-05,0.670675854611933353
67.09997316,67.0999731599947893,14674.7169161550701,14674.6543414282005,30.304316384129077,120.000386407663513,15244.155301300274,37.1687595404324469,750.40626715042788,0.708819969512395676,748.733398501086185,0.00963333379808073431,50.0785748085136788,750.39489550695555,3.67556705754356461,1.88597973877916303,-4.61558884260248806e-06,0.000366177438316745991,7.26000571497164399e-05,-1.20771131691781538e-07,0.0642716372974570377,0.00488529228931380063,0.0667849181721546781,1.28374911298738058e-05,0.0617441836686209999,-2.71420051374761535e-05,1.0020092861816714,0.67077096445956208,0,0,0,2983.1696211476592,4652.9234680751606,548.980648172617748,466.374408553102057,0.00151208506928279416,1,-0.177534671998868188,4.07941417797073281e-05,0.67077096445956208
67.19997312,67.1999731199947803,14674.5295301452279,14674.4669557065299,30.3045225567348666,120.000387572388334,15267.0110992501632,37.2807170297691641,750.397415953981408,0.708811101735974169,748.724174181899798,0.00963273378321671814,50.0838574118959059,750.386078251029289,3.68098988054329146,1.861698294964242,-4.61913696031880265e-06,0.000365206671564265975,7.25965808289150149e-05,-1.15064329094490422e-07,0.0643118102635606564,0.00489257740906513978,0.0667927625681894593,1.28368429563888669e-05,0.061792773432917121,-2.71401781419791692e-05,1.0020775865130489,0.67086764097853202,0,0,0,2984.03377052869473,4652.84178282866742,548.978109364824718,466.375075862185099,0.0015120942771784671,1,-0.177565756648135231,4.07896423195932371e-05,0.67086764097853202
67.29997308,67.2999730799947713,14674.344583414495,14674.2820092487218,30.3047287269152932,120.000388738832669,15289.8666290501478,37.3928394508760249,750.388579268096578,0.708802254279996991,748.714984247339885,0.00963212853063044605,50.0888427368824409,750.377275221681884,3.68641240681826599,1.83719689111401152,-4.62267897102566072e-06,0.000364081671129738791,7.25930598073469422e-05,-1.09441945023663474e-07,0.0643518790101355598,0.00489986221265092513,0.0668002088082333689,1.28361875393810029e-05,0.0618421527033356996,-2.71383279686350008e-05,1.00214108124330092,0.67096580263722061,0,0,0,2984.9111319395488,4652.76007919016956,548.975569986102528,466.375734484648945,0.00151210336525348142,1,-0.177595544365320379,4.07851310098112521e-05,0.67096580263722061
67.39997304,67.3999730399947623,14674.162097197026,14674.0995233052472,30.3049348946747372,120.00038990699646,15312.721891187537,37.5051267972491758,750.379760787379155,0.70879343069147116,748.705832144783813,0.00963151843364107307,50.0935347020457584,750.368489904722878,3.6918346509129556,1.81249065270154119,-4.62621348119902643e-06,0.000362806264452430192,7.25894967235586261e-05,-1.0390443368145194e-07,0.0643918282762224736,0.00490714669542499388,0.066807261781562155,1.2835525339594866e-05,0.0618922819582686384,-2.71364560149378967e-05,1.00219984325853306,0.671065372113131109,0,0,0,2985.80102471991313,4652.67835689287131,548.97303002812157,466.376384344875248,0.00151211233246274822,1,-0.177624049332429368,4.07806100891130985e-05,0.671065372113131109
67.499973,67.4999729999947533,14673.9820912331343,14673.9195175952809,30.3051410600186522,120.000391076879609,15335.5768862651348,37.6175790582836029,750.370964563704774,0.708784634850819439,748.696721673686511,0.00963090388631071548,50.0979373086837541,750.359726597599547,3.69725663165887175,1.78759447835005147,-4.62973916457612395e-06,0.000361384263134385288,7.25858941971906687e-05,-9.84521817015147336e-08,0.0644316432218034058,0.00491443085373756937,0.0668139264562699203,1.28348568126898738e-05,0.0619431176261111896,-2.71345636929191902e-05,1.00225394772941478,0.671166264141455304,0,0,0,2986.70269786397512,4652.59661568446427,548.970489482999255,466.377025372565299,0.00151212117783458533,1,-0.177651285912512891,4.07760817235628575e-05,0.671166264141455304
67.59997296,67.5999729599947443,14673.8045837879181,14673.7420103941149,30.3053472229534577,120.0003922484821,15358.4316149959122,37.7301962315755901,750.362194091530228,0.708775870107935413,748.687656073110361,0.00963028527020526326,50.1020545772813648,750.350988590697739,3.70267836322439559,1.76252303127858312,-4.63325468453945041e-06,0.000359819547859474467,7.25822547875626476e-05,-9.30855565343997779e-08,0.0644713093523947983,0.00492171468345080354,0.0668202078759842638,1.28341824072428199e-05,0.0619946214123517567,-2.71326523668156212e-05,1.00230346870765463,0.671268403883474418,0,0,0,2987.61549196589976,4652.51485532801689,548.967948343335365,466.377657502674083,0.00151212990046981272,1,-0.177677268859929516,4.07715480636101674e-05,0.671268403883474418
67.69997292,67.6999729199947353,14673.6295916512609,14673.5670184973969,30.3055533834865791,120.000393421803778,15381.2860782019907,37.8429783010517227,750.353452923757914,0.708767139863916817,748.678638636014625,0.00962966296227074636,50.1058905918217192,750.342279385881852,3.70809986109713607,1.73729074370428549,-4.63675874882215483e-06,0.000358115968050445464,7.25785810217626122e-05,-8.78048745079654639e-08,0.0645108125732404697,0.00492899818092119857,0.0668261111641661465,1.28335025647087044e-05,0.0620467540799158265,-2.71307233903057387e-05,1.00234848148164524,0.671371714609084513,0,0,0,2988.53873086057001,4652.43307560044741,548.965406602159646,466.378280675409769,0.00151213849954174358,1,-0.177702013154138305,4.07670112051481353e-05,0.671371714609084513
67.79997288,67.7999728799947263,14673.4571302011609,14673.3945572696521,30.3057595416263723,120.000394596844643,15404.1402768103726,37.9559252656745869,750.344744517163463,0.708758447425233196,748.669672555399984,0.00962903733370756854,50.1094494840943412,750.333602391256704,3.71352114058007121,1.71191181257265157,-4.6402500979966503e-06,0.00035627735734064498,7.2574875387678144e-05,-8.26104099397012613e-08,0.0645501391739493474,0.00493628134275030193,0.0668316415169555866,1.28328177205639114e-05,0.0620994770094976251,-2.7128778099745868e-05,1.00238906193476263,0.671476120814837318,0,0,0,2989.47174886441326,4652.35127629276667,548.962864252940108,466.378894836008669,0.00151214697429308373,1,-0.177725534002504459,4.07624731994897922e-05,0.671476120814837318
67.89997284,67.8999728399947173,14673.2872134074569,14673.2246406896484,30.305965697382117,120.000395773604609,15426.9942118497802,38.0690371162047185,750.336072233000209,0.708749796004306098,748.660760925164709,0.00962840874901882415,50.1127354301601713,750.324960921761658,3.71894221678629444,1.68640019769898686,-4.64372750700213965e-06,0.000354307520510054757,7.25711403343575314e-05,-7.75023959593860493e-08,0.0645892758262576194,0.00494356416578052918,0.0668368041984179345,1.283212830302683e-05,0.0621527521994357998,-2.71268178080987652e-05,1.00242528645320217,0.671581548226911851,0,0,0,2990.41389087334073,4652.26945720985805,548.960321289576882,466.379499934721707,0.00151215532403574577,1,-0.17774784683976802,4.07579360535242186e-05,0.671581548226911851
67.9999728,67.9999727999947083,14673.1198538467288,14673.0572813373292,30.306171850764013,120.000396952083634,15449.8478844502897,38.1823138475032096,750.327439337638225,0.708741188720155901,748.651906741034168,0.00962777756775556881,50.115752646219164,750.316358199802607,3.7243631046376291,1.66076962013377027,-4.64718978418741404e-06,0.000352210223491588616,7.25673782715369219e-05,-7.24810241645634735e-08,0.0646282095806928469,0.00495084664709048196,0.0668416045349876226,1.28314347353720872e-05,0.0622065422744065982,-2.71248438156482886e-05,1.00245723188160807,0.67168792380752862,0,0,0,2991.36451241839222,4652.18761817025006,548.957777706394381,466.380095926761271,0.00151216354815011727,1,-0.177768967324027527,4.07534017284836707e-05,0.67168792380752862
68.09997276,68.0999727599946993,14672.9550627358258,14672.8924904196047,30.3063780017830844,120.000398132281674,15472.7012958338146,38.2957554544307897,750.318848852881843,0.708732628457105385,748.643112751532726,0.00962714413917042933,50.1185053740409217,750.307797055212973,3.72978381736476372,1.6350335601384316,-4.65063576289928717e-06,0.000349989187051511581,7.25635915649563252e-05,-6.75464549243044483e-08,0.0646669278493789274,0.00495812878374419716,0.0668460479093811316,1.28307374313639461e-05,0.0622608104805775012,-2.71228573958147014e-05,1.00248497542148662,0.671795175760589669,0,0,0,2992.32297953518946,4652.10575900589174,548.955233498135158,466.380682772182183,0.00151217164608342448,1,-0.177788911363164881,4.07488721515168899e-05,0.671795175760589669
68.19997272,68.1999727199946904,14672.7928499653935,14672.7302778221783,30.3065841504512434,120.000399314198646,15495.5544473221998,38.409361927747085,750.310304162471994,0.708724118437759398,748.634382063332737,0.00962650881452731255,50.1209979186721739,750.299281133099839,3.73520437250597448,1.60920526091000227,-4.65406434908821869e-06,0.000347648066696351014,7.25597825617622255e-05,-6.26987859120357499e-08,0.0647054184528033649,0.00496541057378066791,0.0668501397568687372,1.2830036801289742e-05,0.0623155221983604998,-2.712085979836006e-05,1.00250859402751336,0.671903236494260425,0,0,0,2993.28869593283343,4652.02387956141501,548.952688659937508,466.381260435761874,0.00151217961734807023,1,-0.177807694949676437,4.07443491772297751e-05,0.671903236494260425
68.29997268,68.2999726799946814,14672.6332241073251,14672.5706521354241,30.3067902967812159,120.000400497834534,15518.4073403266575,38.5231332650459848,750.301808097956609,0.708715661359560989,748.625717229964039,0.00962587193080022274,50.1232345756686755,750.290813077653524,3.7406247828764112,1.58329771707724376,-4.65747444906477244e-06,0.000345190504779637462,7.25559535514723057e-05,-5.79381011125307505e-08,0.0647436695364208836,0.00497269201471945126,0.0668538855496491613,1.28293332458657239e-05,0.0623706388459412883,-2.71188522761312001e-05,1.00252816639283426,0.67201203072469673,0,0,0,2994.26099570548286,4651.94197969539618,548.950143187369918,466.381828886974233,0.00151218746152128746,1,-0.177825334399873081,4.07398346453745133e-05,0.67201203072469673
68.39997264,68.3999726399946724,14672.4761924371123,14672.4136206283147,30.3069964407865164,120.000401683189295,15541.2599763417384,38.6370694611872523,750.293363552528376,0.708707259974669102,748.617120863887294,0.00962523381974200731,50.1252196781747443,750.282395747315604,3.74604506259691039,1.55732368396924414,-4.66086501128722797e-06,0.000342620100284811294,7.25521067902058347e-05,-5.32644400560982255e-08,0.0647816696219319088,0.00497997310455136882,0.0668572908049842457,1.28286271578252486e-05,0.0624261270809779861,-2.71168360179839014e-05,1.00254376975221704,0.672121493435905215,0,0,0,2995.2393043902739,4651.86005927872156,548.947597076387865,466.38238809990969,0.00151219517824402786,1,-0.177841846182962865,4.07353303435938242e-05,0.672121493435905215
68.4999726,68.4999725999946634,14672.321760982275,14672.2591893229601,30.3072025824814517,120.000402870262917,15564.1123569570082,38.7511705137641371,750.284973328726096,0.708698916946232771,748.608595485053115,0.00962459480879607199,50.1269575792355226,750.274031912114083,3.75146522558824902,1.53129567376075215,-4.66423501943460608e-06,0.000339940409019687099,7.25482444961009882e-05,-4.86778069185278999e-08,0.0648194075885788201,0.00498725384148577568,0.0668603610751728888,1.28279189257375213e-05,0.0624819526246992649,-2.71148122201965547e-05,1.00255548195253708,0.672231557839961025,0,0,0,2996.22303131152603,4651.778118194733,548.945050323333703,466.382938053102919,0.00151220276721859273,1,-0.177857246942380032,4.07308380174804327e-05,0.672231557839961025
68.59997256,68.5999725599946544,14672.1699345260859,14672.1073630073843,30.3074087218810604,120.000404059055356,15586.9644838386521,38.8654364176356566,750.276640138641596,0.708690634848596956,748.600143521301788,0.00962395521597292358,50.1284526491151041,750.265724253839608,3.75688528556075596,1.50522595535458237,-4.66758348808851519e-06,0.000337154956624704301,7.2544368847694211e-05,-4.41781709392810108e-08,0.0648568726697620473,0.00499453422394666342,0.0668631019439616808,1.28272089271744562e-05,0.0625380818247240483,-2.71127820372952975e-05,1.00256338088958863,0.672342158407848611,0,0,0,2997.2115966391566,4651.69615633904777,548.942502924931318,466.383478729519652,0.00151221022820844579,1,-0.177871553498308577,4.07263593703783341e-05,0.672342158407848611
68.69997252,68.6999725199946454,14672.020716637373,14671.9581452387683,30.3076148590010952,120.000405249566583,15609.8163587323452,38.9798671690275498,750.268366604743505,0.708682416168163409,748.591767309341549,0.00962331535381144576,50.1297092732252736,750.257475366834456,3.76230525601659416,1.47912655429237105,-4.67090945922378541e-06,0.000334267246339864973,7.25404819824146255e-05,-3.97654671765405183e-08,0.0648940544503783939,0.00500181425056936326,0.0668655190237146674,1.28264975339751621e-05,0.0625944816451343977,-2.71107466005427007e-05,1.00256754443489693,0.672453230870930452,0,0,0,2998.20443140499947,4651.61417361932854,548.939954878280105,466.384010116450213,0.00151221756103675194,1,-0.177884782832490318,4.07218960635940982e-05,0.672453230870930452
68.79997248,68.7999724799946364,14671.8741096891463,14671.811538404967,30.3078209938580514,120.000406441796571,15632.6679834663846,39.0944627641651294,750.260155260728197,0.708674263304243213,748.583469095719806,0.00962267552744444643,50.1307318505677699,750.249287758807895,3.76772515024495469,1.45300925270284864,-4.67421200516779839e-06,0.000331280763100949224,7.25365859976757562e-05,-3.54395967085551723e-08,0.0649309428647943387,0.00500909392019580676,0.0668676179532656234,1.28257851096520326e-05,0.0626511196746440402,-2.7108707027410121e-05,1.0025680504418959,0.67256471222186498,0,0,0,2999.20097751611956,4651.53216995505136,548.937406180846779,466.384532205443691,0.00151222476558546801,1,-0.177896952077577608,4.07174497159719237e-05,0.67256471222186498
68.89997244,68.8999724399946274,14671.7301148921251,14671.6675437113608,30.3080271264690602,120.000407635745347,15655.5193599421837,39.2092232047410292,750.252008401671674,0.708666178427608262,748.575250887410562,0.00962203603298128485,50.131524782404199,750.241163550241254,3.77314497980634522,1.42688558872891491,-4.67749021023318771e-06,0.000328198976307634703,7.25326829419252911e-05,-3.12004358128607971e-08,0.0649675281820766143,0.00501637323161987277,0.066869404396166246,1.28250720097953959e-05,0.0627079641242010849,-2.71066643985768869e-05,1.00256497671756728,0.672676540714966187,0,0,0,3000.2006875825532,4651.45014527727199,548.934856830458784,466.385044992188114,0.00151223184179368657,1,-0.177908078535757241,4.07130219142428691e-05,0.672676540714966187
68.9999724,68.9999723999946184,14671.5887323245406,14671.5261612392351,30.3082332568519099,120.000408831412841,15678.3704901293095,39.324148482879302,750.243928692200711,0.708658164055032347,748.567115058597892,0.00962139716659127231,50.1320925135239577,750.233105685347823,3.77856476061361812,1.40076686102612058,-4.68074322609539605e-06,0.000325025321248723802,7.25287748427968116e-05,-2.70478032137252377e-08,0.0650038010562478674,0.00502365218459080356,0.0668708840415352668,1.28243585837831275e-05,0.0627649853578596817,-2.71046197715513273e-05,1.00255840053206957,0.672788658830938857,0,0,0,3001.2030521509846,4651.3680995278919,548.932306825282808,466.385548476404495,0.00151223878965617699,1,-0.177918179504632123,4.07086141731568347e-05,0.672788658830938857
69.09997236,69.0999723599946094,14671.449960924685,14671.3873899196951,30.3084393850250464,120.000410028799124,15701.2213760725717,39.4392386043725907,750.235918250292229,0.708650222183854872,748.559063437118652,0.00962075921113303423,50.1324394623260332,750.22511611159257,3.7839845037759523,1.37466411858472526,-4.68397019451718185e-06,0.000321763246060976474,7.25248636656129433e-05,-2.29815102109100355e-08,0.0650397524452393239,0.00503093077829583953,0.0668720625924436596,1.28236451726202986e-05,0.062822149765592139,-2.71025742099848065e-05,1.00254840063924733,0.672901001346911443,0,0,0,3002.20749197564555,4651.28603266091613,548.929756163857746,466.386042661873375,0.00151224560922375993,1,-0.177927272517410251,4.07042279946163659e-05,0.672901001346911443
69.19997232,69.1999723199946004,14671.3137985616922,14671.2512276275975,30.3086455110075086,120.00041122790411,15724.0720198845702,39.5544935599773666,750.227979262767803,0.708642354873552094,748.551097918023743,0.00962012244518328785,50.1325700704665564,750.217196997961196,3.78940422171546931,1.34858817036033685,-4.68717029629439776e-06,0.000318416174522106587,7.25209513401730649e-05,-1.90013281353717447e-08,0.0650753736648784359,0.00503820901236703717,0.0668729457773028502,1.28229321104504821e-05,0.0628794290093946107,-2.71005287231028883e-05,1.00253505415807442,0.673013513335582458,0,0,0,3003.21351964478254,4651.20394464081346,548.927204845052756,466.386527556182671,0.00151225230059981539,1,-0.177935375133944529,4.06998648283931212e-05,0.673013513335582458
69.29997228,69.2999722799945914,14671.1802420206368,14671.1176711458302,30.3088516348189039,120.000412428727827,15746.9224237362014,39.6699133513850342,750.220113832776178,0.708634564101632725,748.543220311828009,0.00961948714079952083,50.1324887864868174,750.209350431698681,3.79482392663578816,1.32254958195873229,-4.69034274239240755e-06,0.000314987490672706376,7.25170397552239037e-05,-1.51069961585548529e-08,0.0651106563712597619,0.00504548688662200678,0.0668735393416113599,1.2822219724179896e-05,0.0629367938245160158,-2.70984843131585036e-05,1.00251843868164436,0.673126138091588166,0,0,0,3004.22063148992402,4651.12183544266281,548.924652868066119,466.387003170780872,0.00151225886394102836,1,-0.177942504995664996,4.06955260807185685e-05,0.673126138091588166
69.39997224,69.3999722399945824,14671.049287058413,14670.9867162332721,30.309057756479433,120.000413631270305,15769.7725898693097,39.7854979802865856,750.212323980129099,0.708626851764107557,748.535432345015806,0.00961885356401337432,50.1322000634724532,750.201578418592476,3.80024363052062197,1.29655867597906393,-4.69348677283858032e-06,0.000311480539865304038,7.2513130758112117e-05,-1.12982243757695208e-08,0.0651455925571863131,0.00505276440106309198,0.0668738490448006206,1.28215083341282102e-05,0.0629942155810315207,-2.70964419568861062e-05,1.00249863169891751,0.673238820165619423,0,0,0,3005.22833470931573,4651.03970505197321,548.922100232420462,466.387469520777927,0.00151226529945463909,1,-0.177948679796294529,4.06912131173761845e-05,0.673238820165619423
69.4999722,69.4999721999945734,14670.9209283851087,14670.8583576020246,30.3092638760098154,120.000414835531529,15792.622520580182,39.9012474442720944,750.20461164226424,0.708619219676349554,748.527735661200381,0.00961822197462947059,50.1317083563520214,750.193882883891888,3.80566334512993532,1.27062553237866638,-4.6966016593706983e-06,0.000307898624196282957,7.25092261560228164e-05,-7.57469177064708174e-09,0.0651801745480418693,0.0050600415558707439,0.066873880656541887,1.28207982537428399e-05,0.0630516662769600444,-2.7094402622010054e-05,1.0024757105305877,0.673351505361770797,0,0,0,3006.23614735614228,4650.95755346445367,548.919546937956397,466.38792662501163,0.00151227160739935296,1,-0.177953917299131709,4.06869272606510442e-05,0.673351505361770797
69.59997216,69.5999721599945644,14670.7951597385108,14670.7325889789336,30.3094699934312892,120.000416041511542,15815.4722182219157,40.0171617463988056,750.19697867522757,0.708611669574222947,748.520131822313942,0.0096175926257808797,50.1310181189990089,750.186265673236221,3.81108308199998014,1.24475998895183437,-4.69968670474581857e-06,0.000304244996812776645,7.25053277160341036e-05,-3.93604995705680752e-09,0.0652143949972491532,0.00506731835140158265,0.0668736399527879721,1.28200897889885299e-05,0.0631091185404693833,-2.70923672389394442e-05,1.00244975229753375,0.673464140734272299,0,0,0,3007.24359831448328,4650.87538068577851,548.916992984824788,466.388374505782394,0.00151227778808169411,1,-0.177958235299392281,4.06826697932463461e-05,0.673464140734272299
69.69997212,69.6999721199945554,14670.6719738766551,14670.60940312823,30.3096761087655828,120.000417249210315,15838.3216852048645,40.133240882889325,750.189426854673115,0.708604203115008158,748.512622309825247,0.00961696576442649942,50.1301338011962798,750.178728553607129,3.8165028524418263,1.21897164202461283,-4.70274124222988494e-06,0.000300522861143018229,7.25014371652488144e-05,-3.81920748168552477e-10,0.0652482468812508459,0.00507459478818280026,0.0668731327116285773,1.28193832389921212e-05,0.0631665456190822622,-2.70903367301832705e-05,1.00242083383827363,0.673576674583711177,0,0,0,3008.25022727683518,4650.79318673136459,548.914438373479697,466.38881318887951,0.00151228384185635731,1,-0.177961651637425222,4.06784419547884051e-05,0.673576674583711177
69.79997208,69.7999720799945464,14670.5513626001775,14670.488791864309,30.3098822220349362,120.000418458627877,15861.1709239944466,40.2494848554333799,750.181957876883075,0.708596821878427097,748.505208525968669,0.00961634163060720581,50.1290598457199508,750.171273214295525,3.82192266754120036,1.19326984726797747,-4.70576463593618872e-06,0.000296735369052301913,7.24975561913262519e-05,3.08809876322024388e-09,0.0652817234944910868,0.00508187086691053169,0.0668723647093023982,1.28186788950325032e-05,0.0632239213855448623,-2.70883119874985923e-05,1.00238903169295712,0.673689056452693724,0,0,0,3009.25558471541763,4650.71097162614114,548.911883104671688,466.38924270350185,0.00151228976912511884,1,-0.177964184193821151,4.06742449473821921e-05,0.673689056452693724
69.89997204,69.8999720399945375,14670.4333168119192,14670.3707460679288,30.3100883332620192,120.000419669764298,15884.0199371016479,40.3658936698211335,750.174573210974586,0.70858952722720292,748.497891646390372,0.00961572045644176754,50.127800677013056,750.163900967873815,3.82734253662655588,1.16766372160822129,-4.70875626370610782e-06,0.000292885616601034065,7.24936864353231187e-05,6.47443026184895574e-09,0.0653148184311768271,0.00508914658818721086,0.0668713417182574682,1.28179770417262748e-05,0.0632812218673355215,-2.7086293871531545e-05,1.0023544214860054,0.673801240124634715,0,0,0,3010.25925855917967,4650.6287354040378,548.909327179433035,466.389663082045388,0.00151229557033390584,1,-0.177965850902475409,4.06700799423408959e-05,0.673801240124634715
69.999972,69.9999719999945285,14670.3178264908493,14670.255255728307,30.3102944424699103,120.000420882619551,15906.8687270862029,40.4824673222742533,750.167274700240455,0.708582320874997618,748.490673220645249,0.0096151024737993751,50.1263607340606541,750.156613956202591,3.83276247341501497,1.14216214283162998,-4.71171557252639993e-06,0.00028897665036280493,7.24898295185432545e-05,9.77754619473473984e-09,0.0653475256313244546,0.00509642195354544948,0.0668700694973855675,1.28172779569793168e-05,0.0633384190409554404,-2.70842832502765055e-05,1.00231708006192299,0.673913171532740551,0,0,0,3011.26076668019186,4650.54647810833194,548.90677059908262,466.390074360196252,0.00151230124597407679,1,-0.177966669620483825,4.06659480409762126e-05,0.673913171532740551
70.09997196,70.0999719599945195,14670.2048807479441,14670.1423099558906,30.3105005496821249,120.000422097193692,15929.7172965565769,40.5992058172153634,750.160063655159547,0.708575204029850636,748.48355426706371,0.00961448790070651427,50.1247444124971935,750.149413336312023,3.83818248675622531,1.11677375017965375,-4.71464199673502556e-06,0.000285011509557148862,7.24859870021988108e-05,1.29979172331710444e-08,0.0653798393007646167,0.0051036969639049112,0.066868553795645172,1.28165819093635607e-05,0.0633954901937742871,-2.70822809372754158e-05,1.00227708214094058,0.674024806990387249,0,0,0,3012.25971901735284,4650.46419979141046,548.904213365227633,466.390476576731487,0.00151230679657967542,1,-0.177966658329043292,4.06618503373634796e-05,0.674024806990387249
70.19997192,70.1999719199945105,14670.0944678448141,14670.0318970180688,30.3107066549225834,120.000423313486749,15952.565648161848,40.7161091563330473,750.152941464996729,0.708568177971926838,748.476535883088673,0.00961387695147886134,50.1229561040817657,750.142300496661505,3.84360258682725098,1.09150694823576799,-4.71753500874871114e-06,0.000280993175548056395,7.24821604140545185e-05,1.61360464779355821e-08,0.0654117539594147313,0.0051109716205939501,0.0668668003501960151,1.28158891611713221e-05,0.0634524116417431311,-2.70802877307054335e-05,1.00223450258617186,0.674136100954494388,0,0,0,3013.25570877736891,4650.3819005139776,548.901655479732767,466.390869773453005,0.00151231222272651912,1,-0.177965834971063414,4.06577878768483715e-05,0.674136100954494388
70.29997188,70.2999718799945015,14669.9865752123296,14669.9240043324498,30.3109127582155367,120.000424531498737,15975.4137845927671,40.8331773399488256,750.145909444941594,0.708561243909179517,748.469619092952371,0.00961326983486898712,50.1210001837009713,750.135276753045446,3.84902278357728855,1.06636990705193568,-4.72039410519810391e-06,0.000276924592594954126,7.24783512414593859e-05,1.91924603675115073e-08,0.0654432644236156436,0.00511824592508884537,0.0668648148826769123,1.28151999685571855e-05,0.0635091603084285278,-2.70783044151443243e-05,1.00218941579523046,0.674247009094881666,0,0,0,3014.2483397373112,4650.29958034512129,548.899096944723965,466.391253995121019,0.00151231752503128104,1,-0.177964217486190013,4.06537616664330006e-05,0.674247009094881666
70.39997184,70.3999718399944925,14669.8811894692481,14669.8186185317591,30.3111188595856618,120.000425751229727,15998.2617085824713,40.9504103738511986,750.138968837194852,0.708554402978427422,748.462804848854375,0.00961266675237837376,50.1188810081830525,750.12834334962406,3.85444308672727409,1.04137056360244884,-4.72321881031574105e-06,0.000272808670672352975,7.24745609329726081e-05,2.21677082404449762e-08,0.0654743658025571246,0.0051255198790112963,0.0668626030975192492,1.28145145792682167e-05,0.0635657137174869269,-2.70763317456708676e-05,1.00214189566696121,0.674357488287237961,0,0,0,3015.23722619232876,4650.21723936208673,548.896537762581033,466.391629289387879,0.00151232270415057506,1,-0.177961823803871044,4.06497726748492706e-05,0.674357488287237961
70.4999718,70.4999717999944835,14669.7782964631915,14669.7157254507456,30.3113249590578526,120.000426972679747,16021.1094228930633,41.067808259728011,750.132120812069502,0.708547656246506063,748.456094032145757,0.00961206789915314275,50.1166029152532246,750.121501459970546,3.8598635057692916,1.01651662324935188,-4.72600867094012065e-06,0.000268648285387669409,7.24707908965273491e-05,2.50623612345747424e-08,0.0655050534948725116,0.00513279348412335867,0.0668601706804470147,1.28138332338181455e-05,0.0636220499984468391,-2.70743704575648916e-05,1.00209201562263761,0.674467496605628436,0,0,0,3016.22199289858918,4650.13487765006084,548.893977935931503,466.391995706651983,0.00151232776077894,1,-0.177958671822303821,4.06458218334214264e-05,0.674467496605628436
70.59997176,70.5999717599944745,14669.6778812780976,14669.6153101811778,30.3115310566574365,120.000428195848841,16043.956930329723,41.1853710006335305,750.125366469094047,0.708541004711329858,748.449487454513701,0.00961147346490420773,50.1141702224820733,750.114752188118359,3.86528404996776631,0.991815561248571953,-4.72876325852076418e-06,0.000264446277436155099,7.24670425004946559e-05,2.78770122407731876e-08,0.065535323185168054,0.00514006674232375151,0.0668575232969672445,1.28131561666941808e-05,0.0636781478739536777,-2.70724212629219365e-05,1.00203984855628714,0.674576993314652595,0,0,0,3017.2022750150968,4650.05249530194487,548.891417467643123,466.392353300031402,0.00151233269564847949,1,-0.17795477940773019,4.06419100356973992e-05,0.674576993314652595
70.69997172,70.6999717199944655,14669.5799282640219,14669.5173570814604,30.3117371524099362,120.000429420737063,16066.8042337248262,41.3030986009886689,750.118706838127309,0.708534449303026337,748.442985859185683,0.00961088363223394637,50.1115872261303821,750.108096569620898,3.87070472835860047,0.967274624269307992,-4.73148216771874191e-06,0.000260205449575889164,7.24633170733929733e-05,3.06122738104010759e-08,0.0655651708403946903,0.00514733965564469209,0.0668546665907201604,1.28124836041062662e-05,0.0637339866672696764,-2.70704848565650332e-05,1.00198546686223322,0.674685938861284251,0,0,0,3018.1777180410254,4649.97009241814249,548.888856360817272,466.392702125257699,0.0015123375095273913,1,-0.177950164380630049,4.06380381395430234e-05,0.674685938861284251
70.79997168,70.7999716799944565,14669.4844210520387,14669.4218497669372,30.3119432463412082,120.000430647344459,16089.6513359428882,41.4209910638472181,750.112142880473584,0.708527990885029935,748.436589922138751,0.00961029857822914835,50.1088581999087523,750.101535572613216,3.87612554975039592,0.942900831984218257,-4.73416501590410451e-06,0.000255928564840271283,7.24596159039548091e-05,3.32687801442285956e-08,0.065594592706010299,0.00515461222624809517,0.0668516061817153451,1.28118157660906017e-05,0.0637895462927713791,-2.70685619090676382e-05,1.00192894239600538,0.674794294866345234,0,0,0,3019.14797775158104,4649.88766910633603,548.886294618782244,466.393042240622776,0.00151234220321924033,1,-0.177944844511580214,4.06342069643372334e-05,0.674794294866345234
70.89997164,70.8999716399944475,14669.391342587769,14669.3287711843095,30.3121493384773721,120.000431875671069,16112.4982398784487,41.5390483922627212,750.105675490005865,0.70852163025523418,748.43030025332871,0.00960971847473324203,50.1059873935606106,750.09507009887966,3.88154652272486667,0.918700978708642424,-4.73681144713901148e-06,0.00025161834389760034,7.24559402430480486e-05,3.58471842262151792e-08,0.0656235853018376364,0.00516188445642068016,0.0668483476643304819,1.28111528668524855e-05,0.0638448072509652242,-2.70666530755877406e-05,1.00187034645075057,0.67490202411563438,0,0,0,3020.11272012823019,4649.80522548127192,548.883732245086549,466.393373706859506,0.00151234677756130129,1,-0.177938837506769143,4.06304172940170585e-05,0.67490202411563438
70.9999716,70.9999715999944385,14669.3006751462817,14669.2381036180104,30.3123554288447679,120.000433105716979,16135.344948453594,41.6572705933888869,750.099305494299642,0.708515368147102698,748.424117397938971,0.00960914348745944835,50.1029790313010039,750.088700984934349,3.88696765563623003,0.894681635078583781,-4.7394211297224401e-06,0.00024727746082151285,7.245229130313281e-05,3.83481588195533433e-08,0.0656521454176749036,0.005169156348571252,0.0668448966051162913,1.281049511356373e-05,0.0638997506334291476,-2.70647589908437635e-05,1.00180974976984438,0.675009090550718893,0,0,0,3021.07162128852406,4649.72276166455049,548.881169243491854,466.393696587088868,0.00151235123342384047,1,-0.177932161005337541,4.06266698754960024e-05,0.675009090550718893
71.09997156,71.0999715599944295,14669.2124003581703,14669.1498287031409,30.3125615174699128,120.000434337482247,16158.1914646077039,41.7756576716456181,750.093033506689039,0.70850920508999804,748.418041688835842,0.00960857377365087473,50.0998373010357909,750.082428703866071,3.8923889550589843,0.870849150338671052,-4.74199374292321683e-06,0.000242908541020074023,7.24486702523565541e-05,4.07723851371688031e-08,0.0656802700954486202,0.00517642790496708038,0.0668412585415862487,1.28098427057688043e-05,0.0639543596496742611,-2.70628802578564159e-05,1.00174722193784582,0.675115462260560073,0,0,0,3022.02439419045959,4649.64027778426771,548.878605617964354,466.39401094672678,0.00151235557170882194,1,-0.1779248326108267,4.06229654319657406e-05,0.675115462260560073
71.19997152,71.1999715199944205,14669.1264992281795,14669.0639274319001,30.3127676043796193,120.0004355709669,16181.0377913109041,41.8942096287187482,750.086860528720081,0.708503141978286677,748.41207384797201,0.00960800949119500203,50.0965663902767915,750.07625456836729,3.89781043202482946,0.8472096542640557,-4.74452902958179327e-06,0.000238514136491756808,7.24450782412901576e-05,4.31205888562837188e-08,0.0657079566754432409,0.00518369912876861117,0.0668374389764302967,1.28091958372464546e-05,0.0640086134204937568,-2.70610174873979608e-05,1.00168283356303545,0.675221099395764912,0,0,0,3022.97068077348285,4649.55777397481506,548.876041372661575,466.394316853417934,0.00151235979334899979,1,-0.177916869734028288,4.06193046191816165e-05,0.675221099395764912
71.29997148,71.2999714799944115,14669.0429521612823,14668.9803802052993,30.3129736896008097,120.000436806171038,16203.8839315492096,42.0129264731281609,750.080787041704639,0.708497179213325778,748.406214080070413,0.0096074507862011771,50.0931704240774707,750.070178921294087,3.90323209263297199,0.823769056033526681,-4.74702671702677118e-06,0.000234096803391878214,7.24415163627304938e-05,4.53934856981686015e-08,0.0657352027141543394,0.0051909700224682543,0.0668334433756534035,1.28085546949620768e-05,0.0640624963320709784,-2.70591712419478674e-05,1.00161665287536872,0.675325972380071415,0,0,0,3023.91021459337708,4649.47525037750074,548.873476511961144,466.394614376942968,0.00151236389930662881,1,-0.177908289816827186,4.06156880903880364e-05,0.675325972380071415
71.39997144,71.3999714399944025,14668.9617389813066,14668.8991668687904,30.3131797731606092,120.000438043094704,16226.7298883322819,42.131808207926035,750.074813619439055,0.708491317282265221,748.400462683844353,0.00960689780107903957,50.0896535080017316,750.064202348958474,3.90865394433662505,0.800533050480190411,-4.74948656876058179e-06,0.000229659021263223907,7.24379856796049783e-05,4.75918160334821614e-08,0.0657620060332821804,0.0051982405889259755,0.066829277171295623,1.28079194593726083e-05,0.0641159917616289515,-2.70573420739717134e-05,1.0015487480421994,0.675430049678927391,0,0,0,3024.84271149601909,4649.39270713921542,548.870911040413148,466.394903589152023,0.00151236789057255789,1,-0.177899110168044439,4.06121164546643289e-05,0.675430049678927391
71.4999714,71.4999713999943936,14668.8828389532864,14668.8202666603211,30.3133858550862776,120.000439281737982,16249.5756646775626,42.2508548402648998,750.068940775150736,0.708485556613538625,748.394819899561526,0.00960635067249793195,50.086019713863152,750.058325377867845,3.91407599436529319,0.777507118529925378,-4.75190837090567797e-06,0.000225203219395273777,7.24344872183620278e-05,4.97163351744250719e-08,0.0657883647001349658,0.00520551083110507105,0.0668249457560278065,1.28072903043191829e-05,0.0641690836420388405,-2.70555305179881631e-05,1.00147918652352175,0.675533300862431574,0,0,0,3025.76789709610148,4649.31014441265597,548.868344962749006,466.395184563885209,0.00151237176816512069,1,-0.177889348001730396,4.06085902881774634e-05,0.675533300862431574
71.59997136,71.5999713599943846,14668.8062307983637,14668.7436583302479,30.3135919354052454,120.000440522100931,16272.4212636289976,42.3700663745633292,750.063168962653776,0.708479897577996787,748.389285910304011,0.00960580953196332743,50.0822730783274892,750.052548475831713,3.91949824972628713,0.754696529409400796,-4.75429193254420799e-06,0.000220731778795193372,7.24310219696585938e-05,5.17678135319247074e-08,0.0658142770227419099,0.00521278075206834009,0.0668204544811711043,1.28066673977751122e-05,0.0642217564612383857,-2.70537370886362714e-05,1.00140803506144449,0.675635696594190649,0,0,0,3026.6855066523558,4649.22756235611814,548.865778283874192,466.395457376919467,0.00151237553312941501,1,-0.177879020436246815,4.06051101336922068e-05,0.675635696594190649
71.69997132,71.6999713199943756,14668.7318927310407,14668.669320066585,30.3137980141450285,120.000441764183634,16295.2666882347348,42.4894428179733197,750.057498577513002,0.70847434049010638,748.383860843224284,0.00960527450411863271,50.0784176016366587,750.046872053073002,3.92492071720565283,0.732106342901808205,-4.75663708241171388e-06,0.000216247033052964938,7.24275908875944991e-05,5.37470347685566441e-08,0.0658397415450621692,0.00522005035497690763,0.066815808654878156,1.28060508995611813e-05,0.064273995252702984,-2.70519622683030399e-05,1.0013353596462693,0.675737208619805796,0,0,0,3027.59528497368774,4649.1449611332946,548.863211008862777,466.395722105836057,0.00151237918653545841,1,-0.1778681444795569,4.06016765025088441e-05,0.675737208619805796
71.79997128,71.7999712799943666,14668.6598024703562,14668.5972296020391,30.3140040913332705,120.000443007986149,16318.1119415609646,42.6089841749129832,750.05192995820255,0.708468885609075949,748.378544770785766,0.00960474570963221197,50.0744572465275155,750.041296463342064,3.93034340336994159,0.709741411685527623,-4.75894367044197723e-06,0.000211751271465323052,7.24241948908475972e-05,5.56547962383789195e-08,0.0658647570423442769,0.00522731964308342442,0.0668110135405746985,1.28054409651741623e-05,0.0643257855889597663,-2.70502065407362387e-05,1.00126122549777685,0.675837809755234997,0,0,0,3028.49698632553736,4649.06234091308033,548.860643142950835,466.39597882998055,0.00151238272947765281,1,-0.177856737029910339,4.05982898736664249e-05,0.675837809755234997
71.89997124,71.8999712399943576,14668.5899372510612,14668.5273641749336,30.3142101669976931,120.000444253508576,16340.9570266809333,42.7286904539006329,750.046463387273207,0.708463533139988222,748.373337711994736,0.00960422326222509781,50.0703959373590806,750.035822005031036,3.9357663145662638,0.687606383671678145,-4.7612115659127489e-06,0.000207246739324991813,7.24208348623748036e-05,5.74919081643784762e-08,0.0658893225167602736,0.00523458861973108164,0.0668060743556789099,1.28048377418034499e-05,0.0643771135817494539,-2.7048470351662572e-05,1.00118569707616367,0.67593747387479064,0,0,0,3029.39037433389831,4648.97970186937073,548.85807469153076,466.396227630423368,0.00151238616307422394,1,-0.177844814875536383,4.05949506946567311e-05,0.67593747387479064
71.9999712,71.9999711999943486,14668.5222738683224,14668.4597005713586,30.3144162411660893,120.00044550075097,16363.8019466738897,42.8485616593539831,750.041099092509398,0.708458283235013697,748.368239633616327,0.00960370727090475995,50.0662375593621505,750.030448922290361,3.94118945692484246,0.665705704417874244,-4.76344065586829579e-06,0.000202735640947266862,7.24175116493222428e-05,5.92591919369626597e-08,0.0659134371931054258,0.00524185728834927929,0.0668009962704849691,1.28042413712887311e-05,0.0644279658707056641,-2.70467541336034088e-05,1.00110883805130357,0.676036175899003666,0,0,0,3030.27522188411331,4648.89704418086421,548.855505660144331,466.396468589800122,0.00151238948846502542,1,-0.177832394674215355,4.05916593832381673e-05,0.676036175899003666
72.09997116,72.0999711599943396,14668.4567886628211,14668.3942151412557,30.3146223138663267,120.000446749713447,16386.6467046303806,42.9685978011576921,750.035837248090047,0.708453135994467575,748.363250451383806,0.00960319783995267073,50.0619859580231719,750.025177406137118,3.94661283636111282,0.644043619517717048,-4.76563084710759726e-06,0.000198220138978540871,7.24142260642685433e-05,6.09574814029037339e-08,0.0659371005147042638,0.00524912565245037356,0.0667957844072256945,1.28036519900829648e-05,0.0644783296220638596,-2.70450583039689283e-05,1.00103071131319088,0.676133891782288221,0,0,0,3031.15131102339001,4648.81436803087308,548.852936054477141,466.396701792364979,0.00151239270681227558,1,-0.177819492967865644,4.05884163256479521e-05,0.676133891782288221
72.19997112,72.1999711199943306,14668.3934575729072,14668.3308838049288,30.3148283851263294,120.000448000396048,16409.4913036473263,43.0887988823621768,750.030677975743629,0.708448091468041219,748.358370031196159,0.00960269506771371795,50.0576449385424667,750.020007595571769,3.95203645857499497,0.622624177050660421,-4.76778206721360537e-06,0.000193702356697620574,7.24109788860915083e-05,6.25876211577414561e-08,0.065960312139337493,0.00525639371562610161,0.0667904438392349642,1.28030697276180167e-05,0.0645281925209792162,-2.70433832627629147e-05,1.00095137895949571,0.67623059850041245,0,0,0,3032.01843285490168,4648.73167360712978,548.850365880353138,466.396927323805016,0.00151239581929799071,1,-0.177806126157009636,4.05852218784237204e-05,0.67623059850041245
72.29997108,72.2999710799943216,14668.3322561457753,14668.2696821305653,30.3150344549739863,120.000449252798887,16432.335746813842,43.209164912851719,750.025621345907552,0.708443149655927806,748.35359819032351,0.00960219904725789775,50.0532182652456186,750.014939578689336,3.95746032905407041,0.601451229976866841,-4.76989425932524232e-06,0.00018918437461127002,7.2407770858320047e-05,6.41504668064345109e-08,0.0659830719351760797,0.0052636614815447097,0.066784979590047297,1.28024947071664422e-05,0.0645775427689363052,-2.70417293830179429e-05,1.00087090230241049,0.676326274037691078,0,0,0,3032.87638743358593,4648.64896110159953,548.847795143727808,466.397145271200088,0.0015123988271234358,1,-0.177792310499533979,4.05820763678642812e-05,0.676326274037691078
72.39997104,72.3999710399943126,14668.2731595411897,14668.2105852663681,30.3152405234372786,120.000450506922064,16455.1800372328544,43.3296959011435163,750.020667378877079,0.708438310509917568,748.348934698609355,0.00960170986683861472,50.0487096608877664,750.009973393789664,3.96288445307444404,0.580528438602378571,-4.77196738503405662e-06,0.000184668230486423161,7.24046026908370768e-05,6.56468831481014522e-08,0.0660053799764790255,0.0052709289539470015,0.0667793966323549509,1.28019270464323462e-05,0.0646263690761500892,-2.70400970270870064e-05,1.00078934185475088,0.676420897374156005,0,0,0,3033.72498366124637,4648.56623071029207,548.845223850683283,466.397355723009866,0.00151240173150894155,1,-0.177778062114907431,4.05789800920235814e-05,0.676420897374156005
72.499971,72.4999709999943036,14668.2161425724626,14668.1535680310062,30.3154465905441661,120.000451762765636,16478.0241780044453,43.4503918516541603,750.015816045954466,0.708433573934594052,748.344379279673603,0.00960122761039006178,50.0441228059346486,750.005109030481435,3.96830883570418447,0.559859273044111205,-4.77400142507210869e-06,0.000180155917249575324,7.24014750606321222e-05,6.70777451535885684e-08,0.0660272365392596122,0.00527819613664373341,0.0667736998869341847,1.28013668581943795e-05,0.0646746606555645143,-2.7038486540104071e-05,1.0007067573220001,0.67651444847245612,0,0,0,3034.56403917654688,4648.48348263307525,548.842652007421862,466.397558768927809,0.00151240453369188665,1,-0.17776339696599841,4.05759333193279474e-05,0.67651444847245612
72.59997096,72.5999709599942946,14668.1611797064543,14668.0986048910781,30.3156526563225839,120.000453020329701,16500.8681722248293,43.5712527729004577,750.011067270595163,0.708428939788416701,748.339931612120722,0.00960075235618695899,50.0394613377224005,750.000346430793115,3.97373348180209485,0.539447015740044833,-4.77599637804236338e-06,0.000175649382231009998,7.23983886118538175e-05,6.84439365651707102e-08,0.0660486420967268811,0.00528546303351149112,0.0667678942214097598,1.28008142484987054e-05,0.0647224072181580845,-2.70368982513126525e-05,1.000623207597932,0.676606908264647977,0,0,0,3035.39338024659128,4648.40071707349944,548.840079620260553,466.397754499881046,0.00151240723492669909,1,-0.177748330866317861,4.05729362900743992e-05,0.676606908264647977
72.69997092,72.6999709199942856,14668.1082451045513,14668.0456700062168,30.3158587208004562,120.000454279614345,16523.7120229898392,43.6922786720323018,750.006420929548199,0.708424407884908791,748.335591330742545,0.00960028417764924313,50.0347288496012652,749.995685490269921,3.97915839602183885,0.519294763985691077,-4.77795226041831047e-06,0.00017115052537705161,7.23953439564038053e-05,6.9746349694003902e-08,0.0660695973146715326,0.00529272964849050297,0.0667619844489984043,1.2800269317711891e-05,0.0647695989635096864,-2.70353324678434283e-05,1.00053875074179599,0.67669825863879618,0,0,0,3036.21284165344059,4648.317934238612,548.837506695625962,466.397943007884692,0.00151240983648284907,1,-0.177732879462754956,4.05699892165047683e-05,0.67669825863879618
72.79997088,72.7999708799942766,14668.0573126077652,14667.994737216266,30.3160647840056967,120.000455540619683,16546.5557333949837,43.8134695589327308,750.001876853997942,0.708419977993695271,748.33135802773063,0.0095998231443572557,50.029928889969824,749.991126059080671,3.98458358281383163,0.499405432508112312,-4.77986910619712164e-06,0.000166661198106507621,7.23923416744161709e-05,7.09858835621597631e-08,0.0660901030466526096,0.00529999598558095371,0.066755975327105907,1.27997321618545365e-05,0.0648162265768962575,-2.70337894834951733e-05,1.00045344397933866,0.67678848242539269,0,0,0,3037.02226658361587,4648.2351343387827,548.834933240048031,466.398124386094594,0.0015124123396455648,1,-0.177717058252563093,4.05670922848796889e-05,0.67678848242539269
72.89997084,72.8999708399942676,14668.0083557926118,14667.9457801026165,30.3162708459661552,120.000456803345784,16569.3993065241011,43.9348254393844826,749.997434830695852,0.708415649841723782,748.327231253870991,0.00959936932021854261,50.0250649613922178,749.986667943113162,3.99000904642598542,0.479781756118065061,-4.78174696647383002e-06,0.000162183204280416464,7.23893823147637918e-05,7.21634452496992863e-08,0.066110160329192813,0.00530726204884065991,0.0667498715560362332,1.27992028701372768e-05,0.064862281216576681,-2.70322695752005154e-05,1.00036734366747404,0.67687756338369609,0,0,0,3037.82150651004531,4648.15231758752543,548.832359260155044,466.398298728608665,0.00151241474571310467,1,-0.177700882557928125,4.05642456537195069e-05,0.67687756338369609
72.9999708,72.9999707999942586,14667.9613479599357,14667.8987719656234,30.3164769067095783,120.000458067792749,16592.2427454574936,44.0563463219035896,749.993094603092914,0.70841142311430283,748.323210519740769,0.0095989227651727127,50.0201405197174154,749.98231090507079,3.99543479090655218,0.460426292362733136,-4.78358590971543691e-06,0.000157718299300963703,7.23864663957477411e-05,7.32799476325113164e-08,0.0661297703769717499,0.00531452784238056926,0.0667436777777031809,1.27986815272141396e-05,0.0649077545136898387,-2.70307730059174517e-05,1.00028050530798818,0.676965486187859122,0,0,0,3038.61042107816365,4648.06948420133176,548.829784762668282,466.398466130506506,0.00151241705599728803,1,-0.177684367540759891,4.0561449456376922e-05,0.676965486187859122
73.09997076,73.0999707599942496,14667.9162621758878,14667.8536858568241,30.316682966263734,120.000459333960706,16615.0860532708939,44.1780322177393927,749.988855872460476,0.708407297456272289,748.319295296882842,0.00959848353363668139,50.015158973337293,749.978054665558147,4.00086082010600208,0.441341424264052762,-4.78538601978508197e-06,0.000153268192621621341,7.23835944050143192e-05,7.43363091288752761e-08,0.0661489345780928995,0.00532179337036407796,0.066737398574528789,1.27981682110900342e-05,0.0649526385577996468,-2.70293000125557681e-05,1.00019298350841734,0.677052236413028918,0,0,0,3039.38887798633687,4647.98663439949723,548.827209754396677,466.398626687703427,0.00151241927182149162,1,-0.17766752818615425,4.0558703801228099e-05,0.677052236413028918
73.19997072,73.1999707199942407,14667.8730712607503,14667.810494617901,30.3168890246561915,120.000460601849696,16637.9292330223579,44.2998831299404969,749.984718299018823,0.708403272473038248,748.31548501898385,0.00959805167706839768,50.0101236825001365,749.973898904179578,4.00628713767962719,0.422529363042535522,-4.78714739569974446e-06,0.000148834547095912822,7.23807668000456413e-05,7.53334547147796542e-08,0.0661676544894414381,0.00532905863700108926,0.0667310384684152574,1.27976629965194179e-05,0.0649969258963551261,-2.70278508293090462e-05,1.00010483199788758,0.677137800521129485,0,0,0,3040.15675286855458,4647.90376840395311,548.824634242231468,466.398780496990355,0.00151242139452119882,1,-0.177650379316772467,4.05560087703348503e-05,0.677137800521129485
73.29997068,73.2999706799942317,14667.8317478299141,14667.7691708578041,30.3170950819145801,120.000461871459876,16660.7722877713604,44.4218990724894454,749.980681355624029,0.708399347592482909,748.311778935831853,0.00959762723912582771,50.0050379504134526,749.969842963000701,4.01171374549661675,0.403992152243056069,-4.78887013818783707e-06,0.000144418971838291616,7.2377984002732813e-05,7.62723044114222202e-08,0.0661859318188482981,0.00533632364628002908,0.0667246019218817876,1.2797165951047759e-05,0.0650406110624953682,-2.70264256535908266e-05,1.0000161030866157,0.677222168824726189,0,0,0,3040.9139557914541,4647.82088643877887,548.822058233132339,466.398927655887974,0.00151242342544197911,1,-0.177632935616244325,4.05533644333027181e-05,0.677222168824726189
73.39997064,73.3999706399942227,14667.7922643125057,14667.7296869949332,30.3173011380662381,120.000463142791304,16683.6152205522958,44.5440800498013019,749.976744923538831,0.708395522627754626,748.308176708163046,0.00959721026561588531,49.9999050569606425,749.965887043058274,4.01714065003594989,0.385731667119124211,-4.79055440272774604e-06,0.000140023036176098247,7.23752464251015267e-05,7.71538094580000576e-08,0.0662037684718502634,0.00534358840303402003,0.0667180933300268453,1.27966771381108153e-05,0.0650836843761275347,-2.70250247008105799e-05,0.999926849760293779,0.677305323490091649,0,0,0,3041.66032402849942,4647.73798873078977,548.819481734140254,466.399068262580045,0.0015124253659385739,1,-0.177615211470182055,4.05507708033981155e-05,0.677305323490091649
73.4999706,73.4999705999942137,14667.7545929439366,14667.6920152797229,30.3175071931385318,120.000464415844078,16706.4580343967427,44.6664260703911253,749.972908393954754,0.708391796928584117,748.3046775108063,0.00959680079148572673,49.9947282044490748,749.962030404700045,4.02256785276233142,0.367749619631233315,-4.79220031826001723e-06,0.000135648295611316905,7.23725544299766107e-05,7.79788981621132257e-08,0.0662211664716330084,0.0053508529113342725,0.0667115170280781627,1.27961966150202675e-05,0.0651261412815106189,-2.70236481397732752e-05,0.999837122467678197,0.677387256604330634,0,0,0,3042.39578354971445,4647.65507550909024,548.816904752372011,466.399202415940522,0.00151242721737526579,1,-0.177597221206114098,4.05482279027553888e-05,0.677387256604330634
73.59997056,73.5999705599942047,14667.71870579198,14667.6561277752098,30.3177132471586717,120.000465690618341,16729.3007323225065,44.7889371468742254,749.96917127394272,0.708388169953709457,748.301280637359923,0.00959639885054031083,49.989510556921914,749.958272574278226,4.02799535657104624,0.350047561808899843,-4.79380804106250722e-06,0.000131296245964882994,7.23699083587961379e-05,7.87485117847729673e-08,0.0662381280070734185,0.0053581171755546237,0.0667048772899226788,1.27957244355806834e-05,0.0651679760763429483,-2.70222961351589903e-05,0.999746971346927249,0.677467958033966977,0,0,0,3043.12024051272874,4647.57214700453824,548.814327294998066,466.399330215439988,0.00151242898112458881,1,-0.177578978927480646,4.0545735719209783e-05,0.677467958033966977
73.69997052,73.6999705199941957,14667.6845747940242,14667.6219964119409,30.3179193001536831,120.000466967114164,16752.1433173258265,44.9116132850319474,749.965533035012868,0.70838464112793309,748.297985349178134,0.00959600447173114546,49.9842552287112198,749.954613042488404,4.03342316417314262,0.332626887792493164,-4.79537774006315732e-06,0.000126968340839594404,7.23673085247894635e-05,7.94635936161660528e-08,0.0662546554147185468,0.00536538120010351342,0.0666981783262951267,1.27952606477249766e-05,0.0652091834820356375,-2.70209688390244643e-05,0.999656445648968273,0.677547418460683226,0,0,0,3043.83360839752368,4647.48920344983435,548.811749369246286,466.399451761013609,0.00151243065856550697,1,-0.177560498539258038,4.05432942193147656e-05,0.677547418460683226
73.79997048,73.7999704799941867,14667.6521717496216,14667.5895929945655,30.3181253521505312,120.000468245331632,16774.985792392381,45.0344544920121592,749.96199311418934,0.708381209843116255,748.294790876471097,0.00959561768030514628,49.978965284105584,749.951051265420119,4.03885127809807987,0.315488836623913471,-4.79690959728122315e-06,0.000122665991466164558,7.23647552137517787e-05,8.01250901987572804e-08,0.0662707511745283251,0.00537264498942045463,0.0666914242842288479,1.27948052950277032e-05,0.0652497586331316215,-2.70196663860082032e-05,0.99956559372149234,0.677625629366858551,0,0,0,3044.53580788365889,4647.40624507936536,548.809170982397632,466.399567153087332,0.00151243225108377418,1,-0.177541793759346256,4.05409033468160461e-05,0.677625629366858551
73.89997044,73.8999704399941777,14667.6214683428407,14667.5588892113301,30.3183314031759288,120.000469525270915,16797.8281604880467,45.157460783163188,749.958550915074852,0.708377875459246242,748.291696419394157,0.00959523849757193403,49.9736437370311819,749.947586665599943,4.0442797006967286,0.298634495046407267,-4.79840380819309802e-06,0.000118390566538364964,7.23622486847942702e-05,8.07339499423621781e-08,0.066286417905621231,0.00537990854797415399,0.0666846192465258281,1.27943584163763712e-05,0.0652896970707077945,-2.70183889001570538e-05,0.999474463008558467,0.677702583020982963,0,0,0,3045.2267667243691,4647.32327212905511,548.806592141780698,466.399676492498259,0.0015124337600708321,1,-0.17752287811209469,4.05385630242681484e-05,0.677702583020982963
73.9999704,73.9999703999941687,14667.5924361497164,14667.529856631023,30.3185374532565035,120.000470806932057,16820.6704245631736,45.2806321615324094,749.955205808910137,0.708374637305454913,748.28870114912911,0.00959486694063604872,49.9682935507372008,749.944218633023297,4.04970843414197557,0.282064800302826768,-4.79986058010466122e-06,0.000114143391894414064,7.23597891703103748e-05,8.12911220694724535e-08,0.0663016583620300443,0.00538717188025817761,0.0666777672312332398,1.27939200455961522e-05,0.0653289947392213799,-2.70171364857438044e-05,0.999383100063505281,0.677778272463119946,0,0,0,3045.9064196218842,4647.24028483622169,548.804012854768416,466.399779880468486,0.00151243518692345058,1,-0.177503764930790009,4.05362731542645673e-05,0.677778272463119946
74.09997036,74.0999703599941597,14667.5650466680527,14667.5024667642829,30.3187435024186875,120.000472090315213,16843.5125875458543,45.4039686411010166,749.951957135621456,0.708371494681090619,748.285804208955938,0.00959450302257813803,49.9629176374889994,749.940946526185598,4.05513748043321254,0.265780542964115796,-4.80128013039064208e-06,0.000109925750951904734,7.23573768759206608e-05,8.1797558394641134e-08,0.0663164754284260444,0.00539443499079059544,0.06667087219113145,1.27934902116733774e-05,0.0653676479729153465,-2.70159092364186029e-05,0.999291550522035554,0.67785269149023164,0,0,0,3046.57470809909046,4647.15728343943283,548.801433128772487,466.399877418498363,0.00151243653304225577,1,-0.177484467346915753,4.05340336172770277e-05,0.67785269149023164
74.19997032,74.1999703199941507,14667.5392713174224,14667.4766910118178,30.3189495506887141,120.000473375420441,16866.3546523475889,45.5274702262829081,749.948804204858902,0.708368446856697975,748.283004715312359,0.00959414675391823124,49.9575188582663827,749.937769673098046,4.06056684139898749,0.249782369749688371,-4.80266269066248962e-06,0.000105738884778083667,7.23550119826676193e-05,8.22542111309945859e-08,0.0663308721158620274,0.00540169788410979797,0.0666639380132301035,1.27930689406888588e-05,0.0654056534931508754,-2.70147072380849321e-05,0.99919985911733411,0.677925834641605052,0,0,0,3047.23158037462372,4647.07426817836313,548.798852971239626,466.399969208367111,0.00151243779983173659,1,-0.177464998297308496,4.05318442742575225e-05,0.677925834641605052
74.29997028,74.2999702799941417,14667.5150814652443,14667.4525007453358,30.3191555980926601,120.000474662247882,16889.1966218579728,45.6511369296922354,749.94574629702629,0.708365493075060582,748.280301758840665,0.00959379814028782363,49.9521000225323633,749.934687372298299,4.06599651869783862,0.234070786368008044,-4.80400850200139316e-06,0.000101583992621239551,7.23526946458377733e-05,8.26620318616903322e-08,0.0663448515575823655,0.00540896056477273551,0.0666569685183593108,1.27926562526961015e-05,0.0654430083977791816,-2.70135305508525733e-05,0.999108069665829324,0.677997697184165582,0,0,0,3047.87699123430366,4646.99123929365396,548.796272389646788,466.400055352039544,0.00151243898869895177,1,-0.177445370515510292,4.05297049678769798e-05,0.677997697184165582
74.39997024,74.3999702399941327,14667.4924484342337,14667.4298673075264,30.3193616446563645,120.000475950797622,16912.0384989394115,45.7749687584761844,749.942782664301035,0.708362632552185678,748.277694405426587,0.00959345718502335743,49.9466638879874836,749.931698893852968,4.07142651382256204,0.218646160349337038,-4.80531781842519489e-06,9.74622318922943305e-05,7.23504249969083495e-05,8.30219735677083963e-08,0.0663584170048243938,0.00541622303735172193,0.0666499674607425457,1.27922521651619818e-05,0.0654797101584940061,-2.70123792377781182e-05,0.999016225083503739,0.678068275097822637,0,0,0,3048.51090190439345,4646.90819702678255,548.793691391497191,466.400135951639754,0.00151244010105317916,1,-0.177425596534390079,4.05276155200780559e-05,0.678068275097822637
74.4999702,74.4999701999941237,14667.4713435098529,14667.408761963401,30.3195676904055134,120.00047724106976,16934.8802864433637,45.898965721148393,749.939912531642562,0.708359864478275036,748.275181697218159,0.0095931238866362456,49.9412131604231604,749.928803480349984,4.07685682810201833,0.203508723905727607,-4.80659090346449296e-06,9.33747197600695426e-05,7.23482031428356617e-05,8.33349876997199456e-08,0.0663715718227166768,0.00542348530643357342,0.066642938527703352,1.27918566895759174e-05,0.0655157566085788623,-2.70112533361732803e-05,0.998924367366726407,0.678137565060820124,0,0,0,3049.13327992404766,4646.82514161992913,548.791109984316449,466.40021110942439,0.00151244113830553001,1,-0.177405688688620666,4.05255757356010827e-05,0.678137565060820124
74.59997016,74.5999701599941147,14667.4517379701138,14667.3891560006923,30.319773735365537,120.000478533064452,16957.7219871835005,46.023127831689429,749.937135097792975,0.708357188018751693,748.272762653637869,0.00959279824100711664,49.9357504935700831,749.926000347882791,4.08228746270437881,0.188658576757077867,-4.80782803058240395e-06,8.93225322452174053e-05,7.23460291668274157e-05,8.36020247707248517e-08,0.0663843194862150654,0.0054307473766162951,0.0666358853393661799,1.27914698343585828e-05,0.0655511459386957096,-2.70101528763001816e-05,0.998832537604200987,0.67820556443504787,0,0,0,3049.74409901615491,4646.74207331584148,548.788528175648253,466.400280927676761,0.00151244210186750154,1,-0.177385659103523358,4.05235854012882336e-05,0.67820556443504787
74.69997012,74.6999701199941057,14667.4336030893028,14667.3710206844244,30.3199797795616597,120.000479826781756,16980.5636039618403,46.1474550945125586,749.934449536267266,0.708354602315205195,748.270436272382199,0.00959248024038350522,49.9302784889810596,749.923288687026684,4.08771841863888152,0.174095688986945163,-4.80902948357971564e-06,8.53067053513771454e-05,7.23439031291293921e-05,8.38240348961806188e-08,0.0663966635760470658,0.00543800925250595337,0.0666288114484045735,1.27910916035084497e-05,0.0655858766892160189,-2.70090778755594777e-05,0.998740775976101225,0.678272271251385006,0,0,0,3050.34333895941063,4646.6589923577103,548.785945973049934,466.400345508693363,0.00151244299315077941,1,-0.177365519699757002,4.05216442854550859e-05,0.678272271251385006
74.79997008,74.7999700799940967,14667.4169101454318,14667.3543273088617,30.3201858230188996,120.0004811222218,17003.4051395493007,46.2719475208646287,749.93185499632591,0.708352106486329736,748.268201530399551,0.00959216987437372381,49.9247996959616671,749.920667663796962,4.09314969676014595,0.159819903891921911,-4.81019555565142783e-06,8.13282363859525243e-05,7.23418250672177709e-05,8.40019659844750466e-08,0.0664086077747271519,0.00544527093871574781,0.0666217203398550006,1.27907219979104218e-05,0.0656199477392602204,-2.7008028341883473e-05,0.998649121741084445,0.678337684195142621,0,0,0,3050.93098546116016,4646.57589898904735,548.783363384089625,466.400404954757448,0.00151244381356687905,1,-0.177345282195630422,4.05197521400855275e-05,0.678337684195142621
74.89997004,74.8999700399940878,14667.4016304425895,14667.3390471583607,30.320391865762037,120.000482419384724,17026.2465966928139,46.3966051233590804,749.929350603942794,0.708349699628898599,748.266057384854548,0.00959186712959514409,49.9193166116381803,749.918136420606857,4.09858129777073188,0.145830940826385813,-4.81132655236965001e-06,7.73880848323620942e-05,7.23397949976928257e-05,8.41367633432009765e-08,0.0664201558627652566,0.0054525324398640683,0.0666146154311147987,1.27903610148503006e-05,0.0656533583051338576,-2.70070042756292763e-05,0.998557613261795041,0.678401802591471204,0,0,0,3051.50703002865157,4646.49279345355535,548.780780416341372,466.400459368059444,0.00151244456452604694,1,-0.177324958099925795,4.05179087013627103e-05,0.678401802591471204
74.99997,74.9999699999940788,14667.3877353146672,14667.3251515820193,30.3205979078155927,120.000483718270587,17049.0879781096373,46.5214279064088672,749.926935462761094,0.708347380818677985,748.264002774082201,0.00959157198775262287,49.9138316809912226,749.915694077209309,4.10401322222054876,0.132128398014060622,-4.81242278618312528e-06,7.34871718030326526e-05,7.23378129146589092e-05,8.42293705253199456e-08,0.0664313117148705723,0.0054597937605705511,0.0666075000718957394,1.27900086454361172e-05,0.0656861079301826883,-2.70060056488453766e-05,0.998466287996863877,0.678464626390756775,0,0,0,3052.07146984124984,4646.4096759950171,548.778197077381947,466.400508850683593,0.00151244524743706873,1,-0.17730455871592038,4.05161136886828945e-05,0.678464626390756775
75.09996996,75.0999699599940698,14667.3751961477101,14667.3126119612407,30.3208039492038672,120.000485018879544,17071.9292864965355,46.646415883993896,749.924608655035968,0.708345149111376693,748.262036618531511,0.00959128442952650317,49.9083472968555952,749.913339731631481,4.10944547051508557,0.118711755366838645,-4.81348457674922659e-06,6.96263805763934929e-05,7.23358787904590538e-05,8.42807274216420173e-08,0.0664420792961043921,0.00546705490545592102,0.0666003775441336571,1.27896648797665495e-05,0.0657181964784967071,-2.70050324402494645e-05,0.998375182507156289,0.678526156154154236,0,0,0,3052.62430762173335,4646.32654685717807,548.775613374787554,466.400553504528432,0.00151244586370618129,1,-0.177284095134502218,4.05143668070086956e-05,0.678526156154154236
75.19996992,75.1999699199940608,14667.3639843799174,14667.3013997355192,30.3210099899508627,120.000486321211653,17094.7705245110628,46.7715690605270495,749.92236924256315,0.708343003543523642,748.260157821686676,0.00959100443098437339,49.9028658000368637,749.911072461092999,4.11487804291359449,0.105580377306246476,-4.81451225194955601e-06,6.58065577690633715e-05,7.23339925767268923e-05,8.42917714933305052e-08,0.066452462658183567,0.00547431587913898773,0.0665932510620557833,1.27893297021302949e-05,0.0657496241255072916,-2.70040846037428493e-05,0.998284332451373935,0.678586393039127711,0,0,0,3053.16555151023158,4646.2434062836237,548.77302931612985,466.400593431306788,0.00151244641473706368,1,-0.177263578240387853,4.05126677454547494e-05,0.678586393039127711
75.29996988,75.2999698799940518,14667.3540715277195,14667.2914864089544,30.3212160300803859,120.000487625267056,17117.6116947949085,46.8968874486212783,749.920216267600836,0.708340943133408563,748.258365270985564,0.00959073196608928313,49.8973894793638806,749.908891322920454,4.12031093953444838,0.0927335155410560219,-4.81550614709527199e-06,6.20285126075337278e-05,7.23321542045535974e-05,8.42634363823630188e-08,0.0664624659357598568,0.00548157668623457887,0.0665861237721632609,1.27890030943350052e-05,0.0657803913570305238,-2.70031620920383107e-05,0.998193772613758967,0.678645338785080154,0,0,0,3053.69521493479806,4646.16025451767746,548.770444908971967,466.400628732452901,0.00151244690192955792,1,-0.177243018702678889,4.05110161790043699e-05,0.678645338785080154
75.39996984,75.3999698399940428,14667.3454291708767,14667.2828435794127,30.3214220696159522,120.000488931045865,17140.4527999547863,47.0223710581560823,749.918148753773494,0.708338966881895793,748.256657838718183,0.00959046700655541429,49.891920571783146,749.906795355443137,4.12574416035837732,0.08017031187130641,-4.81646660554877767e-06,5.82930180358659923e-05,7.23303635854142651e-05,8.41966521677837846e-08,0.0664720933427185717,0.0054888373313521548,0.0665789987532713623,1.27886850354994514e-05,0.0658104989506194671,-2.70022648471136683e-05,0.998103536863586327,0.678702995698950873,0,0,0,3054.21331648754267,4646.07709180228994,548.767860160866348,466.400659509175512,0.00151244732668040721,1,-0.177222426990205684,4.05094117682873491e-05,0.678702995698950873
75.4999698,75.4999697999940338,14667.3380289971828,14667.2754429286761,30.3216281085808248,120.000490238548181,17163.2938425680768,47.1480198976441756,749.916165706965558,0.708337073773388726,748.255034382909571,0.00959020952063038834,49.8864612625081918,749.904783578879687,4.13117770522879368,0.0678898009535444658,-4.8173939784929484e-06,5.46008109651215795e-05,7.23286206116728137e-05,8.40923446974792881e-08,0.0664813491686052638,0.00549609781909282408,0.0665718790166245772,1.27883755004145691e-05,0.0658399479812066396,-2.70013927992082983e-05,0.998013658209300436,0.678759366641061401,0,0,0,3054.71987979481992,4645.99391837992698,548.765275079350431,466.400685862298531,0.00151244769038104193,1,-0.177201813350651521,4.0507854160461413e-05,0.678759366641061401
75.59996976,75.5999697599940248,14667.3318427912891,14667.2692562354587,30.3218341469979826,120.00049154777416,17186.1348251828858,47.2738339810649322,749.914266116207273,0.708335262776636609,748.253493748200185,0.00958995947388885384,49.8810136851141124,749.902854996221095,4.13661157385672862,0.0558909130579436919,-4.81828862241377021e-06,5.09525919961943645e-05,7.2326925156181507e-05,8.3951434990338608e-08,0.0664902377749887058,0.0055033581540487788,0.0665647675059391347,1.2788074460586631e-05,0.0658687398064948942,-2.70005458635383463e-05,0.997924168773687059,0.678814455010808504,0,0,0,3055.21493339283097,4645.91073449247506,548.762689671943804,466.400707892301,0.00151244799441814905,1,-0.177181187823518993,4.0506342990017154e-05,0.678814455010808504
75.69996972,75.6999697199940158,14667.3268424347043,14667.2642554012345,30.3220401848901453,120.000492858723817,17208.9757503179608,47.399813308730657,749.912448954540764,0.708333532845552116,748.252034766705606,0.00958971682982001639,49.8755799216302762,749.901008594088694,4.14204576582251516,0.0441724768213873631,-4.81915090196407007e-06,4.73490260203966834e-05,7.23252770739617385e-05,8.37748406243474918e-08,0.0664987635918292408,0.00551061834079939663,0.0665576670974452472,1.27877818850060216e-05,0.0658968760621807398,-2.69997239562906239e-05,0.997835099806615888,0.678868264732590099,0,0,0,3055.6985106027937,4645.82754038113399,548.760103946145136,466.40072569931715,0.00151244824017365441,1,-0.177160560246477083,4.05048778771903588e-05,0.678868264732590099
75.79996968,75.7999696799940068,14667.3229999728501,14667.2604124405261,30.3222462222797198,120.000494171397335,17231.8166204578265,47.5259578973540755,749.910713179877007,0.708331882920201661,748.25065625886225,0.00958948154905003847,49.8701620026991463,749.899243343588864,4.14748028057964291,0.0327332219823972537,-4.81998118688767502e-06,4.37907422073103946e-05,7.23236762016019876e-05,8.35634730165120078e-08,0.0665069311139604713,0.00551787838391199718,0.066550580600018755,1.27874977390957854e-05,0.06592435865332269,-2.69989269756029749e-05,0.997746481683761788,0.678920800241741618,0,0,0,3056.17064940124146,4645.74433628632414,548.757517909429225,466.400739382897314,0.00151244842902143882,1,-0.177139940221092196,4.05034584313322647e-05,0.678920800241741618
75.89996964,75.8999696399939978,14667.3202875256538,14667.2576994971132,30.3224522591888572,120.000495485794787,17254.6574380566344,47.6522677527140885,749.909057735841884,0.708330311927363621,748.249357034268769,0.00958925358992912535,49.8647619076631941,749.897558201156585,4.15291511745735153,0.0215717821066689908,-4.82077985392378615e-06,4.02783346345438056e-05,7.23221223586197808e-05,8.33182388094649136e-08,0.0665147448974868216,0.00552513828793876113,0.0665435107552177357,1.27872219854801395e-05,0.0659511897495588667,-2.69981548138838514e-05,0.997658343919066271,0.678972066470589386,0,0,0,3056.6313923035591,4645.6611224475846,548.754931569243354,466.400749042326652,0.00151244856233172394,1,-0.177119337172991026,4.05020842493477321e-05,0.678972066470589386
75.9999696,75.9999695999939888,14667.3186774030328,14667.2560888763055,30.3226582956393997,120.000496801916299,17277.4982055377841,47.7787428860564418,749.907481552603599,0.708328818781621128,748.248135892494474,0.00958903290854573598,49.8593815648168288,749.895952109378868,4.15835027566306348,0.0106866973209420735,-4.82154728520262365e-06,3.68123639743158959e-05,7.23206153474381371e-05,8.30400386862235437e-08,0.066522209556394013,0.00553239805741507704,0.066536460237541839,1.27869545839894495e-05,0.065977371772695026,-2.69974073579233358e-05,0.99757071514996698,0.679022068834607584,0,0,0,3057.08078623129541,4645.57789910348583,548.752344933005247,466.400754776213603,0.0015124486414653999,1,-0.177098760288330992,4.05007549172343919e-05,0.679022068834607584
76.09996956,76.0999695599939798,14667.3181420378387,14667.2555530028512,30.32286433165293,120.000498119761986,17300.3389252915003,47.9053833072600881,749.905983547692699,0.708327402385955596,748.246991623886856,0.00958881945884249021,49.8540228516210959,749.894423997815011,4.1637857542856791,7.6416993344707862e-05,-4.82228386945528806e-06,3.33933572465052971e-05,7.23191549544161298e-05,8.27297676765878049e-08,0.0665293297591794813,0.00553965769685765483,0.0665294316546424375,1.27866954918008753e-05,0.0660029073991761916,-2.69966844832928269e-05,0.997483623179532097,0.679070813218631608,0,0,0,3057.51888239583332,4645.49466649153965,548.749758008099661,466.400756682728968,0.00151244866777731977,1,-0.17707821855993372,4.04994700098218946e-05,0.679070813218631608
76.19996952,76.1999695199939708,14667.3186540305614,14667.2560644857404,30.3230703672506969,120.000499439331932,17323.179599675499,48.0321890234704938,749.904562626808456,0.708326061632628678,748.245923010360002,0.00958861319212100938,49.8486875949391219,749.892972783799792,4.16922155229821545,-0.0102606975824670599,-4.82299000027133892e-06,3.0021808230441913e-05,7.23177409497370235e-05,8.23883147927557084e-08,0.0665361102255080383,0.00554691721076390736,0.066522427547562199,1.27864446627644808e-05,0.0660277995414110808,-2.69959860554694929e-05,0.997397094937172213,0.679118305963128055,0,0,0,3057.94573617167498,4645.41142484810644,548.747170801876109,466.400754859446465,0.00151244864261410083,1,-0.177057720766243737,4.04982290913277605e-05,0.679118305963128055
76.29996948,76.2999694799939618,14667.3201861530542,14667.2575960922022,30.3232764024536934,120.000500760626281,17346.0202310160785,48.1591600472998493,749.903217684609899,0.708324795403940555,748.244928826170622,0.00958841405683719117,49.8433775712740612,749.891597373237687,4.17465766855955422,-0.0203263705335530176,-4.82366607423540363e-06,2.66981778627452035e-05,7.23163730872707707e-05,8.20165626190347051e-08,0.0665425557229129966,0.00555417660360911763,0.0665154503909794748,1.27862020471168279e-05,0.0660520513521036662,-2.69953119276820634e-05,0.997311156527803666,0.679164553850668096,0,0,0,3058.3614069759642,4645.32817440831332,548.744583321646019,466.400749403329598,0.00151244856731394431,1,-0.177037275474874134,4.04970317159838384e-05,0.679164553850668096
76.39996944,76.3999694399939528,14667.3227113485336,14667.2601207703756,30.3234824372825464,120.000502083645117,17368.8608215999811,48.2862963858935643,749.90194760549457,0.708323602572963673,748.244007838677362,0.00958822200121156598,49.8380945070455823,749.890296661378898,4.18009410182091123,-0.0301224087530158613,-4.82431249230819349e-06,2.3422895378907726e-05,7.23150511056388601e-05,8.16153866159713496e-08,0.0665486710635463385,0.00556143587984616813,0.0665085025935055751,1.27859675949487566e-05,0.0660756662103219178,-2.69946619561913987e-05,0.997225833211099588,0.67920956409244615,0,0,0,3058.76595814802158,4645.24491540597137,548.741995574679663,466.400740410731601,0.00151244844320663372,1,-0.177016891048370012,4.04958774289974443e-05,0.67920956409244615
76.4999694,76.4999693999939439,14667.326202750206,14667.2636116428457,30.3236884717576558,120.000503408388539,17391.7013736892077,48.4135980477636423,749.90075126436102,0.70832248200431458,748.243158809077499,0.00958803697001098243,49.8328400789698094,749.889069533583893,4.18553085072407605,-0.0396506992656213697,-4.82492966112419883e-06,2.01963598212490066e-05,7.23137747293245133e-05,8.11856561316288863e-08,0.0665544611010976256,0.00556869504390260315,0.0665015864981218924,1.27857412519008992e-05,0.0660986477147614965,-2.69940359816271824e-05,0.997141149409591421,0.679253344314978302,0,0,0,3059.15945682871825,4645.16164807349651,548.739407568204683,466.400727977329097,0.00151244827161261196,1,-0.176996575638362852,4.04947657654743825e-05,0.679253344314978302
76.59996936,76.5999693599939349,14667.3306336849928,14667.2680420454308,30.323894505899041,120.000504734856676,17414.5418895016446,48.541065044155431,749.899627527365055,0.70832143255487745,748.242380493142377,0.00958785890600122315,49.8276159143630935,749.88791486608261,4.19096791380730416,-0.0489132066578434888,-4.82551799051791918e-06,1.70189386873994184e-05,7.23125436682236079e-05,8.07282324804443416e-08,0.0665599307276976554,0.00557595410018113611,0.0664947043825161732,1.27855229610879716e-05,0.0661209996820571327,-2.69934338399117465e-05,0.997057128735527765,0.679295902546799057,0,0,0,3059.54197384128702,4645.07837264183036,548.73681930940279,466.400712198109034,0.00151244805384281302,1,-0.176976337188631427,4.0493696252864106e-05,0.679295902546799057
76.69996932,76.6999693199939259,14667.3359776586294,14667.2733854948947,30.3241005397264587,120.000506063049613,17437.3823712286649,48.6686973822141908,749.898575252654837,0.708320453074458567,748.241671641928406,0.00958768775144491769,49.8224235914962605,749.886831526710012,4.19640528950747616,-0.0579119704826496218,-4.82607789296016617e-06,1.38909695033580176e-05,7.23113576179776091e-05,8.02439709813101794e-08,0.0665650848708561893,0.00558321305305552792,0.0664878584594881111,1.27853126650838807e-05,0.0661427261349391699,-2.69928553618402716e-05,0.996973793978404355,0.67933724720537747,0,0,0,3059.91358357521131,4644.99508934036476,548.734230805407947,466.400693167421252,0.00151244779119938128,1,-0.176956183449524768,4.04926684086576237e-05,0.67933724720537747
76.79996928,76.7999692799939169,14667.3422084189951,14667.2796157146313,30.32430657325936,120.000507392967464,17460.2228210270368,48.7964950718184411,749.897593291094381,0.708319542406640301,748.241031002473733,0.00958752344603919227,49.817264639982568,749.885818375633562,4.20184297616290969,-0.0666491027020299498,-4.82660978671923114e-06,1.08127610366269049e-05,7.23102162617326604e-05,7.97337186216321866e-08,0.066569928490496949,0.00559047190687222799,0.0664810508774014985,1.27851103031593714e-05,0.0661638312985406568,-2.69923003720498767e-05,0.99689116712451753,0.679377387084200368,0,0,0,3060.27436386482077,4644.91179839687084,548.731642063303298,466.400670978753681,0.00151244748497256134,1,-0.176936121945107716,4.04916817433341716e-05,0.679377387084200368
76.89996924,76.8999692399939079,14667.3492999002337,14667.2867066607105,30.3245126065168478,120.000508724610341,17483.0632410129256,48.9244581228467155,749.896680486978994,0.708318699389305806,748.240457318489007,0.00958736592721853853,49.8121405411480396,749.884874266071506,4.20728097201527351,-0.0751267851790800023,-4.82711409279834613e-06,7.78459196742553681e-06,7.23091192694916643e-05,7.91983149746440522e-08,0.0665744665760360371,0.00559773066594706093,0.0664742837206134668,1.27849158116738647e-05,0.0661843195921845012,-2.69917686810572279e-05,0.996809269358696737,0.679416331339771085,0,0,0,3060.62439587760355,4644.82850003742897,548.729053090120715,466.400645724930541,0.00151244713644344908,1,-0.176916160011771961,4.04907357594132546e-05,0.679416331339771085
76.9999692,76.9999691999938989,14667.3572262786329,14667.2946324991863,30.3247186395177053,120.00051005797836,17505.9036332692631,49.0525865451775545,749.895835678728986,0.708317922855445592,748.239949331025628,0.00958721513126237213,49.8070527283912838,749.883998044989653,4.21271927521381961,-0.0833472671644628349,-4.8275912339860514e-06,4.80671235300698156e-06,7.23080662982958188e-05,7.86385909485378703e-08,0.0665787041434405952,0.00560498933456503572,0.0664675590098920549,1.27847291255407173e-05,0.0662041956246204183,-2.69912600988383849e-05,0.99672812107863773,0.679454089479003653,0,0,0,3060.96376399581368,4644.74519448635965,548.726463892836591,466.400617497914084,0.00151244674688123587,1,-0.176896304769962043,4.04898299531215733e-05,0.679454089479003653
77.09996916,77.0999691599938899,14667.3659619390965,14667.3033676157665,30.3249246722804529,120.000511393071605,17528.7439998497284,49.1808803459559698,749.895057699575432,0.708317211633714305,748.239505779136152,0.00958707099258804263,49.8020025875646297,749.883188553792934,4.21815788381687007,-0.0913128628184907143,-4.82804163540589282e-06,1.87934377572199482e-06,7.23070569929642462e-05,7.80553706035346772e-08,0.0665826462323639845,0.00561224791697814869,0.066460878702862991,1.27845501772729313e-05,0.0662234641865186574,-2.6990774428877106e-05,0.996647741898928019,0.679490671346569042,0,0,0,3061.29255570527266,4644.66188196615803,548.723874478371158,466.400586388923443,0.00151244631754486993,1,-0.176876563149427207,4.04889638123686832e-05,0.679490671346569042
77.19996912,77.1999691199938809,14667.3754815272987,14667.3128866513543,30.325130704823227,120.000512729890175,17551.5843427652144,49.3093395336937945,749.89434537823081,0.708316564549204664,748.239125400517196,0.00958693344447070217,49.7969914573679375,749.882444628999679,4.22359679579553671,-0.0990259487558162732,-4.82846572537261624e-06,-9.97320352335444627e-07,7.23060909868990676e-05,7.74494691053066447e-08,0.0665862979033300662,0.00561950641740447104,0.0664542446944750842,1.278437889793182e-05,0.0662421302448008981,-2.69903114671393834e-05,0.996568150661915508,0.67952608711243645,0,0,0,3061.61086147899414,4644.57856269743024,548.721284853585985,466.400552488249104,0.00151244584968047535,1,-0.17685694186287923,4.0488136819357631e-05,0.67952608711243645
77.29996908,77.2999690799938719,14667.3857598938048,14667.3231644568477,30.3253367371639158,120.0005140684342,17574.4246639966077,49.4379641196359714,749.893697539544519,0.708315980423916192,748.238806932140051,0.00958680241952114542,49.7920206297232539,749.881765102902136,4.22903600903771526,-0.106488961610168076,-4.82886393610674488e-06,-3.82311390522982864e-06,7.23051679029753161e-05,7.68216926536169366e-08,0.0665896642349184387,0.00562676484002816966,0.0664476588174414129,1.27842152177532308e-05,0.0662601989323706175,-2.69898710109533909e-05,0.996489365430380025,0.679560347259574149,0,0,0,3061.91877467064023,4644.4952368988379,548.718695025282386,466.40051588545208,0.00151244534452411698,1,-0.176837447444732704,4.04873484508524079e-05,0.679560347259574149
77.39996904,77.3999690399938629,14667.3967721648514,14667.3341761771826,30.3255427693200161,120.000515408703734,17597.2649654859561,49.5667541081943526,749.89311300514737,0.708315458077554805,748.23854911086346,0.00958667784643241205,49.7870913502316057,749.881148804216423,4.23447552134629657,-0.113704395630101374,-4.82923669976679235e-06,-6.59789777127697176e-06,7.23042873524606646e-05,7.61728397502162226e-08,0.0665927503211038024,0.0056340231889969155,0.0664411228427915224,1.27840590617982326e-05,0.0662776755496229525,-2.69894528401658835e-05,0.996411403526540229,0.67959346257175135,0,0,0,3062.2163913984291,4644.41190478703447,548.716105000199605,466.40047666911147,0.00151244480329830238,1,-0.176818086213255732,4.04865981768183318e-05,0.67959346257175135
77.499969,77.4999689999938539,14667.4084937088192,14667.3458971606669,30.325748801308734,120.000516750698935,17620.1052491385672,49.6957095133471469,749.89259059408198,0.708314996328037405,748.23835067403877,0.00958655965480703642,49.7822048185450399,749.880594558719963,4.23991533044740176,-0.120674800297621232,-4.82958445006563872e-06,-9.32155953789799543e-06,7.23034489361406516e-05,7.55036991685587283e-08,0.0665955612685133758,0.00564128146842161025,0.0664346384803117807,1.27839103563797922e-05,0.0662945655485716739,-2.69890567369340142e-05,0.996334281502573416,0.679625444121460864,0,0,0,3062.50381043913603,4644.32856657660886,548.713514785012421,466.400434926944172,0.00151244422721364649,1,-0.176798864295754782,4.04858854630363107e-05,0.679625444121460864
77.59996896,77.5999689599938449,14667.4209001511335,14667.3583030432965,30.3259548331469446,120.000518094419888,17642.9455168276254,49.8248303422393661,749.89212912341884,0.70831459399211405,748.238210360093603,0.009586447771893436,49.7773621888354114,749.880101189871539,4.24535543398925341,-0.127402777968200098,-4.82990762238848492e-06,-1.19940124026649689e-05,7.23026522449537258e-05,7.48150511992494114e-08,0.0665981021938424345,0.00564853968237492583,0.0664282073791164634,1.27837690247003359e-05,0.066310874535692968,-2.69886824749482959e-05,0.996258015184296464,0.679656303258094341,0,0,0,3062.78113311903417,4644.24522248003359,548.710924386330362,466.400390745751736,0.00151244361746812853,1,-0.176779787624304213,4.04852097697990274e-05,0.679656303258094341
77.69996892,77.6999689199938359,14667.4339673891664,14667.3713697161329,30.3261608648512109,120.000519439866679,17665.7857703874433,49.9541166020160148,749.891727408859765,0.708314249885979019,748.238126909105972,0.00958634212379427808,49.7725645702358293,749.879667519422469,4.25079582954660484,-0.133890981548908883,-4.83020665147874517e-06,-1.46151952288468825e-05,7.23018968594407285e-05,7.41076672707998882e-08,0.0666003782212862272,0.00565579783489062599,0.06642183112818352,1.27836349884530281e-05,0.0663266082615211749,-2.69883298205675957e-05,0.99618261966334154,0.679686051596109619,0,0,0,3063.04846320644538,4644.16187270761748,548.708333810695649,466.400344211367155,0.00151244297524636209,1,-0.176760861931412133,4.04845705525222477e-05,0.679686051596109619
77.79996888,77.7999688799938269,14667.4476715698838,14667.3850733255149,30.326366896437758,120.000520787039392,17688.6260116177364,50.0835682998220264,749.89138426532736,0.70831396282576542,748.238099063362711,0.00958624263590879266,49.7678130272793737,749.879292368012557,4.25623651462345887,-0.140142112185785095,-4.83048197511855423e-06,-1.71850715322687717e-05,7.23011823517207572e-05,7.33823096785914435e-08,0.0666023944799824519,0.00566305592996267128,0.0664155112568881878,1.27835081684017211e-05,0.0663417726115260731,-2.69879985470995947e-05,0.996108109293675659,0.679714701003494071,0,0,0,3063.30590680799287,4644.07851746744655,548.705743064581725,466.400295408734735,0.00151244230172069695,1,-0.176742092768211984,4.04839672622601067e-05,0.679714701003494071
77.89996884,77.8999688399938179,14667.4619891270995,14667.3993903117189,30.3265729279225056,120.000522135938141,17711.4662422829097,50.2131854455357285,749.89109850754005,0.708313731628190224,748.238125567897214,0.00958614923238654271,49.7631085804581517,749.878974555751256,4.26167748665485302,-0.146158916990614784,-4.83073403099433215e-06,-1.97036284495135229e-05,7.23005082847458447e-05,7.26397314689068096e-08,0.0666041561016667144,0.00567031397154384685,0.0664092492356988251,1.27833884836429252e-05,0.0663563736070419269,-2.69876884119735352e-05,0.996034497728500612,0.679742263590292106,0,0,0,3063.55357226232354,4643.9951569653449,548.703152154391546,466.400244421777131,0.00151244159804937999,1,-0.176723485486241616,4.0483399346030628e-05,0.679742263590292106
77.9999688,77.9999687999938089,14667.4768967665732,14667.4142973865073,30.3267789593210324,120.000523486563054,17734.3064641102574,50.3429680504019501,749.890868950578692,0.708313555111048765,748.23820517102638,0.0095860618364906891,49.7584522066596264,749.878712902794291,4.26711874301056415,-0.151944186804989556,-4.83096325879777154e-06,-2.21708772835318127e-05,7.22998742136141717e-05,7.18806754140998024e-08,0.0666056682182175758,0.00567757196354552393,0.0664030464767095541,1.27832758520807317e-05,0.066370417394027742,-2.6987399175552995e-05,0.995961797908217705,0.679768751697277351,0,0,0,3063.79157003780301,4643.91179140482836,548.700561086456673,466.400191333448618,0.00151244086537729726,1,-0.176705045250894699,4.04828662482366241e-05,0.679768751697277351
78.09996876,78.0999687599937999,14667.4923714734614,14667.4297715133507,30.3269849906486364,120.000524838914174,17757.1466787949757,50.4729161174657506,749.890694410431593,0.708313432093749751,748.238336624857766,0.00958598037055402585,49.7538448397133948,749.878506229892082,4.27256028099668672,-0.157500753967298124,-4.83117009857873797e-06,-2.45868514338335138e-05,7.22992796854091168e-05,7.11058758088624247e-08,0.066606935959351618,0.00568482990983619225,0.0663969043343226595,1.27831701903590788e-05,0.0663839102395123309,-2.69871305949269261e-05,0.995890022079254145,0.679794177884872508,0,0,0,3064.02001263135026,4643.82842098705805,548.697969867035681,466.400136225708536,0.0015124401048355995,1,-0.176686777041220877,4.04823674086988861e-05,0.679794177884872508
78.19996872,78.199968719993791,14667.5083905272186,14667.4457899952231,30.327191021920207,120.000526192991643,17779.986887987372,50.6030296593386666,749.890573704531903,0.708313361397862384,748.238518685790268,0.00958590475491893912,49.7492873709438754,749.878353358936465,4.27800209785823782,-0.162831490145642022,-4.83135499114909465e-06,-2.69516069587777732e-05,7.22987242397880192e-05,7.03160564740360304e-08,0.0666079644504173896,0.00569208781424195703,0.0663908241059396748,1.27830714124391634e-05,0.0663968585265724415,-2.69868824124036401e-05,0.995819181806873455,0.679818554922147933,0,0,0,3064.23901446755008,4643.74504591080495,548.695378502312451,466.400079179468094,0.00151243931754097656,1,-0.176668685644862211,4.0481902265242494e-05,0.679818554922147933
78.29996868,78.299968679993782,14667.5249314829707,14667.4623303642511,30.3273970531503849,120.000527548795532,17802.8270933123495,50.7333086817989383,749.890505652281718,0.708313341847562228,748.23875011500229,0.00958583491011211208,49.7447806496882663,749.878253113493656,4.28344419078314242,-0.167939304174609561,-4.83151837345473798e-06,-2.92652216102188996e-05,7.22982074076183336e-05,6.95119317206587634e-08,0.0666087588101496458,0.00569934568054421536,0.0663848070326073236,1.27829794324907067e-05,0.0664092687469018811,-2.69866543747518766e-05,0.99574928797819573,0.679841895775995964,0,0,0,3064.44869180107344,4643.66166637240804,548.692786998395945,466.400020274656924,0.00151243850459656251,1,-0.176650775673432625,4.04814702527410449e-05,0.679841895775995964
78.39996864,78.399968639993773,14667.5419722050428,14667.4793705080574,30.3276030843534592,120.000528906325968,17825.6672963513556,50.8637531960914515,749.890489075561959,0.708313372270201969,748.239029678927409,0.00958577075542432766,49.7403254838137627,749.878204319320162,4.28888655690286935,-0.172827139945312069,-4.83166068518443999e-06,-3.15277950379274787e-05,7.22977287140006298e-05,6.86942057256127682e-08,0.0666093241484933263,0.00570660351247956506,0.0663788542996637809,1.27828941629895537e-05,0.0664211474964139653,-2.69864462223744621e-05,0.995680350816362414,0.679864213600437917,0,0,0,3064.64916261664803,4643.57828256573521,548.690195361318388,466.399959590103379,0.00151243766709030242,1,-0.176633051546335906,4.04810708040559921e-05,0.679864213600437917
78.4999686,78.499968599993764,14667.5594908259809,14667.4968885467133,30.3278091155433955,120.000530265582981,17848.507498655119,50.9943632038946646,749.890522799229302,0.708313451496671131,748.239356149715263,0.00958571221001491836,49.735922640231081,749.878205804869594,4.29432919329611273,-0.177497974307669892,-4.83178236505494484e-06,-3.37394480596341439e-05,7.22972876772810878e-05,6.78635732784746323e-08,0.0666096655644422136,0.00571386131373829813,0.0663729670373815472,1.27828155161822e-05,0.0664325014686220905,-2.69862577036631563e-05,0.995612379885623122,0.679885521726137809,0,0,0,3064.84054653723069,4643.49489468215415,548.687603597033899,466.39989720368078,0.00151243680609695116,1,-0.176615517519460419,4.04807033493422746e-05,0.679885521726137809
78.59996856,78.599968559993755,14667.5774658210576,14667.514862955788,30.3280151467338364,120.000531626566726,17871.3477017348087,51.1251387191866868,749.890605651595479,0.708313578362049667,748.23972830567277,0.00958565919114873211,49.7315728454754549,749.878256401777776,4.29977209699104623,-0.181954815000345604,-4.83188385124720427e-06,-3.59003213136806644e-05,7.22968838096619984e-05,6.70207183911450957e-08,0.0666097881440042144,0.00572111908796643469,0.0663671463217017504,1.278274340172671e-05,0.0664433374516915781,-2.69860885439096332e-05,0.995545384111395038,0.679905833650154778,0,0,0,3065.02296472361104,4643.4115029104978,548.685011711418269,466.39983319204191,0.00151243592267442419,1,-0.176598177644179455,4.04803673179194741e-05,0.679905833650154778
78.69996852,78.699968519993746,14667.5958759188652,14667.5332724691852,30.3282211779381328,120.000532989277247,17894.1879070698124,51.2560797450125989,749.890736464903284,0.70831375170581512,748.240144931704435,0.00958561161667192962,49.7272767862181126,749.878354945348406,4.3052152649680373,-0.186200698631573403,-4.83196558034214513e-06,-3.80105760830744293e-05,7.22965166171501825e-05,6.61663161979637426e-08,0.0666096969581451009,0.00572837683876187709,0.0663613931748763264,1.27826777299863356e-05,0.0664536623191361031,-2.69859384843562575e-05,0.995479371774505184,0.67992516302563577,0,0,0,3065.19653978860742,4643.32810743703067,548.682419710267482,466.399767630937447,0.00151243501786818275,1,-0.176581035824892485,4.04800621361812697e-05,0.67992516302563577
78.79996848,78.799968479993737,14667.6147001907229,14667.552096147132,30.3284272091692735,120.00053435371467,17917.0281161017228,51.3871862926172724,749.890914075782121,0.708313970372516422,748.240604819729469,0.00958556940351229514,49.7230351098405663,749.878500275016904,4.31065869416196712,-0.190238688674952527,-4.8320279896693562e-06,-4.00703928287454719e-05,7.22961856009504754e-05,6.53010299499702238e-08,0.066609397060834144,0.00573563456967583762,0.0663557085661957841,1.27826184100220202e-05,0.0664634830305180779,-2.69858072537410327e-05,0.995414350544398085,0.679943523651889592,0,0,0,3065.36139569835359,4643.2447084454252,548.679827599297028,466.399700594897467,0.00151243409270684155,1,-0.176564095768974916,4.04797872314179962e-05,0.679943523651889592
78.89996844,78.899968439993728,14667.6339179947972,14667.5713133632416,30.3286332404399701,120.000535719879053,17939.8683302393074,51.5184583664123963,749.891137325691034,0.708314233212039124,748.24110676908731,0.0095855324676912268,49.7188484249915064,749.878691234801181,4.31610238146370229,-0.194071873495474279,-4.83207151700152613e-06,-4.20799709070273099e-05,7.22958902577987663e-05,6.44255135607541059e-08,0.0666088934871124222,0.00574289228421138824,0.0663500934126950298,1.27825653496009985e-05,0.0664728066189681221,-2.69856945848522334e-05,0.9953503274611325,0.679960929464545116,0,0,0,3065.51765768731184,4643.16130611672907,548.677235384140658,466.399632157430744,0.00151243314820492043,1,-0.176547361023997873,4.04795420289643315e-05,0.679960929464545116
78.9999684,78.999968399993719,14667.6535090021789,14667.5909037785386,30.3288392717625825,120.00053708777051,17962.7085508510427,51.6498959762763263,749.891405061356068,0.708314539080090122,748.241649586938365,0.00958550072438946188,49.7147173021244839,749.878926673747401,4.32154632372350189,-0.197703364425656503,-4.83209659483645605e-06,-4.40395286991123927e-05,7.22956300781437647e-05,6.35404101527661807e-08,0.0666081912511991003,0.00575014998582380581,0.0663445485798341561,1.27825184552771489e-05,0.0664816401914424399,-2.69856001939913629e-05,0.995287308965784545,0.679977394525811296,0,0,0,3065.66545216692521,4643.07790062934691,548.674643070350498,466.399562390931521,0.00151243218536155702,1,-0.176530834965613004,4.04793259541626308e-05,0.679977394525811296
79.09996836,79.09996835999371,14667.6734532192349,14667.6108473965687,30.3290453031491722,120.00053845738914,17985.5487792764652,51.7814991307205759,749.891716135186243,0.708314886838651514,748.242232088642027,0.00958547408916343713,49.7106422740676521,749.879205446355172,4.32699051775314469,-0.201136293853771519,-4.83210365596937086e-06,-4.594930277127082e-05,7.22954045486360166e-05,6.26463524632919599e-08,0.0666072953446621568,0.00575740767791859537,0.066339074882223889,1.27824776340060978e-05,0.066489990925084716,-2.69855238125196587e-05,0.995225300915959954,0.6799929330150003,0,0,0,3065.80490663708224,4642.99449215901041,548.672050663395339,466.399491366600046,0.00151243120515940493,1,-0.176514520787599438,4.04791384320636128e-05,0.6799929330150003
79.19996832,79.199968319993701,14667.6937309205532,14667.6311245083944,30.3292513346114951,120.000539828734986,18008.3890168169492,51.91326783279046,749.892069405683856,0.70831527535618477,748.242853098132741,0.00958545247679776224,49.7066238365104596,749.87952641299421,4.33243496032876863,-0.204373813346300892,-4.8320931311333226e-06,-4.78095476222936989e-05,7.22952131517020025e-05,6.17439630472087179e-08,0.0666062107345213178,0.00576466536385328993,0.0663336730842408739,1.27824427916081338e-05,0.066497866051502888,-2.69854651601771612e-05,0.995164308552996091,0.680007559219147351,0,0,0,3065.93614960587684,4642.91108087876273,548.669458168660412,466.399419154681539,0.0015124302085679389,1,-0.176498421545912221,4.04789788874072975e-05,0.680007559219147351
79.29996828,79.299968279993692,14667.7143227532506,14667.6517157409962,30.3294573661609554,120.000541201808176,18031.2292647378745,52.0452020937308504,749.892463737838398,0.708315703508286987,748.243511448269942,0.00958543580094151082,49.7026624486790638,749.879888440308946,4.33787964819096228,-0.207419091799280864,-4.83206544833449998e-06,-4.96205342140665202e-05,7.22950553655860018e-05,6.08338543734526049e-08,0.0666049423616461855,0.00577192304693483274,0.0663283439008964248,1.27824138322766189e-05,0.0665052728684826372,-2.69854239504879628e-05,0.995104336577483206,0.680021287523871587,0,0,0,3066.05931049725405,4642.82766695893497,548.666865591447049,466.399345824094496,0.00151242919653832558,1,-0.176482540098946428,4.04788467447036917e-05,0.680021287523871587
79.39996824,79.399968239993683,14667.735209621489,14667.6726020153328,30.3296633978087158,120.000542576608765,18054.0695242763431,52.1773019179536064,749.892898003508776,0.708316170177738291,748.244205981186497,0.00958542397699657656,49.6987585338332565,749.880290401608136,4.34332457805087913,-0.210275313628962124,-4.83202103409767849e-06,-5.13825503875881565e-05,7.22949306652396258e-05,5.99166272886413693e-08,0.0666034951389678359,0.00577918073042010035,0.0663230879984679639,1.27823906624233047e-05,0.066512218719262467,-2.69853999112035041e-05,0.995045389097112265,0.680034132404321423,0,0,0,3066.17451957750927,4642.74425056713153,548.664272936971429,466.399271442842064,0.00151242817000909005,1,-0.176466879180465108,4.04787414302948325e-05,0.680034132404321423
79.4999682,79.499968199993674,14667.7563728019595,14667.693764594831,30.3298694295655764,120.000543953136841,18076.9097966288537,52.3095673126038605,749.89337108179393,0.708316674255165091,748.24493554861067,0.00958541691779357663,49.6949124799754145,749.880731177242637,4.34876974658793092,-0.212945676976588061,-4.83196031479081738e-06,-5.30958986250830564e-05,7.2294838523237915e-05,5.8992873391446827e-08,0.0666018739499934509,0.00578643841751574212,0.0663179059954150524,1.27823731849058873e-05,0.0665187109999918619,-2.69853927567656513e-05,0.994987469685176262,0.680046108416400785,0,0,0,3066.28190786539335,4642.66083186820924,548.66168021036458,466.399196077600664,0.00151242712990045237,1,-0.176451441332992037,4.04786623697105474e-05,0.680046108416400785
79.59996816,79.599968159993665,14667.777793854475,14667.7151850497903,30.3300754614420285,120.000545331392487,18099.7500829604724,52.4419982848266883,749.893881859393559,0.708317214639137771,748.245699012190926,0.00958541453794392595,49.6911246403994937,749.881209654976715,4.35421515045676433,-0.215433391986728395,-4.83188371198136745e-06,-5.47608976902500875e-05,7.22947784082692479e-05,5.80631730035890712e-08,0.0666000836472087354,0.00579369611137816633,0.0663127984630822315,1.27823613048255717e-05,0.0665247571468100124,-2.69854022000309704e-05,0.994930581358812738,0.680057230187974704,0,0,0,3066.38160705903783,4642.57741102426644,548.659087416671923,466.399119794038654,0.00151242607711871363,1,-0.176436228964541586,4.04786089903142192e-05,0.680057230187974704
79.69996812,79.699968119993656,14667.7994546815753,14667.7368452735427,30.3302814934483145,120.000546711375804,18122.5903844041059,52.5745948431338945,749.894429230950891,0.708317790236656863,748.246495243795835,0.00958541675072055455,49.6873953343251742,749.881724730336714,4.35966078628492237,-0.217741679075217576,-4.83179164857453592e-06,-5.63778801819148195e-05,7.22947497879633749e-05,5.71280953657294715e-08,0.0665981290505786167,0.00580095381511207698,0.0663077659265176866,1.27823549253617437e-05,0.0665303646369790336,-2.6985427965219676e-05,0.994874726611497229,0.680067512410504782,0,0,0,3066.47374945372894,4642.49398819463113,548.656494560852707,466.39904265660374,0.00151242501255333269,1,-0.176421244315792147,4.047858072128634e-05,0.680067512410504782
79.79996808,79.7999680799936471,14667.8213375024498,14667.7587274921825,30.3304875255942896,120.000548093086863,18145.4307020541964,52.7073569933040886,749.895012099393057,0.708318399963403067,748.247323125813864,0.00958542346851265492,49.6837248475030151,749.882275306960764,4.36510665067717163,-0.219873767273753629,-4.83168454157812749e-06,-5.7947194156819358e-05,7.22947521264057216e-05,5.61881994879985579e-08,0.0665960149461154866,0.00580821153177169761,0.0663028088652530961,1.2782353948372714e-05,0.0665355409838358502,-2.69854697534273223e-05,0.994819907421285454,0.680076969830573641,0,0,0,3066.55846786707434,4642.41056353584736,548.653901647779549,466.398964728616079,0.00151242393707820165,1,-0.176406489478386053,4.04785769928178715e-05,0.680076969830573641
79.89996804,79.8999680399936381,14667.843424860388,14667.780814241929,30.3306935578895711,120.00054947652572,18168.2710369765737,52.8402847397491939,749.895629376249985,0.708319042744059324,748.248181551436005,0.00958543460526994906,49.6801134327490672,749.882860296924946,4.37055274021820406,-0.221832892571498519,-4.83156280460240962e-06,-5.94692016628964133e-05,7.22947848854237405e-05,5.52440344720562715e-08,0.06659374608434801,0.0058154692643592118,0.0662979277139914142,1.27823582776498784e-05,0.0665402937258492144,-2.69855272817367802e-05,0.994766125234886389,0.680085617241769635,0,0,0,3066.63589556336819,4642.32713720166612,548.65130868223855,466.398886072241567,0.00151242285155127982,1,-0.176391966393616206,4.04785972359320294e-05,0.680085617241769635
79.999968,79.9999679999936291,14667.8656996116042,14667.8030883949923,30.330899590343499,120.000550861692489,18191.111390205966,52.9733780923477795,749.89627998196886,0.708319717512576941,748.249069424928052,0.00958545007435906982,49.6765613105777675,749.883478621066502,4.37599905147363977,-0.223622296299147649,-4.83142685054030772e-06,-6.09442780641691409e-05,7.2294847525950851e-05,5.42961377266278417e-08,0.0665913271789810857,0.00582272701582507452,0.0662931228634262848,1.27823678160539449e-05,0.0665446304321095083,-2.69856002649906471e-05,0.994713381016033238,0.680093469476691914,0,0,0,3066.70616618104805,4642.24370934303715,548.648715668928844,466.398806748531911,0.00151242175681515212,1,-0.176377676861757121,4.04786408848340678e-05,0.680093469476691914
80.09996796,80.0999679599936201,14667.888144955039,14667.8255331336368,30.331105622965044,120.000552248587226,18213.9517627375571,53.1066370555118681,749.896962846211636,0.70832042321253752,748.249985661887195,0.00958546978808039185,49.6730686698228396,749.884129209289199,4.38144558099148096,-0.225245223551446827,-4.83127708926392956e-06,-6.23728119243571521e-05,7.22949395075199274e-05,5.33450364446172262e-08,0.0665887629055904318,0.00582998478906841724,0.0662883946610468844,1.27823824648656428e-05,0.0665485586918544425,-2.69856884115689946e-05,0.994661675231885423,0.68010054139909959,0,0,0,3066.76941365841139,4642.16028010810169,548.646122612461681,466.398726817317993,0.00151242065369555125,1,-0.176363622526680058,4.04787073753587695e-05,0.68010054139909959
80.19996792,80.1999679199936111,14667.9107444062829,14667.848131976154,30.3313116557629634,120.000553637210004,18236.7921555411194,53.2400616350201759,749.897676908146309,0.708321158797357686,748.250929189493718,0.00958549366034677774,49.6696356682050464,749.884811000861191,4.38689232530605011,-0.2267049216391257,-4.83111392577261921e-06,-6.37552045842831102e-05,7.2295060287771003e-05,5.23912478982371064e-08,0.0665860579002888753,0.00583724258693568785,0.0662837434118725977,1.2782402127353059e-05,0.0665520861131189551,-2.69857914326842538e-05,0.99461100787358192,0.680106847896248756,0,0,0,3066.82577216503068,4642.07684964219334,548.643529517361571,466.398646337303433,0.0015124195430026514,1,-0.176349804894236933,4.04787961448167132e-05,0.680106847896248756
80.29996788,80.2999678799936021,14667.9334818050265,14667.8708687671005,30.3315176887456204,120.000555027560907,18259.6325695447267,53.3736518380180414,749.898421116724876,0.708321923230571415,748.251898946751339,0.00958552160478953752,49.6662624329163691,749.885522944701847,4.39233928093823245,-0.228004638576308594,-4.83093776442095247e-06,-6.50918701544360857e-05,7.22952093244773325e-05,5.14352775498682089e-08,0.0665832167584604201,0.00584450041222107659,0.0662791693792105369,1.27824267062412459e-05,0.066555220315842184,-2.69859090439652687e-05,0.994561378455064871,0.680112403871330873,0,0,0,3066.87537603225883,4641.99341808781992,548.64093638806537,466.398565366037417,0.00151241842553069073,1,-0.176336225330305296,4.04789066344815346e-05,0.680112403871330873
80.39996784,80.3999678399935931,14667.9563413076103,14667.893727664381,30.331723721921211,120.000556419639992,18282.4730056570443,53.5074076689176863,749.899194430946523,0.708322715486058851,748.252893884707419,0.00958555353433965251,49.662949061251993,749.886263999650737,4.39778644439825062,-0.229147621577403982,-4.83074900589018755e-06,-6.63832334470326648e-05,7.22953860747282831e-05,5.04776208456909907e-08,0.066580244033574279,0.00585175826766771816,0.0662746727854784667,1.27824561031494189e-05,0.066557968931428485,-2.6986040952914527e-05,0.994512786037194174,0.680117224236277851,0,0,0,3066.91835968672149,4641.90998558467982,548.638343228922054,466.398483959941643,0.00151241730205834714,1,-0.176322885067752178,4.04790382876579866e-05,0.680117224236277851
80.4999678,80.4999677999935841,14667.9793074019253,14667.9166931554009,30.3319297552975584,120.000557813447344,18305.313464746112,53.6413291348645842,749.899995820118306,0.70832353454833219,748.253912966673852,0.00958558936243836257,49.6596956212097211,749.887033134737408,4.40323381218651022,-0.230137115628565425,-4.83054804654852474e-06,-6.76297315320843783e-05,7.22955899948984752e-05,4.95187628928499042e-08,0.066577144236054403,0.00585901615596535422,0.0662702538129843616,1.2782490220200954e-05,0.0665603395955250421,-2.69861868695790137e-05,0.994465229225138914,0.68012132390443325,0,0,0,3066.95485758256882,4641.82655226964562,548.635750044193173,466.398402174256944,0.00151241617334800385,1,-0.176309785199619373,4.04791905502693803e-05,0.68012132390443325
80.59996776,80.5999677599935751,14668.0023649185896,14667.9397500635841,30.3321357888822476,120.000559208983034,18328.153947650655,53.7754162416375436,749.900824264095831,0.708324379412794136,748.254955168425113,0.00958562900269654961,49.6565021521270182,749.887829329428314,4.40868138079734084,-0.230976362042419225,-4.83033527950393454e-06,-6.88318109401916039e-05,7.22958205413244058e-05,4.85591778187897835e-08,0.0665739218321795834,0.00586627407975264057,0.0662659126047580871,1.27825289595651587e-05,0.0665623399477969363,-2.69863465041867551e-05,0.994418706192650159,0.680124717783656352,0,0,0,3066.98500413653255,4641.74311827677684,548.633156838052514,466.398320063003837,0.00151241504014519449,1,-0.176296926674793131,4.04793628718336452e-05,0.680124717783656352
80.69996772,80.6999677199935661,14668.0254989787936,14667.9628835127169,30.33234182268259,120.000560606247149,18350.9944551825829,53.9096689963820381,749.90167875352131,0.70832524908582073,748.256019478398116,0.0095856723695249002,49.6533686652527422,749.888651573871925,4.41412914671904577,-0.231668597103222851,-4.83011109419640274e-06,-6.99899298082715387e-05,7.22960771705446537e-05,4.759932904796744e-08,0.0665705812430163052,0.00587353204161425013,0.0662616492652959854,1.27825722242936488e-05,0.066563977626045448,-2.69865195701326881e-05,0.994373214683392459,0.680127420769418567,0,0,0,3067.00893366910077,4641.6596837373072,548.630563614586549,466.398237679168005,0.00151241390318117069,1,-0.176284310331397798,4.04795547053650388e-05,0.680127420769418567
80.79996768,80.7999676799935571,14668.0486950464547,14667.9860789723134,30.332547856705574,120.000562005239715,18373.8349881159847,54.044087400777336,749.902558290047864,0.70832614258511517,748.257104897875479,0.00958571937699037591,49.6502951443620191,749.889498869131216,4.41957710643659762,-0.232217050693641625,-4.82987587710757463e-06,-7.11045559411419876e-05,7.22963593397629831e-05,4.6639670066156271e-08,0.0665671268433870034,0.005880790044083763,0.0662574638613643851,1.27826199167917082e-05,0.0665652602638373003,-2.69867057813994955e-05,0.994328752025986029,0.680129447738125448,0,0,0,3067.02678033861184,4641.57624877966555,548.627970377793986,466.398155074514534,0.0015124127631703393,1,-0.176271936867677725,4.04797655066438898e-05,0.680129447738125448
80.89996764,80.8999676399935481,14668.0719388984144,14668.0093222187115,30.3327538909579673,120.000563405960861,18396.6755472016375,54.1786714660686783,749.90346188654803,0.708327058939823395,748.25821044115412,0.00958576993971904656,49.6472815463643542,749.890370227395579,4.42502525643286226,-0.23262494496971442,-4.82963001189243139e-06,-7.21761661385069043e-05,7.22966665072235175e-05,4.56806433318423683e-08,0.0665635629608946205,0.00588804808964180342,0.066253356422795423,1.27826719400187447e-05,0.0665661954842983739,-2.69869048487244805e-05,0.994285315133813352,0.680130813540651302,0,0,0,3067.03867808417999,4641.492813529464,548.625377131586447,466.398072299694206,0.00151241162081172968,1,-0.176259806861975565,4.047999473574352e-05,0.680130813540651302
80.9999676,80.9999675999935391,14668.0952166467905,14668.0325993610477,30.3329599254462288,120.000564808410601,18419.5161331564523,54.3134211925688746,749.904388567321917,0.708327997190791758,748.259335135708398,0.00958582397239071682,49.6443278019613103,749.891264672198645,4.43047359319077305,-0.232895493080413019,-4.82937387716021277e-06,-7.32052461459100387e-05,7.22969981316257863e-05,4.47226808394613264e-08,0.0665598938750736752,0.00589530618071725486,0.0662493269433492432,1.27827281968109314e-05,0.0665667909015421472,-2.69871164842566489e-05,0.994242900534695551,0.680131532995982835,0,0,0,3067.04476056542308,4641.40937810951345,548.62278387978813,466.397989404163923,0.00151241047678788657,1,-0.176247920760976007,4.04802418565707123e-05,0.680131532995982835
81.09996756,81.0999675599935301,14668.1185147203505,14668.055896825017,30.3331659601765899,120.000566212589007,18442.3567466679924,54.4483365860569961,749.905337368292635,0.708328956390700815,748.260478022353368,0.0095858813898712647,49.6414338161459341,749.892181238619287,4.4359221131946045,-0.233031897927077125,-4.82910784645253661e-06,-7.41922918024375298e-05,7.22973536723308855e-05,4.37662046603623392e-08,0.0665561238163834973,0.00590256431968692527,0.0662453753813656426,1.27827885900544178e-05,0.0665670541127221932,-2.69873404004030597e-05,0.994201504361888255,0.680131620884932397,0,0,0,3067.04516110583381,4641.32594263982719,548.620190626136491,466.397906436252754,0.00151240933176579467,1,-0.176236278893046161,4.04805063364146759e-05,0.680131620884932397
81.19996752,81.1999675199935211,14668.1418198570609,14668.0792013528844,30.3333719951549625,120.000567618496177,18465.197388395929,54.5834176550452668,749.90630733718217,0.708329935604211092,748.261638155376659,0.00958594210760921328,49.6385994688631058,749.893118973462947,4.44137081293208613,-0.233037350903160245,-4.82883229116541174e-06,-7.51378056966649661e-05,7.22977325907813351e-05,4.28116255928341736e-08,0.0665522569653926588,0.00590982250887524263,0.0662415016606326956,1.2782853023211236e-05,0.0665669926973437714,-2.69875763113277695e-05,0.994161122374519923,0.680131091944248811,0,0,0,3067.04001263974305,4641.24250723762816,548.617597374282127,466.397823443188884,0.00151240818639723686,1,-0.176224881474624229,4.04807876477804928e-05,0.680131091944248811
81.29996748,81.2999674799935121,14668.1651191301644,14668.1025000229711,30.3335780303870735,120.000569026132155,18488.0380589723827,54.7186644025797477,749.907297533693509,0.708330933908206783,748.262814602679441,0.0095860060419594717,49.6358246156161727,749.894076935450926,4.44681968889563173,-0.232915030727447459,-4.82854757686773466e-06,-7.60422989350175154e-05,7.22981343492881012e-05,4.18593452094148592e-08,0.0665482974520159865,0.005917080750554418,0.0662377056711829365,1.27829214007479824e-05,0.0665666142131967342,-2.69878239337065988e-05,0.994121749964651413,0.680129960860611504,0,0,0,3067.0294476543886,4641.1590720173599,548.615004127789121,466.397740471006387,0.00151240704131752244,1,-0.176213728596008146,4.0481085266134574e-05,0.680129960860611504
81.39996744,81.3999674399935031,14668.1883999109268,14668.1257801944703,30.3337840658783477,120.000570435496996,18510.8787589991116,54.8540768330730444,749.908307029671732,0.708331950391845711,748.264006445902851,0.00958607310847714444,49.6331090880017882,749.895054195386251,4.45226873758351882,-0.232668102285352063,-4.82825406470172638e-06,-7.69062909526629891e-05,7.22985584118214942e-05,4.09097543463784021e-08,0.0665442493546683361,0.00592433904694556358,0.066233987269995423,1.27829936258579405e-05,0.0665659261956699499,-2.69880829802735888e-05,0.99408338217541814,0.680128242265004124,0,0,0,3067.01359814122816,4641.07563709069564,548.61241089013572,466.397657564678013,0.00151240589714730814,1,-0.176202820245661529,4.04813986719257951e-05,0.680128242265004124
81.4999674,81.4999673999934942,14668.2116499021649,14668.1490295724143,30.3339901016339368,120.000571846590773,18533.7194890478459,54.9896549523045124,749.909334909255108,0.708332984156793466,748.265212780536331,0.00958614322457762569,49.6304526943483211,749.896049836310226,4.45771795550280903,-0.232299715462879419,-4.82795211283743703e-06,-7.77303065602059749e-05,7.22990042447825922e-05,3.99632340508601665e-08,0.0665401166995471111,0.00593159740021753212,0.0662303462818371463,1.27830696040057928e-05,0.0665649361475585954,-2.69883531751913285e-05,0.994046013683731911,0.680125950727159867,0,0,0,3066.99259554204673,4640.99220256654735,548.609817664714114,466.397574767995934,0.0015124047544909573,1,-0.176192156291793411,4.04817273496455203e-05,0.680125950727159867
81.59996736,81.5999673599934852,14668.2348571047187,14668.1722361718948,30.3341961376587861,120.000573259413542,18556.5602496666579,55.125398764686814,749.91038026902379,0.708334034317273487,748.266432716022109,0.00958621630810840841,49.6278552203795584,749.897062953658519,4.46316733917032238,-0.23181300407457428,-4.82764207621295076e-06,-7.85148772570210413e-05,7.22994713171418429e-05,3.90201541955565719e-08,0.0665359034600766092,0.00593885581248813649,0.0662267825001384286,1.27831492410206624e-05,0.0665636515457878747,-2.69886342358286066e-05,0.994009638848552424,0.680123100750154919,0,0,0,3066.96657070225228,4640.90876855108218,548.607224454831112,466.397492123690938,0.00151240361393818246,1,-0.176181736503553399,4.04820707896977422e-05,0.680123100750154919
81.69996732,81.6999673199934762,14668.2580098584294,14668.1953883180977,30.3344021739575744,120.00057467396536,18579.4010413732431,55.2613082746328104,749.911442218136813,0.708335100000306528,748.267665375856041,0.00958629227599772094,49.6253164297721128,749.898092655401342,4.46861688511163546,-0.231211084800314381,-4.82732430377338353e-06,-7.92605412384142586e-05,7.22999590996459285e-05,3.80808759944815957e-08,0.0665316135562201011,0.00594611428582331441,0.0662232956877271545,1.27832324412917962e-05,0.0665620798330092689,-2.69889258787370653e-05,0.993974251698895417,0.680119706765139109,0,0,0,3066.93565381839699,4640.8253351477324,548.604631263708598,466.397409673286518,0.00151240247606203564,1,-0.176171560527965843,4.0482428485591968e-05,0.680119706765139109
81.79996728,81.7999672799934672,14668.2810967862606,14668.2184746399125,30.3346082105346895,120.000576090246284,18602.241864655276,55.3973834865553627,749.912519878459989,0.708336180345680577,748.268909897678441,0.00958637104764648029,49.6228360646897499,749.899138062177371,4.47406658986734307,-0.230497056151698132,-4.82699914160022265e-06,-7.99678430110943643e-05,7.23004670661488006e-05,3.71457492368666326e-08,0.0665272508538044677,0.00595337282223872433,0.0662198855775332218,1.2783319112289598e-05,0.066560228415617248,-2.69892278324647357e-05,0.993939845945576383,0.680115783126239437,0,0,0,3066.89997439625085,4640.74190245721456,548.602038094483873,466.397327457298104,0.00151240134142165161,1,-0.176161627925127962,4.04827999374470147e-05,0.680115783126239437
81.89996724,81.8999672399934582,14668.3041068427265,14668.24148407953,30.3348142473944051,120.000577508256356,18625.0827199863161,55.5336244035007951,749.913612384680505,0.708337274506190995,748.270165433348552,0.00958645254124990132,49.6204138464187849,749.900198307414257,4.4795164499891218,-0.229673997450134948,-4.82666693104683107e-06,-8.06373318826092384e-05,7.23009946932028546e-05,3.62151148635272598e-08,0.0665228191639948285,0.00596063142369833605,0.0662165518734288833,1.27834091596586055e-05,0.0665581046614544397,-2.6989539819212553e-05,0.993906414993095622,0.68011134410567986,0,0,0,3066.85966120151534,4640.6584705775349,548.599444950210113,466.397245515060206,0.00151240021055987499,1,-0.176151938140360786,4.0483184649115129e-05,0.68011134410567986
81.9999672,81.9999671999934492,14668.3270292505622,14668.2644058893839,30.3350202845406507,120.000578927995662,18647.9236078024587,55.6700310326151353,749.914718884418107,0.70833838164757279,748.271431149016053,0.00958653667697673129,49.6180494759466342,749.901272537441514,4.48496646204640115,-0.228744967861331361,-4.82632800852033299e-06,-8.12695622974133404e-05,7.23015414600741761e-05,3.52893029472411498e-08,0.0665183222427698229,0.00596789009211713076,0.0662132942509936623,1.27835024914551306e-05,0.0665557158964013296,-2.69898615618841342e-05,0.993873951946088297,0.68010640388897492,0,0,0,3066.81484222134895,4640.57503960401937,548.596851833857045,466.397163884952306,0.00151239908400635807,1,-0.17614249054348366,4.04835821307908221e-05,0.68010640388897492
82.09996716,82.0999671599934402,14668.3498535975814,14668.2872296286714,30.3352263219771423,120.000580349464258,18670.7645285140607,55.8066033783113511,749.915838538329353,0.708339500948862,748.272706225187221,0.00958662337381532836,49.6157426345403678,749.902359911602616,4.49041662262196084,-0.227713005461019691,-4.82598270464743554e-06,-8.18650939712556932e-05,7.23021068486917053e-05,3.43686340953940126e-08,0.0665137637904388984,0.00597514882935842873,0.0662101123582797407,1.27835990139398157e-05,0.0665530694056174071,-2.69901927816664247e-05,0.993842449633497993,0.680100976570253701,0,0,0,3066.76564461252792,4640.49160962931637,548.594258748311404,466.397082604053764,0.00151239796227281803,1,-0.176133284371717713,4.04839918975412129e-05,0.680100976570253701
82.19996712,82.1999671199934312,14668.3725697211921,14668.309945150575,30.3354323597073687,120.000581772662173,18693.6054825088286,55.9433414422695066,749.916970520197538,0.708340631602168092,748.273989856780759,0.00958671255370191489,49.6134929842689871,749.903459602347993,4.49586692831933465,-0.226581126311224068,-4.82563134565425217e-06,-8.2424491170322861e-05,7.23026903443228309e-05,3.34534192715339671e-08,0.066509147451099912,0.00598240763723640202,0.0662070058165033504,1.27836986370810917e-05,0.0665501724244665083,-2.69905332185642368e-05,0.993811900591455966,0.680095076147813948,0,0,0,3066.71219467053879,4640.40818074342587,548.591665696376822,466.397001708555081,0.00151239684585869781,1,-0.176124318800521096,4.04844134697060311e-05,0.680095076147813948
82.29996708,82.2999670799934222,14668.395167786628,14668.33254261207,30.3356383977346482,120.000583197589478,18716.4464701550824,56.0802452302691776,749.918114017014773,0.708341772812962955,748.27528125316735,0.00958680413820234278,49.6113001686383086,749.904570795320865,4.5013173757592666,-0.225352323564571577,-4.82527425447513655e-06,-8.29483212021299361e-05,7.23032914361958434e-05,3.25439596460769219e-08,0.06650447681228569,0.00598966651751469108,0.0662039742208874044,1.27838012701290108e-05,0.0665470321406430032,-2.6990882595954523e-05,0.993782297090897049,0.680088716519827829,0,0,0,3066.65461778334839,4640.32475303371211,548.589072680775985,466.396921233479304,0.00151239573524733105,1,-0.176115592897494094,4.04848463732682175e-05,0.680088716519827829
82.39996704,82.3999670399934132,14668.4176382422447,14668.3550124639078,30.3358444360619721,120.000584624246201,18739.2874917836853,56.2173147439904781,749.919268229062368,0.708342923800036384,748.276579638211842,0.00958689804896684095,49.6091638131760533,749.905692689442844,4.50676796158234882,-0.224029566622277798,-4.82491174901604822e-06,-8.3437155141976354e-05,7.23039096169740981e-05,3.1640547617666758e-08,0.0664997554046153211,0.00599692547190827912,0.0662010171414376403,1.27839068222203057e-05,0.0665436556928784839,-2.69912406510647322e-05,0.993753631151111816,0.680081911480077794,0,0,0,3066.59303839602535,4640.24132658492454,548.586479704149383,466.396841212841309,0.00151239463090813782,1,-0.176107105650084084,4.04852901388170951e-05,0.680081911480077794
82.499967,82.4999669999934042,14668.4399718530476,14668.3773454606362,30.3360504746922324,120.000586052632428,18762.1285477166675,56.3545499905797058,749.920432369979494,0.708344083795650836,748.277884250306215,0.0095869942089197302,49.607083525962878,749.906824496984882,4.51221868245133795,-0.222615800323779922,-4.82454414141893494e-06,-8.38915683381116534e-05,7.23045443826674888e-05,3.0743464640436928e-08,0.0664949867014174301,0.00600418450208297771,0.066198134123647584,1.2784015203963722e-05,0.0665400501667700456,-2.69916071147817363e-05,0.993725894540982035,0.680074674713935234,0,0,0,3066.52757997058916,4640.1579014792178,548.583886769057358,466.396761679528197,0.00151239353329496993,1,-0.176098855946389576,4.04857443043592241e-05,0.680074674713935234
82.59996696,82.5999669599933952,14668.4621596559882,14668.3995326637378,30.3362565136280118,120.000587482748173,18784.9696382372349,56.4919509703504374,749.921605666820938,0.708345252045476159,748.279194342393112,0.00958709254200496019,49.605058898156301,749.907965443629337,4.51766953505127411,-0.221113944128831008,-4.82417174051288342e-06,-8.43121387422236172e-05,7.23051952337782337e-05,2.98529835374006959e-08,0.0664901741183336198,0.00601144360965584403,0.0661953246891948677,1.27841263270997242e-05,0.0665362225912353722,-2.69919817267091623e-05,0.993699078781881129,0.680067019794431182,0,0,0,3066.45836495390904,4640.07447779617723,548.581293877980102,466.396682665458741,0.0015123924428483166,1,-0.176090842603244091,4.04862084127272871e-05,0.680067019794431182
82.69996692,82.6999669199933862,14668.4841929860413,14668.4215653962128,30.3364625528717262,120.000588914593507,18807.8107636158529,56.6295176890825687,749.922787360114739,0.708346427808713375,748.280509181986986,0.00958719297211541033,49.603089504544073,749.909114768532049,4.52312051609049082,-0.219526891369817179,-4.82379484834780976e-06,-8.46994478666743803e-05,7.23058616740505184e-05,2.8969368072149394e-08,0.0664853210130564032,0.00601870279619595456,0.066192588336676933,1.27842401030717952e-05,0.0665321799403212899,-2.69923642218188308e-05,0.993673175171785883,0.680058960178508309,0,0,0,3066.38551474060205,4639.99105561283341,548.578701033318339,466.396604201490447,0.001512391359994021,1,-0.176083064351204327,4.04866820122749412e-05,0.680058960178508309
82.79996688,82.7999668799933772,14668.5060634762049,14668.443435281577,30.3366685924255606,120.000590348168487,18830.6519240954476,56.7672501511894581,749.923976553788293,0.708347610216342072,748.281827901390443,0.00958729542249603384,49.6011748941959354,749.910271424142479,4.52857162048887929,-0.217857508391297472,-4.82341374989224848e-06,-8.50540782347147703e-05,7.2306543205143581e-05,2.80928627267626079e-08,0.0664804306717434873,0.00602596206292151625,0.066189924542384565,1.27843564447889611e-05,0.066527929125913432,-2.69927543467328092e-05,0.993648174774003023,0.680050509203433018,0,0,0,3066.30914945703762,4639.90763500368848,548.57610823739401,466.396526317419386,0.00151239028514327267,1,-0.176075519875546982,4.04871646693484428e-05,0.680050509203433018
82.89996684,82.8999668399933682,14668.5277630202472,14668.4651342211419,30.3368746322915364,120.000591783473141,18853.4931198974118,56.9051483583514468,749.925172820130001,0.70834879884244073,748.28315010118115,0.00958739982305578664,49.5993146327330692,749.911435281600802,4.53402284865640137,-0.216108632088150898,-4.82302876295171454e-06,-8.53766346663258996e-05,7.23072393531155042e-05,2.72237324507446588e-08,0.0664755063615912328,0.00603322141191022995,0.0661873327633179104,1.27844752660629718e-05,0.0665234785333981421,-2.69931518330658452e-05,0.99362406794172542,0.680041683035510713,0,0,0,3066.2294153465682,4639.82421604022784,548.573515492437195,466.396449042113034,0.00151238921869445257,1,-0.176068207681165934,4.04876559208865687e-05,0.680041683035510713
82.9999668,82.9999667999933592,14668.549283824861,14668.4866544296656,30.3370806724714406,120.000593220507497,18876.3343512222891,57.0432123122490324,749.926375286237089,0.708349992841424858,748.284474939108918,0.00958750609858816105,49.5975082351516221,749.912605316540748,4.53947419554409937,-0.214283075287355018,-4.82264016403136542e-06,-8.56676900699127839e-05,7.23079496280670971e-05,2.63622036160522605e-08,0.0664705512497282963,0.00604048084428653129,0.0661848124281649575,1.27845964814744763e-05,0.0665188318501965387,-2.69935564455526709e-05,0.993600846343864363,0.680032488787064349,0,0,0,3066.14637627477259,4639.74079879244528,548.57092280062659,466.396372403324619,0.00151238816103055514,1,-0.17606112630333054,4.04881553449951777e-05,0.680032488787064349
83.09996676,83.0999667599933503,14668.5706183575094,14668.5079883608287,30.3372867129668684,120.000594659271627,18899.1756182444879,57.1814420186621604,749.927583246296535,0.708351191526240709,748.285801740338115,0.0095876141762647471,49.5957552168331972,749.913780821805176,4.54492565796149695,-0.212383619348663899,-4.82224823714942565e-06,-8.59278207166470741e-05,7.23086735515936089e-05,2.5508503495953425e-08,0.0664655684602365876,0.00604774036143037024,0.0661823629513508954,1.27847200059276868e-05,0.0665139973699127307,-2.69939679286778491e-05,0.993578499885620636,0.68002294244008421,0,0,0,3066.06017643853966,4639.65738332744513,548.568330164055851,466.396296427878497,0.00151238711252176037,1,-0.176054274169631264,4.0488662514249254e-05,0.68002294244008421
83.19996672,83.1999667199933413,14668.5917593613267,14668.5291287655418,30.3374927537792374,120.000596099765588,18922.0169211239445,57.319837482004381,749.92879600873232,0.708352394224027071,748.287129845176423,0.0095877239847932394,49.5940550797213291,749.91496110448827,4.5503772327510319,-0.210413016255756702,-4.82185326051988406e-06,-8.61576128469517026e-05,7.2309410649598068e-05,2.46628504165314188e-08,0.066460561058768311,0.00605499996467493383,0.0661799837280769299,1.27848457561333437e-05,0.0665089817528862898,-2.6994386026715001e-05,0.993557018851506046,0.680013056819401607,0,0,0,3065.97093150325509,4639.57396970985428,548.565737584739736,466.396221141617502,0.00151238607352470185,1,-0.176047649636764447,4.0489177007523925e-05,0.680013056819401607
83.29996668,83.2999666799933323,14668.6126998625696,14668.5500686693886,30.3376987949097625,120.000597541989379,18944.8582599937508,57.458398701223345,749.930012895605387,0.708353600275569484,748.288458608445808,0.00958783545353680822,49.5924073127396241,749.916145485337552,4.55582891678445367,-0.208373987900799307,-4.82145550848703578e-06,-8.63576556560688392e-05,7.23101604531370412e-05,2.3825453924363656e-08,0.0664555320522037668,0.00606225965530770346,0.0661776741349331815,1.2784973649444655e-05,0.0665037915910259014,-2.69948105000362495e-05,0.993536393346421187,0.68000284461407523,0,0,0,3065.87875590192562,4639.49055800189126,548.563145064618539,466.396146569376242,0.00151238504438209738,1,-0.176041250987171605,4.04896984099606405e-05,0.68000284461407523
83.39996664,83.3999666399933233,14668.6334331445396,14668.5708013530348,30.3379048363595025,120.000598985943085,18967.6996349700421,57.597125683465606,749.931233242615804,0.708354809035230626,748.28978739945876,0.00958794851201627552,49.5908113921792619,749.917333298759218,4.561280706963311,-0.206269225508556531,-4.82105524920700392e-06,-8.65285404731326477e-05,7.23109224977161458e-05,2.29965148319043446e-08,0.0664504843884026059,0.00606951943457093458,0.0661754335304173685,1.278510360319346e-05,0.0664984334093557394,-2.69952410983484339e-05,0.99351661331354979,0.679992318374632809,0,0,0,3065.78376281221153,4639.40714826339718,548.560552605557973,466.396072735073744,0.00151238402542402733,1,-0.176035076445731964,4.04902263130992629e-05,0.679992318374632809
83.4999666,83.4999665999933143,14668.653952781111,14668.5913203912351,30.3381108781292887,120.000600431626737,18990.5410461470674,57.7360184304119315,749.932456399101625,0.708356019871041021,748.291115601990668,0.00958806309099324849,49.5892667821159421,749.918523892818143,4.56673260022108352,-0.204101389080868501,-4.82065274679766508e-06,-8.66708603921960966e-05,7.23116963241666273e-05,2.21762257841912173e-08,0.0664454209560198378,0.00607677930366204606,0.0661732612554930405,1.2785235536134542e-05,0.066492913660741032,-2.69956775872236936e-05,0.993497668526539535,0.679981490510304321,0,0,0,3065.68606412832924,4639.32374055185755,548.557960209350881,466.395999661594431,0.00151238301696629443,1,-0.176029124160401229,4.04907603143510699e-05,0.679981490510304321
83.59996656,83.5999665599933053,14668.6742525883019,14668.6116196041985,30.3383169202197998,120.000601879040332,19013.3824936010424,57.8750769410101285,749.933681728027977,0.708357232164556927,748.292442614240713,0.00958817912247900139,49.5877729348203502,749.919716629228333,4.57218459352321194,-0.201873106857362927,-4.82024826014175114e-06,-8.67852091700984274e-05,7.23124814783630604e-05,2.13647710147037735e-08,0.0664403445843376461,0.00608403926373361336,0.0661711566341400964,1.27853693684576852e-05,0.0664872387236344065,-2.69961197276047975e-05,0.99347954859265919,0.679970373286538976,0,0,0,3065.58577044174626,4639.24033492243143,548.555367877717913,466.395927370960408,0.00151238201931280011,1,-0.176023392232170034,4.04913000174737778e-05,0.679970373286538976
83.69996652,83.6999665199932963,14668.694326646626,14668.6316930673238,30.3385229626315507,120.000603328183971,19036.2239773856054,58.0143012237734084,749.934908605976034,0.708358445310910745,748.29376784878923,0.00958829653947779192,49.5863292912521842,749.920910883345528,4.57763668386884959,-0.199586974807196782,-4.8198420427346747e-06,-8.68721808014477246e-05,7.23132775112379853e-05,2.0562325995605213e-08,0.0664352580432494982,0.0060912993158950034,0.0661691189740168384,1.27855050214455598e-05,0.0664814149040047903,-2.69965672822083198e-05,0.993462242973446541,0.679958978822459037,0,0,0,3065.48299101661632,4639.15693142798045,548.552775612307755,466.39585588425183,0.00151238103275444838,1,-0.17601787870198099,4.04918450331557568e-05,0.679958978822459037
83.79996648,83.7999664799932873,14668.7141693122685,14668.651535140325,30.3387290053648648,120.000604779057625,19059.0654975384932,58.1536912749167456,749.936136423121752,0.708359658718821561,748.295090732542235,0.00958841527534470828,49.5849352815727684,749.922106044147085,4.58308886828952922,-0.197245556135051459,-4.81943434371838361e-06,-8.69323683802751372e-05,7.23140839792848019e-05,1.97690583381173001e-08,0.0664301640432884838,0.0060985594612114162,0.0661671475671477827,1.27856424166178154e-05,0.0664754484322631761,-2.69970200234382459e-05,0.993445740986042214,0.679947319088627267,0,0,0,3065.37783376713287,4639.07353011909163,548.550183414698381,466.395785221567166,0.00151238005756859097,1,-0.176012581544320978,4.04923949780985724e-05,0.679947319088627267
83.89996644,83.8999664399932783,14668.7337751723826,14668.6711404057951,30.3389350484199269,120.000606231661365,19081.9070540808279,58.2932471002204338,749.937364583209842,0.708360871810448822,748.296410706671395,0.00958853526434655379,49.5835903256576671,749.923301514206742,4.58854114385172895,-0.194851380825106446,-4.8190254075234726e-06,-8.69663638022062088e-05,7.23149004445183585e-05,1.89851272710524606e-08,0.0664250652357082499,0.00610581970070556406,0.0661652416906118868,1.2785781476479428e-05,0.0664693454614439239,-2.69974777179815458e-05,0.993430031809032887,0.679935405904740775,0,0,0,3065.27040524131417,4638.99013104411461,548.547591286398756,466.395715402182361,0.0015123790940212321,1,-0.176007498694223496,4.04929494758106011e-05,0.679935405904740775
83.9999664,83.9999663999932693,14668.7531390823424,14668.6905037273737,30.3391410917967335,120.000607685995263,19104.7486470115145,58.4329687054649654,749.9385925035225,0.708362084021464389,748.297727226543657,0.00958865644193185318,49.582293833698202,749.924496709664936,4.59399350765712189,-0.192406945201710755,-4.81861547277974986e-06,-8.69747564820861312e-05,7.23157264741246058e-05,1.8210683356062401e-08,0.0664199642127038387,0.0061130800353577739,0.0661634006073499037,1.27859221248812768e-05,0.0664631120701705269,-2.69979401398357686e-05,0.993415104508141078,0.67992325093763184,0,0,0,3065.16081059853741,4638.90673424918532,548.544999228848155,466.395646444418162,0.00151237814236519124,1,-0.176002628024680641,4.04935081571151416e-05,0.67992325093763184
84.09996636,84.0999663599932603,14668.7722561396658,14668.7096201916356,30.3393471354951494,120.000609142059304,19127.5902763152844,58.5728560882319016,749.939819614841554,0.708363294800945509,748.299039761647691,0.00958877874499242111,49.5810452067362917,749.925691060193458,4.5994459568435877,-0.189914711530285274,-4.81820477341407305e-06,-8.69581334488575043e-05,7.23165616409339321e-05,1.74458708790961166e-08,0.0664148635075994392,0.00612034046610617898,0.0661616235668832653,1.2786064287369552e-05,0.066456754253022679,-2.69984070668933611e-05,0.993400948011965657,0.679910865699206002,0,0,0,3065.04915359332699,4638.82333977825328,548.542407243418438,466.395578365733058,0.00151237720284138591,1,-0.17599796736217721,4.0494070657428783e-05,0.679910865699206002
84.19996632,84.1999663199932513,14668.7911216802895,14668.7284851402874,30.339553179514823,120.000610599853516,19150.4319419543172,58.7129092502023795,749.941045361405259,0.708364503611324747,748.30034779551147,0.00958890211037699558,49.5798438372573855,749.926884008950651,4.60489848858437067,-0.187377107652501707,-4.81779353882542759e-06,-8.69170792308256981e-05,7.23174055235314408e-05,1.66908248948159656e-08,0.0664097655951581406,0.00612760099384760792,0.0661599098061110558,1.2786207889204504e-05,0.0664502779306523489,-2.69988782803293857e-05,0.993387551164175209,0.679898261544721216,0,0,0,3064.935536559311,4638.73994767311524,548.539815331414161,466.39551118273647,0.00151237627567901755,1,-0.17599351448846573,4.04946366204694575e-05,0.679898261544721216
84.29996628,84.2999662799932423,14668.8097312860191,14668.7470941671581,30.3397592238553351,120.000612059377971,19173.2736438808606,58.8531281971568845,749.942269200859755,0.708365709928364007,748.301650825620072,0.00958902647617243531,49.578689109708705,749.928075012538216,4.61035110009016424,-0.184796526637626357,-4.81738199248074936e-06,-8.68521751345440889e-05,7.23182577057980341e-05,1.59456735968931505e-08,0.0664046728918149948,0.00613486161943834363,0.0661582585500074538,1.27863528570696664e-05,0.0664436889390554453,-2.69993535595885109e-05,0.993374902694607043,0.679885449670968312,0,0,0,3064.82006039232738,4638.65655797344334,548.537223494073714,466.395444911162201,0.00151237536109520847,1,-0.175989267135929495,4.04952056955692924e-05,0.679885449670968312
84.39996624,84.3999662399932333,14668.8280807845294,14668.7654430758521,30.3399652685160888,120.000613520632683,19196.1153820284744,58.9935129294100591,749.943490604205294,0.708366913241102902,748.302948363327573,0.00958915178137331736,49.5775804010146999,749.929263540943225,4.61580378860928953,-0.182175326487900691,-4.81697035214545316e-06,-8.67640006368889906e-05,7.23191177769843424e-05,1.52105369981074713e-08,0.0663995877559795111,0.00614212234369437404,0.06615666901231608,1.27864991186321795e-05,0.0664369930385933782,-2.69998326894899109e-05,0.993362991265491768,0.679872441114712456,0,0,0,3064.70282453567597,4638.573170716817,548.534631732570574,466.395379565868552,0.00151237445929498955,1,-0.175985222987097123,4.04957775394031608e-05,0.679872441114712456
84.4999662,84.4999661999932243,14668.8461662307382,14668.7835279382452,30.3401713134963202,120.000614983617652,19218.9571563141035,59.1340634459103356,749.944709055737007,0.708368113051754067,748.304239933768599,0.00958927796606401373,49.5765170810191762,749.930449077483672,4.62125655142802927,-0.179515829835381169,-4.81655883002843121e-06,-8.66531324613570536e-05,7.23199853319115318e-05,1.44855279648860158e-08,0.0663945124882276,0.00614938316739160537,0.0661551403961466444,1.2786646602786592e-05,0.0664301959027333577,-2.70003154584447317e-05,0.993351805438459134,0.679859246751184143,0,0,0,3064.58392696797864,4638.4897859387529,548.532040048013982,466.395315160904602,0.00151237357047222763,1,-0.17598137968588623,4.04963518149135325e-05,0.679859246751184143
84.59996616,84.5999661599932153,14668.8639839068055,14668.801345026448,30.3403773587951271,120.000616448332963,19241.7989666359863,59.2747797538048005,749.945924052981468,0.708369308875641868,748.305525075766923,0.00958940497153681903,49.5754985129176475,749.931631118744122,4.62670938587189085,-0.176820323685880965,-4.8161476349723855e-06,-8.65201451772089233e-05,7.23208599717660927e-05,1.37707524335784872e-08,0.066389449331545114,0.00615664409126741568,0.0661536718945588964,1.27867952398134103e-05,0.0664233031258403966,-2.70008016593418541e-05,0.993341333714436003,0.679845877292687639,0,0,0,3064.46346419020756,4638.40640367273136,548.529448441449517,466.395251709509978,0.00151237269480962249,1,-0.175977734837389072,4.04969281911720888e-05,0.679845877292687639
84.69996612,84.6999661199932063,14668.8815303221345,14668.8188908613683,30.3405834044115004,120.00061791477863,19264.6408128842122,59.4156618534082455,749.947135106628025,0.708370500241138457,748.306803341738259,0.00958953273973905951,49.5745240536796246,749.932809174507952,4.63216228930445872,-0.174091059172361895,-4.81573696991051306e-06,-8.63656113155509728e-05,7.23217413032350791e-05,1.30663091396923348e-08,0.0663844004715704178,0.0061639051160194509,0.0661522626911336814,1.2786944960643042e-05,0.0664163202161092425,-2.70012910887899616e-05,0.993331564515748888,0.679832343287328222,0,0,0,3064.34153121417376,4638.32302395023726,548.526856913861366,466.39518922411537,0.00151237183247870379,1,-0.175974286007740288,4.04975063438664957e-05,0.679832343287328222
84.79996608,84.7999660799931974,14668.8988022170961,14668.8361621770255,30.3407894503442783,120.000619382954653,19287.4826949277121,59.5567097436692308,749.948341740454566,0.708371686689603042,748.308074297592384,0.0095896612134400705,49.5735930544179269,749.93398276768221,4.63761525912915129,-0.171330251330466865,-4.81532703345444207e-06,-8.61901010073792048e-05,7.23226289391314776e-05,1.23722893841537534e-08,0.0663793680367955607,0.00617116624230806647,0.0661509119604734158,1.27870956970796735e-05,0.0664092526010479495,-2.70017835431799247e-05,0.993322486215732936,0.679818655117883641,0,0,0,3064.21822155151949,4638.23964680078097,548.524265466171528,466.395127716328659,0.00151237098363964919,1,-0.175971030721901622,4.04980859557145284e-05,0.679818655117883641
84.89996604,84.8999660399931884,14668.9157965481281,14668.8531559206949,30.3409954965921749,120.000620852861104,19310.3246126269223,59.6979234303684692,749.94954349125544,0.708372867775273751,748.309337522637179,0.00958979033705542605,49.5727048607420215,749.935151434228146,4.64306829278995359,-0.168540078894409362,-4.81491801926968395e-06,-8.59941827314136765e-05,7.2323522498218159e-05,1.16887777898095765e-08,0.06637435409877529,0.00617842747075577486,0.0661496188686812314,1.27872473829015508e-05,0.066402105620373339,-2.70022788254995677e-05,0.993314087119275491,0.679804823000596081,0,0,0,3064.09362720428317,4638.15627225193657,548.521674099241864,466.395067196988521,0.00151237014844202221,1,-0.175967966472570236,4.04986667156976828e-05,0.679804823000596081
84.999966,84.9999659999931794,14668.93251048401,14668.8698692722919,30.3412015431537654,120.000622324497954,19333.1665658200254,59.8393029097216598,749.950739908754031,0.708374043065175818,748.310592609469495,0.00958992005568015671,49.5718588130970943,749.93631472307311,4.648521387770705,-0.165722684096479611,-4.81451011629234504e-06,-8.57784220997927043e-05,7.23244216053390134e-05,1.10158524171353029e-08,0.0663693606723200075,0.00618568880194824214,0.0661483825738222453,1.2787399952573296e-05,0.0663948845287240241,-2.70027767391070612e-05,0.993306355480559455,0.679790856984346048,0,0,0,3063.9678386568371,4638.07290032936999,548.519082813875343,466.395007676177272,0.00151236932702494289,1,-0.175965090722566275,4.04992483190597452e-05,0.679790856984346048
85.09996596,85.0999659599931704,14668.9489413946867,14668.8862996087792,30.3414075900275542,120.000623797865288,19356.008554344171,59.9808481888760454,749.951930555520221,0.708375212139011556,748.311839163863056,0.0095900503158419248,49.5710542472073143,749.937472196026761,4.6539745415967877,-0.162880172482744001,-4.8141035106961133e-06,-8.55433810666589582e-05,7.23253258921971763e-05,1.03535843725844083e-08,0.0663643897158519153,0.00619295023643487517,0.0661472022265236076,1.27875533422516083e-05,0.0663875944939876644,-2.70032771004593204e-05,0.993299279505572286,0.679776766949689248,0,0,0,3063.84094486879758,4637.9895310568736,548.516491610816047,466.394949163261003,0.00151236851951765399,1,-0.175962400911183536,4.04998304679049203e-05,0.679776766949689248
85.19996592,85.1999659199931614,14668.9650868885219,14668.9024445266932,30.3416136372118395,120.000625272963092,19378.8505780103442,60.1225592654139334,749.953115006882626,0.708376374589180458,748.313076804655907,0.00959018106367315326,49.5702904944494094,749.938623427695006,4.65942775183292657,-0.160014612777388265,-4.81369838300476364e-06,-8.52896188231794288e-05,7.23262349963273274e-05,9.70203769556760586e-09,0.0663594431317317685,0.00620021177472916511,0.0661460769704819707,1.27877074873494089e-05,0.0663802406008335566,-2.70037797129917483e-05,0.993292847373357435,0.679762562608104748,0,0,0,3063.71303326434781,4637.90616445639716,548.513900490750984,466.394891666756621,0.00151236772603767586,1,-0.175959894431451158,4.05004128714812341e-05,0.679762562608104748
85.29996588,85.2999658799931524,14668.9809447564185,14668.9183018197273,30.3418196847048698,120.000626749791394,19401.6926366235384,60.2644361410168941,749.954292850835941,0.708377530020538715,748.314305163635936,0.00959031224785134029,49.5695668821927597,749.939768005388146,4.66488101608719852,-0.157128036740353139,-4.81329490718212605e-06,-8.50176912817006945e-05,7.23271485607493555e-05,9.06127038602868392e-09,0.0663545227665330445,0.00620747341730959728,0.0661450059429263965,1.27878623264580897e-05,0.0663728278443673908,-2.70042843929701256e-05,0.993287047218534669,0.679748253501219479,0,0,0,3063.58418973013613,4637.82280054808143,548.511309454310776,466.394835194531083,0.00151236694669355668,1,-0.175957568663623387,4.05009952450780569e-05,0.679748253501219479
85.39996584,85.3999658399931434,14668.9965130016208,14668.9338694882645,30.3420257325047515,120.000628228350251,19424.534729974268,60.4064788200993945,749.955463687942597,0.7083786780503879,748.315523885413313,0.00959044381681062319,49.5688827342295895,749.940905529019574,4.67033433200800197,-0.154222439038598225,-4.81289325376303787e-06,-8.47281498479651106e-05,7.23280662351790467e-05,8.43133334934485384e-09,0.0663496304114547381,0.0062147351646200397,0.0661439882752023756,1.27880177976309975e-05,0.0663653611309721059,-2.70047909583524892e-05,0.993281867142541408,0.679733849000292434,0,0,0,3063.45449860748204,4637.73943935028547,548.508718502070678,466.394779753695047,0.00151236618158341433,1,-0.17595542095682265,4.05015773114143557e-05,0.679733849000292434
85.4999658,85.4999657999931344,14669.011789817363,14668.9491457297772,30.3422317806095272,120.000629708639622,19447.3768578452691,60.5486872975110089,749.95662713123545,0.708379818308322529,748.316732627298393,0.0095905757204040043,49.5682373711650825,749.942035611011192,4.67578769728608101,-0.151299777153759862,-4.81249358697230013e-06,-8.4421541526414636e-05,7.23289876749315218e-05,7.8122724504046823e-09,0.0663447678027300758,0.0062219970170702887,0.0661430230933020002,1.27881738406015126e-05,0.0663578452802991575,-2.70052992269037901e-05,0.993277295228577106,0.67971935830565966,0,0,0,3063.32404268972596,4637.65608087962391,548.506127634551376,466.394725350682791,0.00151236543079602374,1,-0.1759534486419774,4.05021587983027403e-05,0.67971935830565966
85.59996576,85.5999657599931254,14669.0267735905945,14668.964128925867,30.3424378290170793,120.000631190659618,19470.2190200016266,60.6910615831320044,749.957782806109776,0.708380950436137913,748.317931059163357,0.00959070791031457759,49.5676301108663324,749.943157876183022,4.6812411096554003,-0.148361971301604001,-4.81209606783323423e-06,-8.4098408225895694e-05,7.23299125421291735e-05,7.20412560524131152e-09,0.0663399366221282261,0.00622925897503694669,0.0661421095184737823,1.27883303973332093e-05,0.066350285025106176,-2.7005809028328376e-05,0.993273319549120903,0.679704790446366003,0,0,0,3063.19290321804647,4637.57272515100249,548.503536852220805,466.394671991238511,0.0015123646944106455,1,-0.175951649028876639,4.05027394422673853e-05,0.679704790446366003
85.69996572,85.6999657199931164,14669.0414628945291,14668.9788176648872,30.3426438777252017,120.000632674410198,19493.0612161999634,60.8336016718119907,749.958930350219362,0.708382074087711699,748.319118863309768,0.00959084033837909189,49.567060268899013,749.944271961650315,4.68669456689145036,-0.145410904374799088,-4.81170085248058886e-06,-8.37592865016823727e-05,7.23308405050750381e-05,6.6069268387845243e-09,0.0663351384974735087,0.0062365210388635314,0.0661412466678155536,1.27884874097862126e-05,0.0663426850082955016,-2.70063201904608408e-05,0.993269928162169857,0.679690154279821157,0,0,0,3063.06115987906378,4637.48937217763887,548.500946155493921,466.394619680443327,0.00151236397249738239,1,-0.175950019409885416,4.05033189837924524e-05,0.679690154279821157
85.79996568,85.7999656799931074,14669.0558565109968,14668.9932107096065,30.3428499267316489,120.000634159891405,19515.903446190161,60.9763075665992247,749.960069413364408,0.70838318892895924,748.320295734327715,0.00959097295731003996,49.5665271589592749,749.945377516711687,4.69214806681205499,-0.142448421916903101,-4.81130809248111145e-06,-8.34047075580505917e-05,7.23317712383069107e-05,6.02070262459809498e-09,0.0663303750031980222,0.00624378320886132075,0.0661404336548618438,1.27886448208819267e-05,0.0663350497874781314,-2.70068325405714408e-05,0.99326710913626981,0.679675458491558637,0,0,0,3062.92889080043869,4637.40602197110911,548.498355544734977,466.394568422635189,0.00151236326511608498,1,-0.175948557045646548,4.0503897171830976e-05,0.679675458491558637
85.89996564,85.8999656399930984,14669.0699533857405,14669.0073070199142,30.343055976033984,120.000635647103223,19538.7457097030456,61.1191792650762835,749.961199657381144,0.708384294637607437,748.321461378967115,0.00959110572070853706,49.5660300931597249,749.94647420273543,4.69760160727843967,-0.139476332128907643,-4.81091793348280169e-06,-8.303519895670542e-05,7.23327044221071773e-05,5.44547401778474366e-09,0.0663256476607435447,0.00625104548531048385,0.0661396695899759135,1.2788802574522076e-05,0.066327383829009226,-2.70073459130092527e-05,0.993264850532453836,0.679660711595036715,0,0,0,3062.79617255324956,4637.32267454136945,548.495765020257295,466.394518221568546,0.00151236257231855101,1,-0.17594725919144738,4.05044737613664721e-05,0.679660711595036715
85.9999656,85.9999655999930894,14669.0837526507676,14669.0211057073666,30.3432620256297376,120.000637136045725,19561.5880064627308,61.2622167730243277,749.962320756022109,0.708385390903143009,748.322615515991856,0.00959123858341603963,49.5655683824148241,749.94756169304253,4.70305518619464369,-0.136496405853513636,-4.81053051525543357e-06,-8.26512828692588648e-05,7.23336397425152562e-05,4.88125700900098572e-09,0.066320957939067518,0.00625830786846028313,0.0661389535808755841,1.27889606160596914e-05,0.0663196915119465963,-2.70078601419537908e-05,0.993263140425715396,0.679645921931626762,0,0,0,3062.6630801492347,4637.23932989679452,548.49317458232531,466.394469080334375,0.00151236189414742195,1,-0.175946123083197736,4.05050485131053093e-05,0.679645921931626762
86.09996556,86.0999655599930804,14669.0972535908222,14669.0346060808406,30.3434680755163555,120.00063862671891,19584.4303361884049,61.4054200893923721,749.963432394834626,0.708386477426605987,748.323757876034847,0.00959137150210143119,49.5651413367993428,749.948639672782292,4.70850880150798723,-0.133510376590905366,-4.81014597422801536e-06,-8.22534754316308589e-05,7.23345768922198016e-05,4.32806195975809567e-09,0.0663163072551540694,0.00626557035852815056,0.0661382847331231094,1.27891188930839858e-05,0.0663119771257496271,-2.7008375074111204e-05,0.993261966901692217,0.679631097670667206,0,0,0,3062.52968704459272,4637.15598804421006,548.490584231155253,466.394421001479884,0.00151236123063783613,1,-0.175945145956937499,4.05056211942497182e-05,0.679631097670667206
86.19996552,86.1999655199930714,14669.110455699265,14669.04780762667,30.3436741256911837,120.000640119122792,19607.2726985850859,61.5487892144959758,749.964534271041771,0.708387553920629909,748.324888201453177,0.00959150443331147073,49.5647482659424554,749.949707838815016,4.71396245120875257,-0.130519940555558378,-4.80976444362627326e-06,-8.18422880682734115e-05,7.23355155706832372e-05,3.78589343951718715e-09,0.0663116969746292556,0.00627283295570308687,0.0661376621506624407,1.2789277352822816e-05,0.066304244875039095,-2.70088905536797497e-05,0.993261318081208544,0.679616246809512048,0,0,0,3062.39606513525996,4637.07264898892299,548.487993966915838,466.394373986809228,0.00151236058181467535,1,-0.175944325014157799,4.05061915788164991e-05,0.679616246809512048
86.29996548,86.2999654799930624,14669.1233586110175,14669.0607099766312,30.3438801761514902,120.000641613257386,19630.1150933507779,61.6923241486507337,749.965626093415949,0.708388620109139389,748.326006246185898,0.0095916373346858208,49.5643884792618223,749.950765899581597,4.71941613333049403,-0.127526756732457613,-4.80938605065722225e-06,-8.14182274961327299e-05,7.23364554830131432e-05,3.25475134354725025e-09,0.066307128412160507,0.0062800956601448809,0.0661370849361433699,1.27894359437649321e-05,0.0662964988725450038,-2.70094064235180481e-05,0.993261182096396134,0.679601377173706056,0,0,0,3062.26228476434835,4636.989312734755,548.48540378972973,466.394328037622472,0.00151235994769586711,1,-0.175943657461779535,4.0506759446397291e-05,0.679601377173706056
86.39996544,86.3999654399930535,14669.1359621286392,14669.0733129369546,30.3440862268944684,120.000643109122706,19652.9575201724983,61.8360248921722118,749.966707582152253,0.708389675727302381,748.327111775605431,0.00959177016578394159,49.5640612862975445,749.951813574980292,4.7248698459505496,-0.124532446942595243,-4.80901091931135443e-06,-8.09817951286051995e-05,7.23373963409732471e-05,2.73463008990710419e-09,0.0663026028320019833,0.00628735847198387196,0.0661365521913790111,1.27895946167646932e-05,0.0662887431449558084,-2.70099225386385652e-05,0.993261547117970212,0.679586496417225017,0,0,0,3062.12841472205855,4636.90597928407624,548.482813699674239,466.394283154622826,0.00151235932829110156,1,-0.175943140495748107,4.05073245832161908e-05,0.679586496417225017
86.4999654,86.4999653999930445,14669.1482662223279,14669.085616465667,30.3442922779172193,120.000644606718808,19675.7999787302215,61.9798914494752964,749.967778468736356,0.708390720521404837,748.328204566366594,0.00959190288668931856,49.5637659969967785,749.952850596230178,4.73032358718926371,-0.121538595923219361,-4.80863916995834674e-06,-8.0533487013560281e-05,7.23383378628658831e-05,2.22551925588713102e-09,0.06629812144849552,0.00629462139132265421,0.0661360630177378894,1.27897533231831752e-05,0.0662809816278197433,-2.70104387578622673e-05,0.993262401339287893,0.679571612022842553,0,0,0,3061.99452224852803,4636.8226486378353,548.480223696782673,466.39423933791636,0.0015123587236018309,1,-0.175942771300414635,4.05078867814735058e-05,0.679571612022842553
86.59996536,86.5999653599930355,14669.1602710187435,14669.0976207049553,30.3444983292167798,120.00064610604565,19698.6424686947284,62.1239238154100661,749.968838495815021,0.708391754248697825,748.329284406256534,0.00959203545767728372,49.5635019220264894,749.953876705744165,4.7357773552100193,-0.118546751434926989,-4.808270917565954e-06,-8.0073793867717512e-05,7.23392797728533081e-05,1.72740294930622538e-09,0.0662936854266431147,0.00630188441823688501,0.0661356165165733617,1.27899120144474146e-05,0.0662732181731658654,-2.70109549312734031e-05,0.993263733009955851,0.679556731302492167,0,0,0,3061.86067303852678,4636.73932079559563,548.477633781044688,466.394196587052022,0.00151235813362181532,1,-0.175942547054420195,4.05084458402120922e-05,0.679556731302492167
86.69996532,86.6999653199930265,14669.171976801008,14669.1093259197587,30.344704380790116,120.000647607103261,19721.4849897308122,62.2681219916586315,749.969887417064001,0.708392776677273739,748.330351094048865,0.00959216784144700796,49.5632683729756423,749.954891656993141,4.74123114822021829,-0.115558424380331815,-4.80790627342962988e-06,-7.96032021327338534e-05,7.23402218015477928e-05,1.24026104243926784e-09,0.0662892958825484491,0.00630914755277456069,0.0661352117895055158,1.27900706450287837e-05,0.066265456540321524,-2.70114709252907838e-05,0.993265530402665964,0.679541861397634284,0,0,0,3061.72693124453554,4636.65599575556462,548.475043952408441,466.394154901021579,0.0015123575583371263,1,-0.175942464930197523,4.05090015639184432e-05,0.679541861397634284
86.79996528,86.7999652799930175,14669.1833839826286,14669.1207325462528,30.3449104326341441,120.000649109891683,19744.3275414937052,62.4124859812695405,749.970924997047177,0.708393787585861467,748.331404439344055,0.00959230000003596928,49.5630646626419207,749.95589521436591,4.74668496446996357,-0.112575088910659815,-4.8075453447292982e-06,-7.91221920492284547e-05,7.23411636858935518e-05,7.64068115386098036e-10,0.0662849538839554997,0.00631641079495843562,0.0661348479388167987,1.27902291683311195e-05,0.066257700405862846,-2.70119866000371504e-05,0.993267781854710208,0.679527009279962124,0,0,0,3061.59335948510079,4636.57267351462633,548.472454210780143,466.394114278352447,0.00151235699772743113,1,-0.175942522109053506,4.05095537639013804e-05,0.679527009279962124
86.89996524,86.8999652399930085,14669.1944931410253,14669.1318411530101,30.3451164847457022,120.000650614410944,19767.1701236368972,62.5570157859248468,749.971951011082297,0.70839478676379164,748.332444262415379,0.00959243189711855848,49.5628901053327127,749.956887153033676,4.75213880225305907,-0.109598182564603519,-4.80718823229852574e-06,-7.86312381957061468e-05,7.23421051681657405e-05,2.98794453826317929e-10,0.0662806604508481695,0.00632367414478562494,0.0661345240678659629,1.27903875397579456e-05,0.0662499533547032393,-2.70125018223659777e-05,0.993270475737280445,0.679512181751818156,0,0,0,3061.46001884584985,4636.48935406837245,548.469864556026209,466.394074716988314,0.00151235645176433825,1,-0.175942715760087742,4.0510102257173842e-05,0.679512181751818156
86.9999652,86.9999651999929995,14669.2053049840033,14669.1426524378421,30.3453225371215893,120.000652120660988,19790.0127358039754,62.7017113991085679,749.972965245099772,0.708395774010771584,748.333470394048391,0.00959256349832227073,49.5627440171565468,749.957867258809301,4.75759265990655678,-0.106629106407432062,-4.80683503436881435e-06,-7.81308084126808175e-05,7.23430459974335859e-05,-1.55593331768541048e-10,0.0662764165560400242,0.0063309376022268422,0.0661342392814900648,1.2790545717136437e-05,0.066242218883821008,-2.70130164664920565e-05,0.993273600472958318,0.679497385446951929,0,0,0,3061.32696888929513,4636.40603741113591,548.467274987973838,466.394036214408686,0.00151235592041305106,1,-0.175943043059563403,4.05106468658037231e-05,0.679497385446951929
87.09996516,87.0999651599929905,14669.2158203646541,14669.1531672665405,30.3455285897584908,120.000653628641871,19812.8553776261797,62.8465728252356328,749.973967495500688,0.708396749136791515,748.33448267537608,0.00959269476939095256,49.562625716357843,749.95883532800201,4.76304653581139448,-0.103669225206473925,-4.8064858471903271e-06,-7.76213641544439524e-05,7.23439859297669678e-05,-5.99134516534305089e-10,0.0662722231258672939,0.00633820116723014196,0.0661339926864642769,1.27907036582707343e-05,0.0662345004067465132,-2.70135304090442586e-05,0.993277144556845681,0.679482626831230063,0,0,0,3061.1942676597082,4636.32272353602548,548.464685506411797,466.393998767575454,0.00151235540363163067,1,-0.17594350118076918,4.05111874196559249e-05,0.679482626831230063
87.19996512,87.1999651199929815,14669.2260402664542,14669.1633866179855,30.3457346426531167,120.000655138353636,19835.6980487410765,62.9916000673546677,749.974957569013895,0.708397711961949894,748.335480957718119,0.00959282567632113725,49.5625345235951613,749.95979116727483,4.76850042839038224,-0.10071986761037266,-4.80614075951519654e-06,-7.71033604025148897e-05,7.23449247260510059e-05,-1.03187212621282145e-09,0.0662680810408146359,0.00634546483971948176,0.066133783391886275,1.27908613211261329e-05,0.066226801249338399,-2.70140435183225507e-05,0.993281096543044417,0.679467912203411073,0,0,0,3061.06197169143479,4636.23941243495392,548.462096111091796,466.39396237298638,0.00151235490137173554,1,-0.175944087302047025,4.0511723753921004e-05,0.679467912203411073
87.29996508,87.2999650799929725,14669.235965821892,14669.1733116228443,30.3459406958020494,120.000656649796269,19858.5407487668417,63.1367931230487756,749.975935282553792,0.708398662316369054,748.336465102420789,0.00959295618662636684,49.5624697622095027,749.960734593502366,4.7739543361091954,-0.0977823263465964487,-4.80579985717236995e-06,-7.65772460706775964e-05,7.23458621537094942e-05,-1.45385270721346279e-09,0.0662639911361494194,0.006352728619594546,0.0661336105095472193,1.27910186655173129e-05,0.0662191246513391119,-2.70145556808129168e-05,0.99328544505310723,0.679453247695924634,0,0,0,3060.9301360143304,4636.15610409866531,548.459506801729276,466.393927026608424,0.00151235441357769384,1,-0.175944798594601909,4.05122557089204359e-05,0.679453247695924634
87.39996504,87.3999650399929635,14669.2455982640386,14669.1829435184482,30.3461467492018784,120.000658162969756,19881.3834773283525,63.2821519899011591,749.976900463071843,0.708399600039924304,748.337434980692819,0.00959308626931232311,49.562430758452706,749.961665433619487,4.77940825747752918,-0.0948578584286110527,-4.80546322108247589e-06,-7.60434637775714853e-05,7.2346797985848869e-05,-1.86512726562566439e-09,0.0662599542025181787,0.00635999250673328822,0.0661334731542500692,1.27911756530776951e-05,0.0662114737672949427,-2.70150667765831725e-05,0.993290178781356947,0.67943863927583259,0,0,0,3060.79881416651324,4636.07279851677777,548.456917578004322,466.393892724050545,0.00151235394018890018,1,-0.175945632250786271,4.05127831313098491e-05,0.67943863927583259
87.499965,87.4999649999929545,14669.2549389600754,14669.1922836648009,30.3463528028491218,120.000659677874111,19904.2262340381239,63.4276766682277398,749.977852947408792,0.708400524982194191,748.338390473438722,0.00959321589334560798,49.5624168417818964,749.962583524474894,4.78486219104656474,-0.0919476853660299298,-4.80513092829476187e-06,-7.5502449267596456e-05,7.23477320016117811e-05,-2.26575013739770237e-09,0.0662559709866333557,0.00636725650099132217,0.0661333704442159109,1.27913322452202106e-05,0.0662038516653786074,-2.70155766906758866e-05,0.993295286492796636,0.679424092745770425,0,0,0,3060.6680581999467,4635.98949567780346,548.454328439562914,466.393859460443934,0.00151235348113815051,1,-0.175946585462875588,4.05133058727995515e-05,0.679424092745770425
87.59996496,87.5999649599929455,14669.2639894075692,14669.2013335608844,30.3465588567402484,120.000661194509405,19927.0690185044077,63.573367163810012,749.978792582144479,0.70840143700230962,748.339331471091214,0.00959334502951003643,49.5624273451096542,749.963488712677417,4.79031613541081214,-0.0890529934012675994,-4.80480305223257809e-06,-7.49546315878823636e-05,7.23486639861944562e-05,-2.65577971750375513e-09,0.0662520421919374908,0.00637452060220263829,0.0661333015014315267,1.27914884056150167e-05,0.066196261331909631,-2.70160853187661615e-05,0.993300757042330895,0.679409613745010743,0,0,0,3060.53791869038196,4635.90619556918591,548.451739386017152,466.393827230455543,0.00151235303635183682,1,-0.175947655424252891,4.05138237911059515e-05,0.679409613745010743
87.69996492,87.6999649199929365,14669.2727512009442,14669.2100948057723,30.3467649108717268,120.000662712875567,19949.9118303358518,63.719223468765648,749.979719223450275,0.708402335968723262,748.34025787344865,0.00959347364927598534,49.5624616050381519,749.964380854449132,4.79577008920707648,-0.0861749337559700734,-4.80447966323045727e-06,-7.44004334577714045e-05,7.23495937310507554e-05,-3.03527847736983173e-09,0.0662481684792581849,0.00638178481018068268,0.066133265451975079,1.27916440986843714e-05,0.0661887056661098483,-2.70165925482988259e-05,0.99330657935606359,0.679395207750458141,0,0,0,3060.4084447491955,4635.82289817732817,548.449150416947418,466.393796028407394,0.00151235260575159148,1,-0.175948839348543495,4.05143367500515689e-05,0.679395207750458141
87.79996488,87.7999648799929275,14669.2812260687351,14669.2185691310824,30.3469709652399118,120.000664232972696,19972.7546691301359,63.8652455916089323,749.980632736935718,0.708403221759165591,748.341169589504716,0.00959360172484924334,49.5625189621089817,749.965259815471654,4.80122405111348183,-0.0833146228738428363,-4.80416082836739153e-06,-7.38402703140397451e-05,7.23505210337713276e-05,-3.40431183022113256e-09,0.0662443504674805478,0.00638904912471796767,0.0661332614263634294,1.27917992896703795e-05,0.0661811874846416487,-2.70170982812684545e-05,0.993312742450365826,0.67938088007781694,0,0,0,3060.27968403049636,4635.73960348762557,548.446561531902148,466.393765848143858,0.0015123521892524566,1,-0.175950134446224593,4.05148446182748684e-05,0.67938088007781694
87.89996484,87.8999648399929185,14669.2894158363342,14669.2267583522716,30.3471770198411939,120.000665754800735,19995.597534485627,64.0114335258240743,749.981532997499244,0.708404094260402517,748.342066537286769,0.00959372922979628839,49.5625987609852814,749.966125470733346,4.80667801985076171,-0.0804731427135791932,-4.80384661087338071e-06,-7.32745522848324672e-05,7.2351445697724291e-05,-3.76294845272769966e-09,0.0662405887341948468,0.00639631354558742402,0.066133288559808559,1.27919539454712423e-05,0.0661737095233110723,-2.70176024182827002e-05,0.993319235438727577,0.679366635882724834,0,0,0,3060.15168274479311,4635.65631148449302,548.443972730399651,466.393736683164548,0.00151235178676471251,1,-0.175951537945915337,4.05153472696718751e-05,0.679366635882724834
87.9999648,87.9999647999929095,14669.2973224371672,14669.2346644109202,30.3473830746719031,120.000667278359685,20018.4404259947187,64.1577872703607284,749.982419889172888,0.708404953368120371,748.342948643690079,0.0095938561372745923,49.5627003506164101,749.966977704376291,4.81213199418085402,-0.0776515410057285749,-4.80353707019267527e-06,-7.27036829829764877e-05,7.23523675320925162e-05,-4.11126070911527056e-09,0.0662368838162730733,0.00640357807254389802,0.066133345992451173,1.27921080322842213e-05,0.0661662744340327236,-2.701810485285108e-05,0.99332604752005349,0.679352480161975469,0,0,0,3060.02448566900102,4635.57302215139953,548.441384011928335,466.393708526584192,0.00151235139819333475,1,-0.175953047086973846,4.05158445839848559e-05,0.679352480161975469
88.09996476,88.0999647599929006,14669.304947912693,14669.242289351927,30.347589129728334,120.000668803649589,20041.2833432483822,64.3043068282676984,749.983293304969038,0.708405798986779467,748.343815844309347,0.00959398242337661245,49.5628230844563404,749.967816409538727,4.81758597290784074,-0.0748508315284936998,-4.80323226069331822e-06,-7.21280591193952225e-05,7.23532863512923313e-05,-4.44932457145415662e-09,0.0662332362105428757,0.00641084270532206457,0.066133432869665873,1.27922615200669974e-05,0.0661588847860014734,-2.70186054983539075e-05,0.99333316798389526,0.679338417754809298,0,0,0,3059.89813615768253,4635.4897354708919,548.438795375948189,466.393681371132857,0.00151235102343798516,1,-0.175954659118456203,4.05163364467770644e-05,0.679338417754809298
88.19996472,88.1999647199928916,14669.3122944012284,14669.2496353041533,30.3477951850067811,120.000670330670459,20064.1262858347509,64.4509921998610622,749.984153146726158,0.70840663102943946,748.34466808327204,0.00959410806341054467,49.5629663206556756,749.968641488203843,4.82303995487597881,-0.0720719944053556105,-4.80293223649135009e-06,-7.15480708019490747e-05,7.23542019768022592e-05,-4.77721862148638258e-09,0.0662296463744561081,0.00641810744363936758,0.0661335483423313164,1.27924143775811684e-05,0.0661515430697277307,-2.70191042628151513e-05,0.993340586226229116,0.679324453344177459,0,0,0,3059.77267615611845,4635.40645142463291,548.43620682189146,466.393655209195629,0.00151235066239356641,1,-0.175956371304783921,4.05168227482877486e-05,0.679324453344177459
88.29996468,88.2999646799928826,14669.3193641453981,14669.2567045095675,30.3480012405034429,120.000671859422283,20086.9692533317248,64.5978433827242924,749.984999324956334,0.708407449417634894,748.345505313074909,0.00959423303338668987,49.563129422222687,749.969452851041865,4.82849393897051993,-0.0693159764133284284,-4.80263704504721954e-06,-7.09641023754459504e-05,7.23551142346070246e-05,-5.09502481367203318e-09,0.0662261147267276251,0.00642537228719619515,0.0661336915670585751,1.27925665743767063e-05,0.0661442516935877162,-2.70196010516189644e-05,0.993348291735839384,0.679310591458091695,0,0,0,3059.64814621086998,4635.32316999341856,548.43361834916368,466.393630032786234,0.00151235031494986044,1,-0.1759581809202517,4.05173033844190801e-05,0.679310591458091695
88.39996464,88.3999646399928736,14669.3261594586074,14669.2634992843723,30.3482072962145857,120.000673389905089,20109.8122453267461,64.744860378539741,749.985831758686686,0.708408254081134503,748.346327494414254,0.00959435731158331251,49.5633117571898083,749.97025041725442,4.83394792411795748,-0.0665836912739408149,-4.80234673071748737e-06,-7.03765308746180608e-05,7.23560229564783352e-05,-5.40282781260997074e-09,0.0662226416479613361,0.00643263723567505732,0.0661338617064275297,1.2792718082882475e-05,0.0661370129866710871,-2.70200957818167961e-05,0.993356274104878478,0.679296836471019461,0,0,0,3059.52458548612094,4635.23989115722088,548.431029957144233,466.393605833666243,0.00151234998099316438,1,-0.175960085268370203,4.05177782559919779e-05,0.679296836471019461
88.4999646,88.4999645999928646,14669.3326827734709,14669.2700220611932,30.348413352136383,120.00067492211889,20132.655261395601,64.8920431876235426,749.986650375305317,0.708409044957927447,748.34713459601744,0.00959448087623337997,49.5635126988248089,749.971034114416739,4.83940190928430258,-0.0638760199714170085,-4.80206133500615134e-06,-6.97857266209644169e-05,7.23569279800293907e-05,-5.70071480377605482e-09,0.0662192274813705045,0.00643990228874217249,0.0661340579292825081,1.27928688753244456e-05,0.0661298291989323439,-2.70205883737231512e-05,0.993364523029685809,0.679283192605326325,0,0,0,3059.40203177195508,4635.15661489520517,548.428441645187718,466.393582603172831,0.00151234966040392216,1,-0.175962081651511726,4.05182472685793445e-05,0.679283192605326325
88.59996456,88.5999645599928556,14669.3389365822077,14669.2762753339193,30.3486194082650371,120.000676456063644,20155.4983011165277,65.0393918048265505,749.987455110405904,0.708409821993914557,748.347926594476689,0.00959460370660192297,49.5637316258004716,749.971803878323726,4.844855893476117,-0.0611938110784180367,-4.80178089710838716e-06,-6.91920530230572288e-05,7.23578291488168241e-05,-5.9887755791949951e-09,0.0662158725334533876,0.00644716744604855591,0.0661342794109724269,1.27930189251648353e-05,0.0661227025018442938,-2.70210787439346899e-05,0.993373028312961703,0.679269663932694168,0,0,0,3059.28052150227131,4635.07334118576637,548.425853412624519,466.393560332430809,0.00151234935305964734,1,-0.175964167405695704,4.05187103326538699e-05,0.679269663932694168
88.69996452,88.6999645199928466,14669.3449234701693,14669.2822616868907,30.3488254645967004,120.000677991739394,20178.3413640632025,65.1869062331975755,749.988245907631722,0.708410585142852156,748.348703474083322,0.00959472578285325284,49.5639679223321536,749.972559652831478,4.8503098757391232,-0.0585378810953827156,-4.80150545099065646e-06,-6.85958672429143665e-05,7.23587263111411276e-05,-6.26710285069756356e-09,0.0662125770746428421,0.00645443270722924171,0.0661345253335483552,1.27931682069276813e-05,0.0661156349901457357,-2.70215668201438788e-05,0.993381779869477288,0.679256254375623092,0,0,0,3059.16008976562625,4634.99007000655365,548.423265258762058,466.393539012233305,0.00151234905883327296,1,-0.17596633987939389,4.05191673640241046e-05,0.679256254375623092
88.79996448,88.7999644799928376,14669.3506461195648,14669.2879838014378,30.349031521127543,120.000679529146169,20201.18444981211,65.3345864744190692,749.98902271851432,0.708411334366209733,748.349465226649727,0.00959484708599056546,49.5642209784278407,749.973301389694939,4.85576385515909159,-0.0559090147588818809,-4.80123502919088289e-06,-6.79975177901025218e-05,7.23596193214819865e-05,-6.53579227930827688e-09,0.0662093413400675623,0.00646169807190514599,0.0661347948861115698,1.27933166961210719e-05,0.0661086286798524547,-2.70220525239825386e-05,0.993390767718740575,0.679242967709068668,0,0,0,3059.04077031951192,4634.90680133450041,548.420677182884901,466.393518633028634,0.0015123487775929791,1,-0.17596859643012569,4.05196182839240819e-05,0.679242967709068668
88.89996444,88.8999644399928286,14669.3561072610319,14669.2934444170514,30.3492375778536818,120.000681068283924,20224.027557931262,65.4824325233419415,749.989785502324821,0.708412069632898267,748.350211851352697,0.00959496759749534078,49.5644901900062109,749.974029048420334,4.86121783085941672,-0.0533079654284733806,-4.80096966031087541e-06,-6.7397347559075316e-05,7.23605080394392174e-05,-6.79494072684853891e-09,0.0662061655302384894,0.00646896353968212743,0.0661350872649843907,1.27934643687588432e-05,0.0661016855134844011,-2.70225357879035118e-05,0.993399982004143922,0.679229807561879562,0,0,0,3058.92259560726734,4634.82353514584975,548.418089184256587,466.393499185092537,0.00151234850920456019,1,-0.175970934452283068,4.05200630169613645e-05,0.679229807561879562
88.9999644,88.9999643999928196,14669.3613097183406,14669.2986463376437,30.3494436347712728,120.000682609152705,20246.8706879946658,65.6304443830149324,749.990534225908618,0.708412790919234592,748.350943354554488,0.00959508730022040623,49.5647749591026354,749.974742596095894,4.86667180200358818,-0.0507354554139851643,-4.80070936970488477e-06,-6.67956914283582531e-05,7.23613923298479784e-05,-7.0446485970858295e-09,0.0662030498117756327,0.00647622911015308372,0.0661354016739996858,1.27936112025541488e-05,0.0660948073563026456,-2.70230165388403473e-05,0.993409412977883433,0.679216777418472972,0,0,0,3058.8055967697901,4634.74027141617989,548.41550126211996,466.393480658369185,0.00151234825352923813,1,-0.175973351349182294,4.05205014939641586e-05,0.679216777418472972
89.09996436,89.0999643599928106,14669.3662563860416,14669.3035924771975,30.3496496918764045,120.00068415175248,20269.7138395692891,65.7786220496553966,749.991268863536106,0.708413498208741443,748.351659749646387,0.00959520617733478076,49.5650746939652436,749.975442007244169,4.87212576779197715,-0.0481921763638055722,-4.80045418007066314e-06,-6.61928783073033713e-05,7.2362272063021928e-05,-7.28501739776583494e-09,0.0661999943180675843,0.00648349478289718048,0.0661357373246424102,1.27937571755150998e-05,0.0660879960021274054,-2.70234947159543377e-05,0.993419051021670607,0.679203880620478762,0,0,0,3058.68980366158394,4634.65701012044065,548.412913415697744,466.393463042550593,0.00151234801042475476,1,-0.175975844545343318,4.05209336491125832e-05,0.679203880620478762
89.19996432,89.1999643199928016,14669.3709502108395,14669.3082857753998,30.3498557491652221,120.000685696083295,20292.5570122284262,65.926965526312074,749.991989396740223,0.708414191491941958,748.352361056877044,0.00959532421330377971,49.5653888092021475,749.976127263659009,4.877579727463905,-0.0456787896109815961,-4.80020411206775744e-06,-6.55892295681850031e-05,7.23631471148637056e-05,-7.5161515364606238e-09,0.0661969991499446603,0.00649076055748102135,0.0661360934362603264,1.2793902267254338e-05,0.0660812531671970405,-2.7023970258125168e-05,0.993428886621596563,0.679191120368345169,0,0,0,3058.57524486745342,4634.57375123296788,548.41032564419379,466.393446327143181,0.00151234777974628993,1,-0.175978411496729437,4.0521359422128196e-05,0.679191120368345169
89.29996428,89.2999642799927926,14669.3753942139447,14669.3127292462286,30.3500618066338319,120.000687242145133,20315.4002055386773,66.0754748105685508,749.992695814163426,0.708414870766276294,748.353047303187623,0.00959544139230539272,49.5657167259465723,749.976798354248331,4.88303368029508711,-0.0431959265620989186,-4.79995918145016058e-06,-6.49850599067390089e-05,7.23640173656931666e-05,-7.73815718766977615e-09,0.0661940643764322711,0.00649802643345958036,0.0661364692362980122,1.27940464568801212e-05,0.0660745805001974884,-2.70244430980002645e-05,0.9934389104058019,0.679178499723125828,0,0,0,3058.46194771609589,4634.49049472751813,548.407737946793986,466.393430501387911,0.00151234756134535869,1,-0.175981049675933782,4.05217787569628945e-05,0.679178499723125828
89.39996424,89.3999642399927836,14669.3795914798975,14669.3169259877814,30.350267864278333,120.000688789937996,20338.2434190687636,66.2241499013747443,749.993388111399327,0.708415536035922222,748.353718522046961,0.00959555770075315451,49.5660578719578098,749.977455274880754,4.8884876255988825,-0.0407441890673396756,-4.79971940206549242e-06,-6.43806768377963302e-05,7.23648827012848416e-05,-7.95114156535402312e-09,0.066191190035392658,0.00650529241037478122,0.0661368639604456021,1.27941897263628618e-05,0.0660679795720195556,-2.70249131852147873e-05,0.993449113103048953,0.679166021608110793,0,0,0,3058.34993829601353,4634.40724057729312,548.405150322667055,466.393415554300304,0.00151234735507037158,1,-0.175983756577954398,4.0522191600953354e-05,0.679166021608110793
89.4999642,89.4999641999927746,14669.383545152843,14669.3208791335273,30.3504739220948494,120.000690339461897,20361.0866523902368,66.3729907990468178,749.994066290836031,0.708416187311636136,748.354374753284219,0.00959567312509834736,49.5664116817734453,749.97809802822178,4.89394156272546521,-0.0383241498183863882,-4.79948478603505195e-06,-6.37763810949391419e-05,7.23657430128687903e-05,-8.15521513831301079e-09,0.0661883761342738075,0.00651255848775877076,0.0661372768528557531,1.27943320576073592e-05,0.0660614518898648417,-2.7025380464223731e-05,0.993459485595509784,0.679153688810670064,0,0,0,3058.23924147232947,4634.32398875496165,548.402562770964551,466.393401474683628,0.00151234716076680182,1,-0.175986529721100377,4.05225979075213004e-05,0.679153688810670064
89.59996416,89.5999641599927656,14669.3872584290802,14669.3245918848879,30.350679980079466,120.000691890716837,20383.9299050661502,66.5219975025347026,749.994730361503798,0.708416824610590079,748.355016042933698,0.00959578765192237171,49.5667775967536386,749.978726623585771,4.89939549106038719,-0.0359363527435405672,-4.79925534121397878e-06,-6.31724674650782273e-05,7.23665981961238523e-05,-8.35048929843588166e-09,0.0661856226507081258,0.00651982466513233421,0.0661377071662160726,1.27944734325785526e-05,0.0660549988863780302,-2.70258448777504226e-05,0.993470018873996552,0.679141503983901718,0,0,0,3058.12988090229874,4634.24073923269225,548.399975290822795,466.393388251155329,0.00151234697827756477,1,-0.175989366650553758,4.05229976334192508e-05,0.679141503983901718
89.69996412,89.6999641199927567,14669.3907345607877,14669.3280674981597,30.3508860382283387,120.000693443702801,20406.7731766715879,66.6711700094219708,749.995380338917585,0.70841744795623196,748.355642443071474,0.00959590126919973585,49.5671550651646271,749.979341076775199,4.9048494100255926,-0.0335813133931779362,-4.79903107254047497e-06,-6.25692240274353459e-05,7.23674481515506799e-05,-8.53707743766818594e-09,0.0661829295331540224,0.0065270909420064617,0.0661381541618744351,1.27946138349881947e-05,0.0660486219255236734,-2.70263063786281071e-05,0.993480704057882358,0.679129469648514061,0,0,0,3058.02187905169103,4634.15749198217054,548.397387881363102,466.393375872133902,0.00151234680744282844,1,-0.175992264935181109,4.05233907400482662e-05,0.679129469648514061
89.79996408,89.7999640799927477,14669.3939768448472,14669.3313092554272,30.3510920965375455,120.00069499841986,20429.6164667731427,66.8205083254901098,749.996016244923112,0.708418057378110921,748.356254011654528,0.00959601396573850352,49.5675435422774058,749.979941409926028,4.91030331907818685,-0.0312595193384765935,-4.79881198178452092e-06,-6.19669322630885677e-05,7.23682927843229861e-05,-8.71509410390316174e-09,0.0661802967015710369,0.006534357317881637,0.0661386171099842268,1.27947532495513863e-05,0.0660423223056834929,-2.70267649201563106e-05,0.993491532404778943,0.679117588194606658,0,0,0,3057.91525721193921,4634.07424697463011,548.394800541692348,466.393364325878736,0.00151234664810056445,1,-0.175995222173133459,4.05237771924812817e-05,0.679117588194606658
89.89996404,89.8999640399927387,14669.3969886302948,14669.3343205196725,30.3512981550032244,120.000696554867957,20452.4597749412933,66.9700124442237978,749.996638107542026,0.708418652911750657,748.356850812358743,0.00959612573088231002,49.5679424904710118,749.980527651353441,4.91575721770996221,-0.0289714305608228528,-4.79859807036491035e-06,-6.13658664314551799e-05,7.23691320052577153e-05,-8.88465525301679712e-09,0.0661777240480922596,0.00654162379224942393,0.0661390952896557943,1.27948916615918908e-05,0.0660361012541007125,-2.70272204586519516e-05,0.993502495286718523,0.679105861883499973,0,0,0,3057.81003551585945,4633.99100418087346,548.392213270904222,466.393353600463342,0.00151234650008618137,1,-0.175998235986310148,4.05241569597833125e-05,0.679105861883499973
89.999964,89.9999639999927297,14669.3997733071446,14669.337104676375,30.3515042136215243,120.000698113047122,20475.3031007497157,67.1196823673054865,749.99724596081694,0.708419234598472891,748.357432914416677,0.00959623655539632026,49.5683513793507018,749.981099835395753,4.92121110544828166,-0.0267174798625546828,-4.79838933669188441e-06,-6.07662937813542044e-05,7.23699657297579603e-05,-9.04587853233239875e-09,0.0661752114377436029,0.00654889036459270144,0.0661395879891278626,1.27950290582260439e-05,0.0660299599340790772,-2.70276729563570796e-05,0.993513584215796053,0.67909429284963263,0,0,0,3057.70623295558016,4633.90776357129562,548.389626068079565,466.393343683815431,0.00151234636323307439,1,-0.176001304025802274,4.05245300153946986e-05,0.67909429284963263
90.09996396,90.0999639599927207,14669.4023343101144,14669.3396651594921,30.3517102723885941,120.000699672957339,20498.1464437710019,67.2695180923188047,749.997839844663872,0.708419802485268479,748.358000392461918,0.00959634642837770002,49.5687696858420281,749.981658002265249,4.92666498185189639,-0.0244980732857911221,-4.7981857750296951e-06,-6.01684752798054654e-05,7.23707938771783374e-05,-9.1988824617222808e-09,0.0661727587091407859,0.00655615703438605733,0.0661400945059060913,1.27951654242458859e-05,0.0660238994452013173,-2.70281223624675224e-05,0.993524790842671091,0.679082883102336998,0,0,0,3057.60386739843307,4633.82452511591055,548.387038932287396,466.393334563703434,0.00151234623737244345,1,-0.176004423968434354,4.05248963361562649e-05,0.679082883102336998
90.19996392,90.1999639199927117,14669.4046751148999,14669.3420054482503,30.3519163313005826,120.000701234598623,20520.9898035784645,67.4195196195800293,749.998419804714558,0.708420356624637759,748.358553326370156,0.00959645534270237022,49.5691968942340395,749.982202197891752,4.93211884651571708,-0.0223135905141305102,-4.79798737844465948e-06,-5.95726649830345304e-05,7.23716163719754883e-05,-9.34378684659361883e-09,0.066170365675097334,0.00656342380109558362,0.0661406141468344894,1.27953007493841932e-05,0.0660179208194514588,-2.70285686506588581e-05,0.993536106938115671,0.679071634527801282,0,0,0,3057.50295560440554,4633.74128878437295,548.384451862585365,466.393326227749867,0.00151234612233346901,1,-0.176007593518101801,4.05252559028481698e-05,0.679071634527801282
90.29996388,90.2999638799927027,14669.4067992381752,14669.344129054125,30.3521223903536423,120.000702797970987,20543.8331797447026,67.5696869494052947,749.998985892169571,0.708420897074451994,748.359091801104114,0.00959656328971103534,49.5696324962713106,749.982732473773353,4.93757269906635532,-0.0201643852963684367,-4.79779413811433309e-06,-5.89791104745424362e-05,7.23724331432932502e-05,-9.4807126155844517e-09,0.0661680321233247132,0.00657069066418078038,0.0661411462282312235,1.27954350212316637e-05,0.0660120250283933868,-2.702901178010893e-05,0.993547524418080141,0.67906054889092371,0,0,0,3057.40351324317544,4633.65805454600013,548.381864858020776,466.393318663431387,0.00151234601794332534,1,-0.176010810404535811,4.05256087000018637e-05,0.67906054889092371
90.39996384,90.3999638399926937,14669.4087102077901,14669.3460395047478,30.3523284495439754,120.000704363074419,20566.676571850443,67.7200200793782159,749.999538163642455,0.708421423897726221,748.359615906551198,0.00959667026238308907,49.5700759912679132,749.983248886820661,4.94302653916341672,-0.0180507858413818667,-4.79760604220942649e-06,-5.83880513754574744e-05,7.23732441244784514e-05,-9.6097821586301496e-09,0.0661657578171259142,0.00657795762309360248,0.0661416900760544019,1.27955682294714448e-05,0.0660062129771063349,-2.70294517213273205e-05,0.993559035317959638,0.679049627837279068,0,0,0,3057.30555491417272,4633.57482236979831,548.379277917631043,466.393311858184688,0.00151234592402863378,1,-0.17601407240011685,4.05259547163425859e-05,0.679049627837279068
90.4999638,90.4999637999926847,14669.41041161865,14669.3477404021341,30.3525345088677909,120.000705929908904,20589.5199794735854,67.8705190070824642,750.000076681016026,0.708421937162633464,748.360125737374574,0.00959677625387067579,49.5705268861712511,749.983751499212985,4.94848036649820333,-0.0159730952834067352,-4.79742307616802028e-06,-5.77997220993824723e-05,7.23740492530386002e-05,-9.73111817090130893e-09,0.0661635424961132673,0.0065852246772796592,0.0661422450259999684,1.27957003639270029e-05,0.0660004855154188996,-2.70298884412026273e-05,0.993570631832917273,0.679038872894986545,0,0,0,3057.20909415840788,4633.49159222447997,548.376691040444598,466.393305799207894,0.00151234584041272098,1,-0.176017377284828747,4.05262939434069188e-05,0.679038872894986545
90.59996376,90.5999637599926757,14669.4119070619345,14669.3492353319871,30.3527405683212841,120.000707498474483,20612.3634021938014,68.021183735566666,750.000601511290256,0.708422436942170664,748.360621392861162,0.00959688125815283399,49.5709846955631406,749.984240378245772,4.95393418079399162,-0.0139315920752594025,-4.79724522346095092e-06,-5.72143500672007163e-05,7.2374848470889666e-05,-9.8448445149284146e-09,0.0661613858767480661,0.00659249182617828271,0.0661428104235162739,1.27958314154368755e-05,0.0659948434276056012,-2.70303219124985433e-05,0.993582306273943838,0.679028285476653837,0,0,0,3057.11414348230437,4633.40836407848838,548.374104225481005,466.393300473712202,0.0015123457669190966,1,-0.176020722888167724,4.0526626376604818e-05,0.679028285476653837
90.69996372,90.6999637199926667,14669.4132001847029,14669.3505279415785,30.3529466279007245,120.000709068771144,20635.2068395981551,68.172014262414578,750.001112726436531,0.708422923314181552,748.361102976768279,0.00959698526964203324,49.5714489417613891,749.984715596183719,4.95938798180447282,-0.0119265304253914906,-4.79707246467877012e-06,-5.66321562905498812e-05,7.23756417238664396e-05,-9.95108559576938812e-09,0.0661592876530720242,0.00659975906922268939,0.0661433856239526108,1.27959613753325682e-05,0.0659892874419144154,-2.7030752106610976e-05,0.993594051102013709,0.67901786688134258,0,0,0,3057.02071436990536,4633.3251379000194,548.371517471752668,466.393295868709913,0.00151234570336852511,1,-0.176024107051939244,4.05269520144779907e-05,0.67901786688134258
90.79996368,90.7999636799926577,14669.4142946228385,14669.3516218650911,30.3531526876023463,120.0007106407989,20658.050291265281,68.3230105879422212,750.00161040324781,0.70842339636103413,748.361570597172431,0.00959708828420025029,49.5719191548426465,749.98517723011048,4.96484176931508792,-0.00995814071585954252,-4.79690477985978444e-06,-5.60533549241929344e-05,7.23764289625560952e-05,-1.0049966549265016e-08,0.0661572474973076974,0.00660702640584136594,0.0661439699926027469,1.27960902367958382e-05,0.0659838182238560583,-2.70311790070400658e-05,0.993605858898297667,0.6790076182965471,0,0,0,3056.92881730641511,4633.24191365704337,548.368930778264371,466.393291971253177,0.00151234564958232023,1,-0.176027527669647688,4.05272708589434963e-05,0.6790076182965471
90.89996364,90.8999636399926487,14669.4151940643787,14669.352520791721,30.3533587474224547,120.000712214557737,20680.8937567903558,68.4741727097332813,750.002094623191624,0.708423856169652977,748.36202436631288,0.00959719029813665969,49.5723948727824109,749.985625361782127,4.97029554314102384,-0.00802662992757774418,-4.79674214844687697e-06,-5.54781525599132563e-05,7.23772101421886862e-05,-1.01416131628330313e-08,0.0661552650606267861,0.00661429383545731209,0.066144562904904794,1.27962179935247961e-05,0.0659784363852046335,-2.70316025926363654e-05,0.993617722396860859,0.678997540800173049,0,0,0,3056.83846179069724,4633.15869131732234,548.366344144014761,466.393288768208208,0.00151234560537923026,1,-0.176030982647007062,4.05275829152077684e-05,0.678997540800173049
90.9999636,90.9999635999926397,14669.4159022085369,14669.3532284235353,30.3535648073573228,120.000713790047627,20703.7372357583627,68.625500624005042,750.002565472271044,0.708424302831276886,748.362464400450335,0.00959729130653830254,49.5728756414716827,749.986060077485604,4.97574930312553398,-0.00613218209936405856,-4.79658454712692271e-06,-5.49067503742323808e-05,7.23779852217564879e-05,-1.02261521267453653e-08,0.0661533399737950639,0.00662156135748938248,0.066145163746475652,1.2796344637510515e-05,0.0659731424819288981,-2.70320228381147388e-05,0.993629634472848466,0.678987635362488851,0,0,0,3056.74965635586614,4633.07547084843463,548.363757567996799,466.393286246401715,0.00151234557057745855,1,-0.176034469925342218,4.05278881920933056e-05,0.678987635362488851
91.09996356,91.0999635599926307,14669.416422765702,14669.3537484756071,30.3537708674032949,120.00071536726864,20726.580727763434,68.7769943365387633,750.003023040878588,0.708424736441321645,748.36289081972393,0.00959739130698489262,49.5733610146908177,749.986481467896169,4.98120304914263912,-0.00427495875617722731,-4.79643194733126897e-06,-5.43393437808740168e-05,7.23787541628573305e-05,-1.03037103799048393e-08,0.0661514718477230063,0.00662882897135230308,0.0661457719130886246,1.27964701639925512e-05,0.0659679370142627758,-2.70324397262192579e-05,0.993641588138097664,0.678977902848038162,0,0,0,3056.66240858710216,4632.99225221779034,548.361171049197651,466.39328439262033,0.00151234554499465965,1,-0.176037987480789526,4.05281867012531334e-05,0.678977902848038162
91.19996352,91.1999635199926217,14669.4167594648898,14669.3540846661035,30.3539769275567295,120.000716946220763,20749.4242324022016,68.928653844917946,750.003467423652182,0.708425157099262792,748.363303748000476,0.00959749029743051096,49.57385055417069,749.986889627928235,4.98665678109480925,-0.00245509932483400917,-4.79628432322087752e-06,-5.37761211581391869e-05,7.23795169327759826e-05,-1.03744153788069338e-08,0.066149660274113592,0.00663609667645683864,0.0661463868107679542,1.27965945686370317e-05,0.0659628204258301959,-2.70328532493309833e-05,0.993653576534223926,0.678968344017749303,0,0,0,3056.57672513922716,4632.90903539265491,548.358584586600387,466.393283193584466,0.00151234552844756545,1,-0.176041533318762267,4.05284784575054966e-05,0.678968344017749303
91.29996348,91.2999634799926127,14669.4169160537422,14669.3542407423574,30.3541829878140064,120.000718526903995,20772.2677492744551,69.0804791480924081,750.003898719334984,0.70842556490850439,748.363703312737471,0.00959758827580436957,49.5743438295828582,749.987284656598831,4.99211049891175662,-0.000672721587299918156,-4.79614164494857737e-06,-5.32172654001888682e-05,7.23802735017734292e-05,-1.04383949804944235e-08,0.0661479048260659591,0.00664336447221025844,0.066147007855787629,1.27967178470066931e-05,0.0659577931083623614,-2.70332633877137086e-05,0.993665592946697096,0.678958959530827633,0,0,0,3056.49261175385482,4632.8258203401665,548.355998179183985,466.39328263594831,0.00151234552075199926,1,-0.176045105472853236,4.05287634787044609e-05,0.678958959530827633
91.39996344,91.3999634399926038,14669.4168962799013,14669.354220461395,30.3543890481715124,120.000720109318323,20795.1112779782125,69.2324702436457358,750.00431703063839,0.708425959976198616,748.36408964484167,0.00959768524078308261,49.574840418563042,749.987666656887427,4.99756420255100231,0.00107207789565677558,-4.79600388142576567e-06,-5.2662953127239011e-05,7.23810238440635479e-05,-1.04957767784471178e-08,0.0661462050586839323,0.00665063235801695643,0.0661476344747149309,1.27968399955929319e-05,0.0659528554030827524,-2.7033670132782426e-05,0.993677630805933298,0.678949749946786252,0,0,0,3056.41007327959187,4632.74260702735864,548.353411825923899,466.393282706365881,0.00151234552172378571,1,-0.176048702015049879,4.05290417849468314e-05,0.678949749946786252
91.4999634,91.4999633999925948,14669.4167039096355,14669.3540275801752,30.3545951086256984,120.000721693463731,20817.9548181189421,69.3846271291615295,750.004722464099586,0.70842634241316238,748.364462878527092,0.00959778119104148786,49.5753399067248779,749.988035735595417,5.00301789199730074,0.00277922335005342802,-4.79587099956867722e-06,-5.21133550676144034e-05,7.23817679373995807e-05,-1.05466898526045863e-08,0.0661445605096858541,0.00665790033327957279,0.0661482661044410919,1.27969610108193191e-05,0.0659480075979967523,-2.70340734699818707e-05,0.993689683673018909,0.678940715727440414,0,0,0,3056.32911368755322,4632.65939542116939,548.350825525792857,466.393283391424973,0.00151234553117782938,1,-0.176052321043461801,4.05293134006752821e-05,0.678940715727440414
91.59996336,91.5999633599925858,14669.4163427054882,14669.3536658719222,30.3548011691730579,120.000723279340278,20840.7983693109018,69.5369498090545051,750.00511498098308,0.708426712192982477,748.364823002483945,0.00959787612512741362,49.5758418786739981,749.988391704197056,5.00847156526504289,0.00444866017820544357,-4.79574295043465055e-06,-5.15686368340388771e-05,7.23825057565375741e-05,-1.05912732467852773e-08,0.0661429706867924516,0.00666516839706280707,0.0661489021933431981,1.27970808914186444e-05,0.0659432514819808108,-2.70344733893680316e-05,0.993701744708703982,0.678931860237872664,0,0,0,3056.24976300182379,4632.57618548833125,548.34823927775858,466.393284677726626,0.00151234554892922175,1,-0.176055960734688322,4.05295783649614372e-05,0.678931860237872664
91.69996332,91.6999633199925768,14669.4158164523542,14669.353139109724,30.3550072298100524,120.000724866947891,20863.6419311599093,69.6894382754432371,750.005494998030031,0.708427069719533398,748.365170459478122,0.00959797004584306279,49.5763459552562153,749.988735279782759,5.01392522641552763,0.00608035320152566783,-4.79561972253440203e-06,-5.10289817802752282e-05,7.23832372995060285e-05,-1.06296333226578803e-08,0.0661414351197997658,0.00667243654943272275,0.0661495421979946541,1.27971996340243448e-05,0.0659385841058518218,-2.70348698965709504e-05,0.993713808859443604,0.678923177680909484,0,0,0,3056.17196899795181,4632.4929771953839,548.34565308077822,466.393286551792187,0.00151234557479195059,1,-0.176059619172184878,4.05298366801428906e-05,0.678923177680909484
91.79996328,91.7999632799925678,14669.4151289127767,14669.3524510667648,30.3552132905331966,120.000726456286657,20886.4855032802225,69.842092535475004,750.00586247832905,0.708427414968125446,748.365505239178219,0.00959806295277987331,49.5768517339391224,749.98906627564088,5.01937887348310952,0.00767428527871061306,-4.79550126438725458e-06,-5.0494511638259586e-05,7.23839625471896871e-05,-1.066190981560787e-08,0.066139953283527772,0.00667970478945158208,0.0661501855838002167,1.27973172387291636e-05,0.0659340071913100401,-2.70352629814540245e-05,0.993725869480632462,0.678914671309154283,0,0,0,3056.09576076360327,4632.40977050953734,548.343066933834052,466.393289000222751,0.00151234560858110913,1,-0.176063294604936582,4.05300883910402485e-05,0.678914671309154283
91.89996324,91.8999632399925588,14669.4142838604748,14669.3516055065156,30.3554193513391048,120.000728047356517,20909.3290852967293,69.9949125826344982,750.006217542379432,0.708427748062783635,748.365827487631805,0.0095981548477563905,49.5773588329831796,749.989384812512071,5.02483250655502101,0.00923045959788737491,-4.79538753748427824e-06,-4.99653692447771562e-05,7.2384681491511867e-05,-1.06882309528426801e-08,0.066138524652833916,0.00668697311651338458,0.0661508318300465109,1.27974337059092867e-05,0.0659295208345396511,-2.70356526461698324e-05,0.993737920698383626,0.678906341213343145,0,0,0,3056.02113890728288,4632.32656539755044,548.340480835893004,466.393292009579568,0.00151234565011123634,1,-0.176066985263652387,4.05303335313493624e-05,0.678906341213343145
91.9999632,91.9999631999925498,14669.4132850803435,14669.3506062247161,30.355625412224331,120.000729640157516,20932.1726768268782,70.1478984199701898,750.006560313830619,0.708428069130538685,748.366137353498743,0.00959824573180512175,49.5778668788965433,749.989691014281675,5.03028612574287326,0.0107488979289129816,-4.795278503281232e-06,-4.94416922078095279e-05,7.2385394128197261e-05,-1.07087248213748401e-08,0.0661371486885495852,0.00669424153001246542,0.0661514804267635953,1.27975490348389155e-05,0.0659251250853364196,-2.703603888787111e-05,0.993749956786751043,0.678898187396576924,0,0,0,3055.94810328790209,4632.2433618261839,548.337894785922003,466.393295566383927,0.00151234569919632498,1,-0.176070689403369701,4.05305721371582338e-05,0.678898187396576924
92.09996316,92.0999631599925408,14669.4121363461018,14669.3494569913546,30.3558314731855319,120.000731234689624,20955.0162775004865,70.3010500436992771,750.006890919359421,0.708428378301250716,748.366434987939328,0.00959833560677170183,49.5783755062440719,749.989985007854898,5.03573973118192519,0.0122296401505792574,-4.79517411977080431e-06,-4.89236155944931111e-05,7.23861004554244908e-05,-1.07235202083064036e-08,0.0661358248378671326,0.00670151002934204782,0.066152130874480547,1.2797663225824569e-05,0.0659208199490395885,-2.70364217060084244e-05,0.9937619721600367,0.678890209776180642,0,0,0,3055.87665299649416,4632.16015976220569,548.335308782888205,466.39329965719719,0.00151234575565091706,1,-0.176074405316283433,4.05308042479704666e-05,0.678890209776180642
92.19996312,92.1999631199925318,14669.4108414202929,14669.3481615600977,30.3560375342193538,120.00073283095287,20977.8598869445414,70.4543674555039559,750.007209488537228,0.708428675707484024,748.366720544494001,0.00959842447551784161,49.5788843574753741,749.990266923026979,5.04119332303133749,0.0136727438536468071,-4.79507434110597487e-06,-4.84112699801388999e-05,7.23868004735484969e-05,-1.07327445139274258e-08,0.0661345525346499069,0.00670877861389517112,0.0661527826840072192,1.27977762804779409e-05,0.0659166053822806963,-2.70368011015566596e-05,0.993773961349003199,0.678882408185712549,0,0,0,3055.80678637418987,4632.07695917242017,548.332722825759561,466.393304268620398,0.0015123458192901017,1,-0.176078131331650067,4.05310299041847824e-05,0.678882408185712549
92.29996308,92.2999630799925228,14669.4094040617347,14669.3467236976958,30.3562435953225034,120.000734428947226,21000.7035047955615,70.6078506516014954,750.007516153702454,0.708428961484405928,748.366994178957043,0.00959851234066544379,49.5793930828883163,749.990536892351884,5.04664690147199746,0.0150782839188536855,-4.79497912335590844e-06,-4.79047809985783777e-05,7.23874941872659078e-05,-1.07365255841547133e-08,0.0661333311999581508,0.00671604728306451904,0.0661534353763966881,1.27978882000435784e-05,0.0659124813045474378,-2.70371770818057641e-05,0.993785919040529375,0.678874782377018704,0,0,0,3055.73850103018231,4631.99376002367262,548.330136913505612,466.39330938726772,0.00151234588992915056,1,-0.176081865810446991,4.05312491492885912e-05,0.678874782377018704
92.39996304,92.3999630399925138,14669.4078280255198,14669.3451471611443,30.3564496564917015,120.000736028672733,21023.5471306883228,70.7614996350400816,750.007811049836732,0.708429235769671206,748.36725604925914,0.00959859920668471034,49.5799013405342635,749.990795051021564,5.05210046670850854,0.0164463521081472663,-4.79488842113856513e-06,-4.74042692067833799e-05,7.23881816042668881e-05,-1.07349913045387437e-08,0.0661321602424774502,0.00672331603624303897,0.0661540884828294429,1.27979989881851007e-05,0.0659084475860679947,-2.7037549656306363e-05,0.993797840025207768,0.678867332022108583,0,0,0,3055.67179385828649,4631.91056228286925,548.327551045097493,466.393314999766801,0.00151234596738352334,1,-0.176085607144769951,4.05314620293719034e-05,0.678867332022108583
92.499963,92.4999629999925048,14669.406117040664,14669.3434356751222,30.3566557177237648,120.000737630129365,21046.3907642731247,70.9153144020369695,750.008094314443952,0.708429498703246008,748.367506315344372,0.00959868507672245741,49.580408796237748,749.991041536741818,5.05755401896601864,0.0177770566450021761,-4.7948021885639157e-06,-4.69098501223054245e-05,7.23888627355368723e-05,-1.07282687774054985e-08,0.0661310390591159369,0.0067305848728249091,0.0661547415446502446,1.27981086467584195e-05,0.0659045040629225309,-2.70379188308476486e-05,0.99380971925166095,0.678860056715126725,0,0,0,3055.60666105660539,4631.82736591699086,548.32496521950884,466.39332109283805,0.00151234605146995517,1,-0.176089353770147061,4.05316685921339564e-05,0.678860056715126725
92.59996296,92.5999629599924958,14669.404274854809,14669.3415929869298,30.3568617790154782,120.000739233317134,21069.2344051893087,71.0692949529079527,750.008366087424292,0.708429750427410521,748.36774513904686,0.00959876995496777852,49.5809151235636136,749.991276489609504,5.06300755849117845,0.0190705218264852761,-4.7947203776399204e-06,-4.64216328355777588e-05,7.2389537594576102e-05,-1.07164844872948122e-08,0.0661299670354875274,0.0067378537922051316,0.0661553941133352086,1.27982171789680299e-05,0.065900650523285767,-2.70382846136849057e-05,0.993821551768841016,0.678852955974310057,0,0,0,3055.5430981412278,4631.744170893111,548.322379435715789,466.393327653135543,0.00151234614200427241,1,-0.176093104137951317,4.05318688870635513e-05,0.678852955974310057
92.69996292,92.6999629199924868,14669.402305174619,14669.339622808362,30.3570678403636975,120.000740838236069,21092.0780530917691,71.2234412893350708,750.008626510961449,0.708429991086491073,748.367972683976859,0.00959885384615288828,49.5814200038210515,749.991500051997264,5.06846108555129859,0.0203268875822999462,-4.79464293863174546e-06,-4.59397218661295362e-05,7.23902061974873105e-05,-1.06997643311197911e-08,0.0661289435465165637,0.00674512279377941556,0.0661560457505071531,1.27983245887034394e-05,0.0658968867242542555,-2.70386470121837838e-05,0.993833332787010248,0.678846029243860394,0,0,0,3055.48109996782705,4631.66097717839966,548.319793692697999,466.393334667459271,0.00151234623880430762,1,-0.176096856749952846,4.05320629654770884e-05,0.678846029243860394
92.79996288,92.7999628799924778,14669.4002117104828,14669.3375288447332,30.3572739017653106,120.000742444886114,21114.9217076339846,71.3777534048029594,750.008875729395186,0.708430220826860801,748.368189115387054,0.00959893675516587663,49.5819231261561413,749.991712368427329,5.07391460043355202,0.0215463091131411488,-4.79456982081907833e-06,-4.54642137107471212e-05,7.23908685631191628e-05,-1.06782343827164582e-08,0.0661279679570533768,0.00675239187694517094,0.0661566960280703525,1.27984308800250039e-05,0.0658932123766120259,-2.70390060380855451e-05,0.993845057616032035,0.678839275895967154,0,0,0,3055.42066074629474,4631.57778474014867,548.317207989438316,466.393342122596039,0.00151234634168771905,1,-0.176100610130456359,4.05322508814177294e-05,0.678839275895967154
92.89996284,92.8999628399924688,14669.3979981392622,14669.335314775466,30.3574799632172585,120.000744053267297,21137.7653684768484,71.5322313009936295,750.009113889112314,0.708430439796735367,748.368394600062288,0.00959901868715062889,49.5824241875658913,749.991913585460793,5.07936810344477685,0.0227289564331201177,-4.79450097202139619e-06,-4.49951997782713374e-05,7.23915247128014121e-05,-1.06520199642343909e-08,0.0661270396225131091,0.00675966104110147566,0.0661573445282388622,1.27985360572990138e-05,0.065889627159374034,-2.70393617081993418e-05,0.993856721718037073,0.678832695232635674,0,0,0,3055.36177406004026,4631.49459354577903,548.314622324923903,466.393350005451964,0.00151234645047380336,1,-0.17610436284723463,4.05324326905359862e-05,0.678832695232635674
92.9999628,92.9999627999924598,14669.3956681340933,14669.332984267121,30.3576860247164966,120.000745663379675,21160.6090352826723,71.6868749823213989,750.009341138424929,0.70843064814613943,748.368589306192234,0.00959909964809657623,49.5829228929807186,749.99210385157869,5.08482159491150298,0.0238750139852186294,-4.79443634025760845e-06,-4.4532764281512196e-05,7.23921746709103387e-05,-1.06212452754577581e-08,0.0661261578895093877,0.0067669302856497816,0.0661579908436573938,1.27986401259860975e-05,0.0658861307131836105,-2.7039714034165968e-05,0.993868320678958139,0.678826286487687391,0,0,0,3055.30443288128708,4631.4114035628545,548.31203669814613,466.393358302946467,0.00151234656498204739,1,-0.176108113492471408,4.05326084496316385e-05,0.678826286487687391
93.09996276,93.0999627599924509,14669.3932253532112,14669.3305409895202,30.3578920862600654,120.000747275223162,21183.4527077243511,71.8416844395384828,750.009557627460822,0.708430846026771865,748.368773403260548,0.00959917964378043109,49.5834189552761018,749.992283317069337,5.09027507517763311,0.0249846801930146967,-4.79437586964437759e-06,-4.40769864909159966e-05,7.23928184630963226e-05,-1.05860339648896627e-08,0.0661253220964772154,0.00677419960999296744,0.0661586345774265172,1.27987430912320918e-05,0.0658827226445410224,-2.70400630298664776e-05,0.993879850221126238,0.678820048828599476,0,0,0,3055.24862958874655,4631.32821475909532,548.309451108101371,466.393367002052116,0.00151234668503267026,1,-0.176111860688101307,4.05327782173212772e-05,0.678820048828599476
93.19996272,93.1999627199924419,14669.3906734064221,14669.3279885477605,30.3580981478449914,120.000748888797858,21206.2963854709196,71.9966596811577801,750.009763508047627,0.708431033591806925,748.368947061931522,0.00959925868125921511,49.5839120952322787,749.992452133914981,5.09572854460654412,0.0260581670555737333,-4.79431950686545191e-06,-4.36279398567046163e-05,7.23934561187566928e-05,-1.05465087993304972e-08,0.0661245315741687961,0.00678146901353682448,0.0661592753430589459,1.27988449598607027e-05,0.0658794025258174626,-2.70404087188783782e-05,0.9938913061986554,0.678813981358465823,0,0,0,3055.19435598759674,4631.24502710238812,548.306865553790999,466.393376089913716,0.00151234681044826397,1,-0.176115603105147567,4.05329420536287537e-05,0.678813981358465823
93.29996268,93.2999626799924329,14669.3880159147084,14669.3253305567141,30.3583042094683933,120.000750504103678,21229.1400682030398,72.1518006979314777,750.009958933601752,0.708431210995949079,748.369110453935491,0.0095993367670557106,49.5844020415795512,749.992610455678459,5.10118200357793228,0.0270956997296849522,-4.79426719861269092e-06,-4.31856921445559781e-05,7.23940876699428776e-05,-1.05027921020736009e-08,0.0661237856462813245,0.00678873849568979552,0.0661599127645498414,1.27989457379560221e-05,0.0658761698978064941,-2.70407511168507087e-05,0.993902684603872655,0.678808083117910632,0,0,0,3055.14160332177653,4631.16184056079874,548.304280034222188,466.393385553636449,0.00151234694105087776,1,-0.176119339426609234,4.05331000204918411e-05,0.678808083117910632
93.39996264,93.3999626399924239,14669.3852564543486,14669.3225706021913,30.3585102711273933,120.000752121140678,21251.9837556045532,72.3071074942737937,750.01014405902049,0.708431378395181333,748.369263751967651,0.00959941390809504469,49.5848885309002867,749.992758437397697,5.10663545248856909,0.0280975160957623871,-4.79421888858811752e-06,-4.27503070763879405e-05,7.23947131501077726e-05,-1.04550050876547297e-08,0.066123083629913551,0.0067960080558631163,0.0661605464762552858,1.27990454321131537e-05,0.0658730242691079743,-2.70410902433162419e-05,0.993913981559452542,0.678802353086906729,0,0,0,3055.09036229493131,4631.07865510258671,548.301694548407454,466.393395380484776,0.00151234707666475922,1,-0.176123068380167669,4.05332521809547612e-05,0.678802353086906729
93.4999626,93.4999625999924149,14669.3823985904455,14669.3197122408565,30.3587163328191849,120.000753739908845,21274.8274473600359,72.4625800677678171,750.010319040574586,0.708431535946753121,748.369407129586762,0.00959949011220251336,49.5853713075258611,749.99289623547611,5.11208889175257752,0.0290638663468598679,-4.79417452094930253e-06,-4.23218445068750788e-05,7.23953325953518814e-05,-1.04032685827746058e-08,0.0661224248359857797,0.00680327769347172616,0.066161176122764051,1.27991440501037805e-05,0.0658699651160375294,-2.70414261180514184e-05,0.993925193312356403,0.678796790186664833,0,0,0,3055.04062308469202,4630.99547069621167,548.299109095366589,466.393405557762662,0.00151234721711469996,1,-0.176126788717352822,4.0533398600011084e-05,0.678796790186664833
93.59996256,93.5999625599924059,14669.3794458545744,14669.3167590100838,30.3589223945409721,120.000755360408192,21297.6711431625117,72.6182184187292279,750.010484035801596,0.708431683809020774,748.369540761116014,0.00959956538627437794,49.5858501234179698,749.993024007577787,5.11754232179831003,0.0299950125948811319,-4.79413403927255561e-06,-4.19003598472182754e-05,7.23959460440129314e-05,-1.03477020990473282e-08,0.0661218085696161084,0.00681054740793326282,0.0661618013587483567,1.27992415984391024e-05,0.0658669918859071807,-2.70417587656556774e-05,0.993936316240656703,0.678791393281507505,0,0,0,3054.99237536064584,4630.91228731034607,548.296523674124842,466.393416072893729,0.00151234736222714003,1,-0.176130499226440002,4.05335393434841802e-05,0.678791393281507505
93.69996252,93.6999625199923969,14669.3764017447829,14669.313714405147,30.3591284562900476,120.000756982638734,21320.5148427103122,72.7740225474733506,750.010639203403343,0.708431822141348588,748.369664821547076,0.00959963973975108686,49.586324738075632,749.993141912523242,5.12299574307222194,0.0308912284576621232,-4.79409738677185964e-06,-4.14859051580116202e-05,7.23965535365872563e-05,-1.02884244887009135e-08,0.0661212341305538881,0.00681781719866935646,0.0661624218488485599,1.27993380870024778e-05,0.0658641039975465109,-2.7042088210706849e-05,0.99394734684995778,0.678786161180674696,0,0,0,3054.94560830133241,4630.82910491388793,548.293938283715079,466.39342691342091,0.00151234751183016857,1,-0.176134198731635383,4.05336744787814602e-05,0.678786161180674696
93.79996248,93.7999624799923879,14669.3732697553933,14669.310581918171,30.359334518063708,120.000758606600442,21343.3585457049485,72.9299924502171706,750.01078470314269,0.708431951104093738,748.369779486443122,0.00959971317943209002,49.5867949184233794,749.99325011018891,5.12844915603216389,0.0317527986851473543,-4.79406450643863789e-06,-4.10785281852256749e-05,7.23971551158157048e-05,-1.02255535149504376e-08,0.0661207008135397123,0.00682508706510507636,0.0661630372675329342,1.27994335221376971e-05,0.065861300840555248,-2.70424144731938875e-05,0.993958281764830587,0.678781092640163841,0,0,0,3054.90031060765568,4630.74592347596808,548.291352923177442,466.393438066900444,0.00151234766575206116,1,-0.176137886074664962,4.0533804074375936e-05,0.678781092640163841
93.89996244,93.8999624399923789,14669.3700533211231,14669.3073649927737,30.3595405798593099,120.000760232293359,21366.2022518525191,73.0861281300084613,750.010920695746904,0.708432070858363017,748.369884931851175,0.00959978571432706929,49.5872604386841545,749.993348761407788,5.13390256115331756,0.0325800187579332601,-4.79403533989353648e-06,-4.06782735838582377e-05,7.23977508261092987e-05,-1.01592070250443671e-08,0.0661202079086779665,0.00683235700667042967,0.0661636472989361873,1.27995279131188598e-05,0.06585858177797628,-2.70427375787911983e-05,0.993969117733338736,0.678776186364474232,0,0,0,3054.85647052314698,4630.6627429659593,548.288767591558894,466.393449521100706,0.00151234782382401751,1,-0.176141560147702103,4.05339282011919191e-05,0.678776186364474232
93.9999624,93.9999623999923699,14669.3667558804154,14669.30406705323,30.3597466416742563,120.000761859717471,21389.0459608658384,73.2424295844302407,750.011047342808865,0.708432181566091002,748.369981334209456,0.00959985735222268488,49.5877210802727859,749.993438027871889,5.13935595892265962,0.0333731945236408478,-4.7940098258841471e-06,-4.02851819802501826e-05,7.2398340712893954e-05,-1.00895005178596476e-08,0.0661197547017878112,0.00683962702279898235,0.0661642516367259292,1.27996212675744582e-05,0.0658559461449728933,-2.70430575485317038e-05,0.993979851616289323,0.678771441008410026,0,0,0,3054.81407584487806,4630.57956335348808,548.286182287915267,466.393461263776885,0.00151234798587705408,1,-0.176145219854788371,4.05340469296645969e-05,0.678771441008410026
94.09996236,94.0999623599923609,14669.3633807972074,14669.3006914818143,30.3599527035060071,120.000763488872764,21411.8896724623119,73.3988968110655122,750.011164806690317,0.708432283389736517,748.370068870254727,0.00959992810399601382,49.5881766317328356,749.993518072036295,5.14480934984275695,0.0341326418297427381,-4.79398790451367331e-06,-3.98992896804447236e-05,7.23989248241715971e-05,-1.00165489648734012e-08,0.0661193404748180308,0.00684689711292771602,0.0661648499840267329,1.27997135972401861e-05,0.0658533932510254466,-2.70433744180129972e-05,0.993990480390872788,0.678766855178813522,0,0,0,3054.77311394592243,4630.4963846084429,548.283597011309666,466.393473282949628,0.0015123481517458552,1,-0.176148864158132135,4.05341603319064447e-05,0.678766855178813522
94.19996232,94.1999623199923519,14669.3599314540625,14669.2972416381508,30.3601587653520397,120.000765119759265,21434.7333863628664,73.5555298115956759,750.011273250425575,0.708432376492444726,748.370147716924976,0.00959999797758293028,49.5886268887590518,749.993589057021381,5.15026273442723515,0.034858686168490749,-4.79396951856348775e-06,-3.95206274484966234e-05,7.23995032109384768e-05,-9.94046562558241948e-09,0.0661189645063568338,0.0068541672765000802,0.0661654420534586035,1.2799804909918557e-05,0.0658509223811185596,-2.7043688212097247e-05,0.994001001151895047,0.678762427436403359,0,0,0,3054.7335717829792,4630.4132067009823,548.281011760813954,466.393485566572963,0.00151234832126417992,1,-0.176152492021154905,4.05342684802494411e-05,0.678762427436403359
94.29996228,94.2999622799923429,14669.3564111590385,14669.2937208495732,30.3603648272098674,120.000766752376975,21457.5771022916342,73.712328584970038,750.011372837634667,0.708432461037712069,748.370218051276652,0.00960006698310067463,49.5890716541157985,749.993651146528009,5.15571611320337553,0.0355516622845826191,-4.79395460660330519e-06,-3.91492225037627095e-05,7.24000759244275367e-05,-9.86136384657981904e-09,0.0661186260720551255,0.00686143751296306847,0.0661660275670356429,1.27998952163103737e-05,0.0658485327956287586,-2.70439989609376064e-05,0.994011411106553111,0.67875815629735281,0,0,0,3054.69543591933643,4630.3300296015459,548.278426535508743,466.393498102866545,0.00151234849426945951,1,-0.176156102463545378,4.05343714493985717e-05,0.67875815629735281
94.39996224,94.3999622399923339,14669.3528231941164,14669.2901323949845,30.3605708890771133,120.000768386725909,21480.4208199857603,73.869293131503639,750.011463732427273,0.708432537189427447,748.370280050385986,0.00960013513019219999,49.5895107376776423,749.993704504739753,5.16116948670955811,0.0362119138398071527,-4.79394310953121201e-06,-3.87850960604250653e-05,7.24006430186106186e-05,-9.77935519074692621e-09,0.066118324445135282,0.00686870782176859495,0.0661666062562288326,1.279998452647555e-05,0.0658462237338289652,-2.70443066942355026e-05,0.994021707584715086,0.67875404023513608,0,0,0,3054.65869253662368,4630.24685328085798,548.275841334482948,466.393510880142685,0.00151234867060039829,1,-0.176159694531255684,4.05344693141627225e-05,0.67875404023513608
94.4999622,94.4999621999923249,14669.3491708338261,14669.2864795403493,30.3607769509513687,120.000770022806037,21503.2645391782171,74.026423447413336,750.011546099315183,0.708432605111838809,748.370333891263726,0.00960020242833259374,49.5899439564078648,749.993749296236729,5.16662285549577049,0.0368397930246047167,-4.79393496611755458e-06,-3.84282653814606071e-05,7.2401204548332821e-05,-9.69455021247591752e-09,0.066118058896888432,0.00687597820237427666,0.0661671778619448148,1.28000728502431697e-05,0.0658439944104370206,-2.70446114358311488e-05,0.994031888021890575,0.678750077682136577,0,0,0,3054.62332744805553,4630.16367770993747,548.2732561568356,466.393523886740297,0.00151234885009607052,1,-0.176163267284125957,4.05345621503601855e-05,0.678750077682136577
94.59996216,94.5999621599923159,14669.3454572930932,14669.2827655064175,30.3609830128302995,120.000771660617431,21526.1082596086453,74.183719538478897,750.01162010312828,0.70843266496933377,748.370379750775896,0.00960026888732290473,49.5903711342584188,749.99378568591078,5.17207622012253321,0.0374356601901624231,-4.79393011415270282e-06,-3.80787438498035203e-05,7.24017605697117845e-05,-9.60705863989307641e-09,0.0661178286970383194,0.00688324865424227907,0.0661677421343998401,1.28001601978713405e-05,0.0658418440205667671,-2.70449132230598567e-05,0.994041949973276107,0.678746267031313688,0,0,0,3054.58932611728005,4630.08050286010621,548.270671001674259,466.393537111210549,0.00151234903259847889,1,-0.17616681982660215,4.05346500350224542e-05,0.678746267031313688
94.69996212,94.699962119992307,14669.3416857458651,14669.2789934718967,30.3611890747116391,120.000773300160034,21548.951981027647,74.3411813981846024,750.01168590892587,0.708432716926405859,748.370417805557508,0.00960033451739938926,49.5907921021435527,749.993813838878282,5.17752958116181627,0.0379998834954236031,-4.79392849069466164e-06,-3.77365406325632459e-05,7.24023111401120089e-05,-9.51698837828250013e-09,0.0661176331141840878,0.00689051917684091551,0.0661682988330922345,1.28002465801943846e-05,0.0658397717425418666,-2.70452120806854136e-05,0.994051891120454556,0.678742606637947388,0,0,0,3054.55667367259321,4629.99732870299613,548.268085868116486,466.39355054225058,0.00151234921795164096,1,-0.176170351295665994,4.05347330451640478e-05,0.678742606637947388
94.79996208,94.799962079992298,14669.3378593474627,14669.2751665799824,30.3613951365931278,120.000774941433875,21571.7957031837104,74.4988090282117383,750.011743681911753,0.708432761147634538,748.370448231931277,0.00960039932920597749,49.5912066978840471,749.993833920393399,5.18298293919527442,0.0385328385566552356,-4.79393003289324755e-06,-3.74016606288418699e-05,7.24028563183766157e-05,-9.42444620223938522e-09,0.066117471416200585,0.00689778976964333917,0.0661688477267353692,1.28003320085875649e-05,0.065837776728571884,-2.70455080448426382e-05,0.994061709231028212,0.678739094821200317,0,0,0,3054.52535491923845,4629.9141552105566,548.265500755289509,466.393564168623755,0.00151234940600048981,1,-0.17617386084662201,4.05348112585893539e-05,0.678739094821200317
94.89996204,94.899962039992289,14669.3339811936021,14669.2712879319261,30.3616011984725951,120.000776584438967,21594.6394258362525,74.6566024288753738,750.011793587353282,0.708432797797498237,748.370471205830313,0.00960046333421038511,49.5916147661383775,749.993846095769868,5.18843629481457302,0.0390349080849787811,-4.79393467990365803e-06,-3.70741049025025284e-05,7.24033961655050416e-05,-9.32953754324832237e-09,0.0661173428706374605,0.00690506043212825091,0.0661693885931729092,1.28004164955232805e-05,0.0658358581160599365,-2.70458011562300608e-05,0.994071402197818865,0.67873572986579489,0,0,0,3054.49535435736425,4629.83098235505804,548.262915662330556,466.39357797930586,0.00151234959659288541,1,-0.17617734767694293,4.05348847536078085e-05,0.67873572986579489
94.999962,94.99996199999228,14669.3300543613732,14669.2673606160424,30.3618072603478737,120.00077822917531,21617.4831487464871,74.8145615991243034,750.011835790500186,0.708432827040407997,748.370486902720927,0.00960052654220211465,49.5920161583554773,749.993850530297436,5.19388964861918101,0.0395064815338059816,-4.79394237082620962e-06,-3.6753871007956568e-05,7.24039307438267956e-05,-9.23236662173337215e-09,0.066117246745131808,0.00691233116378059051,0.0661699212193226916,1.28005000512365187e-05,0.0658340150263430623,-2.70460914405248212e-05,0.994080968029700252,0.678732510023646318,0,0,0,3054.46665619364921,4629.7478101091001,548.260330588387546,466.393591963338849,0.00151234978957760433,1,-0.176180811000765186,4.05349536091741445e-05,0.678732510023646318
95.09996196,95.099961959992271,14669.3260818868876,14669.2633876429809,30.3620133222168782,120.000779875642905,21640.3268716808961,74.972686537907407,750.011870456508746,0.708432849040576351,748.370495497536012,0.0096005889643846487,49.5924107326092098,749.993847389167172,5.19934300121811965,0.0399479547472978425,-4.79395304319375391e-06,-3.64409538317252089e-05,7.24044601162849503e-05,-9.13303627388851843e-09,0.0661171823076627529,0.00691960196409107785,0.0661704454009624521,1.28005826878490001e-05,0.065832246561983665,-2.70463789346613946e-05,0.994090404835349051,0.678729433515352643,0,0,0,3054.43924435595954,4629.66463844561895,548.257745532618173,466.393606109910706,0.00151234998480543953,1,-0.17618425006191693,4.05350179046482745e-05,0.678729433515352643
95.19996192,95.199961919992262,14669.3220667503774,14669.2593720139212,30.362219384077541,120.000781523841781,21663.1705944119749,75.1309772469057151,750.011897750363346,0.708432863961901971,748.370497164606832,0.00960065061199477654,49.5927983534724603,749.993836837394497,5.20479635322835144,0.0403597296196949173,-4.79396663390964112e-06,-3.61353458823366935e-05,7.24049843467696017e-05,-9.03164834197933813e-09,0.0661171488268445517,0.00692687283255605767,0.0661709609425682882,1.28006644175296523e-05,0.0658305518110808702,-2.70466636732361303e-05,0.994099710834153938,0.678726498531797007,0,0,0,3054.41310250970764,4629.58146733788908,548.255160494190591,466.393620408408367,0.00151235018212992375,1,-0.176187664142350903,4.05350777202443408e-05,0.678726498531797007
95.29996188,95.299961879992253,14669.3180119022727,14669.2553166814178,30.3624254459278333,120.000783173771907,21686.0143167139904,75.2894337223357439,750.011917836801786,0.708432871967970001,748.370492077594008,0.00960071149609609265,49.5931788918962297,749.993819039742107,5.21024970527467701,0.0407422137795450112,-4.79398308216379712e-06,-3.58370364483840204e-05,7.24055035011946175e-05,-8.92830299395938577e-09,0.0661171455721923929,0.00693414376867859585,0.0661714676571599075,1.28007452522205728e-05,0.0658289298457162553,-2.7046945694346185e-05,0.994108884345291766,0.678723703235717957,0,0,0,3054.38821406879742,4629.49829675953242,548.252575472284548,466.393634848324893,0.00151235038140605971,1,-0.176191052546086552,4.05351331361816487e-05,0.678723703235717957
95.39996184,95.399961839992244,14669.3139202557504,14669.2512245399012,30.3626315077658191,120.000784825433314,21708.8580383728658,75.4480559658783818,750.01193088024354,0.708432873221964243,748.370480409424658,0.00960077162819450436,49.5935522250954364,749.993794160649827,5.21570305798957445,0.0410958202603595169,-4.7940023250149993e-06,-3.55460120838729934e-05,7.24060176457421649e-05,-8.82309956421175053e-09,0.0661171718144146353,0.00694141477196822711,0.0661719653661542034,1.2800825204458896e-05,0.0658273797233835806,-2.70472250325729189e-05,0.994117923787892432,0.678721045763176045,0,0,0,3054.36456220995979,4629.41512668452378,548.249990466090026,466.393649419286078,0.00151235058249068002,1,-0.176194414603128513,4.05351842336781017e-05,0.678721045763176045
95.4999618,95.499961799992235,14669.3097946681082,14669.2470984612555,30.362837569589523,120.000786478826043,21731.7017591685071,75.6068439805808481,750.011937044716319,0.708432867886547135,748.370462332223155,0.00960083101932118765,49.593918236475929,749.993762364162421,5.22115641201149838,0.0414209671993717166,-4.79402430072735293e-06,-3.52622556469046081e-05,7.24065268480429322e-05,-8.71613564927612547e-09,0.0661172268257236573,0.00694868584194029398,0.0661724538992743139,1.28009042861553554e-05,0.0658259004860915348,-2.7047501724129057e-05,0.994126827673277202,0.678718524225089603,0,0,0,3054.34212988783884,4629.33195708718995,548.247405474808147,466.393664111116664,0.00151235078524336489,1,-0.176197749680141152,4.0535231093823274e-05,0.678718524225089603
95.59996176,95.599961759992226,14669.3056379817426,14669.2429412818365,30.3630436313971366,120.000788133950024,21754.5454789023825,75.7657977585609217,750.011936493790358,0.708432856123909049,748.370438017248262,0.00960088968132710718,49.5942768155800309,749.993723813862061,5.22660976798572641,0.0417180775124492698,-4.79404894777197817e-06,-3.49857470086570508e-05,7.24070311767576543e-05,-8.60750713949822838e-09,0.0661173098802026876,0.00695595697811637707,0.0661729330944826888,1.28009825103214272e-05,0.0658244911641588937,-2.70477758066241703e-05,0.994135594615702889,0.678716136708677031,0,0,0,3054.32089984437653,4629.2487879422215,548.24482049765129,466.39367891369443,0.00151235098952442245,1,-0.176201057154987739,4.05352737975974862e-05,0.678716136708677031
95.69996172,95.699961719992217,14669.3014529645443,14669.2387557765287,30.3632496931867841,120.000789790805342,21777.3891973646387,75.9249173069641188,750.011929390509408,0.708432838095541251,748.370407634834237,0.00960094762578123095,49.5946278579464206,749.99367867279966,5.23206312656395767,0.0419875785816472558,-4.79407620309471919e-06,-3.47164636047836767e-05,7.24075307008312621e-05,-8.49730912944759756e-09,0.0661174202540398964,0.00696322818002530815,0.0661734027977998601,1.28010598896014482e-05,0.0658231507775055708,-2.70480473168933972e-05,0.994144223331943522,0.678713881278905196,0,0,0,3054.30085462685838,4629.1656192246719,548.2422355338432,466.3936938171625,0.00151235119519782307,1,-0.176204336452155719,4.05353124269387146e-05,0.678713881278905196
95.79996168,95.799961679992208,14669.2972423546016,14669.2345446782747,30.3634557549566715,120.000791449391954,21800.2329143574425,76.0842026206405677,750.011915897325025,0.708432813962295072,748.37037135432729,0.00960100486467396763,49.5949712650703418,749.99362710343155,5.23751648840305517,0.0422299019723766378,-4.7941060052999107e-06,-3.44543790469364021e-05,7.24080254906341416e-05,-8.38563495219831194e-09,0.0661175572258588945,0.00697049944720204515,0.066173862863257174,1.28011364372116753e-05,0.0658218783302067095,-2.70483162955278847e-05,0.994152712616630296,0.678711755979899967,0,0,0,3054.28197659672969,4629.08245090996388,548.239650582619106,466.393708811770125,0.0015123514021290075,1,-0.176207587015275113,4.05353470635456517e-05,0.678711755979899967
95.89996164,95.899961639992199,14669.2930088490248,14669.2303106812342,30.3636618167050862,120.000793109709903,21823.0766296907277,76.2436537026370758,750.011896176031428,0.708432783884290207,748.37032934402157,0.00960106140975724998,49.5953069443739309,749.993569267551038,5.24296985416514705,0.0424454831267482291,-4.79413829359055674e-06,-3.41994634231424126e-05,7.24085156175224896e-05,-8.27257713828938146e-09,0.0661177200770941553,0.00697777077918846841,0.0661743131528629014,1.28012121660615037e-05,0.0658206728200356611,-2.70485827805357935e-05,0.994161061375488986,0.678709758836438248,0,0,0,3054.26424794396689,4628.99928297389033,548.237065643225492,466.393723887912529,0.00151235161018542204,1,-0.176210808313002676,4.05353777900082789e-05,0.678709758836438248
95.9999616,95.99996159999219,14669.2887551113963,14669.2260564537519,30.3638678784302982,120.000794771759175,21845.9203431723145,76.4032705505360781,750.011870387708541,0.708432748020880854,748.370281771109831,0.0096011172727274996,49.5956348090945198,749.993505326235095,5.24842322451704035,0.0426347610493564844,-4.79417300621797578e-06,-3.39516849148677893e-05,7.24090011532219449e-05,-8.15822624445206438e-09,0.0661179080922638662,0.00698504217553336856,0.0661747535364580336,1.28012870889984158e-05,0.0658195332317377535,-2.70488468090340465e-05,0.994169268594931488,0.678707887855180658,0,0,0,3054.24765069718705,4628.9161153926234,548.234480714920892,466.39373903610425,0.00151235181923616794,1,-0.176213999833909646,4.0535404688384458e-05,0.678707887855180658
96.09996156,96.099961559992181,14669.2844837419689,14669.2217845930954,30.3640739401306732,120.000796435539797,21868.7640546213188,76.563053166018193,750.011838692655601,0.708432706530512823,748.370228801623512,0.00960117246577141259,49.5959547781997685,749.993435439776249,5.25387660013017399,0.0427981780378843268,-4.79421008037466122e-06,-3.37110080927123756e-05,7.24094821696266038e-05,-8.04267135023167997e-09,0.0661181205592232257,0.00699231363579225825,0.0661751838916086743,1.28013612195367902e-05,0.0658184585440938913,-2.70491084190298927e-05,0.994177333364867688,0.678706141026162557,0,0,0,3054.23216673993784,4628.83294814271267,548.231895796975436,466.39375424708544,0.00151235202915345332,1,-0.176217161104029324,4.05354278407515936e-05,0.678706141026162557
96.19996152,96.199961519992172,14669.2801973074675,14669.217497667436,30.3642800018045875,120.000798101051728,21891.607763858261,76.7230015439334068,750.011801250336362,0.708432659570751633,748.370170600380561,0.0096012270003988931,49.5962667763180889,749.993359767627453,5.2593299816791319,0.0429361793807316872,-4.79424945467716538e-06,-3.34773953236628346e-05,7.24099587396812635e-05,-7.92599948264741584e-09,0.066118356769478151,0.00699958515952750406,0.0661756041035180959,1.28014345703028014e-05,0.0658174477232695426,-2.70493676482890925e-05,0.994185254849167643,0.678704516324053597,0,0,0,3054.21777781883975,4628.74978120108699,548.22931088867108,466.393769511715618,0.00151235223981113819,1,-0.176220291668181928,4.05354473284792754e-05,0.678704516324053597
96.29996148,96.299961479992163,14669.2758983187377,14669.2131981933089,30.3644860634504603,120.000799768295039,21914.4514707068556,76.8831156900607198,750.011758219318267,0.708432607298164929,748.370107330930864,0.00960128088921052836,49.5965707336655441,749.993278468342737,5.26478336984356421,0.0430492130883450841,-4.79429106852561379e-06,-3.32508055480308968e-05,7.24104309371112107e-05,-7.80829762505652671e-09,0.0661186160184516203,0.00700685674630888156,0.0661760140649342715,1.28015071553920432e-05,0.0658164997287391529,-2.70496245419883987e-05,0.994193032304466873,0.678703011709541282,0,0,0,3054.20446555834587,4628.66661454506448,548.22672598930194,466.393784821053259,0.00151235245108582365,1,-0.176223391102954929,4.05354632346217132e-05,0.678703011709541282
96.39996144,96.3999614399921541,14669.2715892605484,14669.2088886451675,30.3646921250668065,120.000801437269715,21937.2951750035245,77.0433956019822972,750.011709757218227,0.708432549868352579,748.370039155503946,0.00960133414470920599,49.5968665860026476,749.993191699522754,5.27023676530531038,0.0431377296054975545,-4.79433486122226243e-06,-3.3031194956928635e-05,7.24108988360988592e-05,-7.68965038511875023e-09,0.0661188976058146582,0.00701412839571245381,0.0661764136760970983,1.28015789887859771e-05,0.0658156135152523081,-2.70498791408846244e-05,0.994200665084294943,0.678701625130629482,0,0,0,3054.19221146957034,4628.58344815234523,548.224141098173618,466.393800166249775,0.00151235266285540079,1,-0.176226458998004792,4.05354756411023073e-05,0.678701625130629482
96.4999614,96.4999613999921451,14669.267272554338,14669.2045714523247,30.3648981866521268,120.000803107975742,21960.1388765818629,77.2038412772802189,750.011656020651571,0.708432487435796898,748.369966234966682,0.00960138677839239563,49.5971542744975977,749.993099617763278,5.27569016874899255,0.0432021815267304987,-4.79438077223600913e-06,-3.28185180267183738e-05,7.24113625112003472e-05,-7.57014040932668082e-09,0.0661192008356864119,0.00702140010732228183,0.0661768028445601231,1.28016500831425362e-05,0.0658147880294481791,-2.70501314781109982e-05,0.994208152621313568,0.678700354523844807,0,0,0,3054.18099696450508,4628.50028200102315,548.221556214604561,466.39381553868202,0.00151235287500086214,1,-0.176229494978031864,4.0535484629154648e-05,0.678700354523844807
96.59996136,96.5999613599921361,14669.2629505954683,14669.2002489987935,30.3651042482049505,120.000804780413205,21982.9825752779398,77.3644527230994186,750.011597165175317,0.708432420153909725,748.369888728774072,0.00960143880261066229,49.5974337456273133,749.993002378599726,5.28114358086186542,0.0432430233356910776,-4.79442874064180011e-06,-3.2612726923672439e-05,7.24118220371415582e-05,-7.44985049088394773e-09,0.0661195250168550713,0.00702867188072920507,0.0661771814850632967,1.28017204522750712e-05,0.0658140222110967926,-2.70503815986312409e-05,0.994215494427636459,0.678699197815551436,0,0,0,3054.1708033640175,4628.41711606957779,548.2189713379247,466.393830929819785,0.00151235308740449025,1,-0.176232498679993577,4.05354902818447289e-05,0.678699197815551436
96.69996132,96.6999613199921271,14669.2586257085204,14669.1959236234416,30.3653103097239416,120.000806454582019,22005.8262709447881,77.5252299301913581,750.011533345243151,0.708432348174869553,748.369806794931037,0.00960149022982248468,49.5977049510540269,749.992900136461117,5.28659700233352758,0.043260711138863428,-4.79447870657817712e-06,-3.24137718102914077e-05,7.24122774893251484e-05,-7.32886022571326164e-09,0.0661198694629717559,0.0070359437155310808,0.0661775495193721586,1.28017901101595614e-05,0.0658133149959953673,-2.70506295418544853e-05,0.994222690101534412,0.678698152923113973,0,0,0,3054.16161191281481,4628.33395033688612,548.216386467476582,466.393846331384907,0.00151235329995204099,1,-0.176235469779602971,4.05354926800154954e-05,0.678698152923113973
96.79996128,96.7999612799921181,14669.2543001919985,14669.1915976166074,30.3655163712077076,120.000808130482255,22028.6699634279903,77.6861729043347964,750.011464714151998,0.708432271649691692,748.369720589945132,0.00960154107229227449,49.5979678475372907,749.99279304461777,5.29205043385522789,0.0432557024080750807,-4.79453061093207958e-06,-3.22216008864402911e-05,7.24127289436661813e-05,-7.207248397357001e-09,0.0661202334927807472,0.00704321561133352311,0.0661779068761649547,1.28018590705329076e-05,0.065812665316644467,-2.70508753477115112e-05,0.994229739325984241,0.678697217756184079,0,0,0,3054.15340378661585,4628.25078478221803,548.213801602614808,466.39386173519199,0.00151235351253055849,1,-0.176238407963964616,4.05354919051251236e-05,0.678697217756184079
96.89996124,96.8999612399921091,14669.2499762922525,14669.1872732266656,30.3657224326549411,120.000809808113914,22051.5136525816379,77.8472816444776754,750.011391423995178,0.708432190728113143,748.369630268786523,0.00960159134264637615,49.5982223968413791,749.992681255134585,5.29750387611951989,0.0432284557423017191,-4.79458439461803308e-06,-3.2036159746782408e-05,7.24131764762525154e-05,-7.08509257796028376e-09,0.0661206164303176774,0.00705048756774873022,0.0661782534909129971,1.28019273476350278e-05,0.0658120720982679486,-2.70511190629615831e-05,0.994236641849294167,0.678696390217840562,0,0,0,3054.14616010452073,4628.16761938523723,548.211216742706256,466.393877133241517,0.00151235372502963976,1,-0.176241312946905038,4.05354880387385696e-05,0.678696390217840562
96.9999612,96.9999611999921001,14669.2456562072039,14669.1829526535421,30.3659284940643808,120.000811487476994,22074.357338265112,78.0085561495681361,750.011313625620687,0.708432105558564285,748.36953598485195,0.00960164105288630054,49.5984685656228521,749.992564918827952,5.30295732981943502,0.0431794306021089369,-4.7946400001566461e-06,-3.18573926055807803e-05,7.24136201639152702e-05,-6.9624681765938758e-09,0.0661210176051162807,0.00705775958439648719,0.0661785893057343366,1.28019949548939371e-05,0.0658115342646003881,-2.70513607231750536e-05,0.994243397503234871,0.678695668205728797,0,0,0,3054.13986193949631,4628.08445412600668,548.208631887130423,466.39389251770632,0.00151235393734126962,1,-0.176244184466229192,4.05354811613486157e-05,0.678695668205728797
97.09996116,97.0999611599920911,14669.2413421012461,14669.1786380616268,30.3661345554347974,120.000813168571511,22097.2010203452119,78.1699964199201816,750.011231468585834,0.70843201628816499,748.369437889928918,0.00960169021465340222,49.5987063253063525,749.992444185222666,5.30841079564891416,0.0431090870695669537,-4.79469736794105138e-06,-3.16852424997396076e-05,7.24140600826929999e-05,-6.83944965309677757e-09,0.0661214363523676685,0.00706503166090445296,0.0661789142692316007,1.2802061905279404e-05,0.0658110507384148946,-2.70516003679614058e-05,0.994250006200684711,0.678695049613188939,0,0,0,3054.1344903264303,4628.00128898498497,548.20604703527863,466.393907880878714,0.00151235414935907745,1,-0.176247022274443249,4.05354713538054782e-05,0.678695049613188939
97.19996112,97.1999611199920821,14669.2370360679924,14669.1743315312433,30.3663406167649974,120.000814851397465,22120.0446986869538,78.331602454481839,750.011145101112675,0.708431923062583069,748.369336134157379,0.00960173884112380804,49.598935651981833,749.99231920250611,5.31386427430304931,0.0430178856424348055,-4.79475643944944445e-06,-3.15196494212394962e-05,7.24144963090797458e-05,-6.71610990326480397e-09,0.0661218720130599957,0.00707230379690682986,0.0661792283363587669,1.28021282138302494e-05,0.0658106204345754175,-2.70518380415332963e-05,0.994256467904771846,0.678694532330394784,0,0,0,3054.13002627584274,4627.91812394302815,548.203462186555043,466.393923215303005,0.00151235436098017526,1,-0.176249826161030632,4.05354586965555013e-05,0.678694532330394784
97.29996108,97.2999610799920731,14669.2327401787043,14669.1700351557974,30.366546678053826,120.000816535954925,22142.8883731624373,78.4933742590314409,750.011054670049361,0.708431826026127753,748.369230865992108,0.0096017869443154602,49.5991565263860252,749.99219011749085,5.31931776647627608,0.0429062869794307744,-4.79481715787498472e-06,-3.13605517914024577e-05,7.24149289201873544e-05,-6.59252017847173613e-09,0.0661223239342977887,0.00707957599204584592,0.0661795314683998048,1.28021938940644483e-05,0.0658102422728967656,-2.70520737830092988e-05,0.994262782675731982,0.678694114245451563,0,0,0,3054.12645077998968,4627.83495898139154,548.200877340375882,466.393938513603189,0.0015123545721027669,1,-0.176252595922440636,4.0535443269505605e-05,0.678694114245451563
97.39996104,97.3999610399920641,14669.2284564599395,14669.1657509445613,30.3667527393002032,120.000818222243822,22165.7320436547052,78.6553118256863542,750.010960320834329,0.708431725321655659,748.369122232178597,0.00960183453620144789,49.5993689337220189,749.992057075577236,5.32477127286258245,0.0427747516728231858,-4.79487946510593331e-06,-3.12078871479346304e-05,7.24153579925525438e-05,-6.46874997155206307e-09,0.066122791469366185,0.00708684824597089185,0.066179823632730797,1.28022589594641784e-05,0.0658099151687153855,-2.70523076342872065e-05,0.994268950629818016,0.678693793245357169,0,0,0,3054.12374482237419,4627.75179408173062,548.198292496170097,466.393953768562255,0.00151235478262725753,1,-0.176255331375452517,4.05354251518639678e-05,0.678693793245357169
97.499961,97.4999609999920551,14669.2241868637502,14669.1614808583836,30.3669588005030313,120.000819910264212,22188.5757100390219,78.8174151588588217,750.010862197454003,0.708431621090450769,748.369010377715767,0.00960188162965858183,49.5995728635896853,749.99192022071361,5.33022479415573525,0.0426237400537701205,-4.79494330510631735e-06,-3.10615903980254713e-05,7.24157836033724331e-05,-6.34486728999390694e-09,0.0661232739779020473,0.00709412055833810729,0.0661801048027307048,1.28023234247412839e-05,0.0658096380351904653,-2.70525396380284135e-05,0.994274971944454911,0.678693567217142579,0,0,0,3054.12188939145108,4627.66862922609562,548.195707653378804,466.393968973228823,0.00151235499245771349,1,-0.176258032374822737,4.05354044224281472e-05,0.678693567217142579
97.59996096,97.5999609599920461,14669.2199333310127,14669.157226838799,30.3671648616612941,120.000821600016096,22211.4193722040945,78.9796842574965581,750.010760442408923,0.708431513472363217,748.368895445825274,0.00960192823671146556,49.5997683099324718,749.991779695359696,5.33567833104860956,0.0424537119544652342,-4.79500862203225753e-06,-3.09215951111416716e-05,7.24162058297187535e-05,-6.22093906587764204e-09,0.0661237708261420004,0.00710139292881216584,0.0661803749577132838,1.2802387303496644e-05,0.0658094097902703762,-2.7052769835334824e-05,0.994280846882251157,0.678693434048854627,0,0,0,3054.12086548346497,4627.58546439694055,548.193122811455282,466.393984120691016,0.00151235520149874819,1,-0.176260698774535207,4.05353811600475255e-05,0.678693434048854627
97.69996092,97.6999609199920371,14669.2156977243721,14669.1529907464701,30.3673709227740147,120.000823291499501,22234.2630300407181,79.142119123279457,750.010655196678499,0.70843140260559434,748.368777577922174,0.00960197436937493265,49.5999552709417344,749.991635640454319,5.34113188423267538,0.0422651265224018857,-4.7950753609590137e-06,-3.07878325444261826e-05,7.24166247488378334e-05,-6.09703047174026332e-09,0.0661242813870464019,0.00710866535706471646,0.0661806340828024892,1.28024506093440298e-05,0.0658092293451012639,-2.70529982674738833e-05,0.994286575742597267,0.678693391630546428,0,0,0,3054.12065411725052,4627.50229957711235,548.190537969865773,466.393999204315719,0.00151235540965882309,1,-0.176263330467921725,4.05353554427821585e-05,0.678693391630546428
97.79996088,97.7999608799920281,14669.2114818915725,14669.1487744162896,30.3675769838402196,120.000824984714399,22257.1066834414778,79.3047197524231251,750.010546599687359,0.708431288626836908,748.368656913582754,0.00960202003979571117,49.6001337490453125,749.991488195380157,5.34658545439770183,0.0420584420015046589,-4.79514346679903918e-06,-3.06602316880594657e-05,7.2417040437604567e-05,-5.97320495469404808e-09,0.0661248050405783966,0.00711593784277458202,0.0661808821689200549,1.28025133560995412e-05,0.0658090956190451604,-2.70532249743472943e-05,0.994292158917472912,0.678693437855277915,0,0,0,3054.12123633781493,4627.41913474985813,548.187953128088338,466.394014217522852,0.00151235561684712715,1,-0.176265927348888796,4.05353273479018816e-05,0.678693437855277915
97.89996084,97.8999608399920191,14669.2072876133025,14669.1445796508524,30.3677830448590065,120.000826679660875,22279.9503323070603,79.4674861520715581,750.010434789277156,0.708431171671107363,748.368533590527022,0.00960206526023910101,49.6003037507357476,749.991337497936115,5.35203904223197657,0.0418341155041517254,-4.79521288438737527e-06,-3.05387217882876992e-05,7.24174529725779255e-05,-5.84952505972587077e-09,0.0661253411737796754,0.00712321038562819739,0.0661811192125585784,1.28025755577643433e-05,0.0658090075291761639,-2.70534499964182205e-05,0.994297596846175913,0.678693570619998132,0,0,0,3054.12259322843147,4627.33596989882335,548.185368285613663,466.394029153971076,0.00151235582297614942,1,-0.176268489342986612,4.05352969528584184e-05,0.678693570619998132
97.9999608,97.9999607999920102,14669.2031166292727,14669.1404081751534,30.3679891058295013,120.000828376338887,22302.7939765403025,79.6304183170741453,750.010319901672347,0.708431051871783346,748.368407744588922,0.00960211004351840813,49.6004652864973536,749.991183684303451,5.35749264842231288,0.0415926028519209012,-4.79528356118042018e-06,-3.0423229367289874e-05,7.24178624309462055e-05,-5.72605076117691399e-09,0.0661258891808905042,0.00713048298531918524,0.0661813452156871374,1.28026372290978224e-05,0.065808963995279357,-2.705367338170559e-05,0.994302890031412701,0.678693787826522232,0,0,0,3054.12470591752799,4627.25280500804638,548.182783441944594,466.394044007465084,0.00151235602796039276,1,-0.17627101639167847,4.05352643332322003e-05,0.678693787826522232
98.09996076,98.0999607599920012,14669.1989706382155,14669.1362616884016,30.3681951667508585,120.000830074748421,22325.6376160464861,79.793516245012384,750.010202071454614,0.708430929360580053,748.368279509697004,0.00960215440056622072,49.6006183707306718,749.991026889019849,5.36294627365121812,0.0413343583555487726,-4.79535544502489845e-06,-3.03136803901504121e-05,7.24182688896822589e-05,-5.60284197183875669e-09,0.0661264484635425143,0.00713775564154872037,0.0661815601856525354,1.28026983823797661e-05,0.065808963941588014,-2.70538951611430698e-05,0.994308039042822944,0.678694087382426758,0,0,0,3054.12755558634626,4627.16964006196213,548.180198596596369,466.394058771955429,0.00151235623171636991,1,-0.176273508451713995,4.05352295657302397e-05,0.678694087382426758
98.19996072,98.1999607199919922,14669.1948512792587,14669.1321418478656,30.3684012276222788,120.000831774889548,22348.4812507383213,79.956779941664152,750.010081431531489,0.708430804267470071,748.368149017850328,0.00960219834398357008,49.6007630216185476,749.990867244948163,5.36839991860097854,0.0410598346415511628,-4.79542848173956156e-06,-3.02099993928432737e-05,7.24186724245893138e-05,-5.47995647728908243e-09,0.0661270184308143105,0.00714502835402606052,0.0661817641350032349,1.28027590321430538e-05,0.0658090062913392337,-2.70541153820355593e-05,0.994313044492060705,0.678694467201934826,0,0,0,3054.13112347879769,4627.08647504539931,548.177613749096395,466.39407344160486,0.00151235643416352357,1,-0.176275965506314414,4.05351927256866439e-05,0.678694467201934826
98.29996068,98.2999606799919832,14669.1907601729035,14669.1280502460595,30.368607288443016,120.000833476762267,22371.3248805316907,80.1202094059768228,750.009958113114749,0.708430676720773755,748.368016399101066,0.0096022418858145997,49.6008992610807695,749.990704883256171,5.37385358394940127,0.0407694824663025202,-4.79550262047954924e-06,-3.01121095823169677e-05,7.24190731123086596e-05,-5.35745106481772996e-09,0.0661275984994213889,0.00715230112246631293,0.0661819570814306118,1.28028191922069554e-05,0.0658090899753550618,-2.70543340834103082e-05,0.99431790706327583,0.678694925206772548,0,0,0,3054.13539090519316,4627.00330994357864,548.175028898984465,466.394088010642633,0.00151235663522221583,1,-0.176278387540040882,4.05351538883755167e-05,0.678694925206772548
98.39996064,98.3999606399919742,14669.1866988763213,14669.1239884626975,30.3688133492123242,120.000835180366593,22394.1685053446054,80.2838046382639448,750.009832245694838,0.708430546847014786,748.367881781539495,0.00960228503725346627,49.6010271145997876,749.990539933388391,5.37930727037135714,0.0404637505250775575,-4.79557781059328057e-06,-3.00199343143800121e-05,7.24194710290797261e-05,-5.23538031037181738e-09,0.0661281880937383132,0.00715957394659351432,0.0661821390475384325,1.28028788752867837e-05,0.0658092139265649273,-2.70545513036925225e-05,0.994322627487501998,0.678695459326956407,0,0,0,3054.14033925371496,4626.92014474211192,548.172444045812085,466.394102473523333,0.00151235683481591981,1,-0.176280774565578779,4.05351131275240287e-05,0.678695459326956407
98.4999606,98.4999605999919652,14669.1826689057052,14669.1199579966487,30.3690194099295141,120.00083688570254,22417.0121251007149,80.4475656388388813,750.009703957018814,0.708430414770958694,748.367745291280357,0.0096023278104500065,49.6011466110977608,749.990372523047654,5.38476097853863589,0.0401430852970037222,-4.79565399948081591e-06,-2.99333959012954839e-05,7.24198662498749173e-05,-5.11379749698451255e-09,0.0661287866458448031,0.00716684682613770788,0.0661823100606804826,1.28029380954017897e-05,0.0658093770808870077,-2.70547670849786146e-05,0.994327206542333197,0.678696067501618705,0,0,0,3054.1459499953271,4626.83697942700019,548.169859189143494,466.394116824847629,0.00151235703287011612,1,-0.176283126610304264,4.05350705163955223e-05,0.678696067501618705
98.59996056,98.5999605599919562,14669.1786717288196,14669.1159603274791,30.3692254705939106,120.000838592770094,22439.8557397254481,80.6114924052830304,750.009573373064995,0.708430280615569563,748.367607052440917,0.00960237021676046965,49.6012577828900589,749.990202778166463,5.39021470911933154,0.0398079308885428418,-4.79573113631639048e-06,-2.98524150993106625e-05,7.24202588497553385e-05,-4.99275482062674619e-09,0.0661293935956738105,0.00717411976083748466,0.0661824701529006992,1.28029968655432768e-05,0.0658095783811196849,-2.70549814626529794e-05,0.994331645064393421,0.678696747679848555,0,0,0,3054.15220469241558,4626.75381398463014,548.167274328554299,466.394131059388599,0.0015123572293126756,1,-0.176285443720406443,4.05350261279925755e-05,0.678696747679848555
98.69996052,98.6999605199919472,14669.1747087687254,14669.1119968830426,30.3694315312049028,120.000840301569312,22462.6993491512876,80.7755849420077254,750.009440618024428,0.70843014450200259,748.367467187128,0.00960241226802871495,49.6013606655957346,749.990030822891868,5.3956684627776772,0.0394587288657248791,-4.79580917033019792e-06,-2.97769117763987474e-05,7.24206489032120488e-05,-4.872302598852618e-09,0.0661300083911171566,0.00718139275043760093,0.0661826193608152091,1.28030551993831563e-05,0.0658098167727622918,-2.70551944822550898e-05,0.994335943930211075,0.678697497821438289,0,0,0,3054.15908500465093,4626.670648401775,548.164689463632499,466.394145172078481,0.00151235742407365942,1,-0.176287725958332475,4.05349800340891011e-05,0.678697497821438289
98.79996048,98.7999604799919382,14669.1707814186811,14669.108069036216,30.369637591761915,120.000842012100193,22485.5429533124698,80.9398432479602974,750.009305814285767,0.708430006549629288,748.36732581542924,0.00960245397575754112,49.6014552980342955,749.989856779566594,5.40112224017383102,0.0390959180933023731,-4.7958880524084761e-06,-2.97068053264506842e-05,7.2421036484744103e-05,-4.75248983223326798e-09,0.0661306304881031509,0.00718866579469071634,0.066182757725475827,1.28031131101693284e-05,0.0658100912083210976,-2.70554061802068507e-05,0.99434010406973794,0.678698315897550808,0,0,0,3054.16657269420421,4626.58748266558996,548.162104593977801,466.394159157955698,0.00151235761708459369,1,-0.176289973393621568,4.05349323058689756e-05,0.678698315897550808
98.89996044,98.8999604399919292,14669.1668910123408,14669.1041781405856,30.369843652264354,120.000843724362724,22508.3865521461012,81.1042673207218598,750.009169082411859,0.708429866875935788,748.367183055395913,0.00960249535155011102,49.6015417221432813,749.989680768709377,5.40657604196349428,0.0387199345946314111,-4.79596773506718143e-06,-2.96420139567808758e-05,7.24214216688071066e-05,-4.63336366500653463e-09,0.0661312593506759999,0.00719593889335611806,0.0661828852922618782,1.28031706113146481e-05,0.0658104006459555996,-2.70556165991854176e-05,0.994344126458146516,0.678699199891516169,0,0,0,3054.17464963525072,4626.50431676361404,548.159519719202194,466.394173012270926,0.00151235780827993602,1,-0.176292186120655392,4.05348830132452751e-05,0.678699199891516169
98.9999604,98.9999603999919202,14669.16303884238,14669.1003254785956,30.3700497127117295,120.000845438356947,22531.2301455959532,81.2688571633376569,750.009030541127004,0.708429725596560922,748.367039023034977,0.00960253640695984956,49.6016199828958975,749.989502908999498,5.41202986879796466,0.0383312113992033687,-4.79604817015280934e-06,-2.95824552337931555e-05,7.24218045289041123e-05,-4.51497045690330685e-09,0.066131894451089468,0.00720321204620046323,0.0661830021107713967,1.28032277161969943e-05,0.0658107440486665474,-2.70558257744890556e-05,0.994348012109962931,0.678700147799499165,0,0,0,3054.18329781822786,4626.42115068376188,548.156934838928692,466.394186730420699,0.00151235799759615779,1,-0.176294364247181673,4.05348322261263867e-05,0.678700147799499165
99.09996036,99.0999603599919112,14669.1592261642218,14669.0965123068581,30.370255773103537,120.000847154082891,22554.0737336065176,81.4336127774868856,750.008890307300476,0.708429582825290227,748.366893832298615,0.00960257715318402205,49.6016901282188769,749.989323317263029,5.41748372132390532,0.0379301784021919275,-4.79612931135082478e-06,-2.95280459484641692e-05,7.2422185138548825e-05,-4.39735487381757656e-09,0.0661325352698863556,0.00721048525299792208,0.0661831082347127536,1.28032844377510193e-05,0.0658111203892100399,-2.70560337511923383e-05,0.994351762095284974,0.678701157631175778,0,0,0,3054.19249935577864,4626.33798441432282,548.1543499527927,466.394200307934284,0.00151235818497155727,1,-0.176296507891859966,4.05347800132954989e-05,0.678701157631175778
99.19996032,99.1999603199919022,14669.1554541885853,14669.0927398368003,30.3704618334393217,120.000848871540541,22576.9173161268773,81.5985341607506456,750.008748495931172,0.708429438674021639,748.366747595073093,0.00960261760171832179,49.6017522089181284,749.989142108454985,5.42293760018275073,0.0375172622354966734,-4.7962111128814822e-06,-2.94787016639704509e-05,7.24225635706944305e-05,-4.28056012660823556e-09,0.066133181295971899,0.00721775851352881963,0.0661832037218068048,1.28033407893411632e-05,0.0658115286418104184,-2.70562405651019166e-05,0.994355377505179217,0.678702227410404091,0,0,0,3054.20223648922092,4626.25481794396273,548.151765060440653,466.394213740500163,0.00151235837034663649,1,-0.176298617188573314,4.05347264426626449e-05,0.678702227410404091
99.29996028,99.2999602799918932,14669.1517240740359,14669.0890092411155,30.3706678937186361,120.000850590729939,22599.7608931092982,81.7636213161738965,750.008605220136587,0.708429293252735182,748.366600421171711,0.00960265776292779094,49.6018062786217797,749.988959395650113,5.42839150601045439,0.0370928861232115992,-4.79629352959633307e-06,-2.94343373030562031e-05,7.24229398977671248e-05,-4.16462831690165841e-09,0.0661338320267320923,0.00722503182758153784,0.066183288633711701,1.28033967828564482e-05,0.0658119677940046804,-2.70564462520727664e-05,0.994358859495147684,0.678703355175869771,0,0,0,3054.2124915952013,4626.17165126171585,548.149180161530921,466.394227023992471,0.00151235855366445358,1,-0.1763006922905202,4.05346715816580033e-05,0.678703355175869771
99.39996024,99.3999602399918842,14669.1480369605124,14669.0853216309606,30.3708739539411035,120.000852311651073,22622.6044645099246,81.9288742413377236,750.008460591139738,0.708429146669570797,748.366452418328208,0.00960269764840937512,49.6018523936926954,749.988775290029139,5.43384543943850051,0.0366574697524697513,-4.79637651606290181e-06,-2.93948672730764919e-05,7.24233141912792569e-05,-4.04959975089012872e-09,0.06613448696808924,0.00723230519495077825,0.0661833630359071196,1.28034524318607077e-05,0.0658124368365731599,-2.7056650853244668e-05,0.994362209243671691,0.678704538981663608,0,0,0,3054.22324718787058,4626.08848435698474,548.146595255733246,466.394240154351792,0.00151235873486898782,1,-0.176302733349899932,4.05346154963833545e-05,0.678704538981663608
99.4999602,99.4999601999918752,14669.1443939246237,14669.0816781014928,30.3710800141063331,120.000854034303998,22645.4480302859847,82.0942929406531192,750.008314718260749,0.708428999030700002,748.366303692195629,0.00960273726894911306,49.6018906130954065,749.988589900869783,5.43929940109246068,0.0362114291367845453,-4.79646002842796848e-06,-2.93602063835546351e-05,7.2423686522534006e-05,-3.93551395101618332e-09,0.0661351456345078276,0.00723957861543868091,0.0661834269975173639,1.28035077488690584e-05,0.0658129347712123197,-2.70568544051476723e-05,0.994365427978348593,0.678705776897888802,0,0,0,3054.23448592814339,4626.00531721953666,548.14401034272862,466.394253127744093,0.00151235891390732471,1,-0.176304740544703353,4.05345582527958192e-05,0.678705776897888802
99.59996016,99.5999601599918662,14669.1407960057259,14669.0780796896597,30.3712860742140087,120.000855758688687,22668.2915904027759,82.2598774103348802,750.008167708905262,0.708428850440384839,748.366154346342341,0.00960277663477437926,49.6019209983102769,749.9884033355371,5.44475339159189797,0.0357551765158703461,-4.7965440223737054e-06,-2.93302684202991394e-05,7.24240569617947609e-05,-3.82240911765419813e-09,0.0661358075490140057,0.00724685208885409837,0.0661834805911975521,1.28035627456843844e-05,0.0658134606061204358,-2.7057056942739212e-05,0.994368516956305459,0.67870706701124317,0,0,0,3054.24619062669308,4625.92214983949816,548.141425422209068,466.394265940468017,0.00151235909072838814,1,-0.176306714063061643,4.05344999160347586e-05,0.67870706701124317
99.69996012,99.6999601199918573,14669.1372442096472,14669.0745273936591,30.3714921342638036,120.000857484805181,22691.1351448231871,82.4256276534279237,750.008019668555448,0.708428701000980099,748.366004482245444,0.00960281575698029854,49.6019436132705778,749.988215699472335,5.45020741155076216,0.0352891202334006948,-4.7966284546205169e-06,-2.93049668025800061e-05,7.24244255788632164e-05,-3.71032123537229154e-09,0.0661364722432757624,0.00725412561501232074,0.066183523893050461,1.28036174352993681e-05,0.0658140133569195401,-2.70572585049182722e-05,0.994371477465426645,0.678708407425565707,0,0,0,3054.25834424887898,4625.83898220735682,548.13884049387832,466.394278588941802,0.001512359265282745,1,-0.176308654100708978,4.05344405493234978e-05,0.678708407425565707
99.79996008,99.7999600799918483,14669.1337394826114,14669.0710221761601,30.3716981942554476,120.000859212653495,22713.9786935188931,82.5915436702450307,750.007870700765238,0.708428550812857938,748.365854199292471,0.00960285464660692867,49.6019585242793255,749.988027096190194,5.45566146157741549,0.0348136646248136117,-4.79671328387516055e-06,-2.92842144103114755e-05,7.24247924433809307e-05,-3.59928533556176264e-09,0.066137139257641045,0.00726139919373548857,0.0661835569825157816,1.28036718306661681e-05,0.0658145920514089378,-2.70574591313416717e-05,0.994374310840480891,0.67870979626238459,0,0,0,3054.27092992127382,4625.75581431395312,548.136255557450568,466.394291069795713,0.00151235943752389083,1,-0.176310560876539568,4.05343802154505971e-05,0.67870979626238459
99.89996004,99.8999600399918393,14669.1302827633917,14669.0675649643072,30.371904254188685,120.000860942233658,22736.8222364608664,82.7576254624650289,750.007720907153612,0.708428399974542766,748.36570359478128,0.00960289331333719076,49.6019657999075889,749.987837627271347,5.46111554227290874,0.0343292099020615638,-4.79679846901241139e-06,-2.92679246577119496e-05,7.24251576241523087e-05,-3.48933577538797724e-09,0.0661378081411569257,0.00726867282485278102,0.0661835799422348797,1.28037259429604559e-05,0.0658151957234982682,-2.70576588559457619e-05,0.994377018436831461,0.678711231661384029,0,0,0,3054.28393093193472,4625.67264615048225,548.133670612651144,466.394303379686676,0.00151235960740568804,1,-0.176312434601101076,4.05343189770854425e-05,0.678711231661384029
99.99996,99.9999599999918303,14669.1268749199808,14669.0641566302602,30.3721103140633026,120.000862673545655,22759.6657736253983,82.9238730276685772,750.007570387400051,0.708428248582535391,748.365552763924256,0.00960293176767379464,49.6019655108607935,749.987647392357303,5.4665696542327229,0.0338361520543060124,-4.79688396834794848e-06,-2.9256011118923137e-05,7.24255211888172139e-05,-3.38050409731282657e-09,0.0661384784515231666,0.00727594650819990679,0.0661835928578725363,1.28037797844840281e-05,0.0658158234184206409,-2.70578577134515922e-05,0.994379601647516709,0.678712711780887989,0,0,0,3054.29733074002752,4625.58947770848044,548.131085659216183,466.394315515523601,0.00151235977488547958,1,-0.176314275514796226,4.0534256894178932e-05,0.678712711780887989
100.09996,100.099959959991821,14669.1235167980194,14669.0607980139594,30.3723163738790909,120.000864406589514,22782.5093049884163,83.0902863675343752,750.007419239237606,0.708428096731437695,748.365401799844335,0.00960297002067189709,49.6019577299334173,749.98745648914462,5.47202379804644146,0.0333348827759181177,-4.79696974330531643e-06,-2.92483859273799939e-05,7.24258832052563923e-05,-3.27282260703141889e-09,0.0661391497551286761,0.00728322024361872933,0.0661835958180570505,1.28038333683084818e-05,0.0658164741883861815,-2.7058055743424407e-05,0.994382061884512725,0.678714234798423743,0,0,0,3054.31111297663438,4625.50630897983592,548.128500696892843,466.394327474295096,0.00151235993992170472,1,-0.176316083858724715,4.05341940282330913e-05,0.678714234798423743
100.1999599,100.199959919991812,14669.1202091909945,14669.0574899165113,30.3725224336358757,120.000866141365279,22805.3528305314976,83.2568654851069709,750.007267558451304,0.7084279445138707,748.365250793576024,0.00960300808153746743,49.6019425319671541,749.987265013381148,5.47747797429547933,0.032825789350781065,-4.79705575610820105e-06,-2.92449614443066724e-05,7.24262437407398861e-05,-3.16632075769350856e-09,0.066139821627149778,0.0072904940309583173,0.0661835889143245204,1.28038867050730946e-05,0.0658171470968952621,-2.70582529832033836e-05,0.994384400593905649,0.67871579891111089,0,0,0,3054.32526145075462,4625.42313995677432,548.125915725438404,466.39433925317536,0.0015123601024753673,1,-0.176317859892151763,4.05341304379414354e-05,0.67871579891111089
100.2999599,100.299959879991803,14669.1169528737664,14669.0542331067791,30.3727284933335184,120.000867877872921,22828.1963502397339,83.4236103766010473,750.007115438879623,0.708427792020566049,748.365099834075522,0.00960304596061334337,49.6019199937316557,749.987073058871943,5.48293218355543832,0.0323092545582639445,-4.79714196754681024e-06,-2.92456505522537825e-05,7.24266028609756593e-05,-3.06102770164907618e-09,0.0661404936515167935,0.0072977678700736669,0.066183572240959318,1.28039398069661572e-05,0.0658178412188129003,-2.70584494604048591e-05,0.994386619253440962,0.67871740233604283,0,0,0,3054.33976015039343,4625.3399706318578,548.123330744620944,466.394350849405043,0.00151236026250838583,1,-0.17631960387239537,4.05340661822229661e-05,0.67871740233604283
100.3999598,100.399959839991794,14669.1137485653162,14669.051028301883,30.372934552971909,120.000869616112496,22851.0398641003667,83.5905210464270709,750.006962972409838,0.708427639340261428,748.364949008222311,0.00960308366741191577,49.6018901938164163,749.98688071746983,5.48838642639454832,0.0317856566000358498,-4.79722833969651772e-06,-2.92503659959172748e-05,7.24269606311728621e-05,-2.95697082707152436e-09,0.0661411654208663019,0.00730504176082632552,0.0661835458948500516,1.28039926851020075e-05,0.0658185556375706082,-2.70586452140428289e-05,0.994388719358995865,0.678719043310741177,0,0,0,3054.35459324911335,4625.25680099798046,548.12074575421866,466.394362260423748,0.00151236041998542244,1,-0.176321316077343249,4.05340013184416617e-05,0.678719043310741177
100.4999598,100.499959799991785,14669.1105969622731,14669.0478762028597,30.3731406125509373,120.000871356084005,22873.8833720999173,83.7575974935315486,750.006810248980059,0.70842748655979304,748.364798400825293,0.00960312121165696198,49.6018532125734737,749.986688079079499,5.49384070337485841,0.0312553690209469437,-4.79731483574003355e-06,-2.92590203268918308e-05,7.24273171159365539e-05,-2.85417665786060506e-09,0.0661418365365710609,0.00731231570308476814,0.0661835099754129463,1.28040453509100879e-05,0.0658192894476615498,-2.70588402748683326e-05,0.994390702432539131,0.678720720093569652,0,0,0,3054.36974510749178,4625.17363104836841,548.118160754020096,466.394373483750655,0.00151236057487224651,1,-0.176322996785158503,4.05339359034581392e-05,0.678720720093569652
100.5999598,100.599959759991776,14669.1074986979365,14669.0447774428067,30.3733466720705394,120.00087309778749,22896.7268742347915,83.9248397209589001,750.006657356577648,0.708427333763982703,748.364648094627341,0.00960315860280847033,49.6018091320355552,749.9864952316575,5.49929501505022245,0.0307187606310179717,-4.79740141732903881e-06,-2.92715261547961964e-05,7.24276723782291197e-05,-2.75266990098423216e-09,0.0661425066087339697,0.00731958969672299575,0.0661834645844824043,1.28040978155014056e-05,0.0658200417518707143,-2.70590346765904188e-05,0.994392570009302701,0.678722430964066259,0,0,0,3054.38520027915456,4625.09046077657058,548.115575743824138,466.394384517130504,0.00151236072713772734,1,-0.176324646298851362,4.05338699924659261e-05,0.678722430964066259
100.6999597,100.699959719991767,14669.1044543981552,14669.0417326484476,30.3735527315306619,120.000874841222966,22919.5703704939879,84.0922477290215227,750.006504381242735,0.708427181035793718,748.36449817030848,0.00960319585034330458,49.6017580358997066,749.986302261212472,5.50474936196777609,0.0301761954412924638,-4.79748804990140439e-06,-2.92877953962164601e-05,7.24280264814227727e-05,-2.65247482974577043e-09,0.0661431752562522263,0.00732686374162118317,0.0661834098262890774,1.28041500900427076e-05,0.0658208116678517946,-2.70592284556752619e-05,0.99439432366205649,0.678724174223365839,0,0,0,3054.40094351024391,4625.0072901764579,548.112990723439452,466.394395358334521,0.00151236087675110978,1,-0.176326264912475161,4.05338036406254951e-05,0.678724174223365839
100.7999597,100.799959679991758,14669.1014646328986,14669.0387423883367,30.3737587909312801,120.00087658639039,22942.4138608785033,84.2598215125677825,750.006351407071975,0.708427028456201424,748.3643487064993,0.00960323296435117157,49.6017000094075797,749.986109251812081,5.51020374466754781,0.0296280325736049122,-4.79757469857984396e-06,-2.93077409168500208e-05,7.24283794877000854e-05,-2.5536136578819966e-09,0.0661438421067766097,0.00733413783766517953,0.0661833458072993847,1.28042021865510113e-05,0.0658215983212531719,-2.70594216460404802e-05,0.994395964972208835,0.678725948194424666,0,0,0,3054.41695974518598,4624.92411924221778,548.110405692684253,466.394406005333053,0.00151236102368438111,1,-0.17632785294019121,4.05337369010882925e-05,0.678725948194424666
100.8999596,100.899959639991749,14669.0985299572349,14669.0358072181516,30.3739648502724222,120.000878333289847,22965.2573453921686,84.4275610787398989,750.006198516217751,0.708426876104305214,748.364199779781416,0.00960326995312321685,49.6016351393055288,749.985916285579833,5.51565816368137796,0.0290746262180050508,-4.79766133014453172e-06,-2.93312747868255781e-05,7.24287314588017636e-05,-2.45610792054863245e-09,0.0661445067967155326,0.00734141198474825337,0.0661832726361623741,1.28042541146784519e-05,0.0658224008504675467,-2.70596142763979799e-05,0.994397495546606169,0.678727751222483189,0,0,0,3054.4332341277227,4624.84094796835325,548.107820651387101,466.394416456149315,0.00151236116791026343,1,-0.176329410691653199,4.05336698266289499e-05,0.678727751222483189
100.9999596,100.99995959999174,14669.095650870353,14669.0329276287775,30.3741709095540742,120.000880081921352,22988.1008240306764,84.5954664278501411,750.006045788899655,0.708426724057227397,748.364051464706563,0.00960330682567622773,49.6015635137385971,749.985723442708263,5.52111261953369681,0.0285163255435421092,-4.79774790970100348e-06,-2.93583103117028599e-05,7.24290824547037303e-05,-2.35997791508486405e-09,0.0661451689712112129,0.00734868618276839514,0.0661831904235670315,1.28043058850776683e-05,0.0658232184061238873,-2.70598063792372176e-05,0.99439891701333416,0.678729581675222238,0,0,0,3054.44975200567114,4624.75777634967017,548.105235599385878,466.3944267090057,0.00151236130940422017,1,-0.176330938496515377,4.05336024689541735e-05,0.678729581675222238
101.0999596,101.099959559991731,14669.0928278379142,14669.0301041048951,30.3743769687763212,120.00088183228489,23010.9442968045842,84.7635375574787275,750.005893303402559,0.708426572390172149,748.363903833800805,0.00960334359194980891,49.6014852221624665,749.985530801455866,5.52656711274207169,0.0279534746613947505,-4.79783440650479576e-06,-2.93887606979454851e-05,7.24294325358445915e-05,-2.26524250254889367e-09,0.0661458282840710204,0.00735596043162935025,0.066183099282124791,1.28043575096647266e-05,0.0658240501470600398,-2.70599979914729765e-05,0.994400231004239021,0.678731437943135396,0,0,0,3054.46649893221502,4624.67460438128364,548.10265053652779,466.394436762243856,0.00151236144814336664,1,-0.176332436691192307,4.05335348784272684e-05,0.678731437943135396
101.1999595,101.199959519991722,14669.0900613032281,14669.0273370728373,30.3745830279391882,120.000883584380489,23033.7877637162819,84.9317744693038748,750.005741136085135,0.708426421176463816,748.363756957573059,0.00960338025966400721,49.6014003553324869,749.985338438155964,5.53202164381516859,0.0273864125741951625,-4.79792078865742025e-06,-2.94225385984794761e-05,7.24297817611387279e-05,-2.17191977990156172e-09,0.0661464843978201295,0.00736323473124180384,0.0661829993263541999,1.28044089974291722e-05,0.0658248952462997111,-2.70601891393796633e-05,0.994401439176955115,0.678733318439823874,0,0,0,3054.48346066798013,4624.59143205860801,548.10006546266959,466.39444661428513,0.00151236158410591689,1,-0.176333905611930131,4.05334671048732063e-05,0.678733318439823874
101.2999595,101.299959479991713,14669.0873516798019,14669.0246269493655,30.3747890870427781,120.000885338208178,23056.6312247795104,85.1001771650035721,750.005589361389525,0.708426270487535703,748.363610904532948,0.00960341683777521382,49.601309005190501,749.985146427227164,5.53747621325475681,0.0268154730979190958,-4.7980070252510987e-06,-2.94595581203239644e-05,7.24301301887507535e-05,-2.08002694687252871e-09,0.0661471369836535289,0.00737050908152150734,0.0661828906725287491,1.28044603590417196e-05,0.065825752889290462,-2.70603798525738592e-05,0.994402543206152179,0.678735221602143834,0,0,0,3054.50062318281834,4624.50825937735135,548.097480377677016,466.394456263656991,0.00151236171727154906,1,-0.176335345599211157,4.05333991973893913e-05,0.678735221602143834
101.3999594,101.399959439991704,14669.0846993252635,14669.0219740995144,30.3749951460871941,120.000887093768,23079.4746800016073,85.2687456476219268,750.005438051844067,0.708426120392862346,748.363465741199661,0.00960345333492540476,49.6012112647720755,749.984954841175409,5.54293082155388461,0.0262409848375710908,-4.79809308582678385e-06,-2.94997333842292137e-05,7.24304778758797733e-05,-1.98957976690786453e-09,0.0661477857213439158,0.00737778348238901475,0.0661827734385526945,1.28045116047865109e-05,0.0658266222721852479,-2.706057016636664e-05,0.994403544774692283,0.678737145890528026,0,0,0,3054.51797266083759,4624.42508633351372,548.094895281425124,466.39446570908575,0.00151236184762268411,1,-0.176336757013705658,4.05333312036744171e-05,0.678737145890528026
101.4999594,101.499959399991695,14669.0821045786142,14669.0193788592151,30.3752012050725675,120.000888851059941,23102.3181293991183,85.4374799147389723,750.005287278074434,0.708425970960070872,748.363321532114242,0.00960348975937286298,49.601107228178364,749.984763750603747,5.54838546919855791,0.0256632711439479522,-4.7981789413128887e-06,-2.95429784298066332e-05,7.24308248791358315e-05,-1.90059336960738396e-09,0.0661484302992611239,0.00738505793377194301,0.0661826477439225735,1.28045627444685826e-05,0.0658275026025349486,-2.70607601066820285e-05,0.994404445575387763,0.678739089789182404,0,0,0,3054.53549549913032,4624.34191292338164,548.092310173797841,466.39447494936428,0.00151236197514266111,1,-0.176338140213717742,4.05332631709740129e-05,0.678739089789182404
101.5999594,101.599959359991686,14669.0795677565038,14669.0168415418248,30.3754072639990405,120.000890610084028,23125.1615729896548,85.6063799680326696,750.005137108811823,0.708425822254938331,748.363178339854926,0.00960352611914938592,49.6009969904874879,749.984573224223595,5.55384015666600739,0.025082650057754563,-4.79826456234078874e-06,-2.95892084087129125e-05,7.24311712538718672e-05,-1.81308139039815501e-09,0.0661490704143273961,0.00739233243560279488,0.0661825137096079402,1.28046137876233285e-05,0.0658283931010170964,-2.70609497025559175e-05,0.994405247315913843,0.678741051806259099,0,0,0,3054.5531783098977,4624.2587391435236,548.089725054687619,466.394483983364978,0.0015123620998159211,1,-0.176339495557391535,4.05331951450275715e-05,0.678741051806259099
101.6999593,101.699959319991677,14669.0770891308784,14669.0143624186876,30.3756133228667764,120.000892370840262,23148.0050107886855,85.7754458064489569,750.004987610903754,0.708425674341341738,748.363036225052952,0.00960356242233473267,49.6008806476619952,749.984383328862691,5.55929488442569841,0.024499434282773791,-4.79834992100032823e-06,-2.96383389161493359e-05,7.24315170548488316e-05,-1.72705650265829767e-09,0.0661497057719284132,0.00739960698781912726,0.0661823714579268391,1.28046647438822247e-05,0.0658292930019599154,-2.70611389852062282e-05,0.994405951718995151,0.678743030474064812,0,0,0,3054.57100792368146,4624.17556499078455,548.087139923995778,466.394492810119289,0.00151236222162909524,1,-0.176340823416345299,4.05331271706823367e-05,0.678743030474064812
101.7999593,101.799959279991668,14669.074668943882,14669.0119417320529,30.3758193816759565,120.000894133328714,23170.8484428177071,85.944677435763623,750.004838849323619,0.708425527281307144,748.362895246407106,0.00960359867663029831,49.600758296480592,749.98419412947635,5.56474965293863733,0.0239139311561586965,-4.7984349897346726e-06,-2.96902860032959892e-05,7.24318623357935094e-05,-1.6425303768065172e-09,0.066150336085861336,0.00740688159036412882,0.0661822211124537679,1.28047156224042741e-05,0.0658302015493396481,-2.70613279795446366e-05,0.994406560505369574,0.678745024349216575,0,0,0,3054.58897139012106,4624.09239046228504,548.08455478163205,466.394501428764954,0.00151236234057028416,1,-0.17634212416676065,4.05330592918215878e-05,0.678745024349216575
101.8999592,101.899959239991659,14669.0723074153066,14669.0095797048816,30.3760254404267833,120.00089589754937,23193.6918690985513,86.1140748535565876,750.004690887183529,0.708425381135042276,748.362755460701578,0.00960363489006788029,49.6006300344678266,749.984005689159176,5.57020446265793634,0.0233264426105677103,-4.79851974019715276e-06,-2.9744966685475166e-05,7.24322071489185972e-05,-1.55951361896395951e-09,0.0661509610782895635,0.0074141562431857275,0.0661820627979244902,1.28047664328207614e-05,0.0658311180036589699,-2.70615167139578189e-05,0.994407075419059261,0.678747032012780083,0,0,0,3054.60705597833248,4624.00921555541299,548.081969627514468,466.394509838519298,0.00151236245662868469,1,-0.176343398184887534,4.05329915512702807e-05,0.678747032012780083
101.9999592,101.99995919999165,14669.070004709065,14669.0072765050645,30.3762314991194664,120.000897663502258,23216.5352896544682,86.2836380615055845,750.004543785741362,0.70842523596085194,748.362616922815732,0.0096036710700024841,49.6004959598438973,749.983818069153699,5.57565931402839166,0.0227372651750528121,-4.79860414787298181e-06,-2.98022973488461887e-05,7.24325515468056912e-05,-1.47801589661626774e-09,0.0661515804796744961,0.0074214309462377441,0.0661818966401684361,1.28048171838922467e-05,0.0658320416304644523,-2.70617052190242336e-05,0.994407498181742899,0.678749052070448999,0,0,0,3054.62524918127747,4623.92604026781737,548.079384461569703,466.394518038798537,0.00151236256979624182,1,-0.176344645867398231,4.05329239909356143e-05,0.678749052070448999
102.0999592,102.099959159991641,14669.0677610039711,14669.0050322941752,30.3764375577542332,120.000899431187378,23239.378704511535,86.4533670585564238,750.004397604417932,0.708425091815346519,748.362479685742528,0.00960370722486381112,49.6003561715153864,749.983631328865272,5.58111420748709897,0.0221466899242557247,-4.79868818720878847e-06,-2.98621954342287839e-05,7.24328955803944856e-05,-1.39804558944076278e-09,0.0661521940288291171,0.00742870569947803698,0.0661817227660947555,1.28048678858435612e-05,0.0658329717159789468,-2.70618935219421223e-05,0.994407830552847094,0.678751083152657975,0,0,0,3054.64353871099547,4623.84286459741088,548.076799283731589,466.394526028965913,0.00151236268006416682,1,-0.176345867588445449,4.05328566513514694e-05,0.678751083152657975
102.1999591,102.199959119991632,14669.0655764117837,14669.0028472014183,30.3766436163313429,120.000901200604773,23262.2221136976004,86.6232618477527296,750.004252400806422,0.708424948753227923,748.362343800603639,0.00960374336099079073,49.6002107689839704,749.983445525873321,5.58656914346173661,0.0215550024757504843,-4.79877183529587551e-06,-2.99245782864987313e-05,7.24332393005154682e-05,-1.31961108733273652e-09,0.0661528014727982422,0.00743598050287065399,0.0661815413035694994,1.28049185461430505e-05,0.0658339075537858059,-2.70620816469585552e-05,0.994408074276416865,0.678753123914691225,0,0,0,3054.66191250632437,4623.75968854235543,548.074214093942942,466.394533808623464,0.0015123627874269669,1,-0.176347063749247579,4.05327895732338661e-05,0.678753123914691225
102.2999591,102.299959079991623,14669.063451025635,14669.0007213236968,30.3768496748510799,120.000902971754456,23285.0655172443949,86.7933224294062313,750.004108230689098,0.708424806827438247,748.362209316669009,0.00960377948596491393,49.6000598523102099,749.983260715947495,5.5920241223722158,0.020962482956896622,-4.79885506758440919e-06,-2.99893643821056455e-05,7.24335827561628135e-05,-1.24271867157611252e-09,0.0661534025668540498,0.00744325535638345331,0.0661813523813658128,1.28049691739467068e-05,0.0658348484529153316,-2.70622696196509864e-05,0.99440823111165022,0.678755173036732273,0,0,0,3054.68035872975634,4623.67651210106669,548.071628892153399,466.394541377439509,0.00151236289188006281,1,-0.176348234748791355,4.05327227949108689e-05,0.678755173036732273
102.399959,102.399959039991614,14669.0613849274814,14668.9986547255885,30.377055733313675,120.000904744636472,23307.9089151779735,86.9635488065603965,750.003965148049588,0.708424666089189414,748.362076281373902,0.009603815606030075,49.5999035220296491,749.983076953059026,5.59747914462929685,0.0203694059944794503,-4.7989378606676098e-06,-3.00564727540101722e-05,7.24339259955709416e-05,-1.16737463318248023e-09,0.0661539970743956623,0.00745053025998964041,0.0661811561290507194,1.28050197766577829e-05,0.0658357937348847677,-2.70624574652932596e-05,0.994408302819887124,0.678757229224011494,0,0,0,3054.69886576752288,4623.59333527220224,548.069043678321009,466.394548735122214,0.00151236299341942957,1,-0.176349380979565651,4.05326563548484193e-05,0.678757229224011494
102.499959,102.499958999991605,14669.0593781583011,14668.9966474555804,30.3772617917194765,120.000906519250833,23330.752307536095,87.1339409795267272,750.003823205088452,0.708424526587899006,748.361944740340732,0.00960385172893296613,49.5997418790751112,749.982894289398473,5.60293421063733987,0.019776040700200781,-4.79902019173475809e-06,-3.01258235617738314e-05,7.24342690660255005e-05,-1.09358406412583643e-09,0.066154584766864033,0.00745780521366729877,0.0661809526768798451,1.28050703637136674e-05,0.0658367427324688809,-2.70626452103961643e-05,0.994408291158488278,0.678759291206794679,0,0,0,3054.7174222325616,4623.51015805466341,548.066458452410757,466.394555881525605,0.00151236309204304926,1,-0.17635050284556264,4.05325902901841888e-05,0.678759291206794679
102.599959,102.599958959991596,14669.0574307218194,14668.9946995200626,30.3774678500687614,120.000908295597512,23353.5956943497695,87.304498944519068,750.003682452235694,0.708424388371211244,748.361814737393161,0.00960388786131982641,49.599575024741398,749.982712775385494,5.60838932079024577,0.0191826506741819003,-4.79910203966003922e-06,-3.01973369304331172e-05,7.2434612014292765e-05,-1.02135085065942658e-09,0.0661551654236881143,0.00746508021739812535,0.0661807421557492337,1.28051209431147237e-05,0.0658376947937038964,-2.70628328792662562e-05,0.994408197895581325,0.6787613577405468,0,0,0,3054.73601696536389,4623.42698044758345,548.06387321439513,466.39456281663638,0.00151236318775074103,1,-0.176351600760154159,4.05325246367001764e-05,0.6787613577405468
102.6999589,102.699958919991587,14669.0555426217616,14668.9928109191424,30.3776739083618601,120.000910073676579,23376.4390756553112,87.4752227073126818,750.003542938169403,0.708424251485115342,748.361686314578378,0.00960392400979870331,49.599403060639645,749.982532459689992,5.61384447547465015,0.0185894939903548106,-4.79918338380527857e-06,-3.02709338894014933e-05,7.24349548860953973e-05,-9.50677959411332037e-10,0.066155738832242697,0.00747235527116940374,0.0661805246971326616,1.28051715228402834e-05,0.0658386492772617682,-2.70630204974333353e-05,0.994408024791439971,0.678763427605873604,0,0,0,3054.75463903049513,4623.34380245032935,548.061287964253893,466.39456954044141,0.00151236328054232209,1,-0.176352675123618963,4.05324594291381837e-05,0.678763427605873604
102.7999589,102.799958879991578,14669.0537138059735,14668.9909816010022,30.3778799665990995,120.000911853488034,23399.2824514904569,87.6461122668530237,750.003404709828828,0.708424115973806945,748.361559512182907,0.00960396018105846849,49.5992260886457643,749.982353389243144,5.61929967506839745,0.0179968231970306647,-4.79926420555483327e-06,-3.03465358560875776e-05,7.24352977267740547e-05,-8.81568408350946934e-10,0.0661563047877771621,0.00747963037497209257,0.066180300433011624,1.2805222111007138e-05,0.0658396055552748632,-2.70632080885066901e-05,0.994407773608422474,0.67876549960861754,0,0,0,3054.77327772237186,4623.26062406249002,548.058702701973743,466.394576053126343,0.00151236337042035159,1,-0.176353726356865192,4.05323947023608739e-05,0.67876549960861754
102.8999588,102.899958839991569,14669.0519442297518,14668.9892115269631,30.3780860247808349,120.000913635031921,23422.1258218925832,87.8171676261833483,750.003267812433705,0.708423981879878206,748.361434368757159,0.00960399638061382177,49.5990442108384855,749.982175609257865,5.62475491994018384,0.017404885302248374,-4.79934448465431596e-06,-3.04240657123664247e-05,7.24356405798937017e-05,-8.14023987776271063e-10,0.0661568630933504348,0.00748690552880207187,0.0661800694957907359,1.28052727141958661e-05,0.0658405630155580318,-2.70633956717713972e-05,0.994407446118697691,0.67876757257984921,0,0,0,3054.79192255922499,4623.17744528387993,548.056117427548202,466.394582354850343,0.0015123634573870285,1,-0.176354754863337071,4.05323304898069393e-05,0.67876757257984921
102.9999588,102.99995879999156,14669.0502337999642,14668.987500593601,30.3782920829074321,120.000915418308281,23444.9691869029557,87.9883887883469953,750.003132289501423,0.708423849244182002,748.361310921138625,0.00960403261457098978,49.5988575293896474,749.981999163245177,5.63021021045124748,0.0168139217844043287,-4.79942420034048931e-06,-3.05034473993642527e-05,7.24359834876281492e-05,-7.48045670822892572e-10,0.06615741355966899,0.00749418073265963741,0.0661798320181497812,1.28053233398048042e-05,0.0658415210550919588,-2.70635832692771743e-05,0.994407044077163516,0.678769645375815855,0,0,0,3054.81056328846307,4623.09426611452636,548.053532140977836,466.394588445945089,0.00151236354144692795,1,-0.176355761062982452,4.05322668239607102e-05,0.678769645375815855
103.0999588,103.099958759991551,14669.0485824048519,14668.9858487072688,30.3784981409792394,120.000917203317059,23467.8125465614212,88.1597757468255878,750.002998182862143,0.708423718105926747,748.361189204469611,0.00960406888984977058,49.5986661465418592,749.981824093030582,5.63566554695448119,0.01622416860859488,-4.79950333492731217e-06,-3.058460514495993e-05,7.24363264921388758e-05,-6.83633011878879151e-10,0.0661579560050338522,0.00750145598654826818,0.0661795881330123487,1.2805373996345849e-05,0.0658424790851342978,-2.70637709074467197e-05,0.994406569240992244,0.678771716878010856,0,0,0,3054.82918988367737,4623.01108655467124,548.050946842269241,466.394594326808601,0.00151236362260554575,1,-0.176356745374408624,4.05322037356042785e-05,0.678771716878010856
103.1999587,103.199958719991542,14669.0469899177551,14668.9842557128122,30.3787041989966724,120.000918990058338,23490.6559009127814,88.3313285087600519,750.002865532679039,0.708423588502706369,748.361069252220204,0.0096041052119728576,49.5984701645574546,749.981650438773499,5.64112092979356561,0.0156358562221683428,-4.79958187124527761e-06,-3.0667464194706507e-05,7.24366696346092736e-05,-6.20785296673975759e-10,0.066158490255276356,0.00750873129047595258,0.0661793379734759712,1.28054246904965576e-05,0.0658434365300114149,-2.70639586052286244e-05,0.994406023364074687,0.678773785993102008,0,0,0,3054.84779254439309,4622.92790660476203,548.048361531436058,466.394599997891873,0.00151236370086910111,1,-0.17635770821264074,4.0532141255188113e-05,0.678773785993102008
103.2999587,103.299958679991533,14669.0454561784863,14668.9827214746274,30.3789102569600935,120.000920778532119,23513.4992499979489,88.5030470730957575,750.002734377463753,0.70842346047046445,748.360951096207145,0.00960414158558631215,49.5982696856769962,749.981478238981481,5.6465763593038627,0.0150492095740091258,-4.79965979184381964e-06,-3.07519505211012451e-05,7.24370129549372916e-05,-5.59501670604232148e-10,0.066159016143675517,0.00751600664445584415,0.0661790816727551995,1.28054754277938269e-05,0.065844392827629411,-2.70641463813201854e-05,0.994405408198282603,0.678775851652955731,0,0,0,3054.86636169794247,4622.84472626544812,548.045776208497841,466.394605459765444,0.00151236377624546989,1,-0.176358650000442985,4.05320794129734548e-05,0.678775851652955731
103.3999586,103.399958639991524,14669.0439810194075,14668.9812458150263,30.3791163148699361,120.000922568738417,23536.3425938634646,88.6749314401439221,750.002604754099139,0.708423334043585262,748.360834766619178,0.00960417801704505081,49.5980648120672072,749.981307530534991,5.65203183581259427,0.0144644481209326159,-4.79973707953769684e-06,-3.08379910559659543e-05,7.2437356491977998e-05,-4.9977926829399154e-10,0.0661595335108788735,0.00752328204850302718,0.0661788193641101447,1.28055262160808432e-05,0.0658453474287407914,-2.70643342600466067e-05,0.994404725490291796,0.678777912814506168,0,0,0,3054.88488799549896,4622.76154553757533,548.043190873480512,466.394610713026225,0.00151236384874288833,1,-0.176359571152721328,4.05320182367762766e-05,0.678777912814506168
103.4999586,103.499958599991515,14669.0425642281771,14668.9798285207671,30.3793223727265733,120.000924360677274,23559.1859325523765,88.8469816129474736,750.002476697855968,0.708423209254809949,748.360720292040241,0.00960421451213733235,49.5978556457408786,749.981138348703439,5.65748735963903471,0.0138817858476087963,-4.79981371821467561e-06,-3.09255137065550498e-05,7.24377002837577104e-05,-4.41614960923517952e-10,0.0661600422047659426,0.00753055750263726103,0.0661785511807378019,1.28055770624727544e-05,0.0658462997944894157,-2.70645222592041453e-05,0.994403976970706482,0.678779968459725214,0,0,0,3054.90336231578021,4622.67836442218504,548.040605526415902,466.394615758430461,0.00151236391837179362,1,-0.176360472099177656,4.05319577540286957e-05,0.678779968459725214
103.5999586,103.599958559991506,14669.0412055924535,14668.978469381882,30.3795284305304705,120.000926154348718,23582.0292661154817,89.0191975931834634,750.002350242411694,0.708423086135374303,748.360607699466527,0.00960425107585471949,49.597642288567215,749.98097072716314,5.66294293109362989,0.0133014312892356656,-4.79988969431513403e-06,-3.10144467312226029e-05,7.24380443681347358e-05,-3.85004925888895816e-10,0.0661605420804315808,0.00753783300688246841,0.0661782772557843735,1.28056279730496526e-05,0.0658472494004532366,-2.70647104022691122e-05,0.994403164369896841,0.678782017595609855,0,0,0,3054.9217757605702,4622.59518292050325,548.038020167341415,466.394620596734285,0.0015123639851426199,1,-0.176361353257381115,4.05318979912617694e-05,0.678782017595609855
103.6999585,103.699958519991497,14669.0399048663676,14668.9771681528619,30.3797344882820397,120.00092794975275,23604.8725945989827,89.191579379797119,750.002225419869319,0.708422964714936931,748.360497014327393,0.00960428771377141999,49.5974248422546111,749.980804698016755,5.66839855047897512,0.0127235875513989072,-4.7999649944416062e-06,-3.11047185814251361e-05,7.24383887818897385e-05,-3.29945141847236577e-10,0.0661610330001338592,0.00754510856126573617,0.0661779977223204835,1.28056789546953697e-05,0.0658481957371280791,-2.70648987085754342e-05,0.99440228941983555,0.678784059254106009,0,0,0,3054.94011965733762,4622.51200103394331,548.035434796300819,466.394625228813197,0.00151236404906744974,1,-0.176362215052940585,4.05318389746900021e-05,0.678784059254106009
103.7999585,103.799958479991489,14669.0386617928743,14668.9759245752612,30.3799405459817287,120.000929746889398,23627.7159180526287,89.3641269744653641,750.00210226078093,0.708422845021660419,748.360388260512536,0.00960432443019687554,49.5972034082843152,749.980640291816712,5.67385421808789125,0.0121484523136459188,-4.80003960465584647e-06,-3.11962595347192341e-05,7.24387335604391989e-05,-2.7643050728312434e-10,0.0661615148331991254,0.00755238416581752864,0.0661777127132505,1.28057300126338628e-05,0.0658491383046291706,-2.70650871920724158e-05,0.994401353832934598,0.678786092491936666,0,0,0,3054.9583855552778,4622.4288187640941,548.032849413342774,466.394629655582719,0.00151236411015891713,1,-0.176363057906102322,4.05317807291373679e-05,0.678786092491936666
103.8999584,103.89995843999148,14669.037476092577,14668.9747383680042,30.3801466036300098,120.000931545758689,23650.5592365264929,89.536840378865179,750.001980794164979,0.708422727082199111,748.360281460393367,0.00960436123044239309,49.5969780878629649,749.980477537583283,5.67930993420671282,0.0115762178632792256,-4.80011351234615091e-06,-3.12890004014746348e-05,7.2439078738571641e-05,-2.24455459967181877e-10,0.0661619874559118831,0.00755965982057217514,0.0661774223612475593,1.28057811534510755e-05,0.065850076617123332,-2.70652758757644351e-05,0.994400359318453941,0.678788116390567131,0,0,0,3054.97656522681837,4622.34563611271824,548.030264018521962,466.39463387803778,0.00151236416843075175,1,-0.176363882238735836,4.05317232787692086e-05,0.678788116390567131
103.9999584,103.999958399991471,14669.0363474488258,14668.9736092274743,30.3803526612272989,120.00093334636064,23673.402550068924,89.7097195933075113,750.00186104752629,0.70842261092167591,748.360176634845175,0.00960439811908475605,49.5967489818812624,749.980316462822771,5.68476569911252039,0.0110070711224068418,-4.80018670539832885e-06,-3.13828726709197245e-05,7.24394243501392854e-05,-1.74014003305333864e-10,0.0661624507514216309,0.00756693552556725931,0.06617712679869657,1.28058323827794416e-05,0.0658510102015588683,-2.70654647741884816e-05,0.994399307577192304,0.678790130056124541,0,0,0,3054.99465066728089,4622.2624530817493,548.027678611897727,466.394637897305984,0.00151236422389851495,1,-0.176364688483408055,4.05316666471120405e-05,0.678790130056124541
104.0999584,104.099958359991462,14669.0352755635977,14668.9725368370455,30.3805587187740613,120.000935148695277,23696.2458587328256,89.8827646194690999,750.001743046879483,0.708422496563857695,748.360073803271234,0.00960443510002395584,49.5965161909043104,749.980157093551384,5.69022151307419222,0.0104411936650663506,-4.80025917108968791e-06,-3.14778090717970978e-05,7.24397704276250867e-05,-1.25099152997890749e-10,0.0661629046097052947,0.00757421128084393314,0.0661768261576792527,1.28058837053744395e-05,0.0658519385981972544,-2.70656539017295328e-05,0.994398200303579616,0.678792132619226773,0,0,0,3055.01263408939349,4622.17926967328367,548.025093193534758,466.394641714448653,0.0015123642765768545,1,-0.176365477049722497,4.05316108563775611e-05,0.678792132619226773
104.1999583,104.199958319991453,14669.0342600978911,14668.9715208704947,30.380764776270798,120.000936952762643,23719.0891625711301,90.0559754603927161,750.001626816768976,0.708422384031010766,748.359972983630541,0.00960447217833060307,49.5962798150619619,749.979999454317635,5.69567737635300819,0.00987876174342972035,-4.80033089717551303e-06,-3.15737437037941565e-05,7.24401170025259719e-05,-7.77034490898523207e-11,0.0661633489273836944,0.00758148708644590733,0.0661765205698258002,1.28059351275774712e-05,0.0658528613597129803,-2.70658432777006854e-05,0.994397039180908493,0.678794123234872648,0,0,0,3055.03050792693466,4622.09608588957872,548.022507763503086,466.394645330672972,0.00151236432648242766,1,-0.176366248360534605,4.05315559280571919e-05,0.678794123234872648
104.2999583,104.299958279991444,14669.0333006978035,14668.9705609659177,30.3809708337179707,120.000938758562711,23741.9324616356753,90.2293521122915365,750.001512380290592,0.708422273343993658,748.359874192462371,0.00960450935787005022,49.5960399539973196,749.979843568219849,5.70113328920131668,0.0093199463233375468,-4.80040187236424517e-06,-3.16706121244321765e-05,7.24404641055960267e-05,-3.18187120335424769e-11,0.066163783607603735,0.00758876294242024577,0.0661762101662441982,1.28059866541476607e-05,0.0658537780499130615,-2.70660329185009038e-05,0.994395825875680095,0.678796101082312475,0,0,0,3055.04826483134411,4622.01290173304824,548.019922321877289,466.39464874723933,0.00151236437363263024,1,-0.176367002836472442,4.05315018826232787e-05,0.678796101082312475
104.3999582,104.399958239991435,14669.0323969945312,14668.9696567583687,30.3811768911160662,120.000940566095551,23764.7757559808197,90.4028945809399005,750.001399759112019,0.708422164522275022,748.359777444909469,0.00960454664314180917,49.5957967068341645,749.979689456931283,5.70658925186408172,0.00876491312885718798,-4.80047208665819182e-06,-3.17683503039572197e-05,7.24408117669865883e-05,1.25637705829290781e-11,0.066164208559933671,0.00759603884881681138,0.0661758950774748445,1.28060382907140518e-05,0.0658546882470172623,-2.70662228404161244e-05,0.994394562049971897,0.678798065364912495,0,0,0,3055.06589767117157,4621.92971720625519,548.017336868736379,466.394651965461037,0.00151236441804558598,1,-0.17636774089616164,4.05314487397426796e-05,0.678798065364912495
104.4999582,104.499958199991426,14669.0315485931933,14668.9688078536619,30.3813829484655855,120.000942375361177,23787.6190456612239,90.576602866648642,750.001288973494411,0.708422057583924625,748.359682754739652,0.00960458403807784578,49.5955501721720111,749.979537140716616,5.71204526457844786,0.00821382267370296404,-4.80054153027042937e-06,-3.18668951340107879e-05,7.24411600158232573e-05,5.54528684052745184e-11,0.0661646237003126053,0.00760331480568920103,0.0661755754334820562,1.28060900421729779e-05,0.0658555915389613805,-2.70664130566407081e-05,0.994393249343735519,0.678800015310000115,0,0,0,3055.08339953079667,4621.84653231191078,548.014751404164599,466.394654986744342,0.00151236445974070014,1,-0.176368462962904982,4.05313965187140308e-05,0.678800015310000115
104.5999582,104.599958159991417,14669.0307551026344,14668.9680138577114,30.3815890057669868,120.000944186359575,23810.4623307287548,90.7504769669967004,750.001180042316491,0.708421952545716938,748.359590134374457,0.00960462154609409424,49.5953004480211916,749.979386638459459,5.71750132757217244,0.00766683029245029957,-4.80061019311123688e-06,-3.19661849147042748e-05,7.24415088799610306e-05,9.68594211627827313e-11,0.0661650289509198991,0.00761059081309274025,0.0661752513635651823,1.28061419127563323e-05,0.0658564875289512491,-2.70666035817218393e-05,0.99439188939544032,0.6788019501686966,0,0,0,3055.10076370714978,4621.76334705286627,548.012165928249942,466.394657812482194,0.00151236449873719822,1,-0.176369169446971397,4.05313452362702513e-05,0.6788019501686966
104.6999581,104.699958119991408,14669.0300160981715,14668.9672743505616,30.3817950630208067,120.000945999090831,23833.3056112426857,90.9245168891242059,750.001072983094787,0.7084218494230482,748.359499594910972,0.00960465917178510153,49.5950476317806306,749.979237967682934,5.72295744106714466,0.00712408619033766399,-4.80067806807025387e-06,-3.2066158434494217e-05,7.24418583873365863e-05,1.3679281572514432e-10,0.0661654242400775278,0.00761786687108613123,0.0661749229963270735,1.28061939082907379e-05,0.0658573758295475375,-2.70667944353124984e-05,0.994390483819291626,0.678803869215750644,0,0,0,3055.11798371093846,4621.68016143211025,548.009580441085177,466.394660444186968,0.0015123645350559494,1,-0.176369860768186448,4.05312949106911185e-05,0.678803869215750644
104.7999581,104.799958079991399,14669.0293311551213,14668.9665889025491,30.3820011202275424,120.000947813554916,23856.1488872584196,91.0987226292440937,750.000967812007275,0.70842174823005144,748.359411146145931,0.00960469691870002862,49.5947918202215874,749.979091144570361,5.72841360527648735,0.00658573547523388925,-4.80074514824752285e-06,-3.21667556797178061e-05,7.24422085649000191e-05,1.75264413826927061e-10,0.0661658095021833148,0.00762514297973102516,0.0661745904596503648,1.28062460332318371e-05,0.0658582560688815988,-2.70669856301775296e-05,0.994389034229339108,0.678805771749372511,0,0,0,3055.13505326254835,4621.59697545276504,548.00699494276671,466.394662883370984,0.00151236456871782499,1,-0.176370537335780397,4.05312455576710415e-05,0.678805771749372511
104.899958,104.89995803999139,14669.0286998152733,14668.9659570581734,30.382207177387702,120.000949629751872,23878.9921588316829,91.2730941903989077,750.000864543913963,0.708421648979522978,748.359324796599935,0.00960473478980361506,49.5945331094518451,749.978946183988228,5.73386982040471072,0.00605191821012596165,-4.80081142576798878e-06,-3.22679173228890574e-05,7.24425594381343898e-05,2.12285670274660921e-10,0.0661661846775921936,0.00763241913909100487,0.0661742538806476543,1.28062982912785328e-05,0.0658591278818501519,-2.70671771779532817e-05,0.994387542205249164,0.678807657091032524,0,0,0,3055.15196629318825,4621.51378911808206,548.004409433395608,466.394665131666102,0.0015123645997453443,1,-0.176371199568771092,4.05311971925704207e-05,0.678807657091032524
104.999958,104.999957999991381,14669.0281216204166,14668.9653783554822,30.3824132345018008,120.000951447681729,23901.8354260192864,91.447631574265003,750.000763192378145,0.708421551683035111,748.359240553535756,0.00960477278846028071,49.5942715949448143,749.978803099506877,5.73932608664961386,0.00552276945336416247,-4.800876895053052e-06,-3.23695841891864067e-05,7.24429110323421852e-05,2.47867918075744663e-10,0.0661665497125981106,0.0076396953492329691,0.0661739133856986267,1.28063506866847736e-05,0.0658599909204007905,-2.70673690887135007e-05,0.994386009332923648,0.678809524585346158,0,0,0,3055.16871694078009,4621.43060243143645,548.001823913076123,466.394667190703899,0.00151236462816102773,1,-0.176371847875751275,4.05311498306638895e-05,0.678809524585346158
105.099958,105.099957959991372,14669.0275961048901,14668.964852335781,30.3826192915703537,120.000953267344499,23924.6786888794486,91.6223347811530004,750.000663769694484,0.708421456350941225,748.359158422991527,0.00960481091837461776,49.5940073714751293,749.978661903427906,5.74478240420073494,0.00499841928218103249,-4.80094154930807172e-06,-3.24716992859757381e-05,7.24432633713100013e-05,2.82023227108211516e-10,0.0661669045593153149,0.00764697161022467441,0.0661735691003614429,1.28064032241797325e-05,0.0658608448464285262,-2.7067561381071627e-05,0.994384437176606517,0.678811373599765178,0,0,0,3055.18529954820815,4621.3474153963225,547.999238381916712,466.394669062142839,0.00151236465398775803,1,-0.176372482659436502,4.05311034861066016e-05,0.678811373599765178
105.1999579,105.199957919991363,14669.0271227844059,14668.964378514509,30.3828253485938546,120.00095508874017,23947.5219474664955,91.7972038086416404,750.000566286905951,0.708421362992362469,748.359078409799622,0.00960484918232040741,49.593740533074083,749.978522606800993,5.75023877324111066,0.00447899285739339348,-4.80100538306978705e-06,-3.25742060078812354e-05,7.2443616478340948e-05,3.14763844912510887e-10,0.0661672491755305042,0.00765424792213867996,0.0661732211493117756,1.28064559072728754e-05,0.0658616893338519749,-2.7067754062901032e-05,0.99438282728640992,0.678813203524463171,0,0,0,3055.20170866294166,4621.26422801635181,547.996652840029583,466.394670747707437,0.00151236467724933494,1,-0.176373104323790164,4.05310581726001483e-05,0.678813203524463171
105.2999579,105.299957879991354,14669.0267011523247,14668.9639563714773,30.383031405572865,120.000956911868869,23970.3652018425237,91.9722386679683268,750.000470753830314,0.708421271615201964,748.359000517616096,0.00960488758316113689,49.5934711730064919,749.978385219452321,5.75569519394469786,0.00396461045738760731,-4.8010683905345451e-06,-3.26770491797621836e-05,7.24439703755744605e-05,3.46102537225691354e-10,0.0661675835246246791,0.00766152428504765417,0.0661728696563093632,1.28065087396141876e-05,0.0658625240672951334,-2.70679471454149003e-05,0.994381181193501607,0.678815013772067988,0,0,0,3055.21793903516163,4621.18104029524511,547.994067287529674,466.39467224920196,0.00151236469797066128,1,-0.176373713276275407,4.05310139029698826e-05,0.678815013772067988
105.3999578,105.399957839991345,14669.0263307057321,14668.9635854189873,30.3832374625079034,120.000958736730539,23993.2084520647077,92.1474393526142279,750.000377179082193,0.70842118222623629,748.358924748946379,0.00960492612347518815,49.5931993837039613,749.978249750004579,5.76115166647908516,0.00345538752250718062,-4.80113056626170416e-06,-3.27801753624086639e-05,7.24443250842523499e-05,3.76053107203686169e-10,0.0661679075754223744,0.0076688006990279188,0.0661725147441070832,1.28065617244940497e-05,0.0658633487453011285,-2.70681406410494714e-05,0.99437950042171297,0.678816803777493982,0,0,0,3055.23398561398471,4621.0978522368323,547.991481724535902,466.394673568417375,0.00151236471617645059,1,-0.176374309912458255,4.05309706885286544e-05,0.678816803777493982
105.4999578,105.499957799991336,14669.026010915637,14668.963265120743,30.3834435193994636,120.000960563325236,24016.0516981870023,92.3228058669873093,750.000285570094206,0.70842109483105542,748.358851105166536,0.00960496480638450834,49.5929252567618732,749.978116205898687,5.76660819100392974,0.00295143472987291489,-4.80119190613295617e-06,-3.28835311197826519e-05,7.24446806251212043e-05,4.04629480847067779e-10,0.0661682213020863969,0.00767607716415641839,0.0661721565344449564,1.28066148659477947e-05,0.0658641630749718793,-2.70683345596235003e-05,0.994377786467349867,0.678818572997695546,0,0,0,3055.24984354793469,4621.01466384504511,547.988896151170252,466.394674707237471,0.00151236473189269834,1,-0.176374894634189372,4.05309285401689347e-05,0.678818572997695546
105.5999578,105.599957759991327,14669.0257412530482,14668.9629949534155,30.3836495762481142,120.000962391652976,24038.8949402747057,92.4983382113979502,750.000195933141185,0.708421009434155424,748.358779586549304,0.00960500363439553695,49.5926488829206846,749.977984593417659,5.77206476767219012,0.00245285801998562647,-4.8012524066853526e-06,-3.29870645891412604e-05,7.24450370181768015e-05,4.31845389393714508e-10,0.0661685246840549579,0.007683353680513514,0.0661717951480229882,1.28066681672098244e-05,0.0658649667764292374,-2.70685289125035526e-05,0.994376040816607021,0.678820320911466601,0,0,0,3055.26550818072519,4620.93147512391442,547.98631056755778,466.394675667546039,0.00151236474514540651,1,-0.176375467833868538,4.05308874687367772e-05,0.678820320911466601
105.6999577,105.699957719991318,14669.0255211703479,14668.9627743613546,30.383855633054381,120.000964221713758,24061.7381783842575,92.6740363847905542,750.000108273363367,0.708420926038910825,748.35871019228864,0.00960504260959282874,49.5923703520422805,749.977854917710374,5.7775213966287815,0.00195975866263609078,-4.80131206390622733e-06,-3.30907246630660754e-05,7.24453942822190854e-05,4.57715309101801373e-10,0.0661688177059202437,0.00769063024818080615,0.0661714307044675709,1.28067216309714134e-05,0.065865759580320371,-2.70687237089907513e-05,0.994374264935988128,0.678822047019193242,0,0,0,3055.28097505100959,4620.84828607756481,547.983724973826384,466.394676451293265,0.00151236475596148306,1,-0.176376029905897735,4.05308474838978849e-05,0.678822047019193242
105.7999577,105.799957679991309,14669.0253501273692,14668.962602821297,30.3840616898187683,120.000966053507611,24084.581412573174,92.8499003888414762,750.000022594791517,0.708420844647667525,748.358642920528155,0.00960508173446417146,49.5920897530601792,749.977727182816693,5.7829780780116895,0.00147223329425827387,-4.8013708738801062e-06,-3.31944620294457433e-05,7.24457524350755787e-05,4.82255021762134269e-10,0.0661691003573099262,0.00769790686724135514,0.0661710633222627048,1.28067752604804214e-05,0.0658665412304563214,-2.70689189593024585e-05,0.994372460282355153,0.678823750842575402,0,0,0,3055.29623988731146,4620.76509671021267,547.98113937010703,466.394677060402728,0.00151236476436747858,1,-0.176376581231148077,4.05308085934510053e-05,0.678823750842575402
105.8999576,105.8999576399913,14669.0252275578678,14668.9624797354991,30.3842677465418376,120.000967887034591,24107.424642901784,93.0259302279584119,749.999938900366374,0.708420765261672081,748.35857776838418,0.00960512101126820284,49.5918071739293396,749.977601391686449,5.7884348119523823,0.00099037398817358735,-4.80142883423811587e-06,-3.32982282950888391e-05,7.24461114942207473e-05,5.0547901494681751e-10,0.0661693726327246129,0.00770518353778090227,0.0661706931186811509,1.2806829058697774e-05,0.0658673114777933583,-2.70691146694988358e-05,0.994370628279308444,0.678825431924432454,0,0,0,3055.31129860945975,4620.68190702616175,547.978553756532847,466.394677496890949,0.00151236477039122042,1,-0.176377122197493796,4.05307708064504396e-05,0.678825431924432454
105.9999576,105.999957599991291,14669.0251528806984,14668.9624045484052,30.3844738032241075,120.000969722294684,24130.2678694286587,93.2021258997198885,749.999857191963315,0.708420687881123778,748.358514731968626,0.00960516044254422496,49.5915227016477047,749.977477546203772,5.79389159857541003,0.000514268315562560474,-4.8014859436189321e-06,-3.34019754328821318e-05,7.2446471476566451e-05,5.27403391218519413e-10,0.0661696345314834872,0.00771246025988641098,0.0661703202098111037,1.28068830289768187e-05,0.0658680700860845014,-2.70693108544595755e-05,0.99436877033975779,0.678827089828475727,0,0,0,3055.32614732537422,4620.59871702979672,547.975968133240372,466.394677762827428,0.00151236477406126841,1,-0.1763776531931463,4.05307341296999221e-05,0.678827089828475727
106.0999576,106.099957559991282,14669.0251255296171,14668.9623766947025,30.3846798598661216,120.000971559287962,24153.1110922134249,93.378487409899563,749.999777470414301,0.708420612505277103,748.358453806409557,0.00960520002998244138,49.5912364222871247,749.977355647210516,5.79934843799749,4.39993956646844708e-05,-4.80154220087834212e-06,-3.35056562055965055e-05,7.24468323981518618e-05,5.48043701272558893e-10,0.0661698860576960257,0.0077197370336462047,0.0661699447105955352,1.28069371735565788e-05,0.0658688168306220817,-2.70695075172624496e-05,0.994366887862294879,0.67882872413902362,0,0,0,3055.34078232618504,4620.51552672558319,547.973382500368075,466.394677860228683,0.00151236477540545055,1,-0.176378174588642633,4.05306985703493531e-05,0.67882872413902362
106.1999575,106.199957519991273,14669.0251449085772,14668.9623955605039,30.3848859164684058,120.000973398014409,24175.9543113160726,93.5550147560757921,749.999699735534705,0.708420539132345595,748.358394985881887,0.00960523977583171984,49.5909484209193465,749.97723569453035,5.80480533032951573,-0.000420354056103633411,-4.80159760553435031e-06,-3.36092247983755147e-05,7.24471942743502346e-05,5.67416128526391923e-10,0.0661701272200972274,0.00772701385915075707,0.0661695667347309557,1.28069914954383308e-05,0.065869551495084791,-2.70697046723513317e-05,0.994364982218328697,0.678830334460736928,0,0,0,3055.35520008773983,4620.43233611806136,547.970796858056701,466.394677791217362,0.00151236477445306264,1,-0.176378686764024961,4.05306641344693429e-05,0.678830334460736928
106.2999575,106.299957479991264,14669.0252104215324,14668.9624605676909,30.3850919730315034,120.000975238474055,24198.7975267951697,93.7317079399246893,749.999623986141273,0.708420467759599548,748.35833826362591,0.00960527968146074329,49.5906587816334081,749.977117686990027,5.81026227567530817,-0.000878717665251826929,-4.80165215763473611e-06,-3.37126363935951007e-05,7.24475571198734882e-05,5.85536775019128895e-10,0.0661703580319857598,0.00773429073649216023,0.066169186394688953,1.28070459964668057e-05,0.0658702738765761658,-2.7069902320613604e-05,0.994363054772398169,0.678831920418393131,0,0,0,3055.36939726577111,4620.34914521183964,547.968211206449496,466.394677557915998,0.00151236477123339484,1,-0.176379190090989568,4.05306308279108226e-05,0.678831920418393131
106.3999574,106.399957439991255,14669.0253214687109,14668.9625711023982,30.3852980295559547,120.000977080666914,24221.6407387117397,93.9085669617562786,749.99955022007839,0.708420398383380667,748.358283631973109,0.00960531974866629668,49.5903675875167664,749.977001622443254,5.81571927413167344,-0.00133102133541740386,-4.8017058569392674e-06,-3.38158467292197257e-05,7.24479209483929647e-05,6.02422303417296506e-10,0.0661705785111113692,0.00774156766576314641,0.0661688038016887969,1.28071006790741554e-05,0.0658709837808183901,-2.70701004740814541e-05,0.994361106863809074,0.678833481656617055,0,0,0,3055.38337069400995,4620.2659540115983,547.965625545691637,466.394677162460482,0.00151236476577592269,1,-0.176379684935342618,4.05305986555175874e-05,0.678833481656617055
106.4999574,106.499957399991246,14669.0254774317145,14668.9627265638101,30.3855040860422747,120.000978924593042,24244.4839471204868,94.0855918259782129,749.999478287380839,0.708420330860365155,748.358230935732308,0.00960535997702205435,49.5900749124411391,749.976887200881379,5.82117632348505065,-0.00177719754877614378,-4.80175868828534971e-06,-3.39188253681632428e-05,7.24482857664489376e-05,6.18076404621039622e-10,0.0661707886661492967,0.00774884464667049185,0.0661684190676947309,1.28071555452524048e-05,0.0658716825620144497,-2.70702991247983121e-05,0.9943591392924781,0.678835020808730039,0,0,0,3055.39714398622164,4620.18276252170745,547.963039875920344,466.394676607053043,0.00151236475811104116,1,-0.176380171706908173,4.05305676375966083e-05,0.678835020808730039
106.5999574,106.599957359991237,14669.0256777070463,14668.9629263316365,30.3857101424909892,120.000980770252454,24267.3271520835151,94.2627825329003741,749.999408482713761,0.70842026546725001,748.35818046373015,0.00960540037178780892,49.5897808542440544,749.976775017084947,5.82663342846479271,-0.00221718597369147119,-4.80181068033418596e-06,-3.40215310928123656e-05,7.24486515996921801e-05,6.32542416722818045e-10,0.0661709885478705961,0.00775612168008576758,0.0661680322974107227,1.28072105969824691e-05,0.065872366929701151,-2.70704983005902842e-05,0.994357154410246191,0.678836531548977939,0,0,0,3055.41066048443872,4620.09957074716476,547.960454197287731,466.394675893842759,0.00151236474826840685,1,-0.176380650684184126,4.05305377461128227e-05,0.678836531548977939
106.6999573,106.699957319991228,14669.0259216725826,14668.9631697856657,30.3859161989026632,120.000982617645178,24290.1703536600689,94.4401390841987478,749.999340649182386,0.70842020205415579,748.358132054111252,0.00960544093141990629,49.5894854825626226,749.976664764115753,5.83209058680646386,-0.00265092925790355594,-4.80186181942437475e-06,-3.41239043479422269e-05,7.24490184521173945e-05,6.45824092242054098e-10,0.0661711781734584947,0.00776339876571863902,0.066167643597754941,1.28072658348849289e-05,0.0658730382968177319,-2.70706979930566297e-05,0.994355152932799857,0.678838016621349905,0,0,0,3055.4239447918485,4620.01637869301612,547.957868509952164,466.394675025045217,0.0015123647362785945,1,-0.176381122262814549,4.05305090003579144e-05,0.678838016621349905
106.7999573,106.799957279991219,14669.0262086987495,14668.963456308893,30.3861222552777974,120.0009844667712,24313.0135519076939,94.6176614774515912,749.999274780974247,0.708420140613889471,748.35808569578262,0.00960548165864594239,49.5891888768677518,749.976556436170767,5.83754779858231476,-0.00307837375989805651,-4.80191210576208391e-06,-3.42259035998066646e-05,7.24493863339883433e-05,6.5793972814088008e-10,0.0661713575780940033,0.00777067590366644582,0.0661672530754373045,1.28073212626954467e-05,0.065873696508838675,-2.70708982130757625e-05,0.994353136131935655,0.678839475746954579,0,0,0,3055.43699442985735,4619.93318636417644,547.955282814066095,466.394674002902377,0.00151236472217254571,1,-0.176381586793548845,4.05304814018547332e-05,0.678839475746954579
106.8999572,106.89995723999121,14669.026538155973,14668.9637852519918,30.3863283116169285,120.000986317630591,24335.8567468845904,94.7953497184320923,749.999210871415585,0.70842008113844479,748.358041376858409,0.00960552255348190442,49.5888911155755068,749.976450026585667,5.84300506385728902,-0.00349946987287808042,-4.80196154193033025e-06,-3.43274897317006865e-05,7.24497552555976288e-05,6.68906520844610679e-10,0.0661715268010046875,0.00777795309402907337,0.0661668608358343124,1.28073768805489175e-05,0.0658743414236127034,-2.70710989651340263e-05,0.994351105270778968,0.678840908665440557,0,0,0,3055.44980708571848,4619.84999376560427,547.952697109783571,466.394672829656201,0.00151236470598120143,1,-0.17638204461942697,4.05304549530845437e-05,0.678840908665440557
106.9999572,106.999957199991201,14669.0269093923271,14668.9641559817592,30.3865343679205644,120.000988170223337,24358.6999386482712,94.9732038047186222,749.999148912990336,0.708420023618959172,748.357999084684025,0.00960556361784181689,49.58859227595741,749.97634552785405,5.84846238269110152,-0.00391417195220356007,-4.80201013004212215e-06,-3.44286251270477383e-05,7.24501252262583036e-05,6.78742402779399355e-10,0.066171685885245829,0.00778523033690592305,0.0661664669828675722,1.28074326911253436e-05,0.0658749729063787121,-2.7071300254919576e-05,0.994349061583631677,0.678842315134768448,0,0,0,3055.46238061254144,4619.76680090230911,547.950111397260116,466.394671507628345,0.00151236468773659834,1,-0.176382496089787455,4.05304296552928977e-05,0.678842315134768448
107.0999572,107.099957159991192,14669.0273217856884,14668.9645678585985,30.3867404241892771,120.000990024549495,24381.5431272615388,95.1512237407183505,749.99908889737037,0.708419968045883253,748.357958805875114,0.00960560485230388394,49.5882924340227191,749.976242931656543,5.85391975513693819,-0.00432243827522427182,-4.80205787215044386e-06,-3.45292757257607193e-05,7.24504962544657695e-05,6.87466008144854862e-10,0.066171834877487512,0.00779250763239860977,0.0661660716188437054,1.28074886953374892e-05,0.0658755908334019147,-2.70715020880269287e-05,0.994347006288784474,0.67884369493074459,0,0,0,3055.47471302101894,4619.68360777933867,547.947525676652731,466.394670039034281,0.00151236466746931635,1,-0.176382941529268894,4.05304055085219298e-05,0.67884369493074459
107.1999571,107.199957119991183,14669.0277746841311,14668.9650202526154,30.3869464804235392,120.000991880609078,24404.3863127762525,95.3294095267412587,749.999030815431752,0.708419914408836005,748.357920526340877,0.00960564625694182439,49.5879916644069567,749.97614222887853,5.85937718124170637,-0.00472423094425522549,-4.80210477197579613e-06,-3.4629409076345101e-05,7.24508683486111142e-05,6.95094900158278566e-10,0.0661719738277344455,0.00779978498060930701,0.066165674844304051,1.28075448934390679e-05,0.0658761950909367289,-2.7071704461756682e-05,0.99434494058316869,0.678845047846887817,0,0,0,3055.48680248301116,4619.60041440178156,547.944939948119213,466.394668426195608,0.00151236464521138994,1,-0.176383381274445694,4.05303825137363769e-05,0.678845047846887817
107.2999571,107.299957079991174,14669.0282674320042,14668.9655124918481,30.3871525366238942,120.000993738402073,24427.2294952538068,95.5077611603655328,749.998974657281337,0.708419862696699543,748.357884231314301,0.00960568783357906852,49.587690040320183,749.976043409636532,5.8648346610475155,-0.00511951580135416862,-4.80215083165887516e-06,-3.47289939059165025e-05,7.24512415157280317e-05,7.01647825110827397e-10,0.0661721027891413321,0.00780706238163997746,0.0661652767579530843,1.28076012880298727e-05,0.0658767855685551129,-2.70719073875486865e-05,0.994342865616513194,0.678846373694015792,0,0,0,3055.49864732574088,4619.5172207747637,547.942354211818952,466.394666671447169,0.0015123646209950427,1,-0.176383815658578524,4.05303606701152132e-05,0.678846373694015792
107.399957,107.399957039991165,14669.0287993885577,14668.9660439333875,30.3873585927908358,120.000995597928593,24450.0726747481931,95.6862786514614925,749.998920412280313,0.708419812897691736,748.35784990537411,0.00960572958252736697,49.587387633565811,749.975946463300716,5.8702921945901716,-0.00550826236170820493,-4.80219605546036509e-06,-3.48280004816253454e-05,7.24516157629708196e-05,7.07143138944890006e-10,0.0661722218179463667,0.00781433983559435587,0.0661648774566816061,1.28076578797068621e-05,0.0658773621699581258,-2.70721108679410969e-05,0.994340782533790324,0.678847672299991767,0,0,0,3055.51024602794405,4619.43402690344192,547.939768467912131,466.39466477707083,0.00151236459485176527,1,-0.176384245000429152,4.05303399769392603e-05,0.678847672299991767
107.499957,107.499956999991156,14669.0293698869646,14668.9666139247747,30.3875646489249007,120.000997459188582,24472.9158513190268,95.8649619935099508,749.998868069062041,0.708419764999272616,748.357817532461013,0.00960577150461272566,49.5870845145695966,749.97585137851263,5.8757497819007547,-0.00589044370474312018,-4.80224044790647796e-06,-3.49263984482122946e-05,7.24519910968984132e-05,7.11599185275179407e-10,0.0661723309733637521,0.00782161734257701656,0.066164477035603797,1.28077146697650969e-05,0.0658779248035311904,-2.70723149044746051e-05,0.994338692440061456,0.678848943509437586,0,0,0,3055.52159722075976,4619.35083279300397,547.937182716559846,466.394662745441167,0.00151236456681432896,1,-0.17638466962920632,4.05303204331348803e-05,0.678848943509437586
107.599957,107.599956959991147,14669.0299782752991,14668.9672218037558,30.3877707050265968,120.000999322182068,24495.7590250227549,96.0438111881864813,749.998817615560029,0.708419718988281488,748.357787095899539,0.00960581359969392423,49.5867807524824684,749.975758143215785,5.88120742300282817,-0.00626603641759970742,-4.80228401254906685e-06,-3.50241579702880977e-05,7.24523675229517999e-05,7.15035067240865452e-10,0.0661724303176434575,0.00782889490269192932,0.0661640755881921089,1.2807771658221953e-05,0.0658784733887189528,-2.70725195004404118e-05,0.994336596427368824,0.678850187183377973,0,0,0,3055.53269968130917,4619.26763844866491,547.9345969579241,466.394660578879837,0.00151236453691477391,1,-0.176385089859528721,4.05303020363393933e-05,0.678850187183377973
107.6999569,107.699956919991138,14669.0306238941848,14668.9678669080313,30.3879767610963967,120.001001186909122,24518.6021959108912,96.2228262412638458,749.998769039025774,0.708419674850893299,748.357758578410653,0.00960585586880124964,49.5864764152357225,749.975666744669297,5.88666511791740987,-0.00663502051088471489,-4.80232675474628602e-06,-3.51212485634809531e-05,7.24527450465999663e-05,7.1746877771811945e-10,0.0661725199160303063,0.00783617251604525403,0.066163673206349638,1.28078288466684651e-05,0.0658790078501624021,-2.70727246611908945e-05,0.994334495553759412,0.678851403198977521,0,0,0,3055.54355233186743,4619.18444387566069,547.932011192167693,466.394658279734983,0.00151236450518550474,1,-0.17638550600492936,4.05302847851571194e-05,0.678851403198977521
107.7999569,107.799956879991129,14669.0313060767949,14668.9685485786467,30.3881828171348332,120.001003053369743,24541.4453640444735,96.4020071516860071,749.998722326052871,0.7084196325726414,748.357731962131083,0.0096058983116051877,49.5861715696389638,749.975577169475628,5.89212286665791396,-0.00699737936272271099,-4.8023686782491836e-06,-3.5217639758688034e-05,7.24531236719607125e-05,7.18919433491945519e-10,0.0661725998368190155,0.00784345018274251911,0.0661632699805386609,1.28078862348938354e-05,0.065879528123458167,-2.70729303816974728e-05,0.994332390867789906,0.678852591449232268,0,0,0,3055.55415423720751,4619.1012490792491,547.929425419453878,466.394655850381298,0.00151236447165929233,1,-0.176385918377513662,4.05302686764647026e-05,0.678852591449232268
107.8999568,107.89995683999112,14669.0320241637528,14668.9692661598328,30.3883888731423895,120.001004921563961,24564.2885294753651,96.5813539211282546,749.998677462596902,0.708419592138476717,748.357707228628669,0.00960594092856581483,49.5858662814369495,749.975489403599454,5.89758066923384217,-0.00735309966261610271,-4.80240978782820171e-06,-3.53133013469753262e-05,7.24535034028435588e-05,7.19405677602740307e-10,0.0661726701513529053,0.00785072790289010301,0.0661628659998548807,1.28079438237509447e-05,0.0658800341522397109,-2.70731366683857317e-05,0.994330283398828119,0.678853751842649511,0,0,0,3055.56450460090036,4619.01805406470703,547.926839639946706,466.394653293166868,0.0015123644363685435,1,-0.176386327278873378,4.0530253707335251e-05,0.678853751842649511
107.9999568,107.999956799991111,14669.0327774919569,14668.9700189763971,30.3885949291195985,120.001006791491818,24587.1316922624828,96.760866552631839,749.998634433995903,0.708419553532756652,748.35768435892146,0.00960598371953125252,49.5855606153308486,749.975403432385519,5.90303852564921705,-0.00770217135062267744,-4.80245008822409566e-06,-3.5408203364107242e-05,7.24538842423656272e-05,7.18946206446209944e-10,0.0661727309339694286,0.00785800567659497226,0.0661624613520541138,1.28080016132872948e-05,0.0658805258863053855,-2.70733435214308614e-05,0.994328174150899802,0.678854884303020989,0,0,0,3055.57460276359961,4618.93485883732319,547.924253853810683,466.394650610453141,0.00151236439934584674,1,-0.176386733006846042,4.0530239874406037e-05,0.678854884303020989
108.0999568,108.099956759991102,14669.0335653945804,14668.9708063661092,30.3888009850669185,120.001008663153286,24609.9748524583993,96.9405450424090134,749.998593224991964,0.70841951673926562,748.357663333498749,0.00960602668448551356,49.5852546349921113,749.975319240584895,5.90849643590321971,-0.00804458757546200331,-4.8024895839086099e-06,-3.55023171200978069e-05,7.24542661928038372e-05,7.17560290842775553e-10,0.0661727822619612716,0.00786528350396407429,0.066162056123568791,1.28080596037417403e-05,0.0658810032860921574,-2.70735509421493069e-05,0.994326064120803599,0.67885598876904929,0,0,0,3055.58444820038767,4618.85166340239994,547.921668061210084,466.394647804614749,0.00151236436062397468,1,-0.176387135855458371,4.05302271732389265e-05,0.67885598876904929
108.1999567,108.199956719991093,14669.0343872085214,14668.9716276667641,30.3890070409848363,120.001010536548421,24632.8180101153121,97.1203893948666774,749.998553819749986,0.708419481741253243,748.357644132339146,0.00960606982386202901,49.5849484030684948,749.975236812369985,5.91395439999052908,-0.00838034462219638954,-4.80252828016027077e-06,-3.55956140400588919e-05,7.24546492560687832e-05,7.15266647949761217e-10,0.066172824215486245,0.00787256138510458205,0.0661616503995144239,1.2808117795962224e-05,0.0658814663190369632,-2.70737589324626134e-05,0.994323954284709322,0.678857065194172216,0,0,0,3055.59404051779848,4618.76846776524872,547.91908226231044,466.394644878013139,0.00151236432023551257,1,-0.176387536110672816,4.05302155996841018e-05,0.678857065194172216
108.2999567,108.299956679991084,14669.0352422595024,14668.9724822063727,30.389213096873835,120.001012411677252,24655.6611652872161,97.3003996116799783,749.998516201878147,0.708419448521412476,748.35762673493457,0.00960611313691206448,49.5846419811403507,749.975156131357153,5.91941241789974715,-0.00870944188240230233,-4.80256618260860155e-06,-3.5688067606897241e-05,7.24550334335287015e-05,7.12084860498054674e-10,0.0661728568774669068,0.00787983932012370318,0.0661612442636293346,1.28081761892299791e-05,0.0658819149616542143,-2.70739674914711945e-05,0.994321845606200849,0.678858113546173758,0,0,0,3055.60337945237916,4618.68527193118553,547.916496457276821,466.394641833049491,0.00151236427821360166,1,-0.17638793405941397,4.05302051481674897e-05,0.678858113546173758
108.3999566,108.399956639991075,14669.0361298918724,14668.9733693324561,30.3894191527343942,120.001014288539821,24678.5043180291468,97.4805756958900673,749.998480354449953,0.708419417061982193,748.357611120317074,0.00960615662341890442,49.5843354296321195,749.975077180626386,5.92487048961636642,-0.00903188178811120679,-4.80260329631454957e-06,-3.57796532416221964e-05,7.24554187256806851e-05,7.08033669611315891e-10,0.0661728803333828108,0.00788711730912978505,0.0661608377981545148,1.28082347835447278e-05,0.0658823491951402024,-2.70741766176033535e-05,0.994319739018466042,0.678859133806922754,0,0,0,3055.61246486524169,4618.60207590553091,547.91391064627453,466.394638672058647,0.00151236423459046054,1,-0.176388329972160224,4.0530195813745989e-05,0.678859133806922754
108.4999566,108.499956599991066,14669.0370494350791,14668.9742883601175,30.3896252085669758,120.0010161671361,24701.347468389773,97.6609176437091264,749.998446260021296,0.708419387344671803,748.357597267080905,0.00960620028358594169,49.584028807758159,749.97499994274142,5.93032861512030873,-0.00934766974700806941,-4.80263962779843893e-06,-3.58703478268027339e-05,7.24558051329481692e-05,7.03132839703544534e-10,0.0661728946711099136,0.00789439535222960856,0.066160431083759616,1.28082935794751833e-05,0.0658827690113973213,-2.70743863170708134e-05,0.994317635447143799,0.67886012597209977,0,0,0,3055.62129674290918,4618.51887969360723,547.911324829469095,466.394635397428544,0.00151236418939904829,1,-0.176388724123492602,4.05301875898594107e-05,0.67886012597209977
108.5999566,108.599956559991057,14669.0380002222955,14668.9752386368291,30.3898312643720914,120.001018047466133,24724.190616425898,97.8414254581779801,749.998413900653645,0.708419359350733857,748.357585153409559,0.00960624411682342583,49.583722173447768,749.974924399770657,5.93578679438792278,-0.00965681408314367218,-4.80267518365824292e-06,-3.59601304796779126e-05,7.24561926551899635e-05,6.97401065344964693e-10,0.0661728999807391222,0.00790167344953189923,0.066160024199440795,1.28083525765409762e-05,0.0658831744075099868,-2.70745965845968535e-05,0.994315535788545479,0.678861090050847826,0,0,0,3055.62987519239778,4618.43568330073504,547.908739007025815,466.394632011533929,0.00151236414267213472,1,-0.176389116781269784,4.05301804708484297e-05,0.678861090050847826
108.6999565,108.699956519991048,14669.0389815978706,14668.9762195003732,30.3900373201501566,120.001019929529974,24747.0337621848084,98.0220991437033717,749.998383257932005,0.708419333061001133,748.357574757098291,0.00960628812234709528,49.5834155832896499,749.974850533306267,5.94124502739018645,-0.00995932595160553547,-4.80270996957149466e-06,-3.60489814475881213e-05,7.24565812913259858e-05,6.90858089332804185e-10,0.0661728963543875698,0.0079089516011442932,0.0661596172224448859,1.28084117740105259e-05,0.0658835653871426147,-2.70748074218744659e-05,0.994313440914615487,0.678862026065528701,0,0,0,3055.63820043825353,4618.35248673223123,547.906153179109879,466.394628516709588,0.00151236409444194058,1,-0.176389508202649981,4.05301744494106935e-05,0.678862026065528701
108.7999565,108.799956479991039,14669.039992891252,14668.9772302852507,30.3902433759016333,120.001021813327611,24769.8769057179888,98.2029386978632886,749.998354312985384,0.708419308455834673,748.357566055575262,0.0096063323006490009,49.5831090925128137,749.974778324483282,5.9467033140948713,-0.0102552192706895084,-4.80274399373567735e-06,-3.61368822124634293e-05,7.24569710406707359e-05,6.83523275250593274e-10,0.0661728838860788371,0.00791622980717393565,0.0661592102282420602,1.28084711728618013e-05,0.0658839419608549109,-2.70750188301906187e-05,0.994311351674576738,0.678862934051346012,0,0,0,3055.64627282193942,4618.26928999340362,547.903567345886472,466.394624915343513,0.00151236404474142301,1,-0.176389898649997268,4.0530169518307418e-05,0.678862934051346012
108.8999564,108.89995643999103,14669.0410334467888,14668.9782703292349,30.3904494316270011,120.0010236988591,24792.7200470776697,98.383944125064076,749.998327046506574,0.708419285515225261,748.357559025919954,0.00960637665064112412,49.5828027550186334,749.974707754001088,5.95216165446456014,-0.0105445106402086708,-4.80277726504246854e-06,-3.62238148591259235e-05,7.24573619023002294e-05,6.75415617899164482e-10,0.0661728626716780594,0.00792350806772859628,0.0661588032905669199,1.28085307719734562e-05,0.0658843041465352885,-2.70752308091821619e-05,0.994309268897651255,0.67886381405610563,0,0,0,3055.65409279659934,4618.18609308955547,547.900981507520328,466.394621209770548,0.00151236399360280493,1,-0.176390288373076409,4.05301656703608188e-05,0.67886381405610563
108.9999564,108.999956399991021,14669.0421026013792,14668.9793389700772,30.3906554873266685,120.001025586124442,24815.563186308631,98.5651154242494414,749.998301438773183,0.7084192642187499,748.357553644884661,0.00960642117173549082,49.5824966233556665,749.974638802143318,5.95762004845862414,-0.0108272192795269007,-4.80280979002792682e-06,-3.63097627364677633e-05,7.24577538738658134e-05,6.66554081929229741e-10,0.0661728328087710094,0.0079307863829161003,0.0661583964813830389,1.28085905708979692e-05,0.0658846519668511987,-2.70754433547154391e-05,0.994307193383572763,0.678864666139858297,0,0,0,3055.66166092611456,4618.10289602597368,547.898395664175837,466.394617402352083,0.0015123639410586716,1,-0.176390677622684844,4.05301628980514117e-05,0.678864666139858297
109.0999564,109.099956359991012,14669.0431996919215,14668.9804355455435,30.3908615430011153,120.001027475123649,24838.4063234662717,98.7464525957287975,749.998277469662298,0.708419244545608118,748.357549888905851,0.00960646586324553908,49.5821907487981548,749.97457144879354,5.96307849603214013,-0.0111033669284097414,-4.8028415774643794e-06,-3.63947083223544488e-05,7.24581469533643025e-05,6.5695748552279835e-10,0.0661727943966374521,0.00793806475284379066,0.0661579898709864223,1.28086505690632052e-05,0.0658849854508740257,-2.70756564697350317e-05,0.994305125910698306,0.678865490374659708,0,0,0,3055.66897788200185,4618.01969880793877,547.895809816017163,466.394613495449562,0.0015123638871416135,1,-0.176391066646269273,4.05301611936509631e-05,0.678865490374659708
109.1999563,109.199956319991003,14669.0443240739405,14668.9815594192769,30.3910675986507535,120.001029365856809,24861.2494585943168,98.9279556466399157,749.998255118674251,0.708419226474693575,748.357547734120544,0.00960651072460194655,49.5818851814283335,749.974505673457429,5.96853699713651498,-0.0113729778041928853,-4.80287263603190821e-06,-3.64786348303264621e-05,7.24585411382727853e-05,6.466448808047733e-10,0.0661727475363008966,0.0079453431776186495,0.0661575835281135588,1.28087107660597981e-05,0.0658853046340947407,-2.70758701501246745e-05,0.994303067238126337,0.67886628684421102,0,0,0,3055.67604443909977,4617.93650144070853,547.893223963207561,466.39460949135804,0.00151236383188330429,1,-0.1763914556763721,4.05301605487739958e-05,0.67886628684421102
109.2999563,109.299956279990994,14669.0454750955105,14668.9827099258036,30.3912736542760271,120.001031258323891,24884.0925917418208,99.1096245731949494,749.998234364949894,0.708419209984540554,748.357547156388364,0.0096065557544182667,49.5815799700885123,749.97444145528118,5.97399555171908858,-0.0116360785424234336,-4.80290297256863056e-06,-3.6561526752238268e-05,7.2458936424901288e-05,6.35634657903016272e-10,0.0661726923303838505,0.00795262165734791741,0.0661571775198757372,1.28087711603950135e-05,0.0658856095587077861,-2.70760843906335359e-05,0.994301018106763856,0.678867055643561756,0,0,0,3055.68286147470644,4617.8533039295271,547.890638105910398,466.394605392399114,0.001512363775315783,1,-0.176391844946593879,4.05301609554634552e-05,0.678867055643561756
109.3999562,109.399956239990985,14669.0466521009803,14668.9838864157427,30.3914797098773519,120.001033152524897,24906.935722956383,99.2914593743372791,749.998215187288565,0.708419195053350381,748.357548131303702,0.0096066009525355156,49.5812751624555403,749.974378773069589,5.97945415972442351,-0.011892698110159472,-4.80293259538422428e-06,-3.66433680937550357e-05,7.24593328095923632e-05,6.23946209426188503e-10,0.0661726288830909309,0.00795990019213799367,0.0661567719118570513,1.28088317522185761e-05,0.0658859002717920028,-2.70762991956039506e-05,0.994298979234077174,0.67886779687883636,0,0,0,3055.6894299659798,4617.7701062796159,547.888052244287906,466.39460120090763,0.00151236371747127149,1,-0.176392234689413563,4.05301624041719993e-05,0.67886779687883636
109.4999562,109.499956199990976,14669.0478544458747,14668.9850882495575,30.3916857654551329,120.00103504845994,24929.7788522821065,99.4734600599362153,749.998197564165025,0.708419181659048047,748.357550634211634,0.00960664631739494013,49.5809708050574613,749.974317605302645,5.98491282109257128,-0.0121428677634440874,-4.80296151218826805e-06,-3.67241438777392745e-05,7.24597302879819344e-05,6.11597670756920718e-10,0.0661725573001721717,0.00796717878209534172,0.0661563667681351053,1.28088925398194015e-05,0.065886176826365786,-2.70765145570851489e-05,0.994296951319048272,0.678868510666937541,0,0,0,3055.69575098609221,4617.68690849617633,547.88546637850186,466.394596919178753,0.00151236365838144362,1,-0.176392625127146041,4.05301648864897428e-05,0.678868510666937541
109.5999562,109.599956159990967,14669.0490814782679,14668.9863147746546,30.391891821009839,120.001036946128934,24952.6219797708472,99.655626620740847,749.99818147374674,0.708419169779248459,748.357554640222133,0.00960669184842100066,49.5806669433320621,749.974257930152362,5.99037153576061776,-0.0123866209738281441,-4.80298973212866349e-06,-3.68038388174956671e-05,7.24601288557803964e-05,5.98608445318543598e-10,0.0661724776889019428,0.00797445742732539632,0.0661559621513576751,1.2808953522802603e-05,0.0658864392818491601,-2.70767304755978325e-05,0.99429493504553712,0.678869197135304914,0,0,0,3055.70182570347424,4617.60371058438614,547.882880508713015,466.394592549533968,0.00151236359807833823,1,-0.176393016483189197,4.05301683921059571e-05,0.678869197135304914
109.6999561,109.699956119990958,14669.0503325723112,14668.9875653514137,30.3920978765418077,120.001038845531966,24975.4651054606838,99.8379590638888885,749.99816689391173,0.708419159391363351,748.357560124227348,0.00960673754398655433,49.5803636216192558,749.974199725500966,5.9958303036622933,-0.0126239933887362099,-4.80301726343796776e-06,-3.6882439071565615e-05,7.24605285079208387e-05,5.84995733385614523e-10,0.0661723901580144463,0.00798173612793429132,0.0661555581227310785,1.28090146993761095e-05,0.0658866877027501907,-2.70769469468078388e-05,0.994292931077820019,0.678869856421553397,0,0,0,3055.70765537586522,4617.52051254939761,547.880294635081896,466.394588094202106,0.00151236353659271261,1,-0.176393408961856568,4.05301729129953233e-05,0.678869856421553397
109.7999561,109.799956079990949,14669.0516070872545,14668.9888393563797,30.392303932051469,120.001040746669091,24998.308229396418,100.020457393786742,749.998153802266302,0.708419150472507586,748.357567060921269,0.00960678340346898807,49.5800608831443697,749.974142968959541,6.00128912472856868,-0.0128550227665726879,-4.80304411312066899e-06,-3.695993156196574e-05,7.2460929238419387e-05,5.70778977446612742e-10,0.0661722948175935133,0.00798901488402686995,0.0661551547419961666,1.28090760690918643e-05,0.0658869221584583026,-2.70771639655124441e-05,0.994290940059959993,0.678870488673247396,0,0,0,3055.71324135181567,4617.43731439633302,547.87770875776755,466.394583555464862,0.0015123634739560585,1,-0.176393802773290115,4.05301784380716169e-05,0.678870488673247396
109.899956,109.89995603999094,14669.0529043935239,14668.9901361499451,30.3925099875392171,120.001042649540267,25021.1513516263803,100.203121605280444,749.998142176162332,0.70841914299958586,748.357575424819288,0.00960682942538149121,49.5797587699830729,749.974087637884168,6.00674799888646316,-0.01307974892905861,-4.80307029002709598e-06,-3.7036304818003611e-05,7.24613310415116364e-05,5.55976100788897737e-10,0.0661721917789600961,0.00799629369570754867,0.0661547520673799738,1.28091376303539016e-05,0.0658871427252525343,-2.7077381534573085e-05,0.994288962623820938,0.678871094047565182,0,0,0,3055.71858506525587,4617.35411613028646,547.875122876928344,466.394578935564368,0.001512363410199316,1,-0.176394198117980017,4.05301849576939426e-05,0.678871094047565182
109.999956,109.999955999990931,14669.05422385782,14668.9914551021175,30.3927160430054499,120.001044554145551,25043.9944721925312,100.385951702776211,749.998131992711933,0.708419136949266393,748.357585190275358,0.00960687560845752131,49.5794573230188576,749.974033709390483,6.01220692605993445,-0.013298213692557681,-4.80309580228429944e-06,-3.71115485937094451e-05,7.24617339107879328e-05,5.40605495723120928e-10,0.066172081154522791,0.00800357256307977251,0.0661543501555375835,1.28091993818640383e-05,0.0658873494831996309,-2.70775996425052686e-05,0.994286999376787772,0.678871672711047869,0,0,0,3055.72368803482095,4617.27091775632016,547.872536992721962,466.394574236755886,0.00151236334535360798,1,-0.176394595196090243,4.05301924613000707e-05,0.678871672711047869
110.099956,110.099955959990922,14669.0555648617446,14668.9927955862368,30.3929220984505264,120.001046460484957,25066.8375911340154,100.56894768658313,749.998123228805639,0.708419132298048537,748.357596331501782,0.00960692195158419082,49.5791565819233142,749.973981160372887,6.01766590617108577,-0.0135104608042979635,-4.8031206585391102e-06,-3.71856536767201174e-05,7.24621378396291948e-05,5.24685512238408465e-10,0.0661719630576652895,0.00801085148624759713,0.066153949061524206,1.28092613225327664e-05,0.0658875425170314666,-2.70778182936459697e-05,0.994285050905506562,0.678872224839297655,0,0,0,3055.72855185939397,4617.18771927946364,547.869951105304722,466.394569461241531,0.00151236327944932704,1,-0.176394994196515248,4.05302009380114825e-05,0.678872224839297655
110.1999559,110.199955919990913,14669.0569267682731,14668.9941569820603,30.3931281538748621,120.001048368558514,25089.6807084970533,100.752109558375849,749.998115861125598,0.708419129022184069,748.357608822580232,0.00960696845470021543,49.5788565851872249,749.973929967516597,6.02312493913929536,-0.013716535866358015,-4.80314486981755942e-06,-3.72586108852931375e-05,7.24625428219563414e-05,5.08234624194669195e-10,0.0661718376026851213,0.00801813046531299825,0.0661535488388354936,1.28093234526762714e-05,0.0658877219154534177,-2.70780374873819737e-05,0.994283117774123593,0.678872750616773102,0,0,0,3055.73317821903902,4617.10452070471365,547.867365214831921,466.394564611289923,0.00151236321251777992,1,-0.176395395317194836,4.05302103764332538e-05,0.678872750616773102
110.2999559,110.299955879990904,14669.0583089888096,14668.9955386855163,30.3933342092787946,120.001050278366264,25112.5238243204294,100.935437321194755,749.998109866164782,0.708419127097877577,748.357622637480176,0.00960701511409212117,49.5785573701344902,749.973880107318337,6.02858402487853606,-0.0139164862922385169,-4.80316844437989206e-06,-3.73304124429333593e-05,7.24629488502443321e-05,4.91269956517309605e-10,0.0661717049047517991,0.00802540950037878946,0.0661531495394245272,1.28093857677443872e-05,0.0658878877732918672,-2.70782572078949266e-05,0.994281200533600473,0.678873250236403103,0,0,0,3055.73756886614001,4617.02132203702513,547.864779321457604,466.394559688997106,0.00151236314458789317,1,-0.176395798724737402,4.05302207664302221e-05,0.678873250236403103
110.3999558,110.399955839990895,14669.0597108900547,14668.9969400763403,30.3935402646626791,120.001052189908194,25135.3669386404617,101.118930972617434,749.99810522024211,0.708419126501047658,748.357637750078311,0.0096070619309092109,49.5782589728623293,749.97383155609964,6.03404316330417512,-0.0141103612419044566,-4.80319139191897043e-06,-3.7401051678606459e-05,7.24633559172032488e-05,4.73809967094397416e-10,0.0661715650797403826,0.00803268859154565237,0.0661527512136205059,1.28094482696736362e-05,0.0658880401894424844,-2.70784774641676401e-05,0.994279299713438203,0.678873723899348858,0,0,0,3055.74172563097,4616.93812328132117,547.862193425334908,466.394554696618343,0.00151236307569079008,1,-0.176396204610843044,4.05302320959156608e-05,0.678873723899348858
110.4999558,110.499955799990886,14669.0611318796873,14668.9983605536927,30.3937463200268994,120.001054103184359,25158.2100515037164,101.30259051704985,749.998101899518247,0.70841912720757505,748.357654134170957,0.00960710890220894953,49.5779614282823786,749.973784290024241,6.03950235432579419,-0.0142982115479668437,-4.80321372359734027e-06,-3.74705224263133832e-05,7.24637640157796111e-05,4.55872035981013424e-10,0.0661714182441861254,0.00803996773891480637,0.0661523539101822877,1.2809510954947456e-05,0.0658881792667643518,-2.70786982469194282e-05,0.994277415822413135,0.678874171814729976,0,0,0,3055.74565041178175,4616.85492444248121,547.859607526615946,466.394549636263037,0.00151236300585558237,1,-0.176396613140873321,4.05302443537369379e-05,0.678874171814729976
110.5999558,110.599955759990877,14669.0625713579357,14668.9997995166923,30.3939523753717964,120.001056018194745,25181.0531629454381,101.48641595206945,749.998099880010272,0.708419129193184172,748.357671763489407,0.0096071560267052547,49.5776647701144384,749.973738285111267,6.04496159785173681,-0.0144800896579226901,-4.80323544781535261e-06,-3.75388191606786323e-05,7.24641731375217377e-05,4.37473664331741183e-10,0.0661712645151969064,0.00804724694258600326,0.066151957676288814,1.28095738222603536e-05,0.0658883051095995043,-2.70789195486785592e-05,0.994275549339457831,0.678874594199329384,0,0,0,3055.74934517682505,4616.77172552534466,547.857021625450784,466.394544510066964,0.00151236293511174537,1,-0.176397024483128606,4.05302575282454123e-05,0.678874594199329384
110.6999557,110.699955719990868,14669.064028725028,14669.0012563677356,30.3941584306976758,120.001057934939411,25203.8962730012645,101.670407282082365,749.998099137605436,0.708419132433476872,748.357690611712087,0.009607203303295897,49.5773690309206359,749.973693517250354,6.05042089378879577,-0.0146560495710588157,-4.80325657387582121e-06,-3.76059367067520164e-05,7.24645832740425524e-05,4.1863178648663766e-10,0.0661711040104147608,0.00805452620265904862,0.0661515625575833793,1.2809636870554197e-05,0.0658884178299340151,-2.70791413686043493e-05,0.994273700738717015,0.678874991277354067,0,0,0,3055.75281196111018,4616.68852653471276,547.854435721989034,466.394539320166075,0.00151236286348875593,1,-0.176397438804416384,4.05302716081329097e-05,0.678874991277354067
110.7999557,110.799955679990859,14669.0655033960938,14669.0027305253188,30.3943644860049424,120.001059853418397,25226.7393817127959,101.854564510128583,749.998099648080256,0.708419136903990831,748.357710652480137,0.00960725072945045611,49.5770742421456134,749.973649962220634,6.05588024203923503,-0.0148261467785175682,-4.8032771115081121e-06,-3.76718704787002895e-05,7.24649944167920232e-05,3.99364137160620905e-10,0.0661709368479871662,0.00806180551923169064,0.0661511685982258263,1.2809700096868489e-05,0.0658885175427241648,-2.70793636982655716e-05,0.994271870472641539,0.678875363280110333,0,0,0,3055.75605286242126,4616.60532747533671,547.851849816378376,466.394534068643225,0.00151236279101535647,1,-0.176397856261086172,4.05302865807774735e-05,0.678875363280110333
110.8999556,110.89995563999085,14669.0669947862625,14669.0042214047808,30.39457054129387,120.001061773631676,25249.5824891149277,102.038887632420014,749.998101387111774,0.708419142580169803,748.357731859411842,0.00960729830436601873,49.5767804340787279,749.973607595700742,6.06133964250582302,-0.0149904382153778215,-4.80329706878594682e-06,-3.7736617137058842e-05,7.24654065562952939e-05,3.7968706453779377e-10,0.0661707631464522605,0.0080690848924019707,0.0661507758408409058,1.28097635005477854e-05,0.0658886043650764308,-2.70795865360264428e-05,0.994270058968931281,0.678875710445752789,0,0,0,3055.75907004011697,4616.52212835192768,547.849263908765238,466.394528757581099,0.00151236271772029157,1,-0.17639827700820046,4.05303024348873617e-05,0.678875710445752789
110.9999556,110.999955599990841,14669.068502318114,14669.0057284246341,30.3947765965647996,120.001063695579319,25272.4255952404783,102.223376654728156,749.998104330289948,0.708419149437395368,748.357754206109348,0.00960734602679025329,49.576487635934086,749.973566393282567,6.06679909508811477,-0.0151489821724979379,-4.8033164561769111e-06,-3.78001722857750126e-05,7.24658196837291678e-05,3.596180838433657e-10,0.0661705830247265037,0.0080763643222662683,0.0661503843266241787,1.28098270803389162e-05,0.0658886784184781471,-2.70798098777824785e-05,0.994268266640770504,0.678876033019085723,0,0,0,3055.76186571315475,4616.43892916914774,547.846677999294911,466.394523389036067,0.00151236264363193915,1,-0.176398701195168262,4.05303191574282417e-05,0.678876033019085723
111.0999556,111.099955559990832,14669.070025421679,14669.0072510065747,30.3949826518180508,120.001065619261297,25295.2687001296254,102.408031573264665,749.998108453132772,0.708419157451001258,748.357777666169,0.00960739389450626646,49.576195875922167,749.973526330484788,6.07225859968344306,-0.0153018382647047702,-4.80333528456790585e-06,-3.78625321463057306e-05,7.24662337901364002e-05,3.39173710865721296e-10,0.0661703966021569279,0.0080836438089208814,0.066149994095436454,1.2809890833703859e-05,0.0658887398282422959,-2.70800337172477115e-05,0.994266493886531544,0.67887633125124891,0,0,0,3055.76444215685387,4616.35572993161259,547.844092088110756,466.394517965037835,0.00151236256877831064,1,-0.176399128965405133,4.05303367362251125e-05,0.67887633125124891
111.1999555,111.199955519990823,14669.0715635232627,14669.0087885982884,30.3951887070539435,120.001067544677682,25318.1118038144705,102.592852393801067,749.998113731102308,0.708419166596258254,748.357802213201694,0.00960744190619688965,49.5759051811972427,749.97348738277185,6.07771815618750999,-0.0154490673829883463,-4.80335356330482158e-06,-3.7923694114036826e-05,7.24666488657261848e-05,3.18370473616774884e-10,0.066170203998385857,0.00809092335246055887,0.0661496051857319578,1.28099547593051843e-05,0.0658887887209205492,-2.70802580507494613e-05,0.994264741079645131,0.678876605399434951,0,0,0,3055.76680170158306,4616.27253064388879,547.841506175354994,466.394512487629413,0.00151236249318760052,1,-0.176399560463357197,4.05303551587628863e-05,0.678876605399434951
111.2999555,111.299955479990814,14669.0731160715222,14669.0103406311882,30.3953947622727689,120.001069471828487,25340.9549063288468,102.777839116645993,749.998120139614684,0.708419176848454235,748.357827820838793,0.00960749006053074339,49.5756155779012033,749.973449525560454,6.08317776449452019,-0.0155907316332530854,-4.80337130309468327e-06,-3.79836558913215528e-05,7.24670649009594126e-05,2.97224737012172606e-10,0.0661700053333269672,0.00809820295297896189,0.0661492176346161614,1.28100188557873125e-05,0.0658888252299702493,-2.70804828780656223e-05,0.994263008591531272,0.678876855726692319,0,0,0,3055.76894672856042,4616.18933131049562,547.838920261168141,466.394506958774286,0.00151236241688690429,1,-0.176399995818876443,4.05303744123877648e-05,0.678876855726692319
111.3999554,111.399955439990805,14669.0746825113893,14669.0119065593008,30.3956008174748078,120.001071400713741,25363.7980077034154,102.96299174347385,749.998127654053178,0.708419188182836002,748.357854462747127,0.00960753835437611059,49.575327091149461,749.973412734235012,6.08863742449609635,-0.0157268942869706052,-4.80338851342553387e-06,-3.80424159516464506e-05,7.24674818856271277e-05,2.75751879895461952e-10,0.0661698007270788008,0.00810548261057043862,0.0661488314778257008,1.28100831193947739e-05,0.0658888494886859938,-2.708070818024184e-05,0.994261296764639702,0.678877082501660345,0,0,0,3055.77087966994986,4616.10613193589779,547.836334345689011,466.394501380449071,0.00151236233990350286,1,-0.176400435163060976,4.05303944853139216e-05,0.678877082501660345
111.4999554,111.499955399990796,14669.0762622989714,14669.0134858302754,30.3958068726603621,120.00107333133343,25386.6411079723985,103.148310271862002,749.998136249783215,0.70841920057466401,748.357882112644347,0.00960758678712991809,49.5750397450187279,749.973376984161177,6.09409713608334869,-0.015857619734568118,-4.80340520295620497e-06,-3.80999738435196415e-05,7.24678998089573205e-05,2.53968532741028313e-10,0.0661695902998458707,0.00811276232532636039,0.0661484467497107653,1.28101475497439439e-05,0.0658888616362951901,-2.708093396208195e-05,0.994259605936434032,0.678877285998285562,0,0,0,3055.77260300486978,4616.02293252451182,547.833748429055163,466.394495754590594,0.00151236226226412335,1,-0.1764008786194457,4.05304153639315497e-05,0.678877285998285562
111.5999554,111.599955359990787,14669.0778548792005,14669.0150779013784,30.3960129278297444,120.001075263687625,25409.4842071692765,103.33379470758166,749.998145902161241,0.708419213999159192,748.357910744306423,0.00960763535681774528,49.5747535625715159,749.973342250696987,6.09955689914526555,-0.0159829734165910509,-4.80342138298043078e-06,-3.81563291473292976e-05,7.24683186609930579e-05,2.31890504730849737e-10,0.0661693741718786116,0.00812004209733796327,0.0661480634832670167,1.28102121446228909e-05,0.0658888618115353181,-2.70811602165784249e-05,0.994257936415309795,0.678877466495649728,0,0,0,3055.77411925964452,4615.93973308069872,547.831162511402113,466.394490083175697,0.00151236218399604752,1,-0.176401326317622065,4.05304370352978436e-05,0.678877466495649728
111.6999553,111.699955319990778,14669.0794597417116,14669.0166822428182,30.3962189829831821,120.001077197776311,25432.3273053201374,103.51944504821013,749.998156586550408,0.708419228431670822,748.357940331583904,0.00960768406155843024,49.5744685658423236,749.973308509205367,6.10501671356967535,-0.0161030217899735817,-4.80343706304434717e-06,-3.82114827510903274e-05,7.24687384308772477e-05,2.09533288742535282e-10,0.0661691524634077793,0.00812732192669594379,0.0661476817101157993,1.28102769019439191e-05,0.0658888501582111374,-2.70813869371537322e-05,0.994256288502517238,0.678877624277640535,0,0,0,3055.77543100059074,4615.85653360876859,547.828576592864238,466.394484368021722,0.00151236210512435709,1,-0.176401778359690675,4.05304594865328607e-05,0.678877624277640535
111.7999553,111.799955279990769,14669.0810763426125,14669.0182983312916,30.3964250381209631,120.001079133599518,25455.1704024563332,103.705261295421764,749.998168278328421,0.708419243847470237,748.357970848410787,0.00960773289890237692,49.5741847758327481,749.973275735064249,6.11047657924170817,-0.0162178322628463434,-4.80345225264286143e-06,-3.82654357944404652e-05,7.24691591075753275e-05,1.8691197893217136e-10,0.0661689252945510953,0.00813460181348873469,0.0661473014604968407,1.28103418188611808e-05,0.0658888268215636619,-2.70816141147683362e-05,0.994254662478466167,0.678877759632800837,0,0,0,3055.77654083863808,4615.77333411297514,547.825990673573642,466.394478611065551,0.00151236202567577916,1,-0.176402234867573088,4.05304827049322183e-05,0.678877759632800837
111.8999552,111.89995523999076,14669.0827041640878,14669.0199256402229,30.3966310932433572,120.001081071157287,25478.0134986082048,103.891243452256262,749.998180952903908,0.708419260221929026,748.358002268819519,0.00960778186802802026,49.5739022125241036,749.973243903682373,6.11593649604803424,-0.0163274731511648952,-4.80346696050737892e-06,-3.83181906680818833e-05,7.24695806795501798e-05,1.64041702160859639e-10,0.0661686927852708218,0.00814188175780527698,0.0661469227632837248,1.28104068946990182e-05,0.0658887919487278623,-2.70818417506148118e-05,0.9942530586051741,0.678877872853982822,0,0,0,3055.77745142195272,4615.69013459751659,547.823404753660952,466.3944728141513,0.00151236194567576647,1,-0.176402695947185106,4.05305066774448529e-05,0.678877872853982822
111.9999552,111.999955199990751,14669.0843426957726,14669.0215636527537,30.3968371483506168,120.001083010449648,25500.856593803579,104.077391520388019,749.998194585725059,0.708419277530476399,748.358034566950096,0.00960783096661099734,49.573620894869407,749.973212990507818,6.12139646387127989,-0.0164320136175177822,-4.80348119853819756e-06,-3.83697499363257514e-05,7.24700031363600299e-05,1.40938320414262694e-10,0.0661684550552806422,0.00814916175973183846,0.0661465456459724294,1.2810472126777375e-05,0.0658887456913825609,-2.70820698351098926e-05,0.994251477137004347,0.678877964238212783,0,0,0,3055.77816543545805,4615.6069350665357,547.820818833255316,466.394466979096421,0.00151236186514939813,1,-0.17640316169991227,4.05305313898330217e-05,0.678877964238212783
112.0999552,112.099955159990742,14669.0859914310277,14669.0232118746244,30.3970432034429621,120.001084951476599,25523.6996880664228,104.26370549875972,749.998209152291338,0.708419295748599631,748.358067717061317,0.00960788019295222284,49.5733408408078162,749.97318297104016,6.12685648259468341,-0.0165315236184326864,-4.80349497607290691e-06,-3.84201167547884221e-05,7.24704264664107178e-05,1.17615836212530801e-10,0.0661682122239930642,0.00815644181935489161,0.0661461701346995196,1.28105375132490247e-05,0.0658886881987599538,-2.70822983615348964e-05,0.994249918294235591,0.678878034086387472,0,0,0,3055.7786855990048,4615.52373552411882,547.818232912483609,466.394461107705069,0.0015123617841215737,1,-0.176403632224919338,4.05305568297959428e-05,0.678878034086387472
112.1999551,112.199955119990733,14669.0876498669386,14669.0248697921907,30.3972492585206595,120.001086894238199,25546.5427814274044,104.450185391777012,749.998224628162689,0.70841931485185361,748.358101693536355,0.00960792954519806841,49.5730620673182329,749.973153820838547,6.13231655210010906,-0.0166260738540557895,-4.80350830373893798e-06,-3.84692941725670707e-05,7.24708506584428717e-05,9.4089455081606612e-11,0.0661679644105238052,0.00816372193675952117,0.0661457962543130079,1.28106030520596568e-05,0.0658886196273319319,-2.70825273272600027e-05,0.994248382301880618,0.67887808270311556,0,0,0,3055.77901466585035,4615.44053597429411,547.815646991471226,466.394455201768267,0.00151236170261701062,1,-0.176404107619128364,4.05305829832874247e-05,0.67887808270311556
112.2999551,112.299955079990724,14669.0893175080419,14669.0265369209174,30.3974553135839827,120.001088838734447,25569.3858739161224,104.636831198382353,749.998240988972611,0.708419334815882706,748.358136470894806,0.0096079790210454874,49.5727845904318087,749.973125515536481,6.13777667226775314,-0.016715735721469116,-4.80352119162233898e-06,-3.85172860121094063e-05,7.24712757008683084e-05,7.03727458307753841e-11,0.066167711733644996,0.008171002112029431,0.0661454240283879114,1.28106687405544937e-05,0.0658885401315153774,-2.70827567233910132e-05,0.994246869354496687,0.678878110396436085,0,0,0,3055.77915541976881,4615.3573364210306,547.81306107034186,466.394449263050376,0.00151236162066005703,1,-0.176404587975004717,4.05306098379418502e-05,0.678878110396436085
112.399955,112.399955039990715,14669.0909938775003,14669.0282127794817,30.3976613686331127,120.001090784965342,25592.2289655526583,104.823642917518853,749.998258210438166,0.708419355616460411,748.358172023802013,0.00960802861874032743,49.5725084252384818,749.973098030849769,6.14323684297772488,-0.0168005812698126533,-4.80353364920695834e-06,-3.85640966582264654e-05,7.24717015817728251e-05,4.64803725949134524e-11,0.0661674543117330149,0.00817828234524728935,0.0661450534792341477,1.28107345768091952e-05,0.0658884498709887828,-2.70829865461574624e-05,0.994245379645071869,0.678878117477604404,0,0,0,3055.77911067206378,4615.27413686824002,547.810475149217154,466.394443293249537,0.0015123615382741486,1,-0.176405073373954308,4.05306373797995946e-05,0.678878117477604404
112.499955,112.499954999990706,14669.0926784984767,14669.0298968832685,30.3978674236682593,120.001092732930942,25615.0720563599098,105.010620553591806,749.998276268369409,0.708419377229448366,748.35820832708032,0.00960807833663324118,49.5722335858744714,749.973071342587787,6.14869706410903216,-0.0168806831481802533,-4.8035456871169677e-06,-3.8609730874881662e-05,7.24721282895447521e-05,2.24261770751772925e-11,0.0661671922626812514,0.00818556263649451547,0.0661446846278788553,1.28108005590375806e-05,0.0658883490030485186,-2.70832167862379356e-05,0.994243913335733809,0.678878104260852377,0,0,0,3055.77888326135371,4615.19093731977591,547.807889228216936,466.394437294063835,0.00151236145548271864,1,-0.176405563897743339,4.05306655956009398e-05,0.678878104260852377
112.599955,112.599954959990697,14669.0943708904088,14669.031588767155,30.3980734786896818,120.001094682631276,25637.9151463671406,105.197764108275138,749.998295138679509,0.708419399630795366,748.358245355713962,0.00960812817189715673,49.5719600855845783,749.97304542666302,6.15415733553963573,-0.0169561145585888084,-4.80355731475998931e-06,-3.86541936377247101e-05,7.24725558120243554e-05,-1.77617994422810916e-12,0.0661669257039205483,0.00819284298585202554,0.0661443174941489104,1.28108666838814115e-05,0.065888237690047452,-2.70834474362478303e-05,0.994242470587883287,0.678878071063229616,0,0,0,3055.77847605199622,4615.10773777942813,547.805303307459326,466.394431267204538,0.00151236137230938519,1,-0.17640605963063466,4.05306944720337738e-05,0.678878071063229616
112.6999549,112.699954919990688,14669.0960705988109,14669.0332879594644,30.3982795336975542,120.001096634066343,25660.7582355933555,105.385073580511616,749.99831479739305,0.708419422796625842,748.35828308485884,0.00960817812359504586,49.5716879367111574,749.973020259098462,6.1596176571482042,-0.0170269492102264053,-4.80356854098614187e-06,-3.86974903346110749e-05,7.24729841366866741e-05,-2.61131358530282177e-11,0.0661666547523418747,0.00820012339339904264,0.0661439520966553562,1.28109329505006226e-05,0.0658881160929056103,-2.70836784946121089e-05,0.994241051537561593,0.678878018204359335,0,0,0,3055.77789192950422,4615.02453825092925,547.802717387060284,466.394425214290266,0.00151236128877648476,1,-0.176406560641644727,4.05307239956248245e-05,0.678878018204359335
112.7999549,112.799954879990679,14669.0977771617472,14669.0349940079595,30.398485588692111,120.001098587236172,25683.6013240649772,105.572548971975237,749.99833522065569,0.708419446703158817,748.358321489847185,0.00960822818951001523,49.571417150768184,749.972995816039315,6.16507802881111466,-0.0170932612713627918,-4.80357937733258335e-06,-3.87396262054052952e-05,7.24734132519849143e-05,-5.05714303832656238e-11,0.0661663795243306735,0.00820740385921310024,0.0661435884528915469,1.28109993563465919e-05,0.0658879843763088557,-2.70839099549750767e-05,0.994239656316899922,0.678877946006235744,0,0,0,3055.7771338021048,4614.94133873794999,547.800131467134293,466.394419136965951,0.00151236120490671729,1,-0.176407067004587803,4.05307541529975919e-05,0.678877946006235744
112.8999548,112.89995483999067,14669.0994901359081,14669.036706463583,30.3986916436735122,120.001100542140776,25706.4444117999665,105.760190282974222,749.998356384743715,0.708419471326786621,748.358360546198014,0.00960827836732747187,49.5711477384241448,749.972972073760616,6.17053845040486948,-0.0171551253371333701,-4.80358983342381031e-06,-3.87806072458537034e-05,7.24738431455475296e-05,-7.51377045527114139e-11,0.0661661001357004841,0.00821468438337153578,0.0661432265792094437,1.28110658987382093e-05,0.0658878427056422827,-2.7084141807211949e-05,0.994238285042754466,0.678877854793029423,0,0,0,3055.77620459593481,4614.85813924409922,547.797545547793334,466.394413036810363,0.00151236112072187416,1,-0.176407578782494301,4.05307849303925745e-05,0.678877854793029423
112.9999548,112.999954799990661,14669.1012090742588,14669.0384248870396,30.3988976986419921,120.001102498780227,25729.2874988230033,105.947997519279639,749.998378266071313,0.708419496644022262,748.358400229624067,0.00960832865515293122,49.5708797095114164,749.972949008674846,6.17599892180620724,-0.0172126163845902624,-4.80359991859060894e-06,-3.88204398453368063e-05,7.24742738048236602e-05,-9.97998631816329382e-11,0.066165816701644134,0.00822196496595058515,0.0661428664908315228,1.28111325755521631e-05,0.0658876912463219611,-2.70843740460110736e-05,0.994236937814467314,0.678877744890882373,0,0,0,3055.77510725574211,4614.77493977292488,547.794959629148252,466.394406915415345,0.00151236103624391893,1,-0.176408096041179019,4.05308163153138409e-05,0.678877744890882373
113.0999548,113.099954759990652,14669.1029335446656,14669.0401488454554,30.3991037535976751,120.001104457154483,25752.1305851491816,106.1359706757369,749.99840084120035,0.708419522631558052,748.358440516039991,0.00960837905089917399,49.5706130730449104,749.97292659734228,6.18145944289026605,-0.017265809729558157,-4.80360964204934145e-06,-3.88591308766134561e-05,7.24747052171565603e-05,-1.24544652797766342e-10,0.066165529336701126,0.00822924560702426727,0.0661425082018748389,1.2811199384405648e-05,0.0658875301659848228,-2.70846066650346045e-05,0.994235614723157357,0.678877616627715175,0,0,0,3055.77384474121482,4614.69174032791034,547.792373711307278,466.394400774319877,0.00151236095149409307,1,-0.176408618838096554,4.05308482936198643e-05,0.678877616627715175
113.1999547,113.199954719990643,14669.1046631261706,14669.0418779124029,30.3993098085407851,120.001106417263628,25774.9736708025084,106.32410975948261,749.998424086847194,0.708419549266262716,748.358481381569845,0.00960842955296481449,49.5703478372203108,749.972904816477808,6.18692001353323384,-0.017314780988257894,-4.80361901382818677e-06,-3.88966875969192435e-05,7.24751373701569297e-05,-1.49360137191083565e-10,0.0661652381547028628,0.00823652630666612054,0.0661421517253480001,1.28112663235610064e-05,0.0658873596331978617,-2.70848396581629521e-05,0.994234315847063344,0.678877470333039912,0,0,0,3055.77242002579806,4614.60854091248257,547.789787794377048,466.394394615023089,0.00151236086649308423,1,-0.17640914722470602,4.05308808525028561e-05,0.678877470333039912
113.2999547,113.299954679990634,14669.1063973903656,14669.0436116614328,30.3995158634714571,120.001108379107606,25797.8167557980669,106.512414763996802,749.998447979890443,0.708419576525137984,748.358522802552329,0.00960848015889226303,49.5700840094443151,749.972883642958323,6.19238063361011548,-0.0173596060289682441,-4.80362804401252225e-06,-3.89331173216692945e-05,7.24755702514081463e-05,-1.74234126708384286e-10,0.0661649432687481942,0.0082438070649487119,0.0661417970731909832,1.2811333390136207e-05,0.0658871798156619587,-2.7085073019077017e-05,0.994233041245505045,0.678877306337750341,0,0,0,3055.77083609645979,4614.52534153000033,547.78720187846227,466.394388439050431,0.00151236078126194612,1,-0.176409681257730738,4.05309139786022132e-05,0.678877306337750341
113.3999546,113.399954639990625,14669.1081359311938,14669.0453496855553,30.3997219183898792,120.00111034268653,25820.6598401584197,106.700885699147037,749.998472497383204,0.708419604385411072,748.358564755555904,0.00960853086703306047,49.5698215962958102,749.972863053835681,6.19784130299609437,-0.0174003609579074237,-4.8036367423902405e-06,-3.89684291489391196e-05,7.24760038483444966e-05,-1.99154358299604663e-10,0.066164644791132099,0.00825108788194267063,0.0661414442562220789,1.28114005823250926e-05,0.0658869908852099812,-2.70853067425925408e-05,0.99423179097805392,0.67887712497392827,0,0,0,3055.76909594905146,4614.44214218376146,547.784615963665374,466.394382247848114,0.00151236069582063389,1,-0.17641022098130324,4.05309476582273894e-05,0.67887712497392827
113.4999546,113.499954599990616,14669.1098783537745,14669.0470915874121,30.3999279732961973,120.001112308000373,25843.5029238965872,106.889522561144574,749.998497616551731,0.70841963282450271,748.358607217376061,0.00960858167497402604,49.5695606035505421,749.972843026333862,6.2033020215659409,-0.0174371220424234252,-4.80364511783437078e-06,-3.90026314055880283e-05,7.24764381480445677e-05,-2.24109242541377255e-10,0.0661643428332749778,0.00825836875771786272,0.0661410932841710736,1.28114678972989204e-05,0.0658867930113568867,-2.70855408168989298e-05,0.994230565080176376,0.678876926574709882,0,0,0,3055.76720258859268,4614.35894287700194,547.782030050087315,466.39437604282233,0.00151236061018855715,1,-0.176410766434024979,4.0530981878265522e-05,0.678876926574709882
113.5999546,113.599954559990607,14669.1116242557764,14669.048836976177,30.4001340281905748,120.001114275049147,25866.346007032982,107.078325350297575,749.998523314812246,0.708419661819992941,748.358650165052495,0.00960863258047250923,49.5693010361638358,749.972823537867157,6.20876278919438995,-0.0174699657005987774,-4.80365317903187294e-06,-3.90357337844006815e-05,7.24768731374543078e-05,-2.49087166704797065e-10,0.0661640375056857105,0.00826564969234284616,0.0661407441656546025,1.28115353324530931e-05,0.0658865863646228567,-2.70857752386317893e-05,0.994229363576401126,0.678876711474028838,0,0,0,3055.7651590281248,4614.27574361289317,547.779444137826658,466.394369825405761,0.00151236052438548526,1,-0.176411317660095435,4.05310166253367295e-05,0.678876711474028838
113.6999545,113.699954519990598,14669.1133732460439,14669.0505854544426,30.4003400830731429,120.001116243832897,25889.1890895813231,107.267294069645459,749.998549569771399,0.708419691349672198,748.358693575868756,0.00960868358172994874,49.5690428982955495,749.97280456603994,6.21422360575694377,-0.0174989684429860404,-4.80366093450161483e-06,-3.90677459817283316e-05,7.24773088034567003e-05,-2.74077231347775845e-10,0.0661637289179166088,0.00827293068588529079,0.0661403969082095117,1.2811602885771877e-05,0.0658863711175793482,-2.70860099991172953e-05,0.994228186484984566,0.678876480006504357,0,0,0,3055.76296828632803,4614.19254439454289,547.77685822698038,466.394363596991468,0.00151236043843064219,1,-0.176411874698307075,4.05310518866940672e-05,0.678876480006504357
113.7999545,113.799954479990589,14669.1151249483228,14669.0523366410416,30.4005461379440618,120.001118214351663,25912.0321715599239,107.456428722227457,749.998576359234676,0.70841972139155851,748.358737427358164,0.00960873467743095233,49.5687861933436125,749.972786088656221,6.21968447112892342,-0.0175242068297833953,-4.80366839446611183e-06,-3.90986775407526328e-05,7.24777451336070151e-05,-2.99067665755943221e-10,0.0661634171785503988,0.00828021173841073446,0.0661400515183368648,1.28116705558803854e-05,0.065886147440186657,-2.70862450994703601e-05,0.994227033800868298,0.678876232507237054,0,0,0,3055.7606333851536,4614.10934522499792,547.774272317643067,466.394357358919251,0.0015123603523425214,1,-0.176412437579816173,4.05310876483201088e-05,0.678876232507237054
113.8999544,113.89995443999058,14669.1168789900839,14669.0540901677214,30.4007521928034308,120.001120186605419,25934.8752529800222,107.645729304254886,749.998603661215043,0.708419751923876517,748.358781697310633,0.00960878586544744451,49.568530923968865,749.972768083726692,6.22514538518564642,-0.0175457574453687926,-4.80367557011693921e-06,-3.91285384613254431e-05,7.24781821158412397e-05,-3.24047997298897509e-10,0.0661631023951984726,0.00828749284998414083,0.0661397080015344446,1.28117383403166085e-05,0.065885915505498438,-2.70864805273354394e-05,0.994225905518475783,0.678875969311621863,0,0,0,3055.75815734960133,4614.02614610723685,547.771686409907602,466.394351112515778,0.00151236026613942834,1,-0.17641300633479895,4.05311238975327316e-05,0.678875969311621863
113.9999544,113.999954399990571,14669.1186350136995,14669.0558456791478,30.4009582476514097,120.00112216059425,25957.7183338578106,107.835195822863724,749.998631453935332,0.708419782925089003,748.358826363773915,0.00960883714259175292,49.5682770921187057,749.972750529471796,6.2306063478013316,-0.0175636968538839255,-4.80368246974973437e-06,-3.91573388039522375e-05,7.24786197369823876e-05,-3.49007696791342217e-10,0.0661627846744737291,0.00829477402066931303,0.0661393663623280753,1.28118062352021704e-05,0.0658856754849782289,-2.70867162740064507e-05,0.994224801614342235,0.678875690755241568,0,0,0,3055.75554320518222,4613.94294704418189,547.769100503865047,466.394344859054684,0.00151236017983894075,1,-0.176413580985810226,4.05311606213683807e-05,0.678875690755241568
114.0999544,114.099954359990562,14669.1203926466405,14669.057602794097,30.4011643024881124,120.001124136318126,25980.5614142073573,108.024828274265204,749.998659715838812,0.708419814373826839,748.358871405064292,0.00960888850780694526,49.5680246990169735,749.972733404332757,6.23606735885282681,-0.0175781015713383226,-4.8036891015113483e-06,-3.91850891411152166e-05,7.24790579838119066e-05,-3.73936259443277556e-10,0.0661624641219382692,0.0083020552505286508,0.0661390266042572311,1.2811874239495917e-05,0.0658854275506518261,-2.70869523337782952e-05,0.994223722055779358,0.678875397173601347,0,0,0,3055.75279397838995,4613.85974803868339,547.766514599604079,466.394338599862522,0.00151236009345936603,1,-0.176414161565802058,4.05311978066859703e-05,0.678875397173601347
114.1999543,114.199954319990553,14669.1221515461802,14669.0593611830973,30.4013703573136347,120.001126113777062,26003.4044940381355,108.214626658767472,749.998688425588739,0.708419846249009222,748.358916799759754,0.00960893995925893307,49.5677737452659244,749.972716686970557,6.24152841821594251,-0.0175890480101585922,-4.80369547609477235e-06,-3.92117988211379345e-05,7.24794968441464405e-05,-3.98823458196024064e-10,0.0661621408421660534,0.00830933653962291977,0.0661386887300113302,1.28119423511167424e-05,0.0658851718740597614,-2.70871887058361846e-05,0.994222666798477039,0.678875088902119339,0,0,0,3055.74991269283646,4613.77654909353441,547.763928697211668,466.394332336159778,0.00151236000701754684,1,-0.176414748091147655,4.05312354404753657e-05,0.678875088902119339
114.2999543,114.299954279990544,14669.123911369592,14669.0611204907818,30.4015764121280903,120.001128092971143,26026.2475733635038,108.404590983506353,749.998717562078582,0.708419878529772729,748.358962526709547,0.00960899149470506586,49.5675242308587372,749.972700356276277,6.24698952576723165,-0.0175966124786839373,-4.80370160287039321e-06,-3.92374782788497428e-05,7.24799363052983981e-05,-4.23659888044198794e-10,0.0661618149387581261,0.00831661788801254208,0.0661383527414454719,1.28120105674348669e-05,0.0658849086279299917,-2.70874253788740927e-05,0.994221635793773317,0.678874766275851083,0,0,0,3055.74690236938113,4613.69335021146253,547.761342796772738,466.39432606916705,0.00151235992053032819,1,-0.176415340579345215,4.05312735105091312e-05,0.678874766275851083
114.3999542,114.399954239990535,14669.1256717890501,14669.0628803909112,30.4017824669315928,120.001130073900342,26049.0906521968354,108.594721244693048,749.99874710443612,0.708419911195515839,748.359008565039176,0.00960904311143462309,49.5672761551599592,749.972684391375651,6.25245068138272764,-0.0176008711391233419,-4.80370748970028938e-06,-3.92621381465421229e-05,7.24803763540470046e-05,-4.48435565814996084e-10,0.0661614865142596126,0.00832389929575606639,0.0661380186395540831,1.28120788851924121e-05,0.0658846379854334252,-2.70876623416174416e-05,0.99422062898582253,0.678874429629396037,0,0,0,3055.74376602349503,4613.61015139513256,547.758756898370279,466.394319800051676,0.00151235983401382026,1,-0.176415939040345082,4.05313120036748242e-05,0.678874429629396037
114.4999542,114.499954199990526,14669.1274324655533,14669.0646405539428,30.4019885217242489,120.0011320565647,26071.9337305483132,108.785017445366705,749.998777032027874,0.708419944225831877,748.359054894156543,0.00960909480863936238,49.5670295168841335,749.972668771631902,6.25791188494087258,-0.017601899981137592,-4.80371314529139711e-06,-3.92857897619736877e-05,7.24808169775254907e-05,-4.73141112801322277e-10,0.0661611556700962278,0.00833118076291108553,0.0661376864244418161,1.28121473036640788e-05,0.0658843601148832864,-2.70878995963541387e-05,0.994219646290928516,0.678874079296683752,0,0,0,3055.74050666648145,4613.52695264714657,547.756171002085352,466.394313530020952,0.00151235974748468419,1,-0.176416543492367295,4.05313509073935039e-05,0.678874079296683752
114.5999542,114.599954159990517,14669.1291930899024,14669.0664006665611,30.4021945765061048,120.001134040964217,26094.7768084242343,108.975479584469582,749.998807324463314,0.708419977600624584,748.359101493751609,0.00960914658350109363,49.5667843141586673,749.972653476652795,6.26337313631879411,-0.0175997747831146967,-4.8037185791804265e-06,-3.93084440673797955e-05,7.2481258163278867e-05,-4.97767898190215758e-10,0.0661608225066056127,0.00833846228953374034,0.0661373560954073569,1.28122158194404917e-05,0.0658840751912523059,-2.70881371315970786e-05,0.99421868764331589,0.678873715610973982,0,0,0,3055.73712730108036,4613.44375397004023,547.753585107996969,466.394307260175935,0.00151235966095811399,1,-0.176417153937216631,4.05313902098039376e-05,0.678873715610973982
114.6999541,114.699954119990508,14669.1309533491731,14669.0681604089423,30.402400631277299,120.001136027098966,26117.6198858397292,109.166107667771954,749.998837961602135,0.708420011300024077,748.359148343807647,0.0096091984340080927,49.5665405444810858,749.972638486295523,6.26883443539469987,-0.0175945710998277605,-4.803723798506117e-06,-3.93301133482114434e-05,7.24816998979702543e-05,-5.22306206655265622e-10,0.0661604871229637542,0.00834574387567909269,0.0661370276508854299,1.28122844301832858e-05,0.0658837833856202731,-2.70883749391359814e-05,0.994217752954235312,0.678873338904515511,0,0,0,3055.73363092186901,4613.36055536629283,547.750999216182322,466.394300991631042,0.00151235957444949081,1,-0.176417770380534578,4.05314298975602877e-05,0.678873338904515511
114.7999541,114.799954079990499,14669.1327129341662,14669.0699194774206,30.4026066860379203,120.001138014968902,26140.4629628046387,109.356901690119273,749.998868923556188,0.708420045304408386,748.359195424602376,0.00960925035888671175,49.5662982047032301,749.972623780669323,6.27429578204833671,-0.0175863642187081837,-4.80372881307326123e-06,-3.93508101432312894e-05,7.24821421693380306e-05,-5.46747592104967157e-10,0.0661601496171047854,0.00835302552140064318,0.0661367010884257867,1.28123531345339136e-05,0.0658834848679639568,-2.70886130191306752e-05,0.994216842122496836,0.678872949508551815,0,0,0,3055.73002051428784,4613.2773568383127,547.748413326716445,466.394294725487327,0.00151235948797400778,1,-0.176418392827610293,4.05314699586571564e-05,0.678872949508551815
114.899954,114.89995403999049,14669.1344715543091,14669.0716775877809,30.40281274078799,120.001140004574097,26163.3060393199376,109.547861657281743,749.998900190690961,0.70842007959444564,748.359242716707968,0.00960930235565182755,49.5660572910813357,749.972609340136728,6.27975717615897544,-0.0175752291177815323,-4.80373363134303392e-06,-3.93705462739714967e-05,7.24825849647364143e-05,-5.71083661528641999e-10,0.0661598100857319626,0.0083603072267514171,0.0661363764047597641,1.28124219295141919e-05,0.0658831798071169428,-2.70888513574047085e-05,0.994215955035346433,0.678872547753196165,0,0,0,3055.72629905260828,4613.19415838845271,547.745827439672553,466.394288462779571,0.00151235940154594603,1,-0.176419021274428545,4.05315103809901313e-05,0.678872547753196165
114.999954,114.999953999990481,14669.1362289153039,14669.0734344330376,30.4030187955276183,120.001141995914537,26186.1491154007817,109.738987566836101,749.998931743635353,0.708420114151042557,748.359290200996384,0.00960935442238231019,49.5658177993204845,749.972595145324703,6.28521861760695888,-0.0175612404529843502,-4.80373826131625758e-06,-3.93893339327603753e-05,7.24830282713973526e-05,-5.95306471000261204e-10,0.0661594686243595215,0.00836758899178246911,0.0661360535958590012,1.28124908128934392e-05,0.06588286837420812,-2.70890899499787443e-05,0.994215091582976718,0.678872133967237446,0,0,0,3055.72246949971759,4613.11096001900114,547.74324155512204,466.394282204555907,0.00151235931517976967,1,-0.176419655720901791,4.05315511528248109e-05,0.678872133967237446
115.099954,115.099953959990472,14669.1379847414792,14669.0751897386672,30.4032248502568549,120.001143988990307,26208.9921910495686,109.930279425917874,749.998963563281222,0.70842014895540506,748.359337858641084,0.00960940655727959836,49.5655797245596546,749.972581177122265,6.2906801062736486,-0.017544472528499,-4.80374271126975192e-06,-3.94071857162379109e-05,7.24834720767362941e-05,-6.19407361028365579e-10,0.0661591253272527935,0.00837487081654389454,0.0661357326569153581,1.28125597825999127e-05,0.0658825507362485185,-2.70893287950838558e-05,0.994214251633739554,0.678871708478012703,0,0,0,3055.71853480426444,4613.02776173218172,547.740655673134029,466.394275951797908,0.00151235922888902754,1,-0.176420296157593526,4.05315922614013824e-05,0.678871708478012703
115.1999539,115.199953919990463,14669.139738753438,14669.0769432365596,30.4034309049757709,120.001145983801351,26231.8352662768375,110.12173722800695,749.998995630789636,0.708420183988982766,748.359385671121458,0.00960945875883290057,49.5653430613890578,749.972567416687866,6.29614164204116733,-0.0175249992715791336,-4.80374699022742649e-06,-3.94241144478319291e-05,7.24839163685463286e-05,-6.43378581372458473e-10,0.0661587802874174374,0.00838215270108445647,0.0661354135823636058,1.28126288369409714e-05,0.0658822270641094693,-2.70895678815327876e-05,0.994213435065426254,0.678871271611317106,0,0,0,3055.71449790188217,4612.94456353015994,547.738069793776162,466.394269705500619,0.00151235914268744889,1,-0.176420942579189943,4.05316336948911461e-05,0.678871271611317106
115.2999539,115.299953879990454,14669.1414906866848,14669.078694655318,30.4036369596843876,120.001147980347739,26254.6783410822027,110.313360978873462,749.999027927593033,0.708420219233522164,748.359433620226014,0.00960951102363338805,49.5651078038398509,749.97255384545133,6.30160322479122037,-0.017502894206465669,-4.80375110495849755e-06,-3.94401334698395119e-05,7.24843611338677298e-05,-6.6721289672328035e-10,0.0661584335965505338,0.00838943464545225184,0.0661350963658674934,1.28126979716886265e-05,0.0658818975226651005,-2.70898071987707605e-05,0.994212641727323265,0.678870823691232195,0,0,0,3055.71036171190417,4612.86136541504038,547.735483917113811,466.394263466605878,0.00151235905658803332,1,-0.176421594973410478,4.05316754419358507e-05,0.678870823691232195
115.3999538,115.399953839990445,14669.1432402729988,14669.0804437268453,30.4038430143827973,120.001149978629485,26277.5214154786299,110.505150678825132,749.999060435396018,0.708420254671016547,748.359481688049641,0.0096095633518373802,49.5648739454347833,749.97254044511476,6.30706485440927977,-0.0174782304107665709,-4.80375506342384831e-06,-3.94552551448223984e-05,7.24848063602792273e-05,-6.9090257194640327e-10,0.0661580853450506462,0.00839671664969337747,0.0661347810003873049,1.28127671873637829e-05,0.0658815622793701705,-2.709004674953632e-05,0.994211871474360076,0.678870365040107449,0,0,0,3055.70612913859895,4612.77816738886213,547.732898043210753,466.394257236068995,0.00151235897060396276,1,-0.176422253332267409,4.05317174904238535e-05,0.678870365040107449
115.4999538,115.499953799990436,14669.144987270236,14669.0821902088537,30.4040490690710214,120.00115197864659,26300.3644894668068,110.697106326803947,749.999093136180818,0.708420290283792498,748.359529856994754,0.00960961574012486608,49.5646414792514065,749.972527197657996,6.31252653077870463,-0.0174510805086711684,-4.80375887499570858e-06,-3.94694919928740103e-05,7.24852520360504989e-05,-7.14441229535094061e-10,0.0661577356220918317,0.00840399871385340801,0.0661344674782639447,1.28128364798474974e-05,0.0658812214997595014,-2.70902865213725321e-05,0.994211124151024417,0.678869895978366333,0,0,0,3055.70180306726343,4612.69496945360697,547.730312172128492,466.394251014752172,0.00151235888474713677,1,-0.176422917633841825,4.05317598297338019e-05,0.678869895978366333
115.5999538,115.599953759990427,14669.1467314362526,14669.0839338590704,30.4042551237490954,120.00115398039911,26323.2075630512445,110.889227927214407,749.99912601221115,0.708420326054441829,748.359578109780045,0.009609668186755016,49.5644103978530097,749.972514085341118,6.31798825378541284,-0.0174215166604412275,-4.80376254572925264e-06,-3.94828579311068525e-05,7.24856981482748631e-05,-7.37821450877954188e-10,0.0661573845155177392,0.00841128083797674543,0.0661341557911261646,1.28129058471216055e-05,0.0658808753478348913,-2.70905265097281362e-05,0.99421039959206281,0.678869416824378513,0,0,0,3055.69738636511875,4612.61177161119758,547.72772630392717,466.394244803517722,0.00151235879902945512,1,-0.17642358785819745,4.05318024478555953e-05,0.678869416824378513
115.6999537,115.699953719990418,14669.1484725177288,14669.0856744319935,30.404461178417062,120.00115598388706,26346.0506362361302,111.081515480364018,749.999159046032787,0.708420361965793055,748.359626429438435,0.00960972068988841244,49.564180693329547,749.972501090708874,6.32345002331560746,-0.0173896105106052801,-4.80376608297930144e-06,-3.94953657142150968e-05,7.24861446846252529e-05,-7.61036294155769156e-10,0.0661570321118269133,0.00841856302210571526,0.0661338459299453396,1.28129752870316704e-05,0.0658805239882690741,-2.70907667054351697e-05,0.99420969763180711,0.678868927894413554,0,0,0,3055.69288188168139,4612.52857386349297,547.725140438664539,466.394238603267809,0.00151235871346336922,1,-0.176424263994293118,4.05318453332081791e-05,0.678868927894413554
115.7999537,115.799953679990409,14669.1502103060484,14669.0874117014682,30.4046672330749495,120.001157989110453,26368.8937090259969,111.273968986560547,749.999192220475948,0.708420398001063822,748.359674799316394,0.00960977324818035328,49.5639523573341307,749.972488196587619,6.32891183925739842,-0.017355433191312386,-4.8037694937767299e-06,-3.95070291262192448e-05,7.24865916327635019e-05,-7.84079183347387987e-10,0.0661566784962256821,0.00842584526628211566,0.0661335378850839289,1.28130447980780389e-05,0.0658801675830607142,-2.70910071051452705e-05,0.994209018092004793,0.678868429502513138,0,0,0,3055.68829244320159,4612.44537621229665,547.722554576396988,466.394232414745261,0.00151235862805912955,1,-0.176424946006089045,4.05318884745193271e-05,0.678868429502513138
115.8999536,115.8999536399904,14669.1519445627928,14669.0891454413795,30.4048732877228076,120.001159996069319,26391.7367814253739,111.466588447476951,749.999225518657227,0.708420434143661737,748.359723203079739,0.00960982585938641165,49.5637253810363063,749.972475386091787,6.33437370149902002,-0.0173190552860376101,-4.8037727859660321e-06,-3.95178617265601524e-05,7.24870389807857614e-05,-8.06943975162928351e-10,0.0661563237525175651,0.00843312757054651488,0.0661332316462329289,1.28131143775565194e-05,0.0658798062941944318,-2.70912477039160287e-05,0.994208360791619561,0.67886792196037804,0,0,0,3055.68362085764375,4612.3621786593485,547.719968717178517,466.394226238799263,0.00151235854282845395,1,-0.176425633877744625,4.05319318609048486e-05,0.67886792196037804
115.9999536,115.999953599990391,14669.1536750681698,14669.0908754418033,30.4050793423606294,120.001162004763643,26414.5798534324531,111.659373860689854,749.999258923983575,0.708420470377319811,748.359771624713858,0.00960987852201444781,49.5634997551739502,749.972462642626397,6.33983560993052286,-0.0172805468131116413,-4.80377596759871701e-06,-3.95278773281038857e-05,7.2487486716967984e-05,-8.29623865619196001e-10,0.0661559679631495562,0.00844040993493814541,0.0661329272024808318,1.28131840237610351e-05,0.0658794402801994028,-2.70914884941433278e-05,0.99420772553461878,0.67886740557726355,0,0,0,3055.67886991004525,4612.27898120633472,547.717382861061878,466.394220076212378,0.00151235845778214476,1,-0.176426327584324194,4.05319754805544483e-05,0.67886740557726355
116.0999536,116.099953559990382,14669.1554016247392,14669.0926014765028,30.4052853969884254,120.001164015193467,26437.4229250503304,111.85232522923792,749.999292420150823,0.708420506686103235,748.359820048519509,0.00960993123405096128,49.5632754700862961,749.972449949883526,6.34529756444259707,-0.0172399771967093329,-4.80377904541348736e-06,-3.95370891894752813e-05,7.24879348292299891e-05,-8.52113352673149334e-10,0.066155611209218812,0.00844769235949548343,0.0661326245423579373,1.28132537342854195e-05,0.0658790697013688364,-2.70917294690678179e-05,0.994207112130672699,0.678866880659973471,0,0,0,3055.6740423613569,4612.19578385488148,547.714797008097548,466.394213927687815,0.00151235837292990516,1,-0.176427027089591848,4.05320193231078018e-05,0.678866880659973471
116.1999535,116.199953519990373,14669.1571240313351,14669.0943233679009,30.4054914516062382,120.001166027358849,26460.265996282862,112.045442557525107,749.999325991147202,0.708420543054343987,748.359868459117138,0.00960998399370360801,49.5630525157224611,749.972437291849587,6.35075956492730054,-0.0171974152622595966,-4.80378202749111202e-06,-3.95455110032982374e-05,7.24883833061443808e-05,-8.74407201255211341e-10,0.0661552535704764411,0.00845497484425532415,0.0661323236538473858,1.2813323507013398e-05,0.065878694715078151,-2.70919706231242214e-05,0.994206520377648673,0.678866347512642632,0,0,0,3055.66914094996355,4612.11258660655585,547.712211158334753,466.394207793941916,0.00151235828828162069,1,-0.176427732361616241,4.05320633784082929e-05,0.678866347512642632
116.2999535,116.299953479990364,14669.1588420793414,14669.0960409059953,30.4056975062140431,120.001168041259788,26483.1090671267812,112.238725844493516,749.99935962125528,0.708420579466631728,748.359916841448694,0.00961003679927596721,49.5628308816212098,749.972424652804079,6.35622161127793106,-0.0171529292132817091,-4.80378491971447197e-06,-3.95531568005785491e-05,7.2488832135604185e-05,-8.96499180229794831e-10,0.0661548951252701745,0.00846225738925389381,0.0661320245243579574,1.281339333995157e-05,0.0658783154768553675,-2.70922119504302808e-05,0.994205950065492616,0.678865806436730668,0,0,0,3055.66416839047861,4612.02938946287031,547.709625311820218,466.394201675717625,0.00151235820384754398,1,-0.176428443375178934,4.05321076349978766e-05,0.678865806436730668
116.3999534,116.399953439990355,14669.1605555787683,14669.0977538904772,30.4059035608118577,120.001170056896271,26505.9521375845325,112.432175087719571,749.999393295049913,0.708420615907882856,748.359965180771155,0.00961008964934073617,49.5626105569928654,749.972412017319698,6.36168370338930877,-0.0171065866001285372,-4.80378773019066863e-06,-3.9560039631519909e-05,7.24892813064489364e-05,-9.18384172097132553e-10,0.0661545359506123393,0.00846953999452590249,0.0661317271408337209,1.28134632314603712e-05,0.0658779321416179259,-2.7092453445552117e-05,0.994205400982372867,0.678865257730950522,0,0,0,3055.65912737213785,4611.94619242527824,547.707039468599646,466.394195573691491,0.00151235811963701264,1,-0.176429160095985915,4.05321520826370832e-05,0.678865257730950522
116.4999534,116.499953399990346,14669.1622643657029,14669.0994621565878,30.4061096153996786,120.001172074268368,26528.7952076574365,112.62579029297288,749.999426997403589,0.708420652363364933,748.360013462662437,0.00961014254131065115,49.5623915307016887,749.972399370266317,6.36714584115638704,-0.0170584543297493951,-4.80379046480432448e-06,-3.95661734470420008e-05,7.24897308068255268e-05,-9.40057880866380521e-10,0.0661541761221681318,0.00847682266010529352,0.0661314314897300248,1.2813533178348544e-05,0.0658775448641635841,-2.70926951011590869e-05,0.994204872916724436,0.678864701691135108,0,0,0,3055.65402055607819,4611.86299549517844,547.704453628716351,466.394189488447239,0.00151235803565808206,1,-0.176429882476103694,4.05321967119776506e-05,0.678864701691135108
116.5999534,116.599953359990337,14669.1639682427049,14669.1011655299735,30.406315669977495,120.001174093376108,26551.6382773408841,112.819571461926245,749.999460713485746,0.708420688818535482,748.360061673023438,0.00961019547417230058,49.5621737912302365,749.972386696810759,6.37260802447665942,-0.0170085986368064823,-4.80379312986358527e-06,-3.95715724767192864e-05,7.2490180625205716e-05,-9.61514412407230538e-10,0.0661538157141705607,0.0084841053860242252,0.0661311375569659243,1.28136031795182336e-05,0.0658771537955969433,-2.70929369109008116e-05,0.994204365642929133,0.678864138610158596,0,0,0,3055.64885058037589,4611.77979867391514,547.701867792212511,466.394183420688023,0.00151235795192045629,1,-0.17643061049008929,4.05322415116528574e-05,0.678864138610158596
116.6999533,116.699953319990328,14669.1656670570374,14669.1028638231928,30.4065217245453177,120.001176114219447,26574.4813466383348,113.013518589425061,749.999494428761068,0.70842072525925226,748.36010979807088,0.00961024844658009414,49.5619573267608189,749.972373982415206,6.37807025324847032,-0.0169570850585998301,-4.80379573343128985e-06,-3.95762501680708243e-05,7.24906307508654162e-05,-9.82749304321000573e-10,0.0661534547994951788,0.00849138817231399542,0.0661308453280331637,1.28136732334236423e-05,0.0658767590874513587,-2.7093178874297596e-05,0.994203878938496155,0.678863568777956727,0,0,0,3055.64362005283283,4611.69660196277437,547.699281959127916,466.394177370957664,0.00151235786843164038,1,-0.176431344087809028,4.05322864719137135e-05,0.678863568777956727
116.7999533,116.799953279990319,14669.167360637337,14669.1045568844038,30.4067277791031039,120.001178136798444,26597.3244155451139,113.207631679873217,749.999528128992324,0.708420761671603616,748.36015782434049,0.00961030145579311323,49.5617421251661199,749.972361212840042,6.38353252737072019,-0.0169039784322322362,-4.80379828211041919e-06,-3.95802202928838395e-05,7.249108117269123e-05,-1.00375849923207157e-09,0.0661530934496438461,0.00849867101900561063,0.0661305547879834227,1.28137433366534447e-05,0.0658763608875822387,-2.70934209785606487e-05,0.994203412568539613,0.678862992481325533,0,0,0,3055.63833155545944,4611.61340536299213,547.696696129501561,466.394171339866489,0.00151235778520005556,1,-0.176432083232488046,4.05323315834093276e-05,0.678862992481325533
116.8999532,116.89995323999031,14669.1690488271415,14669.1062445650932,30.4069338336508643,120.001180161113155,26620.1674840611813,113.401910737674825,749.999561800242191,0.708420798042001754,748.360205738690752,0.00961035450102531996,49.561528173985721,749.972348374145213,6.38899484674507523,-0.0168493428902110054,-4.80380078093739732e-06,-3.95834973778820957e-05,7.24915318791450643e-05,-1.02453803739466584e-09,0.0661527317347072874,0.00850595392612797305,0.0661302659213967581,1.28138134883977064e-05,0.0658759593447279662,-2.70936632226810823e-05,0.99420296630294025,0.678862410003953753,0,0,0,3055.63298764103865,4611.53020887574894,547.694110303369939,466.394165327971677,0.00151235770223339186,1,-0.17643282788065176,4.05323768368282393e-05,0.678862410003953753
116.9999532,116.999953199990301,14669.1707314774394,14669.1079267004388,30.4071398881885528,120.001182187163565,26643.0105521826044,113.596355760405956,749.999595428869725,0.708420834357158968,748.360253528297108,0.00961040758028008923,49.5613154604578767,749.972335452688185,6.39445721127366884,-0.0167932418211336199,-4.80380323720691263e-06,-3.95860952630840322e-05,7.24919828597396347e-05,-1.04508329174132794e-09,0.0661523697233560998,0.0085132368937096952,0.0661299787124244171,1.28138836862273247e-05,0.0658755546032715467,-2.7093905598006618e-05,0.994202539896809956,0.678861821626298823,0,0,0,3055.6275908332691,4611.44701250217076,547.69152448076818,466.39415933580392,0.00151235761953897371,1,-0.17643357798671877,4.05324222219718467e-05,0.678861821626298823
117.0999532,117.099953159990292,14669.1724084541202,14669.1096031579982,30.4073459427161801,120.001184214949689,26665.8536199096634,113.790966748374061,749.999629001534117,0.70842087060411163,748.360301180655938,0.00961046069250315327,49.5611039715193442,749.972322435124966,6.39991962086035748,-0.016735737880011925,-4.80380565710895316e-06,-3.95880283782757572e-05,7.24924341036812885e-05,-1.06539051984347139e-09,0.0661520074828520904,0.00852051992177742246,0.0661296931447881708,1.28139539289645412e-05,0.0658751468101376469,-2.70941481025657288e-05,0.994202133117282005,0.678861227625540797,0,0,0,3055.6221436253245,4611.36381624332989,547.688938661729935,466.394153363840701,0.00151235753712338937,1,-0.176434333498421747,4.05324677296168149e-05,0.678861227625540797
117.1999531,117.199953119990283,14669.1740796118975,14669.1112738053926,30.407551997233675,120.001186244471583,26688.6966872345401,113.985743705982813,749.999662505193555,0.708420906770147352,748.360348683583879,0.00961051383486921651,49.5608936937900353,749.972309308411582,6.40538207540920812,-0.0166768929626215368,-4.80380804571369548e-06,-3.95893114051594678e-05,7.24928855999442995e-05,-1.08545608869163007e-09,0.0661516450789961935,0.00852780301035769607,0.0661294092017600948,1.28140242130651242e-05,0.0658747361055107283,-2.70943907259232467e-05,0.994201745707536277,0.678860628275522071,0,0,0,3055.61664848175269,4611.28062010025133,547.68635284628715,466.394147412599466,0.00151235745499378091,1,-0.17643509437265803,4.05325133506020962e-05,0.678860628275522071
117.2999531,117.299953079990274,14669.1757448129356,14669.1129384971828,30.407758051741034,120.001188275729234,26711.5397541578859,114.180686630808566,749.999695927103744,0.708420942842856061,748.3603960252143,0.00961056700681606202,49.5606846136074637,749.972296059801238,6.41084457482776049,-0.0166167681872622097,-4.80381040877265596e-06,-3.95899583732898361e-05,7.24933373379399427e-05,-1.10527679539914114e-09,0.0661512825761481765,0.00853508615947556372,0.0661291268662085874,1.28140945379972168e-05,0.0658743226308919488,-2.70946334650909107e-05,0.994201377418487797,0.678860023846716842,0,0,0,3055.61110783640288,4611.19742407390822,547.683767034470065,466.394141482571058,0.00151235737315692136,1,-0.176435860564300107,4.05325590762137207e-05,0.678860023846716842
117.399953,117.399953039990265,14669.1774039529264,14669.1145971203277,30.4079641062382038,120.001190308722698,26734.3828206729268,114.375795527255079,749.999729254819499,0.708420978810200386,748.360443193996957,0.00961062020677516671,49.5604767170664786,749.972282676846817,6.41630711902372664,-0.0165554238886045368,-4.80381275211930306e-06,-3.95899835019762806e-05,7.24937893072875785e-05,-1.12484919346894755e-09,0.0661509200372726175,0.00854236936915481193,0.0661288461206513273,1.28141649018820964e-05,0.0658739065256822715,-2.70948763156373187e-05,0.994201027996503783,0.678859414606098666,0,0,0,3055.60552408952117,4611.11422816521736,547.681181226307444,466.394135574127006,0.0015123572916179392,1,-0.176436632010337047,4.05326048973770042e-05,0.678859414606098666
117.499953,117.499952999990256,14669.1790568940341,14669.1162495423705,30.4081701607251667,120.001192343451933,26757.2258867778401,114.571070390167463,749.999762476193155,0.708421014660332915,748.360490178695727,0.00961067343256249984,49.560269990016991,749.972269147398492,6.42176970790616508,-0.016492919600722189,-4.80381508120011962e-06,-3.95894005148919256e-05,7.24942414976213805e-05,-1.14417003535710508e-09,0.0661505575239133281,0.00854965263941896876,0.0661285669472524013,1.28142353020152919e-05,0.0658734879265782669,-2.70951192706877618e-05,0.994200697181046533,0.678858800817198071,0,0,0,3055.59989961297379,4611.03103237505275,547.678595421826458,466.394129687758038,0.00151235721038360527,1,-0.176437408670312323,4.05326508051893255e-05,0.678858800817198071
117.599953,117.599952959990247,14669.1807035282254,14669.1178956631975,30.4083762152018657,120.001194379917038,26780.0689524658519,114.766511228045943,749.999795579374563,0.708421050381768835,748.360536968386555,0.00961072668320372969,49.5600644180948962,749.972255459603161,6.42723234138648891,-0.0164293140578806174,-4.80381740110041362e-06,-3.95882234362567549e-05,7.2494693898606869e-05,-1.16323627638442558e-09,0.0661501950962345292,0.00855693597029015367,0.0661282893278637152,1.28143057373001955e-05,0.0658730669681609204,-2.70953623247626481e-05,0.994200384707623175,0.67885818273995413,0,0,0,3055.59423674473055,4610.94783670423476,547.676009621052913,466.394123823848929,0.00151235712945922978,1,-0.176438190488092228,4.05326967909323981e-05,0.67885818273995413
117.6999529,117.699952919990238,14669.1823437474668,14669.1195353697403,30.4085822696682584,120.001196418117999,26802.9120177337354,114.962118038466727,749.999828552809163,0.708421085963301556,748.360583552454045,0.00961077995697046106,49.5598599867519738,749.972241601905012,6.43269501937641142,-0.0163646651724178582,-4.8038197170000897e-06,-3.95864656018612008e-05,7.24951465001072144e-05,-1.18204521946870507e-09,0.0661498328130330771,0.00856421936178891445,0.0661280132440649482,1.28143762056297246e-05,0.0658726437858089819,-2.70956054748289899e-05,0.994200090319481977,0.678857560630768408,0,0,0,3055.58853779089713,4610.86464115353556,547.673423824010683,466.394117982784451,0.00151235704885012401,1,-0.176438977409818315,4.05327428462464541e-05,0.678857560630768408
117.7999529,117.799952879990229,14669.1839774474502,14669.1211685553644,30.4087883241243055,120.001198458054802,26825.7550825761282,115.157890819005914,749.999861385237978,0.708421121394014475,748.360629920590895,0.0096108332526458895,49.559656681260492,749.972227563041884,6.43815774179027311,-0.0162990300414733724,-4.80382203421707819e-06,-3.9584140815017889e-05,7.24955992921918026e-05,-1.2005940963029466e-09,0.066149470731752924,0.00857150281393564278,0.0661277386771698533,1.28144467055738707e-05,0.0658722185099368945,-2.7095848714498983e-05,0.99419981374566524,0.678856934742385398,0,0,0,3055.58280502498701,4610.78144572368092,547.670838030722734,466.394112164936018,0.00151235696856141192,1,-0.176439769381563916,4.05327889626273639e-05,0.678856934742385398
117.8999528,117.89995283999022,14669.1856045462191,14669.1227951393503,30.4089943785699326,120.001200499727531,26848.5981469841499,115.35382957679812,749.999894065696708,0.708421156663329055,748.360676062796074,0.00961088656883113401,49.5594544867270201,749.972213332047545,6.4436205085433178,-0.0162324649325924497,-4.80382435821109598e-06,-3.95812624975661024e-05,7.24960522651781525e-05,-1.2188800532841511e-09,0.0661491089084838002,0.00857878632674933216,0.0661274656082447149,1.28145172354548345e-05,0.0658717912728572358,-2.70960920398436009e-05,0.99419955472778998,0.678856305323880194,0,0,0,3055.57704068587964,4610.69825041534841,547.668252241210098,466.394106370595466,0.00151235688859712022,1,-0.17644056633821173,4.0532835131419874e-05,0.678856305323880194
117.9999528,117.999952799990211,14669.1872249431908,14669.1244150183011,30.4092004330051253,120.001202543136188,26871.4412109573896,115.549934310784749,749.999926583516753,0.708421191760896463,748.360721969378005,0.00961093990401895581,49.5592533880557653,749.972198898251463,6.44908331955245728,-0.0161650252865257471,-4.80382669469224289e-06,-3.95778448896877641e-05,7.24965054096613387e-05,-1.23690144128205276e-09,0.0661487473979172069,0.00858606990024831859,0.0661271940180593043,1.28145877934452913e-05,0.0658713622006729949,-2.70963354437898743e-05,0.994199312988292672,0.678855672620584216,0,0,0,3055.57124698049984,4610.61505522917196,547.665666455492556,466.394100600121021,0.00151235680896219526,1,-0.176441368228153705,4.05328813453677037e-05,0.678855672620584216
118.0999528,118.099952759990202,14669.1888385526836,14669.1260281147079,30.409406487429802,120.001204588280757,26894.284274486592,115.746205018542099,749.99995892831987,0.708421226676681837,748.360767630949113,0.00961099325632286394,49.5590533699627258,749.972184251273234,6.45454617473552084,-0.0160967656993946662,-4.80382904731862381e-06,-3.95739019819311299e-05,7.24969587156485952e-05,-1.25465634234712945e-09,0.0661483862533408656,0.00859335353444970994,0.0661269238871062259,1.28146583772072795e-05,0.0658709314212958669,-2.70965789206088893e-05,0.994199088261467301,0.678855036874119522,0,0,0,3055.56542608175369,4610.53186016573363,547.663080673588411,466.394094853817819,0.00151235672966084657,1,-0.176442174993232503,4.05329275968532553e-05,0.678855036874119522
118.1999527,118.199952719990193,14669.1904452927411,14669.1276343478148,30.4096125418438916,120.001206635161324,26917.1273375625278,115.942641707204686,749.999991090019762,0.708421261400936531,748.360813038424226,0.00961104662530765097,49.5588544170080922,749.972169381024855,6.46000907401349878,-0.0160277399104771234,-4.80383142118504707e-06,-3.95694472793774423e-05,7.24974121738759971e-05,-1.27214226948897805e-09,0.0661480255266662515,0.00860063722937004331,0.0661266551956441323,1.28147289863329121e-05,0.0658704990569987658,-2.70968224710099512e-05,0.994198880265524276,0.678854398322301877,0,0,0,3055.55958012817109,4610.44866522557459,547.660494895514489,466.394089131977637,0.00151235665069710023,1,-0.176442986575405747,4.05329738775331595e-05,0.678854398322301877
118.2999527,118.299952679990184,14669.1920451000333,14669.1292336368169,30.4098185962473764,120.001208683777847,26939.9704001851496,116.139244371617266,750.000023058818442,0.708421295924234307,748.360858183016376,0.00961110000856013613,49.558656513611993,749.972154277705727,6.46547201730669041,-0.0159580008052202516,-4.80383382124326727e-06,-3.95644942810143414e-05,7.24978657751853292e-05,-1.28935752728993581e-09,0.0661476652684533373,0.00860792098502462591,0.0661263879237190405,1.28147996177720691e-05,0.0658700652313570362,-2.70970660840478797e-05,0.994198688729475588,0.678853757199191943,0,0,0,3055.55371122331144,4610.3654704091914,547.65790912128648,466.394083434826143,0.00151235657207407135,1,-0.176443802907695263,4.05330201799712191e-05,0.678853757199191943
118.3999526,118.399952639990175,14669.1936379037797,14669.1308259236212,30.410024650640139,120.001210734130382,26962.8134623402475,116.336013016183642,750.000054825207485,0.708421330237402724,748.360903056239749,0.00961115340590090739,49.5584596440332348,749.972138931805375,6.47093500453925685,-0.0158876004138974736,-4.80383625159290354e-06,-3.9559057039446461e-05,7.24983195102780402e-05,-1.30630004883139122e-09,0.0661473055278814087,0.00861520480142787849,0.0661261220511357994,1.28148702714480603e-05,0.0658696300662927475,-2.7097309759662739e-05,0.994198513381685856,0.678853113734969704,0,0,0,3055.54782143685998,4610.28227571703792,547.655323350918479,466.394077762615268,0.00151235649379523611,1,-0.176444623929936928,4.0533066496252738e-05,0.678853113734969704
118.4999526,118.499952599990166,14669.1952236331999,14669.1324111403737,30.4102307050221157,120.001212786218943,26985.6565240217788,116.532947641210569,750.000086379964159,0.708421364331538572,748.360947649902982,0.00961120681546212552,49.5582637924052847,749.972123334100047,6.47639803563510075,-0.0158165898880255895,-4.80383871846672925e-06,-3.95531487801763627e-05,7.24987733708553619e-05,-1.3229686700873175e-09,0.0661469463527648432,0.00862248867859315669,0.0661258575575065927,1.28149409450280653e-05,0.0658691936769285197,-2.70975534933238852e-05,0.99419835393047562,0.678852468155965005,0,0,0,3055.54191280392706,4610.19908114951977,547.652737584423335,466.394072115597169,0.00151235641586407502,1,-0.176445449584351932,4.05331128195091464e-05,0.678852468155965005
118.5999526,118.599952559990157,14669.1968022286892,14669.1339892224369,30.4104367593932601,120.001214840043559,27008.4995852226202,116.730048248370537,750.00011771415052,0.70842139819803851,748.360991956107455,0.009611260236360053,49.5580689427469565,749.972107475648727,6.48186111052092784,-0.0157450195152861738,-4.80384122587272134e-06,-3.95467830588311806e-05,7.24992273479971294e-05,-1.33936241951919635e-09,0.0661465877895877769,0.0086297726165334588,0.0661255944222652187,1.28150116374865492e-05,0.0658687561825497259,-2.70977972801158371e-05,0.994198210106654989,0.678851820684650442,0,0,0,3055.53598732460296,4610.11588670700985,547.650151821812642,466.394066493983985,0.00151235633828351521,1,-0.176446279808665119,4.05331591430863836e-05,0.678851820684650442
118.6999525,118.699952519990148,14669.1983736455441,14669.1355601246432,30.4106428137535012,120.001216895604244,27031.3426459367111,116.927314837970371,750.000148819111018,0.708421431828605619,748.361035967245016,0.00961131366704570667,49.5578750789734954,749.972091347794844,6.48732422912419526,-0.0156729387007032983,-4.80384377912244047e-06,-3.9539973019573092e-05,7.24996814335056902e-05,-1.35548006768923835e-09,0.066146229883494459,0.00863705661526085154,0.0661253326246821205,1.28150823469061546e-05,0.0658683176968029443,-2.70980411143875466e-05,0.994198081626002095,0.678851171539587961,0,0,0,3055.53004696273092,4610.03269238983012,547.647566063096406,466.394060897935049,0.00151235626105575543,1,-0.176447114533964056,4.05332054599986643e-05,0.678851171539587961
118.7999525,118.799952479990139,14669.1999378278852,14669.1371237952644,30.4108488681027573,120.001218952900999,27054.1857061544433,117.12474740895145,750.000179686471597,0.708421465215179125,748.361079675995938,0.00961136710544074901,49.5576821848952136,749.972074942161953,6.49278739137389049,-0.0156003959745731891,-4.80384638084284073e-06,-3.95327320242198121e-05,7.2500135618310175e-05,-1.37132085711508011e-09,0.0661458726782973711,0.00864434067478699053,0.0661250721438627065,1.28151530706589145e-05,0.0658678783317230288,-2.7098284986461886e-05,0.994197968204808769,0.678850520935393997,0,0,0,3055.52409364791038,4609.94949819826616,547.644980308283834,466.394055327649255,0.00151235618418354045,1,-0.17644795370032329,4.05332517638040316e-05,0.678850520935393997
118.8999524,118.89995243999013,14669.2014947347343,14669.1386801923236,30.4110549224409219,120.001221011933879,27077.0287658648303,117.322345965717219,750.000210308140026,0.708421498350004453,748.36112307533017,0.00961142055130093098,49.5574902442135681,749.972058250656232,6.49825059720139908,-0.0155274389894657361,-4.80384903328757865e-06,-3.95250737846728552e-05,7.25005898933756021e-05,-1.38688350902846292e-09,0.0661455162164686361,0.00865162479512133001,0.0661248129587420491,1.28152238085575058e-05,0.0658674381994265867,-2.70985288975467817e-05,0.994197869566349035,0.678849869082747026,0,0,0,3055.51812927336914,4609.86630413256535,547.642394557382545,466.394049783272578,0.00151235610766888452,1,-0.176448797241163469,4.05332980474188914e-05,0.678849869082747026
118.9999524,118.999952399990121,14669.2030443325639,14669.1402292705607,30.4112609767679523,120.001223072702899,27099.8718250621496,117.520110508574376,750.000240676295903,0.708421531225604362,748.361166158496076,0.00961147400344852798,49.5572992405483888,749.972041265455573,6.50371384653932427,-0.0154541144983610934,-4.80385174139084475e-06,-3.9517010939290775e-05,7.25010442508696948e-05,-1.40216766841575793e-09,0.0661451605391476793,0.00865890897627364341,0.0661245550481220495,1.28152945591653182e-05,0.0658669974063826047,-2.70987728449709359e-05,0.994197785419232094,0.678849216188403326,0,0,0,3055.51215569672149,4609.78311019293051,547.639808810399245,466.394044264924389,0.00151235603151343581,1,-0.176449645087816048,4.05333443048456609e-05,0.678849216188403326
119.0999524,119.099952359990112,14669.2045865729451,14669.1417710009737,30.4114670310837596,120.001225135208045,27122.7148837361055,117.718041035098793,750.00027078339599,0.708421563834722545,748.361208919022374,0.00961152746025906168,49.5571091574668685,749.972023979014239,6.5091771393215625,-0.0153804683682565724,-4.8038545090990943e-06,-3.95085561970371323e-05,7.25014986828399522e-05,-1.41717309218089238e-09,0.0661448056861977385,0.00866619321825280557,0.0661242983907099208,1.28153653204453459e-05,0.0658665560586677717,-2.70990168224246103e-05,0.994197715478092103,0.678848562455166782,0,0,0,3055.50617474160617,4609.69991637953171,547.637223067338937,466.394038772777208,0.00151235595571957504,1,-0.176450497182732563,4.0533390530222269e-05,0.678848562455166782
119.1999523,119.199952319990103,14669.2061214409769,14669.1433053511973,30.4116730853882657,120.001227199449417,27145.5579418792295,117.916137553790037,750.000300622169789,0.708421596170451306,748.361251350714156,0.0096115809212795611,49.5569199785035721,749.972006384061274,6.51464047548381853,-0.0153065455822201102,-4.80385734012851831e-06,-3.94997224144136316e-05,7.2501953181384614e-05,-1.43189842712510361e-09,0.0661444516962359369,0.00867347752106588897,0.0661240429651450967,1.28154360919179329e-05,0.065866114263704062,-2.70992608285252372e-05,0.994197659470829942,0.678847908081833706,0,0,0,3055.50018819307707,4609.61672269249812,547.634637328205827,466.394033306884012,0.00151235588028803122,1,-0.176451353450302606,4.05334367163328148e-05,0.678847908081833706
119.2999523,119.299952279990094,14669.2076488994062,14669.1448322954147,30.4118791396813855,120.001229265426943,27168.4009994812113,118.114400056762165,750.00033018561669,0.70842162822607746,748.361293447651406,0.00961163438486956068,49.5567316871147341,749.971988473593115,6.5201038549633008,-0.0152323902320148363,-4.80386023816433354e-06,-3.94905224363259472e-05,7.25024077387887144e-05,-1.44634396224967655e-09,0.0661440986065621322,0.00868076188472064782,0.0661237887499385585,1.2815506871515492e-05,0.0658656721203852713,-2.70995048531535409e-05,0.994197617099708442,0.678847253263240691,0,0,0,3055.49419780266271,4609.53352913192339,547.632051593003098,466.394027867377588,0.00151235580522063881,1,-0.176452213830686822,4.0533482857927185e-05,0.678847253263240691
119.3999522,119.399952239990085,14669.2091689370573,14669.1463518239525,30.4120851939629944,120.00123133314068,27191.2440565285833,118.312828548418253,750.00035946700325,0.70842165999521034,748.361335204184229,0.0096116878497749525,49.5565442667291904,749.971970240875294,6.52556727769876499,-0.0151580455169550987,-4.80386320628460351e-06,-3.9480968751084866e-05,7.25028623472769246e-05,-1.46050892393664715e-09,0.0661437464532265845,0.00868804630922350753,0.0661235357235410715,1.28155776576810123e-05,0.0658652297318228497,-2.70997488977053131e-05,0.994197588091277118,0.67884659819023685,0,0,0,3055.48820528435544,4609.45033569786301,547.629465861732228,466.394022454297613,0.00151235573051794643,1,-0.176453078250536355,4.05335289484717401e-05,0.67884659819023685
119.4999522,119.499952199990076,14669.2106815390289,14669.1478639044399,30.4122912482330356,120.001233402590671,27214.0871130156193,118.511423031795843,750.000388459864439,0.708421691471703308,748.36137661493558,0.00961174131516973063,49.5563577007080198,749.97195167944119,6.53103074363045888,-0.0150835537574991463,-4.80386624766718576e-06,-3.94710747326915406e-05,7.25033169992789521e-05,-1.47439372201464154e-09,0.0661433952709930273,0.00869533079457944849,0.0661232838642892007,1.28156484494237024e-05,0.0658647871960655745,-2.70999929559108735e-05,0.994197572160121168,0.678845943049644851,0,0,0,3055.48221231619482,4609.36714239033881,547.626880134394469,466.394017067697177,0.00151235565618068396,1,-0.176453946640966725,4.05335749828475008e-05,0.678845943049644851
119.5999522,119.599952159990067,14669.2121866755188,14669.1493685305086,30.4124973024914169,120.001235473776916,27236.9301689313361,118.71018350583627,750.000417157992956,0.708421722649612562,748.361417674791255,0.00961179478052809344,49.556171972354548,749.971932783081343,6.53649425270121398,-0.0150089563662731962,-4.80386936496279875e-06,-3.94608525553126883e-05,7.2503771687268577e-05,-1.48799831701207762e-09,0.0661430450933148256,0.00870261534079377029,0.0661230331504194802,1.28157192461486472e-05,0.0658643446072406102,-2.71002370259715139e-05,0.994197569013144822,0.67884528802434585,0,0,0,3055.47622054258545,4609.28394920933715,547.624294410989137,466.394011707682466,0.00151235558221031853,1,-0.176454818944491554,4.05336209554069935e-05,0.67884528802434585
119.6999521,119.699952119990058,14669.2136843502522,14669.1508656988863,30.4127033567380352,120.001237546699457,27259.7732242647035,118.909109973577003,750.000445555443889,0.708421753523332809,748.3614583788966,0.00961184824402039339,49.5559870650138805,749.97191354584993,6.5419578048538245,-0.0149342938606835673,-4.80387256228878833e-06,-3.9450313939960735e-05,7.25042264044688446e-05,-1.50132297788246952e-09,0.066142695952484426,0.00870989994787069871,0.0661227835602012232,1.28157900455179814e-05,0.0658639020620886001,-2.71004811019062667e-05,0.994197578376483926,0.678844633293244959,0,0,0,3055.47023156944397,4609.20075615480982,547.621708691514982,466.394006374240178,0.00151235550860666541,1,-0.176455695085442288,4.05336668608731555e-05,0.678844633293244959
119.7999521,119.799952079990049,14669.2151745595038,14669.1523553901607,30.4129094109728015,120.00123962135828,27282.6162790047383,119.108202432593842,750.000473646528349,0.708421784087480244,748.36149872265446,0.00961190170493253504,49.555802962021005,749.97189396205647,6.54742140003338235,-0.0148596058729850711,-4.80387584165157904e-06,-3.94394710193108822e-05,7.25046811434482672e-05,-1.51436805985348404e-09,0.0661423478795782338,0.00871718461581336493,0.0661225350718675359,1.28158608466768759e-05,0.0658634596500797254,-2.71007251824949134e-05,0.994197599956725075,0.678843979031233391,0,0,0,3055.46424696742361,4609.1175632266777,547.61912297596939,466.394001067383556,0.00151235543536990826,1,-0.176456574994729498,4.05337126940758129e-05,0.678843979031233391
119.899952,119.89995203999004,14669.2166572958231,14669.1538376140597,30.4131154651956237,120.001241697753429,27305.4593331428878,119.307460885924186,750.000501425812899,0.708421814336902878,748.361538701723816,0.00961195516268986694,49.5556196467101699,749.971874026265255,6.55288503818743706,-0.0147849311518299942,-4.80387920711291069e-06,-3.94283360080939098e-05,7.25051358977707363e-05,-1.52713388370809931e-09,0.0661420009044706436,0.00872446934462482553,0.0661222876636280155,1.281593164895206e-05,0.0658630174632352933,-2.71009692639973764e-05,0.994197633478720366,0.678843325409230869,0,0,0,3055.45826827230849,4609.03437042482801,547.616537264349176,466.393995787139147,0.00151235536250041332,1,-0.176457458607608142,4.05337584498095078e-05,0.678843325409230869
119.999952,119.999951999990031,14669.2181325741112,14669.1553123738031,30.4133215194064057,120.001243775884916,27328.3023866678195,119.506885333874706,750.000528888115468,0.708421844266745815,748.361578312014672,0.00961200861584288191,49.5554371024267653,749.971853733293187,6.55834871926344576,-0.0147103075523986604,-4.80388266141216239e-06,-3.94169204975152709e-05,7.25055906606772947e-05,-1.53962067803297508e-09,0.0661416550558373006,0.00873175413430683604,0.0661220413136849455,1.28160024504995038e-05,0.0658625755897697118,-2.71012133427001923e-05,0.994197678661366324,0.678842672594181962,0,0,0,3055.4522969821237,4608.95117774911432,547.613951556649795,466.393990533453916,0.00151235528999744723,1,-0.176458345848051451,4.05338041227671384e-05,0.678842672594181962
